Title,Authors,Year,Source title,Abstract,Author Keywords,Index Keywords,DOI,Document Type,Cited by,Database provenance,Scopus EID,WoS UT,IEEE Document Identifier,Source files
Type of ventilation system in office buildings and sick building syndrome,Jaakkola J.J.K.; Miettinen P.,1995,American Journal of Epidemiology,"To examine the role of types of building ventilation in office buildings as a determinant of ocular, nasopharyngeal, skin, and general symptoms often denoted as the sick building syndrome, a cross-sectional study was carried out in March 1991 on 2,678 workers from 41 office buildings selected randomly from the Helsinki metropolitan area. The ventilation type and other characteristics of these buildings were recorded on a site visit, and a questionnaire directed to workers inquired about the symptoms, perceived air quality, and possible personal and environmental determinants (response rate, 81 %). The outcomes were weekly work-related symptoms experienced during the previous 12 months and symptom groups defined either by their anatomic location or hypothesized mechanism. In logistic regression analysis adjusting for potential confounders, simple mechanical ventilation (mechanical supply and exhaust ducts) was related to a higher risk of ocular symptoms (odds ratio (OR) = 1.31, 95% confidence interval (Cl) 0.76-2.26), nasal congestion (OR = 1.78, 95% Cl 0.92-3.42) and discharge (OR = 1.44, 95% Cl 0.72-2.88), pharyngeal symptoms (OR = 2.32, 95% Cl 1.01%5.33), and lethargy (OR = 1.71, 95% Cl 0.99-2.95) compared with natural ventilation. Air conditioning was related to a slightly higher risk of symptoms compared with simple mechanical ventilation (for any symptom, OR = 1.30, 95% Cl 1.00-1.68). Steam and evaporative humidification as well as air recirculation acted also as determinants of these symptoms. The risk of the studied symptoms is related to the type of ventilation in the existing office building stock. Future studies should explore the typical functional problems and specific causes connected with the high-risk ventilation systems. Am J Epidemiol 1995;141:755-65. © 1995 by The Johns Hopkins University School of Hygiene and Public Health.","Air conditioning; Air pollution,; Environmental exposure; Indoor; Ventilation.; AIR CONDITIONING; AIR POLLUTION, INDOOR; ENVIRONMENTAL EXPOSURE; VENTILATION","Adult; Air Conditioning; Air Pollution, Indoor; Cross-Sectional Studies; Female; Finland; Human; Humidity; Male; Middle Age; Odds Ratio; Prevalence; Ventilation; adult; air conditioning; article; eye toxicity; female; finland; human; indoor air pollution; lethargy; major clinical study; male; nose congestion; pharynx disease; rhinitis; room ventilation; sick building syndrome; AIR HUMIDIFICATION; SYMPTOMS; WORKERS; HEALTH",10.1093/oxfordjournals.aje.a117498,Article,76,Scopus; Web of Science,2-s2.0-0028911630,WOS:A1995QR99500009,,export_54a1bd36-41a9-4277-a376-08dcc444e5bc_2026-10-06T080507.684203352.csv [derived S1u]; S1-2 result.txt
Learning-based building outline detection from multiple aerial images,Yanlin Guo; H. S. Sawhney; R. Kumar; S. Hsu,2001,Proceedings of the 2001 IEEE Computer Society Conference on Computer Vision and Pattern Recognition. CVPR 2001,"This paper presents a method for detecting building outlines using multiple aerial images. Since data-driven techniques may not be able to account for variability of building geometry and appearances, a key insight explored in this paper is a combination of model-based data driven front end with data driven learning in the back end for increased detection accuracy. The three main components of the detection algorithm are: (i) initialization. Image intensity and depth information are integrally used to efficiently detect buildings, and a robust rectilinear path finding algorithm is adopted to obtain good initial outlines. The initialization process involves the following steps: detecting location of buildings, determining the dominant orientations and knot points in the building outline and using these to fit the initial outline; (ii) learning. A compact set of building features are defined and learned from the well-delineated buildings, and a tree-based classifier is applied to the whole region to detect any missing buildings and obtain their rough outlines; and (iii) verification and refinement. Learned features are used to remove falsely detected buildings, and all outlines are refined by the deformation of rectilinear templates. The experiments, with improved detection rate and precise outlines, demonstrate the applicability of our algorithm.",,Buildings; Robustness; Solid modeling; Geometry; Classification tree analysis; Deformable models; Shape; Detection algorithms; Change detection algorithms; Urban planning,10.1109/CVPR.2001.991010,IEEE Conferences,5,IEEE Xplore,,,IEEE Conferences,IEEE_S1-2_final.csv
Severe wind risk for Australia cities — A national risk assessment approach,B. Cechet; K. Nadimpalli; M. Edwards,2007,2007 IEEE International Geoscience and Remote Sensing Symposium,"This study explores a national methodology for assessing the risk that peak wind gusts pose to Australian communities. This risk has been estimated for four cities across Australia, specifically; Perth, Cairns, Brisbane and the Gold Coast. Initially the return period regional wind speeds for three second peak gusts (estimation of the wind speeds that would be equaled or exceeded within a given time period) for the four study regions were obtained from the Australian wind loadings standard [1]. In addition, updated wind hazards for two cities were considered to explore the sensitivity of the assessed risk to refinements of the hazard definition. The local effects on the return period regional wind speeds used were subsequently determined by assessing the local effect of terrain at the structure height of interest, the shielding effect of up-wind buildings and the effect of topography. These effects were numerically estimated using remote sensing techniques, digital elevation data, and formulae presented in the wind loadings standard. The return period wind speeds were determined by combining the local wind multipliers for eight cardinal directions with the return period regional wind speeds (from [1] or other source) on a 25 metre grid across each study region. A structural vulnerability model estimated the economic loss for a given site wind speed. Damage levels across each region were assessed for various return periods (50, 100, 200, 500, 1000 and 2000 years) and the associated economic losses determined. Each city data set was regressed to obtain a corresponding Probable Maximum Loss (PML) curve. Finally, the regression curves were used to determine annualised losses for each study area.",Wind multipliers;Risk assessment,Australia; Cities and towns; Risk management; Wind speed; Gold; Economic forecasting; Hazards; Surfaces; Tropical cyclones; Wind forecasting,10.1109/IGARSS.2007.4423910,IEEE Conferences,1,IEEE Xplore,,,IEEE Conferences,IEEE_S1-2_final.csv
A spatial structural and statistical approach to building classification of residential function for city-scale impact assessment studies,Triantakonstantis D.P.; Barr S.L.,2009,Lecture Notes in Computer Science (including subseries Lecture Notes in Artificial Intelligence and Lecture Notes in Bioinformatics),"In order to implement robust climate change adaption and mitigation strategies in cities fine spatial scale information on building stock is required. However, for many cities such information is rarely available. In response, we present a methodology that allows topographic building footprints to be classified to the level of residential spatial topological-building types and corresponding period of construction. The approach developed employs spatial structure and topology to first recognise residential spatial topological types of Detached, Semi-Detached or Terrace. Thereafter, morphological and spatial metrics are employed with multinomial logistic regression to assign buildings to particular periods of construction for use within city-scale impact assessment studies. Overall the system developed performs well for the classification of residential building exemplars for the city of Manchester UK, with an overall accuracy of 83.4%, although with less satisfactory results for the Detached period of construction (76.6%) but excellent accuracies for the Semi-Detached residential buildings (93.0%). © 2009 Springer Berlin Heidelberg.",City Spatial Planning and Impact Assessment; Morphological and Spatial Metrics; Multinomial Logistic Regression; Residential Building Classification,Apartment houses; Climate change; Logistics; Regression analysis; Soil conservation; Building footprint; Building stocks; Building types; City Spatial Planning and Impact Assessment; Impact assessments; Manchester; Mitigation strategy; Morphological and Spatial Metrics; Multinomial Logistic Regression; Residential building; Residential Building Classification; Spatial metrics; Spatial scale; Spatial structure; Statistical approach; Buildings,10.1007/978-3-642-02454-2_16,Conference paper,5,Scopus,2-s2.0-70350627518,,,export_54a1bd36-41a9-4277-a376-08dcc444e5bc_2026-10-06T080507.684203352.csv [derived S1u]
A Spatial Structural and Statistical Approach to Building Classification of Residential Function for City-Scale Impact Assessment Studies,"Triantakonstantis, DP Barr, SL",2009,"COMPUTATIONAL SCIENCE AND ITS APPLICATIONS - ICCSA 2009, PT I","In order to implement robust climate change adaption and mitigation strategies in cities fine spatial scale information on building stock is required. However, for many cities such information is rarely available. In response, we present a methodology that allows topographic building footprints to be classified to the level of residential spatial topological-building types and corresponding period of construction. The approach developed employs spatial structure and topology to first recognise residential spatial topological types of Detached, Semi-Detached or Terrace. Thereafter, morphological and spatial metrics are employed with multinomial logistic regression to assign buildings to particular periods of construction for use within city-scale impact assessment studies. Overall the system developed performs well for the classification of residential building exemplars for the city of Manchester UK, with an overall accuracy of 83.4%, although with less satisfactory results for the Detached period of construction (76.6%) but excellent accuracies for the Semi-Detached residential buildings (93.0%).",City Spatial Planning and Impact Assessment; Residential Building Classification; Morphological and Spatial Metrics; Multinomial Logistic Regression,URBAN LAND-USE; HYDROLOGY,,Proceedings Paper,3,Web of Science,,WOS:000271635000016,,S1-2 result.txt
"Socioeconomic and environmental risk factors for urban rodent infestation in Sao Paulo, Brazil",Masi E.; Pino F.A.; Santos M.d.G.S.; Genehr L.; Albuquerque J.O.M.; Bancher A.M.; Alves J.C.M.,2010,Journal of Pest Science,"This article provides analyses of data on the premises infestation by commensal rodents collected during the 2006 Urban Rodent Survey, in Sao Paulo city, Brazil. A two-stage cluster sample survey was used to visit 23,512 premises, and logistic regression models were estimated in order to understand the relationships among the risk factors and the infestation probability. The premises infestation rates were 23. 1% for all rodents, 12. 7% for roof rat, 9. 4% for Norway rat and 1. 7% for house mouse. Factors found to be related to infestation levels were: socioeconomic conditions (human development index and income), premises features (commercial, strictly residential and vacant lots), and environmental resources (access, harborage and food). The analysis of odds ratios showed that access by the building structure favours roof rat and access by the sewage system favours Norway rat. Harborage in ceiling cracks are determinant for roof rat, harborage in wall cracks and in dense bush for Norway rat, and harborage in waste or in building material for house mouse infestations. Available animal food favour all the three species, fruit trees favour Norway and roof rats, human food is important for house mouse: therefore a natural partition of the environmental resources among the species was observed. The results obtained in this article add some knowledge on the biology and behaviour of commensal rodents. © 2010 Springer-Verlag.",Commensal rodents; Environmental factors; Logistic models; Risk factors; Urban factors,Brazil; Sao Paulo [Brazil]; Animalia; Mus musculus; Rattus; Rattus norvegicus; Rattus rattus; Rodentia; environmental factor; environmental risk; modeling; risk factor; rodent; socioeconomic conditions; urban area; RATTUS-NORVEGICUS BERK.; NORWAY RATS; CITY; POPULATION; MANAGEMENT; AREAS,10.1007/s10340-010-0290-9,Article,59,Scopus; Web of Science,2-s2.0-77954623132,WOS:000280071100004,,export_54a1bd36-41a9-4277-a376-08dcc444e5bc_2026-10-06T080507.684203352.csv [derived S1u]; S1-2 result.txt
Limits and Challenges of Optical Very-High-Spatial-Resolution Satellite Remote Sensing for Urban Applications,Gamba P.; Dell'Acqua F.; Stasolla M.; Trianni G.; Lisini G.,2011,"Urban Remote Sensing: Monitoring, Synthesis and Modeling in the Urban Environment","This chapter discussed the major challenges and limits when using very-high-spatial-resolution (VHR) optical remote sensor data for monitoring human settlements. Specifically, the discussion centers on the spectral aspects, mapping limits and challenges in connection to urban change analysis. Then, an integrated adaptive spatial approach is proposed to help deal with the challenges, followed by an example of the major research lines still to be pursued in this active field. Finally, the chapter discusses some interesting results using VHR data for damage mapping in connection to major events. © 2011 by John Wiley & Sons, Ltd. All rights reserved.","Adding time factor, VHR and change detection - in multitemporal urban remote sensing using VHR optical data; Building damage assessment - built-up object detection for building inventories, cadastral map updates; Geometrical and spectral inconsistencies of single pixels - stress on urban mapping, using optical VHR sensor, more than one pixel at a time; Geometrical problems, issues peculiar to VHR images - and geometric accuracy; Major challenges, and limits with very-high-spatial-resolution (VHR) optical remote sensor data - monitoring human settlements; Multiple limits and challenges of VHR optical imagery - for urban-related applications; Optical very-high-spatial-resolution satellite remote sensing, limits and challenges - for urban applications; Per-object, spatially-aware and context-sensitive approaches - required and relying on remotely sensed data; Segmentation algorithm - exploited, and the watershed segmentation algorithm; VHR images in urban areas - and environmental monitoring",Adaptive optics; Damage detection; Geometry; Image resolution; Image segmentation; Monitoring; Photomapping; Pixels; Satellite imagery; Building inventory; Change detection; Context sensitive; Optical imagery; Optical remote sensors; Satellite remote sensing; Urban areas; Urban mapping; VHR images; Watershed segmentation algorithm; Remote sensing,10.1002/9780470979563.ch3,Book chapter,20,Scopus,2-s2.0-84874525156,,,export_54a1bd36-41a9-4277-a376-08dcc444e5bc_2026-10-06T080507.684203352.csv [derived S1u]
"53rd AIAA/ASME/ASCE/AHS/ASC Structures, Structural Dynamics and Materials Conference",,2012,"53rd AIAA/ASME/ASCE/AHS/ASC Structures, Structural Dynamics and Materials Conference 2012","The proceedings contain 648 papers. The special focus in this conference is on Structures, Structural Dynamics and Materials. The topics include: MPD augmentation of a thermal air rocket utilizing low energy nuclear reactions; multi-objective shape optimisation for horizontal-axis wind turbine blades; hybrid optimization for wind turbine thick airfoils; a deterministic approach for reliability based topology optimization; parameterization of curvilinear spars and ribs (SpaRibs) for optimum wing structural design; a recursive approach for remaining fatigue life predictions of monitored structural systems; dynamic Bayes nets in SHM; interpretations, relationships, and application issues in model validation; comprehensive framework for integration of calibration, verification and validation; assessment of the accuracy of a model for use in prediction of component environments; efficient stiffened composite plate analysis; impact damage resistance and tolerance of polymer nanofiber interleaved composite laminates; methodology for predicting the threat of runway debris impact to large transport aircraft; developments in morphing composites; exploratory structural investigation of a Hawkmoth-inspired MAV's thorax; dynamic analysis of composite stiffened panels subjected to compressive load; random fatigue damage accumulation under variable amplitude loading; study of load sequence effects in combined cyclic fatigue using CDM approach; fatigue reliability analysis for high cycle fatigue regime; effects of surface renewal on fatigue crack initiation and growth of 7050 aluminum alloy; simulation of guided wave propagation in isotropic and composite structures using LISA; evaluation of strength of component-laminates in strip-based mechanisms; optimization of axially compressed laminated curved panels with cutouts; iterative time reversal in dispersive and non-dispersive media; temporal life prediction analysis of a turbine engine blade to disk attachment; comparison of wind turbine models subjected to wind and earthquake loading; control of the flexural axis of a SUAS wing with Piezoelectric actuation; ICME - a revolution in materials research culture; a case study on the application of ICME in aircraft design; an integrated design system for optimization of gas turbine components; a lifting algorithm for output-only continuous scan laser Doppler vibrometry; soil-foundation models and tower transfer functions for offshore wind turbines; effect of fiber waviness on the compressive strength of unidirectional carbon composites; fracture analysis of thick adhesive joints for wind turbine blades; continuum shape sensitivity method for fluid flow around an airfoil; aircraft design with active load alleviation and natural laminar flow; improving the accuracy of surrogate models using inverse transform sampling; robustness analysis and optimally robust control design via sum-of-squares; fidelity maps for model update under uncertainty: application to a piano soundboard; a multidisciplinary possibilistic approach to light aircraft conceptual design; validation of using linear models for nonlinear structures; probabilistic validation metrics for industrial engineering analysis models; repair concepts as design constraints of a stiffened composite PRSEUS panel; co-rotational formulation for bonded joint finite elements; performance of bonded/bolted hybrid joints; nonlinear finite element analysis of the SRM flexible joint; nonlinear aeroelastic scaling of a joined wing aircraft; extension-twist coupled laminates for aero-elastic compliant blade design; design of composite structures to improve the aeroelastic performance; buckling of VAT plates using energy methods; wind tunnel test of a very flexible aircraft wing; computational identification of non-linear damping in an aeroelastic system; aeroelastic wind tunnel test for aerodynamic uncertainty model validation; characterizing plate damping loss factor estimation errors; dynamic stiffness laminate elements for exact modal analysis of aeronautical structures; equivalent plate analysis of a composite wing with a control surface; actuator saturation in individual blade control of rotorcraft; experimental bench testing of an active-twist rotor blade; computational methods for new materials development; precipitation modeling for accelerated alloy development; role of microstructure in predicting fatigue performance; predictive simulation of structural sensing; optimization of wind turbine blade spars; design limits of bend twist coupled wind turbine blades; wind turbine blade structural efficiency; analysis of a free-fall ballute vehicle; peridynamics based on the principle of virtual work; uncertainty quantification in non-planar crack growth analysis; pseudo-bistable morphing composites; aeroelastic optimization of a morphing 2D shock control bump; groundtest of a composite smart droop nose; electron flux deflection experiments with coulomb gossamer structures; a new deployable truss for gossamer space structures; a standard platform for testing and comparison of MDAO architectures; robust and reliability based design optimization framework for wing design; time-dependent reliability analysis using efficient Bayesian method; variance sensitivity analysis of parameters in puck's failure theory for composites; development of a multistage reliability-based design optimization method; Bayesian model selection between underdetermined nuclear reactor models; data-based stochastic evaluation of closed-loop stability and performance; mechanism design for aircraft morphing wing; optimization of leading edge and flap with actuation system for a variable camber wing; survey of reliability analysis methods for design optimization of aircraft structures; the design and flight test of a new smart wing system; finite element based decohesive failure simulation sensitivity studies; mesh dependence of the discrete damage modeling in laminated composites; 3D and finite-wing effects on the shock-buffet instability mechanism; static and forced motion aeroelastic simulations of the HIRENASD wind tunnel model; flapping wing force and deformation analysis; autonomous self-healing of damaged CFRPs; developing simplified models for wind turbine blades; a preliminary study on the optimum parameters in sheet metal forming; development of a span-extending blade tip system for a reconfigurable helicopter rotor; modeling and analysis of piezoelectric energy harvesting from helicopter blades; structural design of an active trailing-edge flap blade for helicopter vibration control; morphing blade fluid-structure interaction; thin deformable mirrors for a reconfigurable space telescope; magnetically-controlled membrane reflector; three-point suspension for circular membrane apertures; a resource-oriented architecture for MDO framework; geometric programming for aircraft design optimization; sensitivity analysis of quasi-wavelet models of heterogeneous materials; developing the next generation shell buckling design factors and technologies; peridynamics for failure prediction in composites; computational considerations for the prediction of stall flutter; modeling flutter response of a flexible morphing wing for UAV; toward an unsteady aerodynamic ROM for multiple mach regimes; impact of structural variability on robust flutter optimization; subgrid-scale dynamics for a nonlinear beam; airworthiness evaluation of a scaled joined-wing aircraft; a perching landing gear for a quadcopter; toward value-driven design of a small, low-cost UAV; aeroelastic shape optimization of a pluging plate; continuum modeling of synthetic microvascular materials; a new structural design concept for blended wing body cabins; weight investigation of a novel split-wing airplane layout; model updating in structural dynamics through a confluence approach; global and local optimization of flapping kinematics; post-flutter analysis of flexible high-aspect-ratio wings; limit cycle oscillations of swept-back wings in an incompressible flow; nonlinear reduced-order simulation using an experimentally guided modal basis; nonlinear structural reduced order modeling methods for hypersonic structures; fully coupled peridynamic thermomechanics; study on bending collapse of thin plate with corrugated cross-section; buckling and crack propagation of cracked box beams; influence of consolidating sleeves and geometric scale on buckling after impact of basalt columns; stability analysis of columns with imperfection; ordinary state-based peridynamic material constants; optimal stacking sequences for thermally induced twist deformation; strain rate dependent multiscale modeling of woven composites; homogenization of slender periodic composite structures; probabilistic simulation of multi-scale composite behavior; experimental resource allocation for statistical simulation of fretting fatigue problem; surrogate-based agents for constrained optimization; robust design of energy absorbing components considering the manufacturing effects; modeling and simulation of parameter vector random processes in mechanical structures; design optimization on ""white-box"" uncovered by metamodeling; handling constraints in surrogate-based optimization; domain segmentation based on uncertainty in the surrogate (DSUS); tearing of thin membranes: tear propagation direction; local buckling increase induced by wrapping fold of space membrane; sensitivity computation of periodic and chaotic limit cycle oscillations; pressurized morphing wing structures; electric current analysis for thick laminated CFRP composites; behavior of long carbon fiber reinforced concrete panels under impact loading; instrumented projectile impact on composites; identification and characterization of debonded and weakly bonded structures; material quality of braided fuselage profiles; design and optimization of an axial mode II crack arrest specimen.",,,,Conference review,0,Scopus,2-s2.0-84881386000,,,export_54a1bd36-41a9-4277-a376-08dcc444e5bc_2026-10-06T080507.684203352.csv [derived S1u]
Exposure estimation from multi-resolution optical satellite imagery for seismic risk assessment,Wieland M.; Pittore M.; Parolai S.; Zschau J.,2012,ISPRS International Journal of Geo-Information,"Given high urbanization rates and increasing spatio-temporal variability in many present-day cities, exposure information is often out-of-date, highly aggregated or spatially fragmented, increasing the uncertainties associated with seismic risk assessments. This work therefore aims at using space-based technologies to estimate, complement and extend exposure data at multiple scales, over large areas and at a comparatively low cost for the case of the city of Bishkek, Kyrgyzstan. At a neighborhood scale, an analysis of urban structures using medium-resolution optical satellite images is performed. Applying image classification and change-detection analysis to a time-series of Landsat images, the urban environment can be delineated into areas of relatively homogeneous urban structure types, which can provide a first estimate of an exposed building stock (e.g., approximate age of structures, composition and distribution of predominant building types). At a building-by-building scale, a more detailed analysis of the exposed building stock is carried out using a high-resolution Quickbird image. Furthermore, the multi-resolution datasets are combined with census data to disaggregate population statistics. The tools used within this study are being developed on a free- and open-source basis and aim at being transparent, usable and transferable.",Disaster/risk management; Earthquakes; Exposure estimation; Remote sensing; remote sensing; disaster/risk management; exposure estimation; earthquakes,BISHKEK,10.3390/ijgi1010069,Article,34,Scopus; Web of Science,2-s2.0-84873143523,WOS:000209465300005,,export_54a1bd36-41a9-4277-a376-08dcc444e5bc_2026-10-06T080507.684203352.csv [derived S1u]; S1-2 result.txt
Remote sensing and omnidirectional imaging for efficient building inventory data-capturing: Application within the Earthquake Model Central Asia,Wieland M.; Pittore M.; Parolai S.; Zschau J.,2012,2012 IEEE INTERNATIONAL GEOSCIENCE AND REMOTE SENSING SYMPOSIUM (IGARSS),"Local governments are often unable to keep track of the building inventory exposed to seismic hazard, due to high urbanization rates and an increasingly high spatio-temporal variability in many present-day cities. In order to provide a time- and cost-efficient approach to estimate building inventory and thus structural vulnerability that allows for assessing and monitoring seismic risk on different scales over large areas, the use of satellite remote sensing in combination with ground-based omnidirectional imaging is tested and applied. Latest image processing and statistical learning algorithms are used on multiple imaging sources in the framework of an integrated sampling scheme. Each imaging source and technique is used to capture specific, scale-dependent information of the exposed building stock. Preliminary results from an application within the Earthquake Model Central Asia (EMCA) are presented. © 2012 IEEE.",Central Asia; omnidirectional imaging; seismic vulnerability; urban remote sensing,Seismic response; Building inventory; Central Asia; Data capturing; Earthquake modeling; Efficient buildings; Inventory data; Omnidirectional imaging; Remote sensing imaging; Seismic vulnerability; Urban remote sensing; Earthquake effects,10.1109/IGARSS.2012.6350792,Proceedings Paper,6,Scopus; IEEE Xplore; Web of Science,2-s2.0-84873131320,WOS:000313189403039,IEEE Conferences,export_54a1bd36-41a9-4277-a376-08dcc444e5bc_2026-10-06T080507.684203352.csv [derived S1u]; IEEE_S1-2_final.csv; S1-2 result.txt
"4th International Conference on Civil Engineering, Architecture and Building Materials, CEABM 2014",,2014,Applied Mechanics and Materials,"The proceedings contain 638 papers. The special focus in this conference is on Civil Engineering, Architecture and Building Materials. The topics include: 3D finite element analysis on behaviour of piled raft foundations; a research on elastoplastic theory based on full state function; analysis on strengthening of plant to slope soil under orthogonal states; discussion on treatment technology of reinforcement pile in Karst area; experimental study of static disintegration on unsaturated soil; finite element simulation and stability analysis of composite soil nailing; mechanics analysis of semi-rigid subgrade pavement structure; model test study of squeezed branch pile under horizontal vibration load; one-dimensional consolidation modelling for unlayered soil; research on the anchorage technology of steep slope in sanitary landfill; study on graphic method for the stability of high loess slopes based on MATLAB; analysis about stability of a slope; consolidation of unsaturated soils due to dissipation of pore-air pressure; determine the shear strength of Aeolian sand and bearing capacity; dynamic response of two-dimensional fluid-saturated porous beam; process simulation and formation mechanism of shear band in soil; research of the shear strength test of the soil on the surface of lop nor Gobi; study of soil structural parameters based on the gunary model; study on static strength of Aeolian sand before and after cyclic loading; testing study on the effects of water content on permeability for coal; the application of vacuum preloading method in soft soil foundation underwater; the microstructure formation process research in loading condition of dredger fill; the research on mean spacing of rock fracture; the research review of underground continuous wall on deformation characteristic; a general criterion for complex rocks and soils and its application; energy characteristics of brittle rock in failure process; estimation study on shear wave velocity of seabed using GRNN; p-wave attenuation mechanism of calcareous sand under explosion; a new algorithm for computing threshold value used to image segmentation; stability analysis of jinghua gypsum mine golf in jingmen city; triaxial test study on marine sediments sample with simulated combustible ice; weak form quadrature element analysis of diaphragm walls; a chemo-elasto-plastic coupling model for sandstone considering ph effect; a critical-line-based predictive model for landslides; experimental study on shear strength of different types of soil; failure mechanism of strip footing on geotextile-reinforced soil; project design of dewatering for deep foundation pit in Dalian; experimental study on dynamic characteristics of tailings; roadbed treatment research in expansive soil area; slope early warning system design and preliminary practice; slope stability evaluation based on PSO-PP; stability analysis of tower foundation for transmission line; study on the stress and strain of EPS silt light-weight soil by laboratory test; the analys of stability of composite soil nail; the application of origin software in the data processing of rock creep experiment; a certain foundation pit Support Design and construction in Baotou; analyses of anti-seepage measure for expansive soil subgrade in Hefei; application of fuzzy set theory to evaluate the stability of slopes; coaction analysis on pile-net-cushion-soil; experimental studies on acoustic emission of different damaged concrete; mechanical model of pile-soil work together; mechanics analysis of flexible base pavement structure; analysis of coral reef rock mass integrity based on RMDI Method; effect of overload on bearing capacity of FRP reinforced ground; research of soundless crack with different number of drillholes; research on stability of foundation pit construction; research on the effect of one debris flow along bailong river; study on the effects of the rainwater seepage on slope stability; the applied research of underwater vacuum preloading method in soft soil foundation; the optimum design of slope angle based on critical sliding field; the stability of 3d-geomat in different slope gradient; monitoring and analysis on the supporting structure for deep foundation pit; experimental study on bearing mechanism of jacked pipe pile in sand; on stability and deformation of slurry-trench affected by formation equipment; development of the monitoring guidance system for slope engineering; on fire severity of flammable gas; dynamic mechanism research on the tectonic activation of anninghe rift; stability analysis of gypsum mine goaf surface based on discrete element method; automated analyzer, loi and other methods for determination of soil organic carbon; stability analysis of Puzi landslide in Chongqing; application of self-drilling anchor on coal gangue slope treatment; uncertainty analysis and monitoring of earth dam; study on rock strength characteristic by point load test; intelligent and complex monitoring in intelligent buildings; from cad to the rapid development of BIM; research on sketchup application in graphing of civil engineering; an integrated simulation system for building structures; research and development on similarity principle of model pile; the foundation of nonlinear finite element model; mechanics analysis of tower crane; two-dimensional problem moisture elasticity for inhomogeneous flat annular area; theory of duality disturbance of elastoplasticity; study on downburst wind load under characteristic topography; study on downburst wind field characteristics under mountainous terrain; state space solution of response for piles subjected to lateral loads; linear analysis of the constitutive relation of concrete elastoplastic disturbance; influence of vertical vibration on surface velocity of a liquid bridge; triangle interpolation on discrete point set; GPS RTK techniques for construction monitoring of super deep-water open-caisson; research on GPS height partition fitting method; multi-scale classification based on remote sensing; improved BP neural network model applied in settlement analysis; error analysis of the settlement observation; development of topographic maps symbols library; information management of maritime work based on GIS; the visualization of health monitoring system for bridge using CORS and GIS; case study of fire risk management of tourist hotels; review on study of fire behavior of bridges in china; monitoring of flooding water under coal mine based on improved fuzzy clustering; numerical simulation on ghosting fire in the confined underground space; modelling of the human behavior in evacuation; landslide susceptibility zonation based on the analytic hierarchy process and information method; comparative analysis of wind load for transmission tower between Chinese and American codes; tornado hazard loss of nuclear power plant building during design service period; the research on structure fire resistance test of fire retardant rigid polyurethane; survey of fire load in building furniture store; a forecast and risk assessment model for storm surge impacts; a study of storm surge risk index system; study on ignition time of radiation cargo in irradiation room under stuck radioactive sources; analysis on wind-induced vibration of tall buildings in hilly terrain; the research of gas drainage technology in daning coal mine; research on high permeability layer-penetration oil production; study on surface deformation law of western Chengchao iron induced by underground mining; experimental study of self-suction spraying with pressure gas and water; optimization of black oil model-co2 flooding in low permeability reservoir; optimization of acid fracturing design in Yubei fractured reservoir; the effectiveness of implementing automated ventilation system in premises intended for public using; discussion on ventilation requirement for meeting indoor air quality; energy saving design of a training center in Dongguan; analysis of influence factors on the internal-melt ice-on-tube while melting; calculation and analysis of gravity head coefficient in hot water heating system; hydraulics of looping; ultra-high-rise-building water supply and drainage system design; the development of prestressed concrete cylinder pipe in china; research of hydrodynamics of biofilter with surface feed; integrated fuzzy evaluation of raw water eutrophication based on GIS; emergency supply of drinking water; reinforcement method choice of deep soft soil foundation; the countermeasures on temperature and shrinkage crack of mass concrete; construction technology of high-rise building structure; outstripping engineering preparation of construction sites; features and construction of prefabricated buildings; determining the degree of mobility of building systems; three dimensional physical model study on Penang fishing port project; study on the evolution of artificial beach in Xiamen; a kind of floating breakwater sheltering deep water aquaculture; numerical model on hydrodynamic impact from HZM bridge; two-dimensional finite element analysis of laboratory seawall model; system analysis of construction quality control measures of coastal levee; experimental investigation on the segregation of landslide dam materials and the RCC arch dam analysis during overload.",,,,Conference review,0,Scopus,2-s2.0-84904997939,,,export_54a1bd36-41a9-4277-a376-08dcc444e5bc_2026-10-06T080507.684203352.csv [derived S1u]
Fuzzy sliding surface control of wind-induced vibration,S. Thenozhi; W. Yu,2014,2014 IEEE International Conference on Fuzzy Systems (FUZZ-IEEE),"Although normal fuzzy sliding mode controllers can reduce the chattering problem in building structure control, there are some problems such as they need the equivalent control and the upper bounds of the uncertainties. In this paper, we use fuzzy logic to approximate the sliding surface for the sliding mode control. The stability of the proposed controller is established. A six-story building prototype equipped with an active mass damper is used to demonstrate the effectiveness of the proposed controller towards the wind-induced vibration.",,Shock absorbers; Force; Vibrations; Floors; Uncertainty; Sliding mode control,10.1109/FUZZ-IEEE.2014.6891623,IEEE Conferences,4,IEEE Xplore,,,IEEE Conferences,IEEE_S1-2_final.csv
Land–Satellite Communication Links,N. Blaunstein; C. G. Christodoulou,2014,Radio Propagation and Adaptive Antennas for Wireless Communication Networks,"Signal propagation in land‐satellite communication (LSC) systems for the last several decades has become an essential consideration, especially when high‐rate data services are involved. This chapter presents the statistical models, which more precisely predict the link budget in the LSC links, and with which the chapter compares the proposed physical–statistical models. The physical statistical models are based on the classical aspects of radio propagation over the terrain and on the statistical description of obstructions placed randomly on the rough terrain. Such models can be adapted to use the Markov's chain approach, as a basic aspect of pure statistical models. So, despite the fact that some researchers separate statistical and physical–statistical models and show them separately, the chapter shows how to unify these approaches. Finally, it presents prediction of fading viability in different satellite megacell networks, as a proof of the proposed physical–statistical approach based on multiparametric stochastic model.",,Satellite broadcasting; Orbits; Earth; Fading channels; Low earth orbit satellites,10.1002/9781118816707.ch14,Wiley Telecom eBook Chapters,,IEEE Xplore,,,Wiley Telecom eBook Chapters,IEEE_S1-2_final.csv
Seismic Vulnerability Assessment at Urban Scale Based on Different Building Stock Data Sources,Ricci P.; Del Gaudio C.D.; Verderame G.M.; Manfredi G.; Pollino M.; Borfecchia F.,2014,"Vulnerability, Uncertainty, and Risk: Quantification, Mitigation, and Management - Proceedings of the 2nd International Conference on Vulnerability and Risk Analysis and Management, ICVRAM 2014 and the 6th International Symposium on Uncertainty Modeling and Analysis, ISUMA 2014","In this study, a seismic vulnerability assessment at urban scale is carried out in a high-seismic city in Southern Italy using building stock data from different sources: (1) data from an airborne Remote Sensing mission carried out over the municipality, providing a detailed estimate of 3D geometric parameters of buildings, and (2) data from a field survey, providing detailed information on geometrical and structural characteristics of each single building. Such data are used within a multilevel approach in order to evaluate the influence of the detail level of input data on seismic vulnerability assessment at urban scale. Data from the detailed field survey are assumed as a reference, and when using Remote Sensing data, due to the lack of information affecting such source, some of the input parameters to the seismic vulnerability assessment procedure are assumed as random variables, using aggregate information on buildings provided by census data. Hence, the error introduced by the use of less detailed (but easier, faster and less expensive to collect) data is analyzed and discussed in order to evaluate the reliability of alternative data sources within a cost/benefit approach to large scale seismic risk assessment. © 2014 American Society of Civil Engineers.",,Buildings; Population statistics; Remote sensing; Risk analysis; Seismology; Surveys; Uncertainty analysis; Airborne remote sensing; Building stocks; Input parameter; Multilevel approach; Remote sensing data; Seismic risk assessment; Seismic vulnerability; Structural characteristics; Risk assessment,10.1061/9780784413609.104,Conference paper,8,Scopus,2-s2.0-84933497843,,,export_54a1bd36-41a9-4277-a376-08dcc444e5bc_2026-10-06T080507.684203352.csv [derived S1u]
Stock Price Prediction Using the ARIMA Model,A. A. Ariyo; A. O. Adewumi; C. K. Ayo,2014,2014 UKSim-AMSS 16th International Conference on Computer Modelling and Simulation,Stock price prediction is an important topic in finance and economics which has spurred the interest of researchers over the years to develop better predictive models. The autoregressive integrated moving average (ARIMA) models have been explored in literature for time series prediction. This paper presents extensive process of building stock price predictive model using the ARIMA model. Published stock data obtained from New York Stock Exchange (NYSE) and Nigeria Stock Exchange (NSE) are used with stock price predictive model developed. Results obtained revealed that the ARIMA model has a strong potential for short-term prediction and can compete favourably with existing techniques for stock price prediction.,ARIMA model;Stock Price prediction;Stock market;Short-term prediction,Predictive models; Indexes; Time series analysis; Forecasting; Data models; Computational modeling; Mathematical model,10.1109/UKSim.2014.67,IEEE Conferences,785,IEEE Xplore,,,IEEE Conferences,IEEE_S1-2_final.csv
An enhanced technique for indoor navigation system based on WIFI-RSSI,K. Kasantikul; C. Xiu; D. Yang; M. Yang,2015,2015 Seventh International Conference on Ubiquitous and Future Networks,"Determining position and route is very important because it helps user get to the destination easier and faster. Nowadays, more and more people move to urban areas and live in complex buildings. Indoor positioning and navigation, therefore, plays an important role for determining position for indoor areas. Anyway, in order to get to the destination, knowing only position is not enough because there are a lot of rooms inside building, for example, airport and shopping center. Thus knowing the route to the destination is also very important so user can reach the destination in time. Indoor positioning focuses on using smartphone to receive Wi-Fi signal due to its convenience and ease of operation. The Wi-Fi Fingerprint based localization with k-Nearest Neighbor (k-NN) algorithm has been commonly used for indoor positioning. For indoor navigation, many researches have used structure of building such as distance space and doors as reference points but this research focus on reference nodes of fingerprint map because reference nodes of fingerprint map are built depending on structure of building. This research is divided into two parts. The first part is to improve accuracy and robustness of positioning by using k-NN algorithm with Particle Filter (PF). The second part is the navigation technique for indoor environment by using Dijkstra's algorithm with reference nodes of fingerprint map to find the shortest route from starting position to the destination. For experimental results, the map of 6th floor of New Main Building (NMB) in Beihang University was used for simulation. In positioning part, the results showed the accuracy of k-NN and PF algorithm by using root mean square error equation to measure errors between real position and estimated position. In navigation part, the results showed time used to calculate the route. Moreover, the results also showed the route between starting position and destination.",Indoor positioning;Indoor navigation;Wi-Fi Fingerprint Technique;RSSI;k-Nearest Neighbor;Particle filter,Noise; Robustness,10.1109/ICUFN.2015.7182597,IEEE Conferences,26,IEEE Xplore,,,IEEE Conferences,IEEE_S1-2_final.csv
Classification of urban structural types with multisource data and structured models,A. P. Montanges; G. Moser; H. Taubenböck; M. Wurm; D. Tuia,2015,2015 Joint Urban Remote Sensing Event (JURSE),"In this paper, we study the land use distribution of the city of Munich, Germany. We describe the city as a set of Urban Structural Types (UST) related to the type of spatial patterns occurring within regions composed of 200m side cells. To do so, we resort to a set of multimodal descriptors extracted from remote sensing data, a 3D city model and open access vector information. Based on these descriptors, we train a SVM classifier and apply two structured prediction models to enforce spatial relationships (Markov and Conditional Random fields).",,Cities and towns; Remote sensing; Support vector machines; Markov processes; Buildings; Solid modeling; Urban areas,10.1109/JURSE.2015.7120489,IEEE Conferences,23,IEEE Xplore,,,IEEE Conferences,IEEE_S1-2_final.csv
Data Stream Classification for Structural Health Monitoring via On-Line Support Vector Machines,X. Li; W. Yu,2015,2015 IEEE First International Conference on Big Data Computing Service and Applications,"An important objective of building monitoring is to diagnose the building states and evaluate possible damage. This is a data classification problem. The building states come from many on-line sensors. Normal classification methods, such as support vector machine (SVM), cannot classify this large data stream. In this paper, the classical SVM is extended to an on-line classifier (OLSVM). This SVM can classify large data stream directly. It is applied for on-line structural health monitoring. The experiment results of a lab scale prototype show the proposed algorithm can detect the damage with the data stream. This method can also be applied to big data classification, when the data set are transformed into a data stream.",data stream classification;on-line support vector machines;structural health monitoring,Support vector machines; Buildings; Training; Kernel; Dictionaries; Accelerometers; Monitoring,10.1109/BigDataService.2015.17,IEEE Conferences,8,IEEE Xplore,,,IEEE Conferences,IEEE_S1-2_final.csv
Detection of building structure damage with support vector machine,S. Villegas; X. Li; W. Yu,2015,"2015 IEEE 12th International Conference on Networking, Sensing and Control","An important objective of health monitoring systems (HMS) for tall building is to diagnose the state of the building and to detect its possible damage. To solve these problems, data mining approaches are becoming meaningful along with the advance of Big Data techniques, among which support vector machine (SVM) is one of the most powerful classifiers because of its good accuracy. However, SVM is not suitable for large data sets or data stream classification which is the case of building structure data. In this paper we propose an online version of SVM for structural health monitoring. We construct a lab scale prototype, data collected from it were used to validate our approach. Experiment results show that the proposed SVM can detect the damage successfully, without a modeling process as traditionally people of the field do.",,Buildings; Support vector machines; Training; Accuracy; Magnetic resonance imaging,10.1109/ICNSC.2015.7116109,IEEE Conferences,1,IEEE Xplore,,,IEEE Conferences,IEEE_S1-2_final.csv
Applications of machine learning methods to identifying and predicting building retrofit opportunities,Marasco D.E.; Kontokosta C.E.,2016,Energy and Buildings,"Building energy conservation measures (ECMs) can significantly lower greenhouse gas (GHG) emissions from urban areas; however, uncertainties regarding not only ECM eligibility, but also associated costs and energy savings have slowed adoption of ECMs. To encourage ECM implementation, local governments have implemented a range of policies designed to increase the available information on building energy use. Energy audit mandates, such as New York City (NYC)'s Local Law 87 (LL87), require energy consultants to analyze installed building systems and provide building stakeholders with cost effective ECM recommendations on a multi-year cycle. However, complete audits are costly and time consuming. To accelerate ECM implementation, policymakers are exploring ways to utilize available data to target ECM5 across a city's entire building stock. In this study, energy audit data for over 1100 buildings in NYC, submitted in compliance with LL87, are analyzed to identify opportunities for ECMs across building system categories (e.g. distribution system, domestic hot water, etc.). A machine learning classifier, specifically a user-facing falling rule list (FRL) classifier based on binary features derived from LL87 data, is developed here to predict ECM eligibility given a specific set of building characteristics. Overall, the trained FRL classifier performs well (ROC AUC 0.72-0.86) for predicting cooling system, distribution system, domestic hot water, fuel switching, lighting, and motors ECM opportunities, which represent a majority of the auditor-recommended ECM5 in the sample. Additionally, linear decision lists developed by the model allow building stakeholders to easily conduct streamlined audits of building systems and identify possible ECM opportunities by limiting input to the most relevant factors and prioritizing likely retrofit candidates. The implications of this work are significant in accelerating the adoption of building ECMs and catalyzing energy use and GHG emissions reductions from buildings. (C) 2016 The Author(s). Published by Elsevier B.V.",Building energy; Energy retrofit; Machine learning; Predictive modeling; Urban sustainability,Artificial intelligence; Buildings; Cost effectiveness; Energy conservation; Forecasting; Gas emissions; Greenhouse gases; Hot water distribution systems; Learning systems; Retrofitting; Water; Building characteristics; Building energy; Building energy conservation; Building stakeholders; Energy retrofit; Machine learning methods; Predictive modeling; Urban sustainability; Historic preservation; ENERGY-CONSUMPTION; POTENTIALS; DISCLOSURE; BEHAVIOR,10.1016/j.enbuild.2016.06.092,Article,87,Scopus; Web of Science,2-s2.0-84978289388,WOS:000382794200035,,export_54a1bd36-41a9-4277-a376-08dcc444e5bc_2026-10-06T080507.684203352.csv [derived S1u]; S1-2 result.txt
"IABSE Congress Stockholm, 2016: Challenges in Design and Construction of an Innovative and Sustainable Built Environment",,2016,"IABSE Congress Stockholm, 2016: Challenges in Design and Construction of an Innovative and Sustainable Built Environment",The proceedings contain 357 papers. The topics discussed include: simple model for contact stress of strands bent over circular saddles; simulation of thermal load distribution in portal frame bridges; numerical modelling of flexure-shear-critical RC column; a numerical approach for structural system identification by observability techniques; an innovative methodology to determine the partial load factor for prestressing in cable supported bridges; a higher order finite element to analyse steel-concrete composite bridge decks; stochastic modelling of wave loads on floating bridges: efficient calculation of cross-spectral densities; application of global navigation satellite systems to monitor wind-induced vibrations of a suspension bridge; multi-mode cable vibration control using MR damper based on nonlinear modeling; risk assessment of corroded bridge wires using 3d laser scanner; on Bayesian identification methods for the analysis of existing structures; estimation of ship bridge collision probability by use of Monte Carlo simulations; lateral bending and torsion buckling analysis of Jiujian Yangtze river arch-stiffened truss bridge; structural configuration of cable-stayed suspension bridge from aerodynamic stability point of view; wind induced response of the Sandsfjord bridge- a balanced cantilever bridge at the western coast of Norway; recalculate and strengthening of the double arch bridge; fatigue reliability assessment of welded bridge details using probabilistic fracture mechanics; and realistic traffic-data based load models for existing road bridges.,,,,Conference review,0,Scopus,2-s2.0-85018959804,,,export_54a1bd36-41a9-4277-a376-08dcc444e5bc_2026-10-06T080507.684203352.csv [derived S1u]
Large-area settlement pattern recognition from Landsat-8 data,Wieland M.; Pittore M.,2016,ISPRS Journal of Photogrammetry and Remote Sensing,"The study presents an image processing and analysis pipeline that combines object-based image analysis with a Support Vector Machine to derive a multi-layered settlement product from Landsat-8 data over large areas. 43 image scenes are processed over large parts of Central Asia (Southern Kazakhstan, Kyrgyzstan, Tajikistan and Eastern Uzbekistan). The main tasks tackled by this work include built-up area identification, settlement type classification and urban structure types pattern recognition. Besides commonly used accuracy assessments of the resulting map products, thorough performance evaluations are carried out under varying conditions to tune algorithm parameters and assess their applicability for the given tasks. As part of this, several research questions are being addressed. In particular the influence of the improved spatial and spectral resolution of Landsat-8 on the SVM performance to identify built-up areas and urban structure types are evaluated. Also the influence of an extended feature space including digital elevation model features is tested for mountainous regions. Moreover, the spatial distribution of classification uncertainties is analyzed and compared to the heterogeneity of the building stock within the computational unit of the segments. The study concludes that the information content of Landsat-8 images is sufficient for the tested classification tasks and even detailed urban structures could be extracted with satisfying accuracy. Freely available ancillary settlement point location data could further improve the built-up area classification. Digital elevation features and pan-sharpening could, however, not significantly improve the classification results. The study highlights the importance of dynamically tuned classifier parameters, and underlines the use of Shannon entropy computed from the soft answers of the SVM as a valid measure of the spatial distribution of classification uncertainties. (C) 2016 International Society for Photogrammetry and Remote Sensing, Inc. (ISPRS). Published by Elsevier B.V. All rights reserved.",Central Asia; Landsat-8; Machine learning; Object-based image analysis; Settlements,Central Asia; Kazakhstan; Kyrgyzstan; Tajikistan; Uzbekistan; Artificial intelligence; Classification (of information); Image analysis; Learning systems; Pattern recognition; Spatial distribution; Support vector machines; Uncertainty analysis; Classification results; Digital elevation model; Image processing and analysis; LANDSAT; Object based image analysis; Settlements; Urban structure types; algorithm; digital elevation model; image analysis; Landsat; machine learning; mountain region; pattern recognition; pipeline; satellite data; settlement pattern; spatial distribution; spectral resolution; support vector machine; Image processing; URBAN AREAS; CLASSIFICATION; MAPS,10.1016/j.isprsjprs.2016.06.010,Article,30,Scopus; Web of Science,2-s2.0-84976416964,WOS:000384777300021,,export_54a1bd36-41a9-4277-a376-08dcc444e5bc_2026-10-06T080507.684203352.csv [derived S1u]; S1-2 result.txt
A statistical analysis of occurrence and association between structural fire hazards in heritage housing,He Y.; Park L.A.F.,2017,Fire Safety Journal,"Reported in this paper is a novel application of statistical analysis of structural fire hazards that were found in heritage housing stock in a metropolitan area. The structural fire hazards in terms of non-compliances to the building regulations are digitised and then subjected to statistical analysis to obtain estimates of probabilities of occurrence under various conditions. The concepts of Hamming distance, Jaccard distance, virtual distance and pairwise Phi correlation coefficients are employed in the analysis to estimate the association between the fire hazards. Estimates of the probability distribution over the number of joint occurrence of hazards and pairwise joint probabilities are also obtained. In addition the 3-tuple and 4-tuple joint probabilities are analysed. Finally, logistic regression models are established to correlate each fire hazard with the others. The results show that not only the probability of occurrence of structural fire hazards is high, but probability of multiple occurrence is also significant. There are indications that some structural fire hazards are correlated. The findings of this study may assist certifying authorities, building surveyors, fire safety engineers and fire services in identifying fire hazards in heritage buildings and developing alleviating and effective strategies or solutions to protect life safety of building occupants as well as the cultural heritage values of the relevant building stock. © 2017 Elsevier Ltd",Building code; Heritage; Logistic regression; Probability; Renovation; Risk; Structure,Fire hazards; Fires; Hamming distance; Housing; Probability distributions; Risk assessment; Structural analysis; Heritage; Housing stock; Joint probability; Logistics regressions; Metropolitan area; Non-compliance; Novel applications; Probability of occurrence; Renovation; Structural fires; Regression analysis; BUILDINGS; PROTECTION; MANAGEMENT,10.1016/j.firesaf.2017.04.021,Article,14,Scopus; Web of Science,2-s2.0-85018731188,WOS:000403118100015,,export_54a1bd36-41a9-4277-a376-08dcc444e5bc_2026-10-06T080507.684203352.csv [derived S1u]; S1-2 result.txt
Architectural archetypes database propositions for WUDaPT,Masson V.; Bonhomme M.; Hidalgo J.; Thornay N.; Faraut S.; Schoetter R.; See L.; Ching J.; Mills G.; Ng E.; Ren C.,2017,"Proceedings of 33rd PLEA International Conference: Design to Thrive, PLEA 2017","A fine description of the urban tissue is necessary in order to perform accurate urban climate simulations or analysis of risks in urban areas. However, global land use and land cover databases only describe the urban areas as 'urban'. The WUDAPT (World Urban Database and Access Portal Tools; http://www.wudapt.org/) initiative offers a unified methodology to improve dramatically the description of the urban areas. WUDAPT uses the Local Climate Zones (LCZ) classification, newly and widely adopted by the urban climate community. The WUDAPT methodology is to use satellite images in order to classify the LCZ with pixels at a 100m resolution. Each city would be processed and validated by a scientist with local knowledge. This is a very promising way to acquire urban data for urban climate modelling anywhere in the world. However, there is no description of the morphological or architectural parameters yet. These parameters are still uniform for each class (so-called WUDAPT level '0'). The ambition of the present contribution is to propose a way to describe the specific architectural characteristics of each LCZ for a given city (Paris buildings are not built as New York or Niamey) or even the variability of these architectural characteristics inside each city. Our methodology is based on building architectural archetypes. These are used to define, in each region of the world (a region, a country, a part of a country), how the buildings and houses have been built in the past. This approach requires expertise from local architects, who will have to provide a description of the construction methods and materials for their geographical area of expertise. The methodology, presented in the picture below, is done in three steps, the 4th step being essentially a validation phase. Note that in the example below, the use of the TEB-BEM model can be replaced by other urban canopy models. The building archetypes are based on four inputs: urban types (LCZ, whose maps are provided by the WUDAPT level 0 methodology), information on geographical location (the city or country under consideration), and two other inputs that are variable within the city: date of construction of the building and the building use. These two are important because old buildings use different materials, architectural forms (e.g. glazing ratio) and insulation than newer ones; commercial, offices or residential buildings are also different. For each possible combination of these 4 parameters, several material and physical properties of the buildings are defined (e.g. thickness of wall insulation layer, albedo and material of roof, use or not of air-conditioning, glazing ratio, etc...). Then, once these building archetypes are described this way, this description is used to map the urban characteristics for the urban canopy model. Mapping of building use and age would be the best, as it will allow us to produce the variability of the building architectural characteristics between the different areas of the city (WUDAPT level 2 information). If such information is not available, one should assign the building use and age to the LCZ classes, and this would still produce refined information (level 1) compared to level 0 WUDAPT, as the physical and architectural parameters will still be region dependent, and specific to the urban area of interest (i.e. the Paris description will be different from New York or Niamey). Copyright © NCEUB 2017.",Architectural archetypes; Energy modelling; Local Climate Zones; Morphology; Urban climate modelling,Air conditioning; Architecture; Database systems; Glazes; Land use; Risk analysis; Risk assessment; Architectural parameters; Construction method; Geographical locations; Land use and land cover; Residential building; Unified methodology; Urban canopy models; Urban characteristics; Structural design,,Conference paper,2,Scopus,2-s2.0-85054821876,,,export_54a1bd36-41a9-4277-a376-08dcc444e5bc_2026-10-06T080507.684203352.csv [derived S1u]
Estimating residential wall thermal resistance from exterior thermal imaging,Alshatshati S.; Hallinan K.P.; Alrobaian A.; Naji A.; Altarhuni B.,2017,"ASME 2017 11th International Conference on Energy Sustainability, ES 2017, collocated with the ASME 2017 Power Conference Joint with ICOPE 2017, the ASME 2017 15th International Conference on Fuel Cell Science, Engineering and Technology, and the ASME 2017 Nuclear Forum","Building energy audits are both expensive, on the order of $0.50(US)/sf [1], and there aren't enough auditors to survey the entire building stock in the U.S. Needed are lower cost automated approaches for rapidly evaluating the energy effectiveness of buildings. A key element of such an approach would be automated measurements of envelope R-values. Proposed is the use of single point-in-time thermal images potentially obtainable from drive-by thermal imaging to infer wall and window R-values. A data mining based approach is proposed, which seeks to calibrate the measured exterior wall temperatures to known and measured R-values for a small subset of residences. In this approach, visual imagery is first used to determine the wall emissivity based on the color of the wall siding in order to yield an estimate of the wall temperature. A Random Forest model is developed using the training set comprised of the residences with known R-value. This model can then be used to estimate R- and C-values of other houses based upon their measured exterior temperatures. The results show that the proposed approach is capable of accurately estimating envelope thermal characteristics over a spectrum of envelope R-values and thermal capacitances present in residences nationally. The resulting error for the houses considered is maximally 12% using as few as nine training houses. The data mining approach has significantly greater accuracy than modeling-based approaches in the literature. Copyright © 2017 ASME.",,Cell engineering; Data mining; Decision trees; Digital storage; Houses; Infrared imaging; Sustainable development; Automated approach; Automated measurement; Energy effectiveness; Exterior wall temperatures; Model based approach; Random forest modeling; Thermal capacitance; Thermal characteristics; Walls (structural partitions),10.1115/ES2017-3666,Conference paper,1,Scopus,2-s2.0-85029392014,,,export_54a1bd36-41a9-4277-a376-08dcc444e5bc_2026-10-06T080507.684203352.csv [derived S1u]
Estimating Residential Wall Thermal Resistance from Exterior Thermal Imaging,"Alshatshati, S Hallinan, KP Alrobaian, A Naji, A Altarhuni, B",2017,"PROCEEDINGS OF THE ASME 11TH INTERNATIONAL CONFERENCE ON ENERGY SUSTAINABILITY, 2017","Building energy audits are both expensive, on the order of $0.50(US)/sf [1], and there aren't enough auditors to survey the entire building stock in the U.S. Needed are lower cost automated approaches for rapidly evaluating the energy effectiveness of buildings. A key element of such an approach would be automated measurements of envelope R-values. Proposed is the use of single point-in-time thermal images potentially obtainable from drive-by thermal imaging to infer wall and window R-values. A data mining based approach is proposed, which seeks to calibrate the measured exterior wall temperatures to known and measured R-values for a small subset of residences. In this approach, visual imagery is first used to determine the wall emissivity based on the color of the wall siding in order to yield an estimate of the wall temperature. A Random Forest model is developed using the training set comprised of the residences with known R-value. This model can then be used to estimate R- and C-values of other houses based upon their measured exterior temperatures. The results show that the proposed approach is capable of accurately estimating envelope thermal characteristics over a spectrum of envelope R-values and thermal capacitances present in residences nationally. The resulting error for the houses considered is maximally 12% using as few as nine training houses. The data mining approach has significantly greater accuracy than modeling-based approaches in the literature.",,,,Proceedings Paper,0,Web of Science,,WOS:000414813700052,,S1-2 result.txt
Harnessing buildings’ operational diversity in a computational framework for high-resolution urban energy modeling,Ghiassi N.; Tahmasebi F.; Mahdavi A.,2017,Building Simulation,"To achieve computational efficiency, efforts toward developing urban-scale energy modeling applications frequently rely on various domain simplifications. For instance, heat transfer phenomena are captured using reduced order models. As a consequence, specific aspects pertaining to the temporal dynamics of energy load patterns and their dependency on transient phenomena (e.g., weather conditions, inhabitants’ presence and actions) cannot be realistically represented. To address this circumstance, we have conceived, implemented, and documented a two-step urban energy modeling approach that combines cluster analysis and sampling techniques, full dynamic numeric simulation capability, and stochastic methods. The paper describes the suggested urban energy modeling approach and the embedded cluster analysis supported sampling methodology. More particularly we focus on the aspects of this approach that explicitly involve the representation of inhabitants in urban-scale energy modeling. In this regard, the potential to recover lost dynamic diversity (e.g., in computation of temporal load patterns) due to the deployed reductive sampling is explored. Parametric runs based on stochastic variations of underlying building use profiles facilitate the generation of highly realistic load patterns despite the small number of buildings selected to represent the simulation domain. We illustrate the utility of the proposed urban energy modeling approach to address queries concerning the energy efficiency potential of behaviorally effective instruments. The feasibility of the envisioned scenarios concerning inhabitants and their behavior (high-resolution temporal load prediction, assessment of behavioral variation) is presented in detail via specific instances of district-level energy modeling for the city of Vienna, Austria. © 2017, Tsinghua University Press and Springer-Verlag Berlin Heidelberg.",bottom-up engineering model; building performance simulation; building stock; GIS; occupant behavior; urban energy modeling,Buildings; Cluster analysis; Computational efficiency; Geographic information systems; Heat transfer; Stochastic systems; Building performance simulations; Building stocks; Engineering modeling; Occupant behavior; Urban energy; Energy efficiency; RESIDENTIAL SECTOR; CONSUMPTION; STOCK; TOOL,10.1007/s12273-017-0356-1,Article,21,Scopus; Web of Science,2-s2.0-85030851357,WOS:000412512800017,,export_54a1bd36-41a9-4277-a376-08dcc444e5bc_2026-10-06T080507.684203352.csv [derived S1u]; S1-2 result.txt
Mortality analysis of an urban building stock,Aksözen M.; Hassler U.; Rivallain M.; Kohler N.,2017,Building Research and Information,"Research is presented on the estimation of the lifespan of cohorts of buildings and building stocks. This is based on the analysis of extensive longitudinal data of the 55 000 buildings in the City of Zurich from 1832 and 2010. The survival probability from different perspectives considers age, construction periods, and demolition periods for both existing and demolished buildings. Survival probability is established using a Kaplan–Meier estimator. A more in-depth approach to the mortality of buildings is then determined by differentiating building age, use, size and geographical situation (district). The use of a common geographical information system (GIS) allows longitudinal building data to be linked to a geographical hierarchy of three levels of analysis (city, district and building) accounting for the different granularity on each level (neighbourhoods, quarters, building parts). A comparison of the two methods indicates that the choice of the observed time periods can lead to very different results. The analysis of the three levels shows the possibilities and limits of combined statistical and historical approaches. Mortality analysis is a promising approach to inform policy and practice; it could become a new link between long-term scenario planning, construction policies and institutional regimes. © 2016 Informa UK Limited, trading as Taylor & Francis Group.",building stocks; demolition; geographical information system (GIS); Kaplan–Meier estimator; lifespan; mortality; survival probability; Kaplan-Meier estimator,Buildings; Demolition; Geographic information systems; Information systems; Probability; Building stocks; Construction period; Demolished buildings; Different granularities; Levels of analysis; Life span; mortality; Survival probabilities; Construction; NORWAY DWELLING STOCK; RENOVATION; DEMOLITION; DYNAMICS; FLOWS; MODEL,10.1080/09613218.2016.1152531,Article,41,Scopus; Web of Science,2-s2.0-84962124088,WOS:000395584500002,,export_54a1bd36-41a9-4277-a376-08dcc444e5bc_2026-10-06T080507.684203352.csv [derived S1u]; S1-2 result.txt
"Assessment of seismic structural risk for model buildings in the city of Sharjah, UAE",Barakat S.; Shanableh A.; Altoubat S.; Abu-Dagga K.,2018,Jordan Journal of Civil Engineering,"Thirteen model building types were used to represent the building stock in Sharjah city, United Arab Emirates (UAE) in terms of structural system, height and use. Fourteen representative real ground motion records were scaled and used to assess the potential seismic structural risk of the model buildings. Time history analyses were performed on the 13 model buildings and fragility curves relating the probability of reaching or exceeding four predefined damage states to peak ground acceleration (PGA) were established for the 13 model building types. The fragility curves were then used to assess the structural risk of the model buildings and estimate the associated human and economic losses for various earthquake scenarios. Finally, indicative GIS-seismic risk-based maps were produced for Sharjah city for the various risk scenarios. © 2018 JUST. All Rights Reserved.",Earthquakes; Fragility curves; GIS risk maps; Loss estimation; Pushover; Representative building; Seismic risk; Time history,Buildings; Earthquakes; Geophysics; Losses; Maps; Model buildings; Risk assessment; Risks; Seismology; Structural analysis; Fragility curves; Loss estimation; Pushover; Risk maps; Seismic risk; Risk perception; HAZARD ASSESSMENT; DUBAI,,Article,3,Scopus; Web of Science,2-s2.0-85037699018,WOS:000429659500012,,export_54a1bd36-41a9-4277-a376-08dcc444e5bc_2026-10-06T080507.684203352.csv [derived S1u]; S1-2 result.txt
Potential of satellite remote sensing to monitor vulnerablity of buildings to earthquakes within a semi-empirical macroseismic approach,G. Le Cozannet; D. Raucoules; M. de Michele; A. Benaichouche; P. Gehll; D. Monfort; C. Negulescu; J. Rohmer; N. Pierdicca; M. Albano; S. Giovinazzi; M. Foumelis,2018,IGARSS 2018 - 2018 IEEE International Geoscience and Remote Sensing Symposium,"An essential step in earthquake risk assessment consists in collecting information regarding buildings at risks in order to evaluate their vulnerability, and, ultimately, their expected damages for events of specific intensity. A number of building features can be retrieved by means of remote sensing, either directly (through direct observations of features such as their size or footprints) or indirectly (by appraising the expected building types, given features such as the shape of roads or roofs, and an a-priori knowledge of the urban landscape of interest). Here, we evaluate to which extent the accuracy of mean damage grade can be improved by means of remote sensing using the RISK-EU (2004) [1] assessment grid. The results show that if nothing is known regarding the building stocks in the city of interest, the uncertainty in average vulnerability can be reduced by half using remote sensing observations if adequate indirect proxies can be found. © 2018 IEEE.",Global sensitivity analysis; Remote sensing; Vulnerability; global sensitivity analysis,Buildings; Damage detection; Earthquakes; Geology; Risk assessment; Sensitivity analysis; Direct observations; Earthquake risk; Global sensitivity analysis; Macroseismic; Remote-sensing; Risks assessments; Satellite remote sensing; Semi-empirical; Specific intensity; Vulnerability; Remote sensing; Indexes; Uncertainty; Urban areas,10.1109/IGARSS.2018.8519531,Conference paper,2,Scopus; IEEE Xplore,2-s2.0-85064257591,,IEEE Conferences,export_54a1bd36-41a9-4277-a376-08dcc444e5bc_2026-10-06T080507.684203352.csv [derived S1u]; IEEE_S1-2_final.csv
POTENTIAL OF SATELLITE REMOTE SENSING TO MONITOR VULNERABLITY OF BUILDINGS TO EARTHQUAKES WITHIN A SEMI-EMPIRICAL MACROSEISMIC APPROACH,"Le Cozannet, G Raucoules, D de Michele, M Benaichouche, A Gehl, P Monfort, D Negulescu, C Rohmer, J Pierdicca, N Albano, M Giovinazzi, S Foumelis, M",2018,IGARSS 2018 - 2018 IEEE INTERNATIONAL GEOSCIENCE AND REMOTE SENSING SYMPOSIUM,"An essential step in earthquake risk assessment consists in collecting information regarding buildings at risks in order to evaluate their vulnerability, and, ultimately, their expected damages for events of specific intensity. A number of building features can be retrieved by means of remote sensing, either directly (through direct observations of features such as their size or footprints) or indirectly (by appraising the expected building types, given features such as the shape of roads or roofs, and an a-priori knowledge of the urban landscape of interest). Here, we evaluate to which extent the accuracy of mean damage grade can be improved by means of remote sensing using the RISK-EU (2004) [1] assessment grid. The results show that if nothing is known regarding the building stocks in the city of interest, the uncertainty in average vulnerability can be reduced by half using remote sensing observations if adequate indirect proxies can be found.",Vulnerability; Remote sensing; global sensitivity analysis,VULNERABILITY ASSESSMENT; SENSITIVITY-ANALYSIS; INDEXES; MODELS,,Proceedings Paper,2,Web of Science,,WOS:000451039803002,,S1-2 result.txt
Stock portfolio prediction by multi-target decision support,Da Silva J.A.P.R.; Mastelini S.M.; Santana E.J.; Jr S.B.,2018,PROCEEDINGS OF THE 14TH BRAZILIAN SYMPOSIUM ON INFORMATION SYSTEMS (SBSI2018),"Investing in the stock market is a complex process due to its high volatility caused by factors as exchange rates, political events, inflation and the market history. To support investor's decisions, the prediction of future stock price and economic metrics is valuable. With the hypothesis that there is a relation among investment performance indicators, we applied multi-target regression (MTR) methods to estimate 6 different indicators aiming at creating an automated prediction tool for decision support. The experiments were based on 4 datasets, corresponding to 4 different time periods, composed of 63 combinations of weights of stock-picking concepts each, simulated in the US stock market. We compared traditional machine learning approaches with four state-of-the-art MTR solutions: Stacked Single Target, Ensemble of Regressor Chains, Deep Structure for Tracking Asynchronous Regressor Stacking and Multi-output Random Forest (MORF). With the exception of MORF, traditional approaches and the MTR methods were evaluated with Random Forest and Support Vector Machine regressors. By means of extensive experimental evaluation, our results showed that the most recent MTR solutions can achieve suitable predictive performance, improving all the scenarios (12.6% in the best period, considering all target variables). In this sense, MTR is a proper strategy for building stock market decision support system based on prediction models. © 2018 Association for Computing Machinery.",Decision support system; Multi-target regression; Stock market,Artificial intelligence; Commerce; Decision trees; Financial markets; Forecasting; Information systems; Information use; Investments; Learning systems; Complex Processes; Decision supports; Experimental evaluation; Investment performance; Machine learning approaches; Multi-targets; Predictive performance; Traditional approaches; Decision support systems; VECTOR REGRESSION; ENSEMBLES,10.1145/3229345.3229382,Proceedings Paper,0,Scopus; Web of Science,2-s2.0-85060007559,WOS:000457908100034,,export_54a1bd36-41a9-4277-a376-08dcc444e5bc_2026-10-06T080507.684203352.csv [derived S1u]; S1-2 result.txt
"21st Scandinavian Conference on Image Analysis, SCIA 2019",,2019,Lecture Notes in Computer Science (including subseries Lecture Notes in Artificial Intelligence and Lecture Notes in Bioinformatics),"The proceedings contain 40 papers. The special focus in this conference is on Image Analysis. The topics include: Compressed Imaging at Long Range in SWIR; zonohedral Approximation of Spherical Structuring Element for Volumetric Morphology; image Invariants to Anisotropic Gaussian Blur; material-Based Segmentation of Objects; filtering Specular Reflections by Merging Stereo Images; Near Lossless JPEG Compression Based on Masking Effect of Non-predictable Energy of Image Regions; Using a Robotic Arm for Measuring BRDFs; Unsupervised Feature Extraction – A CNN-Based Approach; automatic Detection of Cervical Vertebral Landmarks for Fluoroscopic Joint Motion Analysis; weight Estimation of Broilers in Images Using 3D Prior Knowledge; predicting Novel Views Using Generative Adversarial Query Network; Salient Object Detection with CNNs and Multi-scale CRFs; dimensionality Reduction for Visualization of Time Series and Trajectories; combining Depth Fusion and Photometric Stereo for Fine-Detailed 3D Models; camera Localization by Single View Query Using One Circular Target; global Trifocal Adjustment; a Robust Human Activity Recognition Approach Using OpenPose, Motion Features, and Deep Recurrent Neural Network; video Frame Interpolation via Cyclic Fine-Tuning and Asymmetric Reverse Flow; iris Identification in 3D; parametric Model-Based 3D Human Shape and Pose Estimation from Multiple Views; efficient Merging of Maps and Detection of Changes; cubiCasa5K: A Dataset and an Improved Multi-task Model for Floorplan Image Analysis; alignment of Building Footprints Using Quasi-Nadir Aerial Photography; evaluation of Feature Detectors, Descriptors and Match Filtering Approaches for Historic Repeat Photography; An RNN-Based IMM Filter Surrogate; real-Time Tracking-by-Detection in Broadcast Sports Videos; fast Cross Correlation for Limited Angle Tomographic Data.",,,,Conference review,0,Scopus,2-s2.0-85066901607,,,export_54a1bd36-41a9-4277-a376-08dcc444e5bc_2026-10-06T080507.684203352.csv [derived S1u]
A transferable remote sensing approach to classify building structural types for seismic risk analyses: the case of Val d'Agri area (Italy),Liuzzi M.; Aravena Pelizari P.; Geiß C.; Masi A.; Tramutoli V.; Taubenböck H.,2019,Bulletin of Earthquake Engineering,"This study proposes a methodology based on machine learning (ML) algorithms for rapid and robust classification of building structural types (STs) in multispectral remote sensing imagery aiming to assess buildings’ seismic vulnerability. The seismic behavior of buildings is strongly affected by the ST, including material, age, height, and other main structural features. Previous works deployed in situ data integrated with remote sensing information to statistically infer STs through supervised ML methods. We propose a transferable methodology with specific focus on situations with imbalanced in situ data (i.e., the number of available labeled samples for model learning differs largely between different STs). We learn a transferable model by selecting features from an exhaustive set. The transferability relies on deploying geometric features characterizing individual buildings; thus, the model is less sensitive to domain adaption problems frequently induced by e.g., changes in acquisition parameters of remotely sensed imagery. Thereby, we show that few geometry features enable generalization capabilities similar to models learned with a large number of features describing spectral, geometrical or contextual building properties. We rely on an extensive geodatabase containing almost 18,000 building footprints. We follow a Random Forest (RF)-based feature selection strategy to objectively identify most valuable features for prediction. Furthermore, the problem of unbalanced classes is addressed by adopting two approaches: downsampling the majority class and modifying the classifier internally (weighted RF). The implemented model is transferred on the challenging urban morphology of the Val d’Agri area (Italy). Results confirm the statistical robustness of the model and the importance of the geometry features, allowing for reliable identification of STs. © 2019, Springer Nature B.V.",Building inventory; Building structural type; Class imbalance; Machine learning; Remote sensing; Seismic vulnerability,Basilicata; Italy; Matera; Val d'Agri; Buildings; Decision trees; Geometry; Learning systems; Machine learning; Risk analysis; Seismology; Building inventory; Building structural; Class imbalance; Generalization capability; Multispectral remote sensing imagery; Remote sensing approaches; Remote sensing information; Seismic vulnerability; algorithm; building; inventory; machine learning; remote sensing; risk assessment; seismicity; urban morphology; vulnerability; Remote sensing; DESIGNED RC BUILDINGS; VULNERABILITY ASSESSMENT; AUTOMATED DERIVATION; URBAN; CLASSIFICATION; INFORMATION; FUSION; FRAMEWORK; FEATURES; CONTEXT,10.1007/s10518-019-00648-7,Article,31,Scopus; Web of Science,2-s2.0-85067829909,WOS:000482113700004,,export_54a1bd36-41a9-4277-a376-08dcc444e5bc_2026-10-06T080507.684203352.csv [derived S1u]; S1-2 result.txt
Building extraction from LiDAR data applying deep convolutional neural networks,Maltezos E.; Doulamis A.; Doulamis N.; Ioannidis C.,2019,IEEE Geoscience and Remote Sensing Letters,"Deep learning paradigm has been shown to be a very efficient classification framework for many application scenarios, including the analysis of Light Detection and Ranging (LiDAR) data for building detection. In fact, deep learning acts as a set of mathematical transformations, encoding the raw input data into appropriate forms of representations that maximize the classification performance. However, it is clear that mathematical computations alone, even highly nonlinear, are not adequate to model the physical properties of a problem, distinguishing, for example, the building structures from vegetation. In this letter, we address this difficulty by augmenting the raw LiDAR data with features coming from a physical interpretation of the information. Then, we exploit a deep learning paradigm based on a convolutional neural network model to find out the best input representations suitable for the classification. As test sites, three complex urban study areas with various kinds of building structures through the LiDAR data set of Vaihingen, Germany were selected. Our method has been evaluated in the context of 'ISPRS Test Project on Urban Classification and 3-D Building Reconstruction.' Comparisons with traditional methods, such as artificial neural networks and support vector machine-based classifiers, indicate the outperformance of the proposed approach in terms of robustness and efficiency. © 2004-2012 IEEE.",Building classification; convolutional neural networks (CNNs); Light Detection and Ranging (LiDAR); machine learning; point cloud,Baden-Wurttemberg; Germany; Vaihingen an der Enz; Buildings; Convolution; Data structures; Deep neural networks; Extraction; Feature extraction; Learning systems; Mathematical transformations; Neural networks; Statistical tests; Tracking radar; Urban growth; Vegetation; 3-d building reconstruction; Classification framework; Classification performance; Convolutional neural network; Deep convolutional neural networks; Light detection and ranging; Point cloud; Vegetation mapping; artificial neural network; building; coordinate; data set; land classification; lidar; numerical method; Optical radar; Laser radar; Machine learning; Data models; POINT CLOUDS,10.1109/LGRS.2018.2867736,IEEE Journals,100,Scopus; IEEE Xplore; Web of Science,2-s2.0-85053325964,WOS:000455181800032,IEEE Journals,export_54a1bd36-41a9-4277-a376-08dcc444e5bc_2026-10-06T080507.684203352.csv [derived S1u]; IEEE_S1-2_final.csv; S1-2 result.txt
CnnSV-Typer: Calling of Structural Variation Genotype Based on CUDA Acceleration,R. Bai; L. Gao; C. Ling; J. Gao,2019,2019 IEEE 21st International Conference on High Performance Computing and Communications; IEEE 17th International Conference on Smart City; IEEE 5th International Conference on Data Science and Systems (HPCC/SmartCity/DSS),"The current methods used for genotype calling are still limited to the length of structural variations and suffer from poor precision and sensitivity. Thus, this paper proposes CnnSV-typer, a deep learning approach which takes two-dimensional images as inputs and calls the variation genotypes. CnnSV-typer is tested and compared with current tools, including CNVnator, Pindel, LUMPY+SVTyper, Delly, GINDEL. The experimental results indicate that CnnSV-typer surpasses other methods on next generation sequencing data of various coverage, and could detect a wider length range of deletion genotypes with the highest precision and sensitivity reaching 99.3% and 99.6% respectively. The compression strategy based on CUDA parallel acceleration can achieve a maximum acceleration ratio of up to 381.3 times, which greatly improves the calling efficiency.",genotype calling;deep learning;CUDA acceleration,Conferences; High performance computing; Smart cities; Data science,10.1109/HPCC/SmartCity/DSS.2019.00344,IEEE Conferences,,IEEE Xplore,,,IEEE Conferences,IEEE_S1-2_final.csv
Empirical fragility curves based on random ground shaking fields: Employing Copernicus-EMS damage grading maps for 2016 amatrice sequence,Miano A.; Jalayer F.; Forte G.; Santo A.,2019,COMPDYN Proceedings,"Significant structural and non-structural damage suffered by residential buildings due to recent earthquakes world-wide provide a sad testimony to the vulnerability of the existing building stock. This evidence stresses the need to develop accurate seismic vulnerability assessment tools in the service of strategic planning and applicable at a territorial scale. The empirical fragility curves have been used quite often in order to characterize the vulnerability of prescribed buildings classes as opposed to individual buildings. In this approach, the fragility curve represents both the building-to-building variability within the class and the uncertainty in the building class response to future earthquakes. Development of empirical fragility curves for classes of buildings depends to a large extent on the pairs of seismic ground shaking intensity and observed damage data gathered from spatially distributed buildings. The seismic intensity experienced at the site of each building is usually estimated by employing maps of ground shaking for the earthquake of interest (a.k.a., shakeMaps). The accuracy in the estimation of the ground shaking intensity is arguably as important as that of the evaluation of the incurred damage. The former involves explicit characterization of the uncertainties in the ground-shaking intensity estimation. This can be achieved through application of ground motion prediction equations and the corresponding spatial correlation structure in the residuals (of the predictive equation), resulting in generation of random fields of ground shaking. Each field represents a plausible distribution of ground motion intensity for a given earthquake scenario. Then, the random ground shaking field can be updated based on available observations of ground shaking intensity from nearby stations. The generated random fields can be further modified to consider the local stratigraphic and topographic amplification. For a given damage pattern observed for a prescribed building class, the generation of random ground motion fields leads to a set of plausible empirical fragility curves (corresponding to exceedance of different damage states). The fragility curves and their 16th, 50th and 84th percentiles, obtained based on the generated random ground shaking fields and observed damage in the aftermath of Amatrice 2016 Earthquake (based on Copernicus EMS damage maps) show reasonable agreement with the empirical fragility curves available in the literature for similar buildings classes. © 2019 The authors.",Empirical fragility curves; Masonry buildings remote sensing; Visual survey; Vulnerability assessment,Buildings; Computational methods; Earthquake engineering; Engineering geology; Equations of motion; Grading; Motion estimation; Remote sensing; Stratigraphy; Structural analysis; Structural dynamics; Fragility curves; Ground motion intensities; Ground shaking intensity; Ground-motion prediction equations; Masonry building; Spatial correlation structures; Topographic amplification; Vulnerability assessments; Earthquakes,10.7712/120119.7106.19898,Conference paper,0,Scopus,2-s2.0-85079047769,,,export_54a1bd36-41a9-4277-a376-08dcc444e5bc_2026-10-06T080507.684203352.csv [derived S1u]
"Factors and tendencies of housing abandonment: An analysis of a survey of vacant houses in Kawaguchi City, Saitama",Baba H.; Hino K.,2019,Japan Architectural Review,"The issue of vacant houses is receiving increased attention in the field of urban policy and planning in Japan. We aim to describe the factors of vacant houses that lead to abandonment from the perspectives of the characteristics of the built environment and property owners using a logistic regression model to analyze the relationship between housing abandonment and these characteristics. There were five major findings. First, building age and attachment to a road less than four meters wide increase the probability of housing abandonment, although urbanization before 1960 lowers the probability. Second, an exclusively residential zone is more likely to be associated with floor area, which makes abandonment more likely and building age in this zone has a positive relationship particularly to an overgrowth of trees. Third, the further away the property owner's own residence is from the vacant house, the greater the likelihood that it will be abandoned. Fourth, vacancies owing to the demise of the previous occupants significantly raise the likelihood of housing abandonment. Fifth, the probability of housing abandonment is extremely high when the owner of the vacant house is unknown. © 2019 The Authors. Japan Architectural Review published by John Wiley & Sons Australia, Ltd on behalf of Architectural Institute of Japan.",housing abandonment; housing survey; logistic regression; property owner characteristics; vacant house,Houses; Urban planning; Built environment; Floor areas; Housing abandonment; Housing survey; Logistic Regression modeling; Logistics regressions; Property owner characteristic; Property owners; Urban policy; Vacant house; Logistic regression,10.1002/2475-8876.12088,Article,29,Scopus; Web of Science,2-s2.0-85088863338,WOS:000496756900015,,export_54a1bd36-41a9-4277-a376-08dcc444e5bc_2026-10-06T080507.684203352.csv [derived S1u]; S1-2 result.txt
Predicting the hygrothermal behaviour of building components using neural networks,"Tijskens, A Roels, S Janssen, H",2019,4TH CENTRAL EUROPEAN SYMPOSIUM ON BUILDING PHYSICS (CESBP 2019),"Increasing the energy efficiency of the existing building stock can be accomplished by adding thermal insulation to the building envelope. In case of historic buildings with massive walls, internal insulation is often the only feasible post-insulation technique. Drawback of internal insulation is the modified hygrothermal response of the wall, which can result in moisture damage. Hence, it is crucial to assess the risk of damage accurately beforehand. Given the many uncertainties involved, a probabilistic assessment is advisable. This, however, would require thousands of simulations, which easily becomes computationally inhibitive. To overcome this time-efficiency issue, this paper proposes the use of neural networks to replace the original hygrothermal model. The neural network is trained on a small data set obtained from the hygrothermal model and can subsequently be used to predict the hygrothermal behaviour of building components with different boundary conditions and geometry. The transient nature of the hygrothermal behaviour requires a neural network type which can handle long-range time-dependencies. In the past, recurrent neural networks were often used for this type of data. Recently however, results indicate that convolutional neural networks can outperform recurrent neural networks on such tasks. This paper compares the prediction accuracy and training time of both neural network types for the prediction of the hygrothermal behaviour of building components.",,,10.1051/matecconf/201928202036,Proceedings Paper,4,Web of Science,,WOS:000558388100037,,S1-2 result.txt
Slum mapping in imbalanced remote sensing datasets using transfer learned deep features,T. Stark; M. Wurm; H. Taubenböck; X. X. Zhu,2019,"2019 Joint Urban Remote Sensing Event, JURSE 2019","Unprecedented urbanization, particularly in countries of the Global South, results in the formation of slums. Here, remote sensing has proven to be an extremely valuable and effective tool for mapping slums. Recent advances in transferring deep features learned in fully convolutional networks (FCN) allow the specific structural types and alignments of buildings in slums to be mapped. The class imbalance of slums is especially challenging in the context of intra-urban variability of slums themselves, and their possible similarity to other urban built-up structures. Thus, in our study we aim to analyze the transfer learning capabilities of FCNs for slum mapping with respect to training on imbalanced datasets and the quantity of available training images. When the slum sample proportion is increased an improvement of the Intersection over Union (IU) of 10% to 30% can be observed. Increasing the total number of images improves the IU up to 20% to 50%. Transfer learning proves extremely valuable in retrieving information on complex and heterogeneous urban structures such as slum patches. © 2019 IEEE.",deep learning; fully convolutional network; remote sensing; slums; transfer learning; urban poverty,Convolution; Deep learning; Housing; Image enhancement; Mapping; Built-up structures; Convolutional networks; Imbalanced Data-sets; slums; Structural type; Transfer learning; Urban poverty; Urban variability; Remote sensing; Training; Urban areas; Buildings; Task analysis; Semantics; Image segmentation,10.1109/JURSE.2019.8808965,Proceedings Paper,13,Scopus; IEEE Xplore; Web of Science,2-s2.0-85072028076,WOS:000560604400020,IEEE Conferences,export_54a1bd36-41a9-4277-a376-08dcc444e5bc_2026-10-06T080507.684203352.csv [derived S1u]; IEEE_S1-2_final.csv; S1-2 result.txt
3D city models for urban mining: Point cloud based semantic enrichment for spectral variation identification in hyperspectral imagery,Ruben P.A.; Sileryte R.; Agugiaro G.,2020,"ISPRS Annals of the Photogrammetry, Remote Sensing and Spatial Information Sciences","Urban mining aims at reusing building materials enclosed in our cities. Therefore, it requires accurate information on the availability of these materials for each separate building. While recent publications have demonstrated that such information can be obtained using machine learning and data fusion techniques applied to hyperspectral imagery, challenges still persist. One of these is the so-called 'salt-And-pepper noise', i.e.The oversensitivity to the presence of several materials within one pixel (e.g. chimneys, roof windows). For the specific case of identifying roof materials, this research demonstrates the potential of 3D city models to identify and filter out such unreliable pixels beforehand. As, from a geometrical point of view, most available 3D city models are too generalized for this purpose (e.g. in CityGML Level of Detail 2), semantic enrichment using a point cloud is proposed to compensate missing details. So-called deviations are mapped onto a 3D building model by comparing it with a point cloud. Seeded region growing approach based on distance and orientation features is used for the comparison. Further, the results of a validation carried out for parts of Rotterdam and resulting in KHAT values as high as 0.7 are discussed.  © Copyright: ",CityGML; Enrichment; Point cloud; Semantic 3D city models; Urban mining,Data fusion; Filtration; Mine roof control; Pixels; Remote sensing; Roofs; Semantics; Spectroscopy; 3D building models; Data fusion technique; Hyper-spectral imageries; Orientation features; Salt-and-pepper noise; Seeded region growing; Semantic enrichment; Spectral variation; 3D modeling,10.5194/isprs-Annals-V-4-2020-223-2020,Conference paper,2,Scopus,2-s2.0-85092182432,,,export_54a1bd36-41a9-4277-a376-08dcc444e5bc_2026-10-06T080507.684203352.csv [derived S1u]
Advances of Four Machine Learning Methods for Spatial Data Handling: a Review,Du P.; Bai X.; Tan K.; Xue Z.; Samat A.; Xia J.; Li E.; Su H.; Liu W.,2020,Journal of Geovisualization and Spatial Analysis,"Most machine learning tasks can be categorized into classification or regression problems. Regression and classification models are normally used to extract useful geographic information from observed or measured spatial data, such as land cover classification, spatial interpolation, and quantitative parameter retrieval. This paper reviews the progress of four advanced machine learning methods for spatial data handling, namely, support vector machine (SVM)-based kernel learning, semi-supervised and active learning, ensemble learning, and deep learning. These four machine learning modes are representative because they improve learning performances from different views, for example, feature space transform and decision function (SVM), optimized uses of samples (semi-supervised and active learning), and enhanced learning models and capabilities (ensemble learning and deep learning). For spatial data handling via machine learning that can be improved by the four machine learning models, three key elements are learning algorithms, training samples, and input features. To apply machine learning methods to spatial data handling successfully, a four-level strategy is suggested: experimenting and evaluating the applicability, extending the algorithms by embedding spatial properties, optimizing the parameters for better performance, and enhancing the algorithm by multiple means. Firstly, the advances of SVM are reviewed to demonstrate the merits of novel machine learning methods for spatial data, running the line from direct use and comparison with traditional classifiers, and then targeted improvements to address multiple class problems, to optimize parameters of SVM, and to use spatial and spectral features. To overcome the limits of small-size training samples, semi-supervised learning and active learning methods are then utilized to deal with insufficient labeled samples, showing the potential of learning from small-size training samples. Furthermore, considering the poor generalization capacity and instability of machine learning algorithms, ensemble learning is introduced to integrate the advantages of multiple learners and to enhance the generalization capacity. The typical research lines, including the combination of multiple classifiers, advanced ensemble classifiers, and spatial interpolation, are presented. Finally, deep learning, one of the most popular branches of machine learning, is reviewed with specific examples for scene classification and urban structural type recognition from high-resolution remote sensing images. By this review, it can be concluded that machine learning methods are very effective for spatial data handling and have wide application potential in the big data era. © 2020, Springer Nature Switzerland AG.",Active learning; Deep learning; Ensemble learning; Machine learning; Remote sensing image classification; Semi-supervised learning; Spatial interpolation; Support vector machine,HYPERSPECTRAL IMAGE CLASSIFICATION; SUPPORT VECTOR MACHINES; CONVOLUTIONAL NEURAL-NETWORKS; REMOTE-SENSING IMAGES; SCENE CLASSIFICATION; FEATURE-SELECTION; FEATURE-EXTRACTION; ENSEMBLE; SVM; INFORMATION,10.1007/s41651-020-00048-5,Review,214,Scopus; Web of Science,2-s2.0-85086986830,WOS:000670264800013,,export_54a1bd36-41a9-4277-a376-08dcc444e5bc_2026-10-06T080507.684203352.csv [derived S1u]; S1-2 result.txt
Building Extraction by Gated Graph Convolutional Neural Network with Deep Structured Feature Embedding,Y. Shi; Q. Li; X. X. Zhu,2020,IGARSS 2020 - 2020 IEEE International Geoscience and Remote Sensing Symposium,"Building footprint information is an essential ingredient for 3-D reconstruction of urban models. The automatic generation of building footprints from satellite images presents a considerable challenge due to the complexity of building shapes. Recent developments in deep convolutional neural networks (DCNNs) have enabled accurate pixel-level labeling tasks. One central issue remains, which is the precise delineation of boundaries. Deep architectures generally fail to produce fine-grained segmentation with accurate boundaries due to progressive downsampling. In this work, we we introduce a generic framework to overcome the issue, integrating the gated graph convolutional network (GGCN) and deep structured feature embedding (DSFE) into an end-to-end workflow.",Building footprint;Deep convolutional neural networks;Gated graph convolutional network,Buildings; Logic gates; Semantics; Feature extraction; Convolution; Task analysis; Decoding,10.1109/IGARSS39084.2020.9324478,IEEE Conferences,2,IEEE Xplore,,,IEEE Conferences,IEEE_S1-2_final.csv
Detection of undocumented building constructions from official geodata using a convolutional neural network,Li Q.; Shi Y.; Auer S.; Roschlaub R.; Möst K.; Schmitt M.; Glock C.; Zhu X.X.,2020,Remote Sensing,"Undocumented building constructions are buildings or stories that were built years ago, but are missing in the official digital cadastral maps (DFK). The detection of undocumented building constructions is essential to urban planning and monitoring. The state of Bavaria, Germany, uses two semi-automatic detection methods for this task that suffer from a high false alarm rate. To solve this problem, we propose a novel framework to detect undocumented building constructions using a Convolutional Neural Network (CNN) and official geodata, including high resolution optical data and the Normalized Digital Surface Model (nDSM). More specifically, an undocumented building pixel is labeled as “building” by the CNN but does not overlap with a building polygon of the DFK. The class of old or new undocumented building can be further separated when a Temporal Digital Surface Model (tDSM) is introduced in the stage of decision fusion. In a further step, undocumented story construction is detected as the pixels that are “building” in both DFK and predicted results from CNN, but shows a height deviation from the tDSM. By doing so, we have produced a seamless map of undocumented building constructions for one-quarter of the state of Bavaria, Germany at a spatial resolution of 0.4 m, which has proved that our framework is robust to detect undocumented building constructions at large-scale. Considering that the official geodata exploited in this research is advantageous because of its high quality and large coverage, a transferability analysis experiment is also designed in our research to investigate the sampling strategies for building detection at large-scale. Our results indicate that building detection results in unseen areas at large-scale can be improved when training samples are collected from different districts. In an area where training samples are available, local training sampless collection and training can save much time and effort. © 2020 by the authors. Licensee MDPI, Basel, Switzerland.",Building detection; Convolutional Neural Network; Decision fusion; Deep learning; Semantic segmentation,Convolution; Convolutional neural networks; Image resolution; Pixels; Sampling; Building construction; Building detection; Digital surface models; False alarm rate; Planning and monitoring; Sampling strategies; Spatial resolution; Story construction; Buildings,10.3390/rs12213537,Article,18,Scopus,2-s2.0-85094659662,,,export_54a1bd36-41a9-4277-a376-08dcc444e5bc_2026-10-06T080507.684203352.csv [derived S1u]
Detection of Undocumented Buildings Using Convolutional Neural Network and Official Geodata,Li Q.; Shi Y.; Auer S.; Roschlaub R.; Möst K.; Schmitt M.; Zhu X.X.,2020,"ISPRS Annals of the Photogrammetry, Remote Sensing and Spatial Information Sciences","Undocumented buildings are buildings which were built years ago, but were never recorded in official digital cadastral maps. Detection of undocumented buildings is of great importance for urban planning and monitoring. The state of Bavaria, Germany, pursues this task based on high resolution optical data and digital surface models, using semi-automatic detection methods, which suffer from a high false alarm rate. In order to study the influence of sampling strategies on the performance of building detection, we have firstly designed a transferability analysis experiment, which has not been adequately addressed in the current literature. In this experiment, we test whether the trained model from a district contains valuable information for building detection in a different district. It was found that the large-scale building detection results can be considerably improved when training samples are collected from different districts. Based on the building detection results, we propose a novel framework for the detection of undocumented buildings using Convolutional Neural Network (CNN) and official geodata. More specifically, buildings are identified as undocumented, when their pixels in the output of the CNN are predicted as ""building"", whereas they belong to the ""non-building"" in the Digital Cadastral Map (DFK). The detected undocumented building pixels are subsequently divided into the class of old or new undocumented building with the aid of a Temporal Digital Surface Model (tDSM) in the stage of decision fusion. By doing so, a seamless map of undocumented buildings is generated for 1/4th of the state of Bavaria, Germany at a spatial resolution of 0.4 m, which has demonstrated the use of CNN for the robust detection of undocumented buildings at large-scale. © 2020 Copernicus GmbH. All rights reserved.",Building Detection; Convolutional Neural Network; Decision Fusion; Deep Learning; Semantic Segmentation,Convolution; Convolutional neural networks; Image resolution; Pixels; Building detection; Digital surface models; Large scale buildings; Performance of buildings; Planning and monitoring; Robust detection; Sampling strategies; Spatial resolution; Buildings,10.5194/isprs-annals-V-2-2020-517-2020,Conference paper,1,Scopus,2-s2.0-85091104419,,,export_54a1bd36-41a9-4277-a376-08dcc444e5bc_2026-10-06T080507.684203352.csv [derived S1u]
Determination of damage levels of RC columns with a smart system oriented method,Dogan G.; Arslan M.H.; Baykan O.K.,2020,Bulletin of Earthquake Engineering,"In this study, a method that is fast, economical and satisfying in terms of accuracy rate has been developed in order to determine the post-earthquake damage level of reinforced concrete column elements dependent on the damage image on the column surface. In order to represent the Turkish building stock, reinforced concrete columns were produced complying with the 2007 and 2018 Turkish Earthquake Code (TEC-2007 and TBEC-2018) and, in order to represent the existing building stock made before 2000, reinforced concrete columns which are non-complying with the code have been produced. A total of 12 reinforced concrete columns produced in 1/1 scale with square cross sections were tested under earthquake resembling reversible cycling lateral load and axial force. For each cycle, a data set was created by matching the surface images taken from the determined regions of the columns with the damage levels specified in TEC-2007 and TBEC-2018 depending on the load–displacement values measured on the column during the experiment. As a result of the experimental study, a total of 390 damage images were obtained for each load and displacement level. Image processing application was performed by using MATLAB on the damage images and the cracks on the column surface were separated. Parameters such as total cracks area, total cracks length, maximum crack length and maximum crack width have been obtained to represent the amount of damage on the column through the feature extraction process of the cracks in the images. The characteristics of the cracks were classified by support vector machines, decision trees, K-nearest neighborhood, Discriminant Analysis, Ensemble algorithms, which are machine learning classifiers, and the damage states for the columns were estimated. The estimation success from the classifiers ranges from 64 to 80%. In this study, it has been seen that the proposed and developed intelligent system will be open to development and will be a good alternative to existing conventional systems for the determination of column damage. © 2020, Springer Nature B.V.",Earthquake damage; Image processing; Machine learning; Reinforced concrete cantilever column,Turkey; Codes (symbols); Concrete construction; Decision trees; Discriminant analysis; Earthquakes; Image processing; Intelligent systems; Learning systems; Nearest neighbor search; Support vector machines; Cantilever columns; Conventional systems; Earthquake damages; Image processing applications; K-nearest neighborhoods; Maximum crack width; Reinforced concrete column; Square cross section; building; displacement; earthquake damage; numerical method; reinforced concrete; Reinforced concrete; CRACK; IDENTIFICATION; CLASSIFICATION; BUILDINGS; STRENGTH; IMAGES,10.1007/s10518-020-00826-y,Article,19,Scopus; Web of Science,2-s2.0-85082863354,WOS:000521064600001,,export_54a1bd36-41a9-4277-a376-08dcc444e5bc_2026-10-06T080507.684203352.csv [derived S1u]; S1-2 result.txt
Prediction Of Housing Price Along The Urban Rail Transit Line Based On GA-BP Model And Accessibility,L. Ruo-Qi; H. Jun-Hong,2020,2020 IEEE 5th International Conference on Intelligent Transportation Engineering (ICITE),"In order to study the relationship between the accessibility along the urban rail transit line and the change in housing price, GA-BP model, which combining the genetic algorithm(GA) and back propagation neural network(BPNN), was used to predict the housing price along the urban rail transit line. The reliability of the model was verified by taking the price of residential areas along Nanjing Metro Line 10 as an example, and the performance between GA-BP model and the BP model was compared. It was found that the average absolute error rate of GA-BP model is 6.91%, which is 6.45% lower than that of BP model, and the mean square error of prediction results is significantly reduced. It can be seen that the price prediction algorithm based on GA-BP model for those residential areas along the urban rail transit line is reliable and can fully tap the potential relationship between the accessibility of urban transport network and the housing price.",urban rail transit;prediction of housing price;accessibility;GA-BP model,Rails; Predictive models; Green products; Urban areas; Buildings; Statistics; Sociology,10.1109/ICITE50838.2020.9231460,IEEE Conferences,5,IEEE Xplore,,,IEEE Conferences,IEEE_S1-2_final.csv
Prediction of structural type for city-scale seismic damage simulation based on machine learning,Xu Z.; Wu Y.; Qi M.-Z.; Zheng M.; Xiong C.; Lu X.,2020,Applied Sciences (Switzerland),"Being the necessary data of the city-scale seismic damage simulations, structural types of buildings of a city need to be collected. To this end, a prediction method of structural types of buildings based on machine learning (ML) is proposed herein. Specifically, using the training data of 230,683 buildings in Tangshan city, China, a supervised ML solution based on a decision forest model was designed for the prediction. The scale sensitivity and regional applicability of the designed solution are discussed, respectively, and the results show that the supervised ML solution can maintain high accuracy for different scales; however, it is only suitable for cities similar to the sample city. For wide applicability for various cities, a semi-supervised ML solution was designed based on sampling investigation and self-training procedures. The downtowns of Daxing and Tongzhou districts in Beijing were selected as a case study for the designed semi-supervised ML solution. The overall prediction accuracies of structural types for Daxing and Tongzhou downtowns can reach 94.8% and 99.5%, respectively, which are acceptable for seismic damage simulations. Based on the predicted results, the distributions of seismic damage in Daxing and Tongzhou downtown were output. This study provides a smart and efficient method for obtaining structural types for a city-scale seismic damage simulation. © 2020 by the authors.",City-scale seismic damage simulation; Decision forest; Machine learning; Self-training procedures; Structural types; machine learning; structural types; decision forest; self-training procedures; city-scale seismic damage simulation,MODELS,10.3390/app10051795,Article,36,Scopus; Web of Science,2-s2.0-85082075109,WOS:000525298100243,,export_54a1bd36-41a9-4277-a376-08dcc444e5bc_2026-10-06T080507.684203352.csv [derived S1u]; S1-2 result.txt
Refined dataset to describe the complex urban environment of Hong Kong for urban climate modelling studies at the mesoscale,Kwok Y.T.; De Munck C.; Schoetter R.; Ren C.; Lau K.K.-L.,2020,Theoretical and Applied Climatology,"Urban climate models are indispensable tools for the evaluation of climatic risks faced by the growing urban population. In order to accurately simulate the urban surface energy balance at a high spatial resolution, it is important to provide models with detailed input data that can adequately describe the spatial variation of land covers, urban morphology, construction materials, and building functions within an urban area. Using Hong Kong—a city well-known for its complex, high-rise urban environment—as the testing ground, this study aims to present a geographic information system–based workflow for the construction of a refined urban database. Firstly, maps of land cover tiles, pervious and impervious surface fractions, building height, and other input parameters required by mesoscale atmospheric models are derived from multiple data sources including administrative building data, satellite images, and land use surveys. Secondly, a total of 18 representative building archetypes, with their corresponding architectural characteristics and occupant behaviour schedules, are defined. This allows for models to take into account the radiative, thermal, and dynamic interactions between buildings and the atmosphere, as well as the anthropogenic heat fluxes. Finally, locally adapted ranges of urban morphological parameters for the different local climate zones (LCZs) are derived, enabling the expansion of data coverage to neighbouring areas of Hong Kong, where detailed urban data are not readily available. Uncertainties of the refined database and limitations of the LCZ scheme are also discussed so that a similar approach may be adapted and applied to other cities in the world. © 2020, Springer-Verlag GmbH Austria, part of Springer Nature.",,China; Hong Kong; atmospheric dynamics; climate modeling; data set; heat flux; mesoscale meteorology; spatiotemporal analysis; urban area; BUILDING ENERGY-CONSUMPTION; HEAT-ISLAND; CANOPY MODEL; ANTHROPOGENIC HEAT; EXCHANGE PARAMETERIZATION; OFFICE BUILDINGS; AIR-TEMPERATURE; BALANCE MODEL; SINGLE-LAYER; IMPACT,10.1007/s00704-020-03298-x,Article,25,Scopus; Web of Science,2-s2.0-85087398007,WOS:000547654400001,,export_54a1bd36-41a9-4277-a376-08dcc444e5bc_2026-10-06T080507.684203352.csv [derived S1u]; S1-2 result.txt
Seismic Building Damage Prediction From GIS-Based Building Data Using Artificial Intelligence System,Hansapinyo C.; Latcharote P.; Limkatanyu S.,2020,Frontiers in Built Environment,"The estimation of seismic damage to buildings is complicated due to the many sources of uncertainties. This study aims to develop a new approach using an artificial intelligence system called adaptive neuro-fuzzy inference system (ANFIS) model to predict the damage of buildings at urban scale considering input uncertainties. First, the study performed seismic damage evaluation of buildings utilizing the capacity spectrum method (CSM) to obtain a set of 57,648 training data from a combination of three main parameters, i.e., 6 earthquake magnitudes, 8 structural types, and 1,201 distances. Next, the data was used to develop a practical ANFIS model for the seismic damage prediction. The variables of the fuzzy system are earthquake magnitudes, structural types, and distance between epicenter and building. To validate the applicability of the proposed model, analyses of spatial seismic building damage under five possible earthquakes in Chiang Mai Municipality were performed by using the proposed methodology. From the comparison of the damaged urban area, small discrepancies between the CSM and the ANFIS results could be observed. It should be noted that the proposed ANFIS model can predict the seismic building damage reasonably well compared with the CSM. Using the method proposed herein, it is possible to create damage scenarios for earthquake-prone areas where only a few seismic data are available, such as developing countries. © Copyright © 2020 Hansapinyo, Latcharote and Limkatanyu.",ANFIS; building damage; earthquake; fuzzy; neural network; uncertainty,RISK,10.3389/fbuil.2020.576919,Article,35,Scopus; Web of Science,2-s2.0-85094669305,WOS:000584730500001,,export_54a1bd36-41a9-4277-a376-08dcc444e5bc_2026-10-06T080507.684203352.csv [derived S1u]; S1-2 result.txt
Uncertainties of human perception in visual image interpretation in complex urban environments,N. J. Kraff; M. Wurm; H. Taubenböck,2020,IEEE Journal of Selected Topics in Applied Earth Observations and Remote Sensing,"Today satellite images are mostly exploited automatically due to advances in image classification methods. Manual visual image interpretation (MVII), however, still plays a significant role e.g., to generate training data for machine-learning algorithms or for validation purposes. In certain urban environments, however, of e.g., highest densities and structural complexity, textural and spectral complications in overlapping roof-structures still demand the human interpreter if one aims to capture individual building structures. The cognitive perception and real-world experience are still inevitable. Against these backgrounds, this article aims at quantifying and interpreting the uncertainties of mapping rooftop footprints of such areas. We focus on the agreement among interpreters and which aspects of perception and elements of image interpretation affect mapping. Ten test persons digitized six complex built-up areas. Hereby, we receive quantitative information about spatial variables of buildings to systematically check the consistency and congruence of results. An additional questionnaire reveals qualitative information about obstacles. Generally, we find large differences among interpreters' mapping results and a high consistency of results for the same interpreter. We measure rising deviations correlate with a rising morphologic complexity. High degrees of individuality are expressed e.g., in time consumption, in-situ- or geographic information system (GIS)-precognition whereas data source mostly influences the mapping procedure. By this study, we aim to fill a gap as prior research using MVII often does not implement an uncertainty analysis or quantify mapping aberrations. We conclude that remote sensing studies should not only rely unquestioned on MVII for validation; furthermore, data and methods are needed to suspend uncertainty.  © 2008-2012 IEEE.",Cognition; earth observation; elements of image interpretation; level of individual buildings (LoD-1); manual visual image interpretation (MVII); perception; uncertainty; urban morphology; Uncertainty; Buildings; Urban areas; Visualization; Complexity theory; Manuals; Machine learning,Image analysis; Learning algorithms; Machine learning; Mapping; Remote sensing; Urban planning; Classification methods; Complex urban environments; Image interpretation; Morphologic complexity; Qualitative information; Quantitative information; Real-world experience; Structural complexity; algorithm; cognition; image analysis; machine learning; perception; satellite imagery; uncertainty analysis; urban area; urban morphology; Uncertainty analysis; Uncertainty; Buildings; Urban areas; Visualization; Complexity theory; Manuals; SPATIAL METRICS; REMOTE; SLUMS; SETTLEMENTS; MORPHOLOGY,10.1109/JSTARS.2020.3011543,IEEE Journals,42,Scopus; IEEE Xplore; Web of Science,2-s2.0-85090363603,WOS:000557351700005,IEEE Journals,export_54a1bd36-41a9-4277-a376-08dcc444e5bc_2026-10-06T080507.684203352.csv [derived S1u]; IEEE_S1-2_final.csv; S1-2 result.txt
Urban flood risk mapping using data-driven geospatial techniques for a flood-prone case area in Iran,Darabi H.; Haghighi A.T.; Mohamadi M.A.; Rashidpour M.; Ziegler A.D.; Hekmatzadeh A.A.; Kløve B.,2020,Hydrology Research,"In an effort to improve tools for effective flood risk assessment, we applied machine learning algorithms to predict flood-prone areas in Amol city (Iran), a site with recent floods (2017–2018). An ensemble approach was then implemented to predict hazard probabilities using the best machine learning algorithms (boosted regression tree, multivariate adaptive regression spline, generalized linear model, and generalized additive model) based on a receiver operator characteristic-area under the curve (ROC-AUC) assessment. The algorithms were all trained and tested on 92 randomly selected points, information from a flood inundation survey, and geospatial predictor variables (precipitation, land use, elevation, slope percent, curve number, distance to river, distance to channel, and depth to groundwater). The ensemble model had 0.925 and 0.892 accuracy for training and testing data, respectively. We then created a vulnerability map from data on building density, building age, population density, and socio-economic conditions and assessed risk as a product of hazard and vulnerability. The results indicated that distance to channel, land use, and runoff generation were the most important factors associated with flood hazard, while population density and building density were the most important factors determining vulnerability. Areas of highest and lowest flood risks were identified, leading to recommendations on where to implement flood risk reduction measures to guide flood governance in Amol city. © 2020 The Authors.",Amol city; Ensemble model; Machine learning algorithms; ROC-AUC; ensemble model; machine learning algorithms,Amol; Iran; Mazandaran; Economics; Flood control; Groundwater; Hazards; Land use; Learning algorithms; Machine learning; Population distribution; Population dynamics; Population statistics; Risk assessment; Applied machine learning; Boosted regression trees; Flood risk assessments; Generalized additive model; Generalized linear model; Multivariate adaptive regression splines; Receiver operator characteristics; Socio-economic conditions; data set; detection method; flood; flood control; hazard assessment; mapping method; population density; risk assessment; runoff; spatiotemporal analysis; vulnerability; Floods; GENERALIZED ADDITIVE-MODELS; ADAPTIVE REGRESSION SPLINES; WEIGHTS-OF-EVIDENCE; CLIMATE-CHANGE; RANDOM FOREST; IMPACT; URBANIZATION; ADAPTATION; SUSCEPTIBILITY; PREDICTION,10.2166/nh.2019.090,Article,64,Scopus; Web of Science,2-s2.0-85081654336,WOS:000519243100009,,export_54a1bd36-41a9-4277-a376-08dcc444e5bc_2026-10-06T080507.684203352.csv [derived S1u]; S1-2 result.txt
Urban Surface Simulation Through Image-to-Image Translation Deep Learning Algorithm using Optical Aerial Imagery,S. K. Das; P. PS; A. C. Pandey; B. H. A,2020,IGARSS 2020 - 2020 IEEE International Geoscience and Remote Sensing Symposium,Digital Surface Model (DSM) provides the detailed structure and geometry of an urban environment. This paper proposes an approach of using a type of image-to-image translation deep learning model called cycle consistent adversarial networks for reconstructing DSM from monocular aerial imagery. The cycleGAN architecture consisted of two generators with an encoder-decoder network with skip connections and two discriminators that punishes structures at the scale of patches. The cycleGAN objective function was adapted for training on paired images. The evaluation was performed using mean square error (MSE) and zero normalized cross-correlation (ZNCC) for errors in reconstruction. cGAN model was considered as a baseline model for comparison of the proposed approach. The results using the proposed approach confirmed a higher reconstruction accuracy than previous studies that utilized conditional GAN.,cycle consistent adversarial networks;deep learning;image-to-image translation;optical aerial imagery,Generators; Gallium nitride; Image reconstruction; Training; Generative adversarial networks; Surface reconstruction; Adaptation models,10.1109/IGARSS39084.2020.9323915,IEEE Conferences,,IEEE Xplore,,,IEEE Conferences,IEEE_S1-2_final.csv
A review on application of soft computing techniques for the rapid visual safety evaluation and damage classification of existing buildings,Harirchian E.; Aghakouchaki Hosseini S.E.; Jadhav K.; Kumari V.; Rasulzade S.; Işık E.; Wasif M.; Lahmer T.,2021,Journal of Building Engineering,"Seismic vulnerability assessment of existing buildings is of great concern around the world. Different countries develop various approaches and methodologies to overcome the disastrous effects of earthquakes on the structural parameters of the building and the human losses. There are structures still in service with a high seismic vulnerability, which proposes an urgent need for a screening system's damageability grading system. Rapid urbanization and the proliferation of slums give rise to improper construction practices that make the building stock's reliability ambiguous, including old structures that were constructed either when the seismic codes were not advanced or not enforced by law. Despite having a good knowledge of structural analysis, it is impractical to conduct detailed nonlinear analysis on each building in the target area to define their seismic vulnerability. This indicates the necessity of developing a rapid, reliable, and computationally easy method of seismic vulnerability assessment, more commonly known as Rapid Visual Screening (RVS). This method begins with a walk-down survey by a trained evaluator, and an initial score is assigned to the structure. Further, the vulnerability parameters are defined (predictor variables), and the damage grades are defined. Various methods are then adopted to develop an optimum correlation between the parameters and damage grades. Soft Computing (SC) techniques including probabilistic approaches, meta-heuristics, and Artificial Intelligence (AI) theories such as artificial neural networks, machine learning, fuzzy logic, etc. due to their capabilities in targeting inherent imprecision of phenomena in real-world are among the most important and widely used approaches in this regard. In this paper, a comprehensive literature review of the most commonly used and newly developed innovative methodologies in RVS using powerful SC techniques has been presented to shed light on key factors, strengths, and applications of each SC technique in advancing the RVS field of study. © 2021 Elsevier Ltd",Artificial neural networks; Buildings; Damage grade; Fuzzy logic model; Machine learning; Rapid visual screening; Soft computing techniques; Statistical analysis; Vulnerability assessment,Buildings; Computer circuits; Damage detection; Fuzzy inference; Fuzzy neural networks; Grading; Machine learning; Nonlinear analysis; Seismology; Statistical methods; Structural analysis; Damage grade; Fuzzy logic model; Machine-learning; Neural-networks; Rapid visual screening; Safety evaluations; Seismic vulnerability; Softcomputing techniques; Visual screening; Vulnerability assessments; Soft computing; SEISMIC VULNERABILITY ASSESSMENT; SUPPORT VECTOR MACHINE; REINFORCED-CONCRETE BUILDINGS; MODEL; PREDICTION; TURKEY,10.1016/j.jobe.2021.102536,Review,123,Scopus; Web of Science,2-s2.0-85105970334,WOS:000697043900005,,export_54a1bd36-41a9-4277-a376-08dcc444e5bc_2026-10-06T080507.684203352.csv [derived S1u]; S1-2 result.txt
Automatic detection of unreinforced masonry buildings from street view images using deep learning-based image segmentation,Wang C.; Antos S.E.; Triveno L.M.,2021,Automation in Construction,"Mitigation of seismic risk is a challenge for 70+ countries in the world. Screening the building stock for potential structural defects is one way to locate structures that are vulnerable to strong ground motion. Often in developing countries, masonry buildings are not reinforced or confined to withstand earthquake loads. It has been observed that such buildings cannot withstand the lateral loads imposed by an earthquake. An estimated 77 percent of the fatalities in the earthquakes during the last 100 years were caused mainly by the collapse of masonry buildings. Given the probability of severe damage or collapse in the event of an earthquake, identification and retrofit of such masonry buildings are critical. Screening of masonry buildings by conventional methods is usually a time-consuming and labor-intensive process. This research presents an automated workflow for segmenting the presence of such buildings through the use of street-view images. The method uses deep learning techniques. An inventory composed of a set of street view images was collected from the streets of Oaxaca State, Mexico using a 360° camera mounted on a car. These images were then annotated by trained engineers. Using the annotated dataset, an instance segmentation model was trained to detect and classify masonry buildings from the street view images. Using the model, we performed city scale detections of masonry buildings. We found the spatial distribution pattern of masonry buildings is correlated with the urbanization paths of the cities. The model could be used to produce large-scale automated detection of buildings at a fraction of the cost and in the fraction of the time of the alternatives. With affordable, accurate and massive screenings, governments can target these buildings for retrofit efforts and companies can assess the business opportunity of prevention (or “Building Better Before”). © 2021 Elsevier B.V.",Deep learning; Instance segmentation; Masonry building; Street view image; Unreinforced masonry building; URM,Buildings; Classification (of information); Damage detection; Deep learning; Developing countries; Image segmentation; Masonry construction; Masonry materials; Retrofitting; Automatic Detection; Building stocks; Images segmentations; Masonry building; Seismic risk; Street view image; Structural defect; Unreinforced masonry building; URM; Instance Segmentation; DAMAGE; EARTHQUAKE; BEHAVIOR,10.1016/j.autcon.2021.103968,Article,66,Scopus; Web of Science,2-s2.0-85115888047,WOS:000709722000001,,export_54a1bd36-41a9-4277-a376-08dcc444e5bc_2026-10-06T080507.684203352.csv [derived S1u]; S1-2 result.txt
"Comparison of Neighborhood-Scale, Residential Property Flood-Loss Assessment Methodologies",Mostafiz R.B.; Friedland C.J.; Rahman M.A.; Rohli R.V.; Tate E.; Bushra N.; Taghinezhad A.,2021,Frontiers in Environmental Science,"Leading flood loss estimation models include Federal Emergency Management Agency’s (FEMA’s) Hazus, FEMA’s Flood Assessment Structure Tool (FAST), and (U.S.) Hydrologic Engineering Center’s Flood Impact Analysis (HEC-FIA), with each requiring different data input. No research to date has compared the resulting outcomes from such models at a neighborhood scale. This research examines the building and content loss estimates by Hazus Level 2, FAST, and HEC-FIA, over a levee-protected census block in Metairie, in Jefferson Parish, Louisiana. Building attribute data in National Structure Inventory (NSI) 2.0 are compared against “best available data” (BAD) collected at the individual building scale from Google Street View, Jefferson Parish building inventory, and 2019 National Building Cost Manual, to assess the sensitivity of input building inventory selection. Results suggest that use of BAD likely enhances flood loss estimation accuracy over existing reliance on default data in the software or from a national data set that generalizes over a broad scale. Although the three models give similar mean (median) building and content loss, Hazus Level 2 results diverge from those produced by FAST and HEC-FIA at the individual building level. A statistically significant difference in mean (median) building loss exists, but no significant difference is found in mean (median) content loss, between building inventory input (i.e., NSI 2.0 vs BAD), but both the building and content loss vary at the individual building scale due to difference in building-inventory-reported foundation height, foundation type, number of stories, replacement cost, and content cost. Moreover, building loss estimation also differs significantly by depth-damage function (DDF), for flood depths corresponding with the longest return periods, with content loss differing significantly by DDF at all return periods tested, from 10 to 500 years. Knowledge of the extent of estimated differences aids in understanding the degree of uncertainty in flood loss estimation. Much like the real estate industry uses comparable home values to appraise a home, flood loss planners should use multiple models to estimate flood-related losses. Moreover, results from this study can be used as a baseline for assessing losses from other hazards, thereby enhancing protection of human life and property. © Copyright © 2021 Mostafiz, Friedland, Rahman, Rohli, Tate, Bushra and Taghinezhad.",building content loss assessment; building loss assessment; flood assessment structure tool; flood depth-damage function; flood modeling; hazus; HEC-FIA; national structure inventory,MITIGATION,10.3389/fenvs.2021.734294,Article,33,Scopus; Web of Science,2-s2.0-85118273681,WOS:000715977300001,,export_54a1bd36-41a9-4277-a376-08dcc444e5bc_2026-10-06T080507.684203352.csv [derived S1u]; S1-2 result.txt
Damage Identification Methods for Structural Health Monitoring of Super High-Rise Buildings,H. Hu; M. Tang; L. Li; H. Hu; H. Chen; Z. Yang; X. Ji,2021,"2021 5th International Conference on Vision, Image and Signal Processing (ICVISP)","In recent decades, with severe shortage of urban land resources due to massive increase of population density, super high-rise building construction has become one of the very important development orientations in modern construction industry. Affected by excessive loading as well as environmental deterioration, damages are likely to occur in localized regions in building structures. Accumulation of damages probably unavoidably leads to the structure performance deterioration, which might cause structure failures, along with disasters with heavy casualties and economic losses. For timely detection of potential damages with avoiding catastrophic accidents, damage identification and structural health monitoring (SHM) have been proposed. This paper presents a review of damage identification methods for super high-rise buildings to highlight their merits and limits, which further concludes future research directions and provides possible methods for specific SHM problems of engineers and researchers.",super high-rise buildings;damage identification methods;structural health monitoring,Wireless communication; Wavelet transforms; Wireless sensor networks; Wearable computers; Buildings; Virtual reality; Wavelet analysis,10.1109/ICVISP54630.2021.00042,IEEE Conferences,3,IEEE Xplore,,,IEEE Conferences,IEEE_S1-2_final.csv
Developing data-driven surrogate models for holistic performance-based assessment of mid-rise RC frame buildings at early design,Zaker Esteghamati M.; Flint M.M.,2021,Engineering Structures,"This paper presents a framework to develop generalizable surrogate models to predict seismic vulnerability and environmental impacts of a class of buildings at a particular location. To this end, surrogate models are trained on a performance inventory, here simulation-based seismic and environmental assessments of 720 mid-rise concrete office buildings of variable topology in Charleston, South Carolina. Five surrogate models of multiple regression, random forest, extreme gradient boosting, support vector machine and k-nearest neighbors were trained in a machine-learning pipeline including hyperparameter tuning and cross-validation. Variance-based sensitivity and accumulated local effect analysis were performed on the most accurate model to identify the most influential parameters and interpret the trained surrogate model. Support vector machines achieved the highest accuracy for total annual loss with an average 10-fold adjusted R2 of 0.96, whereas simpler linear regression was adequate to estimate the initial and seismic-induced embodied carbon emission. Floor area, building height, lateral-resisting frame weight, and average beam section sizes were found to be the most influential features. As these features may be approximated by an experienced structural engineer the results indicate that, with suitable performance inventories available, it should be possible to employ surrogate models in early design to narrow the initial design space to highly resilient and sustainable configurations. © 2021 Elsevier Ltd",Early design; Interpretable Machine learning; Performance-based Engineering; Surrogate modelling; Variance-based sensitivity; Early design Variance-based sensitivity,Charleston; South Carolina; United States; Rosa carolina carolina; Adaptive boosting; Decision trees; Environmental impact; Nearest neighbor search; Office buildings; Seismic design; Support vector machines; Data driven; Early designs; Interpretable machine learning; Performance; Performance-based assessment; Performance-based engineering; R.C. frames; Support vectors machine; Surrogate model; Variance-based sensitivity; building; design; environmental impact; holistic approach; machine learning; numerical model; reinforced concrete; risk assessment; seismic response; sensitivity analysis; surrogate method; Seismology; LIFE-CYCLE ASSESSMENT; SEISMIC DESIGN; UNCERTAINTY; IMPACTS; DAMAGE,10.1016/j.engstruct.2021.112971,Article,109,Scopus; Web of Science,2-s2.0-85112365194,WOS:000696955500001,,export_54a1bd36-41a9-4277-a376-08dcc444e5bc_2026-10-06T080507.684203352.csv [derived S1u]; S1-2 result.txt
"Estimation, analysis and mapping of electricity consumption of a regional building stock in a temperate climate in Europe",Nishimwe A.M.R.; Reiter S.,2021,Energy and Buildings,"This study financed by ERDF and the Wallonia Region estimates the annual electricity consumption (EC) of building stock, including the 3 building sectors namely residential, tertiary and industrial building. The estimation takes into account appliances, electrical heating, cooling, lighting, cooking and EC by m(2) on a building level. The results are spatialized on different territorial scales. Using cadastral data of more than 1,700,000 Walloon buildings and annual EC data from a sample collected in 2012 from the energy reports, the paper assesses the EC of the whole building stock and tests to what extent different types of variables (building factors and socio-demographics) explain annual EC. It then shows which individual variables have the highest explanatory power. In contrast to many other studies, the research recognizes the problem of multicollinearity between predictors in regression analysis and uses Lasso regression to address this issue. Three separate regression models were used to study the predictors of annual EC of residential, tertiary and industrial buildings. EC building factors (appliances, auxiliary and main heating, domestic hot water and cooking) explained the largest share which is 66.46% of the variability in EC for residential buildings whereas the EC usages share for tertiary buildings (lighting, heating and domestic hot water, air conditioning, cooling, etc.) is about 50.53% and 38.55% for industrial buildings. Socio-demographic variables on their own explained about 61.59%, 26.34% and 3.41% of the annual EC, respectively for residential, tertiary and industrial buildings. Hence, the building variables present the highest explanatory power for EC, presumably because heating and cooling EC are included in this study. The study highlights that when attempting to explain EC related to Walloon households, including heating and cooling EC, appliances usage has the strongest predictive power in residential buildings. On the other hand, the projected decrease in EC use for heating in existing residential buildings is -8.82% and-10% for existing tertiary buildings while the projected increase in EC use for cooling in existing tertiary buildings is + 11.94% from 2012 to 2050 on a regional scale. These trends follow the predicted regional heating degree-days (HDD) of -11.76% and cooling degree-days (CDD) of 14.04% for the same period based on the gated recurrent unit (GRU) an implemented deep learning (DL) model. In addition, the produced EC maps on different territorial scales show that the highest EC is seen in large and main cities in general. (C) 2021 Elsevier B.V. All rights reserved.",Building stock characterization; Electricity consumption modelling; Energy management; Smart city; Urban region,Air conditioning; Domestic appliances; Energy management; Heating; Housing; Lighting; Office buildings; Population statistics; Regression analysis; Smart city; Water; Annual electricity consumption; Building stock characterization; Building stocks; Consumption modeling; Electricity consumption modeling; Electricity-consumption; Industrial buildings; Residential building; Tertiary building; Urban regions; Electric power utilization; DOMESTIC ENERGY-CONSUMPTION; SOCIO-DEMOGRAPHICS; DETERMINANTS; OCCUPANCY; UK; BEHAVIORS; OBESITY; DEMAND,10.1016/j.enbuild.2021.111535,Article,18,Scopus; Web of Science,2-s2.0-85116936763,WOS:000711215300008,,export_54a1bd36-41a9-4277-a376-08dcc444e5bc_2026-10-06T080507.684203352.csv [derived S1u]; S1-2 result.txt
High-resolution hourly surrogate modeling framework for physics-based large-scale building stock modeling,Zhang L.; Plathottam S.; Reyna J.; Merket N.; Sayers K.; Yang X.; Reynolds M.; Parker A.; Wilson E.; Fontanini A.; Roberts D.; Muehleisen R.,2021,Sustainable Cities and Society,"Surrogate modeling can play a key role in reducing high computational burdens for large-scale physics-based modeling and uncertainty quantification. With the rapid development of large-scale building stock energy modeling, surrogate modeling has also begun to be widely applied in this field; however, most existing surrogate models lack hourly time resolution for regional-scale modeling, which is essential for understanding building demand profiles and grid impacts. Further, there is generally a lack of necessary data and feature engineering frameworks specific to building modeling for efficiently managing large datasets and complex computations. This paper proposes a modeling framework for large-scale (city-/region-scale), high-resolution, high-fidelity surrogate building stock energy models. Our developed framework consists of six modules: (1) building stock energy modeling (ComStockTM and ResStockTM), (2) data engineering for large simulation data, (3) high performance computing workflow, (4) feature engineering, (5) machine learning model development, and (6) model performance evaluation. Two case studies apply the developed framework in both residential and commercial building stock analysis to demonstrate its computational efficiency and surrogate modeling accuracies. Results show that surrogate models, when efficiently trained using the HPC workflow module, reach a high level of modeling accuracy for two case studies. © 2021 Elsevier Ltd",Building stock energy model; Data engineering; Electric load profiles; High-performance computing; Machine learning; Surrogate model,Computational efficiency; Large dataset; Office buildings; Uncertainty analysis; Building stock energy model; Building stocks; Data engineering; Electric load profile; Energy modelling; High resolution; High-performance computing; Machine-learning; Modelling framework; Surrogate model; building; energy efficiency; energy use; machine learning; modeling; surrogate method; Machine learning; METAMODELING TECHNIQUES; META-MODELS; DESIGN; OPTIMIZATION; PERFORMANCE; METHODOLOGY; GENERATION; SUPPORT; DEMAND; SYSTEM,10.1016/j.scs.2021.103292,Article,38,Scopus; Web of Science,2-s2.0-85114124149,WOS:000729955300008,,export_54a1bd36-41a9-4277-a376-08dcc444e5bc_2026-10-06T080507.684203352.csv [derived S1u]; S1-2 result.txt
IDENTIFICATION OF DIAPHRAGM FLEXIBILITY OF UNREINFORCED MASONRY BUILDING USING CONVOLUTIONAL NEURAL NETWORKS,Acevedo A.B.; Rueda-Plata D.; González D.; Duque J.C.; Ramos-Pollán R.,2021,World Conference on Earthquake Engineering proceedings,"The classification of the building stock for risk assessment can become a great challenge as it requires a description of each building in terms of its capacity to resist a given hazard. When evaluating the seismic risk, the assessment requires a typology classification based on its capacity to resist lateral loads. Unreinforced masonry, a building typology in which lateral loads are sustained by masonry walls without any form of reinforcement, is highly vulnerable to earthquakes. While in Europe this type of building is commonly found in historical centers, in developing countries like South American ones, unreinforced masonry may represent a high proportion of the building stock. For example, 74% of the residential stock in the metropolitan area of Medellin (Colombia) is unreinforced masonry. In these cases, it is necessary to go beyond the mere classification as “unreinforced masonry'' by including additional characteristics such as the flexibility of the floor/roof diaphragms, which plays an important role in the distribution of the lateral forces to the vertical elements of the lateral load-resisting system. In addition, a rigid diaphragm allows the structure to have synchronized displacements during an earthquake. As the availability of street-level imagery becomes widespread, a great potential emerges to support detailed city-wide risk assessment in a cost-effective manner with image analytics. In this paper, we explore this potential by evaluating five state-of-the-art architectures of convolutional neural networks (CNN) to classify images of one-story unreinforced masonry buildings of the metropolitan area of Medellín according to the flexibility of the roof diaphragm. Over a thousand images were manually gathered fromGoogle Street View and properly labeled by experts to feed the CNN training process. To select the best performing architecture we followed a conservative, risk-averse approach, by minimizing the risk of classifying a flexible diaphragmas rigid on validation images (not seen during the training stage). In our process we (1) split the data in train/validation/test subsets, (2) train each CNN architecture on train data, (3) select the best according to their performance in validation data, and (4) use test data to obtain an unbiased performance estimation of our process as a whole. The best performing model, Vgg19, reaches an accuracy of 80%, a precision of 88%, and a recall of 84% on test data. The accuracy level is considerably higher for flexible diaphragms than for rigid diaphragms, 85% vs. 71%. We also found that there is a direct relationship between the level of certainty assigned by the experts when classifying an image and the probability assigned by the CNN. © The 17th World Conference on Earthquake Engineering.",convolutional neural networks; diaphragm; risk assessment; seismic risk; unreinforced masonry,Architecture; Brick buildings; Brick construction; Concrete mixtures; Concrete products; Earthquake effects; Mortar; Partitions (building); Rigid structures; Roofs; Seismic response; Walls (structural partitions); Building stocks; Building typologies; Convolutional neural network; Lateral loads; Metropolitan area; Risks assessments; Seismic risk; Test data; Unreinforced masonries (URMs); Unreinforced masonry building; Earthquake engineering,,Book chapter,0,Scopus,2-s2.0-105027893906,,,export_54a1bd36-41a9-4277-a376-08dcc444e5bc_2026-10-06T080507.684203352.csv [derived S1u]
Impact of different exposure models and spatial resolution on the long-term effects of air pollution,Gariazzo C.; Carlino G.; Silibello C.; Tinarelli G.; Renzi M.; Finardi S.; Pepe N.; Barbero D.; Radice P.; Marinaccio A.; Forastiere F.; Michelozzi P.; Viegi G.; Stafoggia M.; Carla A.; Paola A.; Stefania A.; Sandra B.; Lucia B.; Michela B.; Sergio B.; Laura B.; Serena B.; Giuseppe B.; Simone B.; Giuseppe C.; Giuseppe C.; Achille C.; Antonio C.; Annamaria C.; de' Donato Francesca; Salvatore F.; Sandro F.; Francesco F.; Claudia G.; Claudio G.; Paolo G.R.; Stefania L.G.; Gaetano L.; Sara M.; Alessandro M.; Paola M.; Enrica M.; Antonino M.; Alessandro N.; Marta O.; Federica P.; Nicola P.; Paola R.; Andrea R.; Matteo R.; Salvatore S.; Matteo S.; Camillo S.; Roberto S.; Massimo S.; Gianni T.; Francesco U.; Giovanni V.,2021,Environmental Research,"Long-term exposure to air pollution has been related to mortality in several epidemiological studies. The investigations have assessed exposure using various methods achieving different accuracy in predicting air pollutants concentrations. The comparison of the health effects estimates are therefore challenging. This paper aims to compare the effect estimates of the long-term effects of air pollutants (particulate matter with aerodynamic diameter less than 10 μm, PM10, and nitrogen dioxide, NO2) on cause-specific mortality in the Rome Longitudinal Study, using exposure estimates obtained with different models and spatial resolutions. Annual averages of NO2 and PM10 were estimated for the year 2015 in a large portion of the Rome urban area (12 × 12 km2) applying three modelling techniques available at increasing spatial resolution: 1) a chemical transport model (CTM) at 1km resolution; 2) a land-use random forest (LURF) approach at 200m resolution; 3) a micro-scale Lagrangian particle dispersion model (PMSS) taking into account the effect of buildings structure at 4 m resolution with results post processed at different buffer sizes (12, 24, 52, 100 and 200 m). All the exposures were assigned at the residential addresses of 482,259 citizens of Rome 30+ years of age who were enrolled on 2001 and followed-up till 2015. The association between annual exposures and natural-cause, cardiovascular (CVD) and respiratory (RESP) mortality were estimated using Cox proportional hazards models adjusted for individual and area-level confounders. We found different distributions of both NO2 and PM10 concentrations, across models and spatial resolutions. Natural cause and CVD mortality outcomes were all positively associated with NO2 and PM10 regardless of the model and spatial resolution when using a relative scale of the exposure such as the interquartile range (IQR): adjusted Hazard Ratios (HR), and 95% confidence intervals (CI), of natural cause mortality, per IQR increments in the two pollutants, ranged between 1.012 (1.004, 1.021) and 1.018 (1.007, 1.028) for the different NO2 estimates, and between 1.010 (1.000, 1.020) and 1.020 (1.008, 1.031) for PM10, with a tendency of larger effect for lower resolution exposures. The latter was even stronger when a fixed value of 10 μg/m3 is used to calculate HRs. Long-term effects of air pollution on mortality in Rome were consistent across different models for exposure assessment, and different spatial resolutions. © 2020 The Author(s)",Buildings; Cause-specific mortality; Nitrogen dioxide; Particulate matter; Urban area,Air Pollutants; Air Pollution; Environmental Exposure; Longitudinal Studies; Nitrogen Dioxide; Particulate Matter; Italy; Lazio; Roma [Lazio]; Rome; nitrogen dioxide; atmospheric pollution; concentration (composition); long-term change; mortality; nitrogen dioxide; spatial resolution; urban area; adult; air pollution; cardiovascular disease; cause of death; chemical transport model; confidence interval; female; hazard ratio; human; Lagrangian particle dispersion model; land use; major clinical study; male; middle aged; model; particulate matter 10; pharmacokinetics; priority journal; random forest; respiratory tract disease; structure activity relation; urban area; adverse event; air pollutant; analysis; environmental exposure; longitudinal study; particulate matter; toxicity,10.1016/j.envres.2020.110351,Article,39,Scopus,2-s2.0-85095829225,,,export_54a1bd36-41a9-4277-a376-08dcc444e5bc_2026-10-06T080507.684203352.csv [derived S1u]
Improving flood damage assessments in data-scarce areas by retrieval of building characteristics through UAV image segmentation and machine learning - A case study of the 2019 floods in southern Malawi,Wouters L.; Couasnon A.; De Ruiter M.C.; Van Den Homberg M.J.C.; Teklesadik A.; De Moel H.,2021,Natural Hazards and Earth System Sciences,"Reliable information on building stock and its vulnerability is important for understanding societal exposure to floods. Unfortunately, developing countries have less access to and availability of this information. Therefore, calculations for flood damage assessments have to use the scarce information available, often aggregated on a national or district level. This study aims to improve current assessments of flood damage by extracting individual building characteristics and estimate damage based on the buildings' vulnerability. We carry out an object-based image analysis (OBIA) of high-resolution (11ĝ€¯cm ground sample distance) unmanned aerial vehicle (UAV) imagery to outline building footprints. We then use a support vector machine learning algorithm to classify the delineated buildings. We combine this information with local depth-damage curves to estimate the economic damage for three villages affected by the 2019 January river floods in the southern Shire Basin in Malawi and compare this to a conventional, pixel-based approach using aggregated land use to denote exposure. The flood extent is obtained from satellite imagery (Sentinel-1) and corresponding water depths determined by combining this with elevation data. The results show that OBIA results in building footprints much closer to OpenStreetMap data, in which the pixel-based approach tends to overestimate. Correspondingly, the estimated total damage from the OBIA is lower (EUR 10ĝ€¯140) compared to the pixel-based approach (EUR 15ĝ€¯782). A sensitivity analysis illustrates that uncertainty in the derived damage curves is larger than in the hazard or exposure data. This research highlights the potential for detailed and local damage assessments using UAV imagery to determine exposure and vulnerability in flood damage and risk assessments in data-poor regions.  © 2021 Lucas Wouters et al.",,Malawi; building; flood damage; hazard assessment; machine learning; pixel; satellite imagery; unmanned vehicle; RISK-ASSESSMENT; VULNERABILITY; UNCERTAINTY; EARTHQUAKE; URBAN; MODEL,10.5194/nhess-21-3199-2021,Article,22,Scopus; Web of Science,2-s2.0-85118259718,WOS:000711961700001,,export_54a1bd36-41a9-4277-a376-08dcc444e5bc_2026-10-06T080507.684203352.csv [derived S1u]; S1-2 result.txt
Machine learning-based regional scale intelligent modeling of building information for natural hazard risk management,Wang C.; Yu Q.; Law K.H.; McKenna F.; Yu S.X.; Taciroglu E.; Zsarnóczay A.; Elhaddad W.; Cetiner B.,2021,Automation in Construction,"The intensity of many natural hazards, such as hurricanes, floods, tornadoes, etc., are increasing as a consequence of climate change. This increase in intensity coupled with the increase in population density, particularly along the coasts, is only magnifying the impact of such events. In order to quantify and mitigate the risk due to the hazards and to prepare for the potential impacts in a region, it is necessary to collect the information of existing buildings that are pertinent to natural hazard analysis and risk management. Gathering the building information in a region- or city-scale is a laborious and expensive undertaking. This paper presents a framework for regional scale building information generation/gathering to support regional hazard analysis. In this framework, different types of data are acquired from multiple sources (satellite and street view images, property tax assessment data, etc.) and are fused to semantically profile each building in a city. Specifically, deep learning technique is employed to extract building information from street or satellite images. A novel data mining tool is developed to overcome the data scarcity issue, quantify the uncertainty and enrich the data repository. With this framework, building inventories of cities are created to provide the data needed for disaster and risk management planning and simulations. © 2020 Elsevier B.V.",,Buildings; Climate change; Data mining; Deep learning; Hazards; Hurricanes; Learning systems; Population statistics; Risk analysis; Risk assessment; Taxation; Building inventory; Data-mining tools; Information generation; Intelligent modeling; Learning techniques; Management planning; Population densities; Property tax assessment; Risk management; STREET VIEW; BIM,10.1016/j.autcon.2020.103474,Article,94,Scopus; Web of Science,2-s2.0-85097710537,WOS:000608116800007,,export_54a1bd36-41a9-4277-a376-08dcc444e5bc_2026-10-06T080507.684203352.csv [derived S1u]; S1-2 result.txt
Mapping indoor radon hazard in Germany: The geogenic component,Petermann E.; Bossew P.,2021,Science of the Total Environment,"Indoor radon is considered as an indoor air pollutant due to its carcinogenic effect. Since the main source of indoor radon is the ground beneath the house, we utilize the geogenic radon potential (GRP) and a geogenic radon hazard index (GRHI) for predicting the geogenic component of the indoor Rn hazard in Germany. For this purpose, we link indoor radon data (n = 44,629) to maps of GRP and GRHI and fit logistic regression models to calculate the probabilities that indoor Rn exceeds thresholds of 100 Bq/m(3) and 300 Bq/m(3). The estimated probability was averaged for every municipality by considering only the estimates within the built-up area. Finally, the mean exceedance probability per municipality was coupled with the respective residential building stock for estimating the number of buildings with indoor Rn above 100 Bq/m(3) and 300 Bq/m(3) for each municipality. We found that (1) GRHI is a better predictor than GRP for indoor radon hazard in Germany, (2) the estimated number of buildings above 100 Bq/m(3) and 300 Bq/m(3) in Germany is similar to 2 million (11.6% of all residential buildings) and similar to 350,000 (1.9%), respectively, (3) areas where 300 Bq/m(3) exceedance is greater than 10% comprise only 0.8% of the German building stock but 6.3% of buildings with indoor Rn exceeding 300 Bq/m(3), and (4) most urban areas and, hence, most buildings (77%) are located in low hazard regions. The implications for Rn protection are twofold: (1) the Rn priority area concept is cost-efficient in a sense that it allows to find the most buildings that exceed a threshold concentration with a given amount of resources, and (2) for an optimal reduction of lung cancer risk areas outside of Rn priority areas must be addressed since most hazardous indoor Rn concentrations occur in low to medium hazard areas. (C) 2021 The Author(s). Published by Elsevier B.V.",Building stock; Geogenic radon; Hazard mapping; Indoor radon; Predictive modelling; Radon priority areas,"Air Pollutants, Radioactive; Air Pollution, Indoor; Germany; Housing; Radiation Monitoring; Radon; Indoor air pollution; Mapping; Probability; Regression analysis; radon; Building stocks; Geogenic; Geogenic radon; Geogenic radon potential; Hazard indices; Hazards mappings; Indoor air pollutants; Indoor radon; Predictive models; Radon priority area; building; cancer; concentration (composition); geogenic source; hazard assessment; indoor radon; mapping; modeling; probability; regression analysis; Article; cancer risk; carcinogenicity; concentration (parameter); geogenic radon hazard index; geogenic radon potential; lung cancer; radiation hazard; radioactive air pollution; radiological parameters; residential home; risk assessment; risk reduction; urban area; air pollutant; housing; indoor air pollution; radiation monitoring; Hazards; RESIDENTIAL RADON; LUNG-CANCER; PRIORITY AREAS; EUROPEAN ATLAS; PRONE AREAS; REGRESSION; REGION; MODEL; RISK; SOIL",10.1016/j.scitotenv.2021.146601,Article,32,Scopus; Web of Science,2-s2.0-85103124893,WOS:000653087200004,,export_54a1bd36-41a9-4277-a376-08dcc444e5bc_2026-10-06T080507.684203352.csv [derived S1u]; S1-2 result.txt
Modelling of mineral construction and demolition waste dynamics through a combination of geospatial and image analysis,Bogoviku L.; Waldmann D.,2021,Journal of Environmental Management,"As the construction sector is shifting towards circular economy models, the role of mineral construction materials as main waste fraction in terms of volumes is crucial. A characterization of this mineral stock, as well as the waste derived from it is decisive in ensuring the application of the best practices of circular economy. This paper describes a methodology for assessing the mineral building stock through a combination of geospatial and image analysis. By analysing old topographic maps, buildings are grouped according to their building age into different typologies and based on these maps the construction and demolition activity is evaluated. The mineral stock is assessed and estimations of the mineral construction and demolition waste (CDW) is generated for different stochastic scenarios. This methodology is applied exemplarily on the country of Luxembourg. It was found that the total mineral construction stock for Luxembourg is 276.75 Mt and has been growing at a rate of 20.81%–24.39% in the last 30 years. Furthermore, the study identified a mean age of the urban building stock of about 60 years and a typical maximum building lifetime of 122 years. Based on the stochastic projections the mineral CDW generated from the existing building stock is expected to be up to 226.9 Mt by 2100, while if future building scenarios are considered, it can be as high as 885.3 Mt. The annual CDW production is expected to be sufficient for a viable concrete recycling activity if regulations on the waste volume flows are made available. © 2020",Circular economy; Concrete recycling; Construction and demolition waste (CDW); Geospatial analysis; Material stock quantification,Construction Industry; Construction Materials; Industrial Waste; Minerals; Recycling; Waste Management; Luxembourg; Concretes; Construction industry; Demolition; Image analysis; Maps; Roads and streets; Stochastic systems; concrete; mineral; Building stocks; Circular economy; Concrete recycling; Construction and demolition waste; Geo-spatial analysis; Image-analysis; Material stock quantification; Stochastics; building; construction industry; demolition; image analysis; life cycle analysis; recycling; regulatory approach; typology; volume; waste management; Article; building industry; construction and demolition waste; flow; height; information processing; methodology; spatial analysis; topography; urbanization; building material; industrial waste,10.1016/j.jenvman.2020.111879,Article,32,Scopus; Web of Science,2-s2.0-85100106459,WOS:000618049500001,,export_54a1bd36-41a9-4277-a376-08dcc444e5bc_2026-10-06T080507.684203352.csv [derived S1u]; S1-2 result.txt
PhyMDAN: Physics-informed knowledge transfer between buildings for seismic damage diagnosis through adversarial learning,Xu S.; Noh H.Y.,2021,Mechanical Systems and Signal Processing,"Automated structural damage diagnosis after earthquakes is important for improving efficiency of disaster response and city rehabilitation. In conventional data-driven frameworks which use machine learning or statistical models, structural damage diagnosis models are often constructed using supervised learning. Supervised learning requires historical structural response data and corresponding damage states (i.e., labels) for each building to learn the building-specific damage diagnosis model. However, in post-earthquake scenarios, historical data with labels are often not available for many buildings in the affected area. This makes it difficult to construct a damage diagnosis model. Further, directly using the historical data from other buildings to construct a damage diagnosis model for the target building would lead to inaccurate results. This is because each building has unique physical properties and thus unique data distribution. To this end, we introduce a new framework, Physics-Informed Multi-source Domain Adversarial Networks (PhyMDAN), to transfer the model learned from other buildings to diagnose structural damage states in the target building without any labels. This framework is based on an adversarial domain adaptation approach that extracts domaininvariant feature representations of data from different buildings. The feature extraction function is trained in an adversarial way, which ensures that extracted feature distributions are robust to variations of structural properties. The feature extraction function is simultaneously jointly trained with damage prediction function to ensure extracted features being predictive for structural damage states. With extracted domain-invariant feature representations, data distributions become consistent across different buildings. We evaluate our framework on both numerical simulation and field data collected from multiple building structures. The results show up to 90:13% damage detection accuracy and 84:47% damage quantification accuracy on simulation data, and up to 100% damage detection accuracy and 69:93% 5-class damage quantification accuracy when transferring from numerical simulation data to real-world experimental data, which outperforms the stateof-the-art benchmark methods. (C) 2020 Elsevier Ltd. All rights reserved.",Domain adaptation; Statistical signal processing; Structural damage diagnosis; Transfer learning,Buildings; Damage detection; Data mining; Earthquakes; Extraction; Feature extraction; Knowledge management; Learning systems; Numerical methods; Numerical models; Supervised learning; Adversarial learning; Adversarial networks; Damage quantification; Earthquake scenario; Feature distribution; Improving efficiency; Structural damage diagnosis; Structural response; Structural analysis; NEGATIVE TRANSFER; INTERSTORY DRIFT; MOMENT FRAMES; DESIGN,10.1016/j.ymssp.2020.107374,Article,87,Scopus; Web of Science,2-s2.0-85096168896,WOS:000640530600014,,export_54a1bd36-41a9-4277-a376-08dcc444e5bc_2026-10-06T080507.684203352.csv [derived S1u]; S1-2 result.txt
Review of data-driven energy modelling techniques for building retrofit,Deb C.; Schlueter A.,2021,Renewable and Sustainable Energy Reviews,"In order to meet the ambitious emission-reduction targets of the Paris Agreement, energy efficient transition of the building sector requires building retrofit methodologies as a critical part of a greenhouse-gas (GHG) emissions mitigation plan, since in 2050 a high proportion of the current global building stock will still be in use. This paper reviews current retrofit methodologies with a focus on the contrast between data-driven approaches that utilize measured building data, acquired through either 1) on-site sensor deployment or 2) from pre-aggregated national repositories of building data. Differentiating between 1) bottom-up approaches that can be divided into white-, grey- and black-box modelling, and 2) top-down approaches that utilize analytical methods of clustering and regression, this paper presents the state-of-the-art in current building retrofit methodologies; outlines their strengths and weaknesses; briefly highlights the challenges in their implementation and concludes by identifying a hybrid approach - of lean in-situ measurements supplemented by modelling for verification - as a potential strategy to develop and implement more robust retrofit methodologies for the building stock. © 2021 The Authors",Building retrofit; Building simulation; Data-driven modelling; Energy models; Greenhouse-gas (GHG) emissions mitigation; In-situ measurements; Machine learning,Emission control; Energy efficiency; Gas emissions; Greenhouse gases; Machine learning; Retrofitting; 'current; Building retrofits; Building simulation; Data-driven model; Emissions mitigation; Energy model; Greenhouse gas emissions; Greenhouse-gas  emission mitigation; In-situ measurement; Machine-learning; Buildings; ARTIFICIAL NEURAL-NETWORKS; COST-OPTIMAL ANALYSIS; CLIMATE-CHANGE; MULTIOBJECTIVE OPTIMIZATION; PARAMETER-IDENTIFICATION; COMMERCIAL BUILDINGS; BUILT ENVIRONMENT; THERMAL RESPONSE; OFFICE BUILDINGS; POLICY-MAKING,10.1016/j.rser.2021.110990,Review,182,Scopus; Web of Science,2-s2.0-85103428407,WOS:000649676700001,,export_54a1bd36-41a9-4277-a376-08dcc444e5bc_2026-10-06T080507.684203352.csv [derived S1u]; S1-2 result.txt
Utilizing the available open-source remotely sensed data in assessing the wildfire ignition and spread capacities of vegetated surfaces in romania,Hysa A.; Spalevic V.; Dudic B.; Roșca S.; Kuriqi A.; Bilașco Ș.; Sestras P.,2021,Remote Sensing,"We bring a practical and comprehensive GIS-based framework to utilize freely available remotely sensed datasets to assess wildfire ignition probability and spreading capacities of vegetated landscapes. The study area consists of the country-level scale of the Romanian territory, characterized by a diversity of vegetated landscapes threatened by climate change. We utilize the Wildfire Ignition Probability/Wildfire Spreading Capacity Index (WIPI/WSCI). WIPI/WSCI models rely on a multi-criteria data mining procedure assessing the study area’s social, environmental, geophysical, and fuel properties based on open access remotely sensed data. We utilized the Receiver Operating Characteristic (ROC) analysis to weigh each indexing criterion’s impact factor and assess the model’s overall sensitivity. Introducing ROC analysis at an earlier stage of the workflow elevated the final Area Under the Curve (AUC) of WIPI from 0.705 to 0.778 and WSCI from 0.586 to 0.802. The modeling results enable discussion on the vulnerability of protected areas and the exposure of man-made structures to wildfire risk. Our study shows that within the wildland–urban interface of Bucharest’s metropolitan area, there is a remarkable building stock of healthcare, residential and educational functions, which are significantly exposed and vulnerable to wildfire spreading risk. © 2021 by the authors. Licensee MDPI, Basel, Switzerland.",Climate change; Disaster risk reduction; Fuel; QGIS; Remote sensing; climate change; disaster risk reduction; fuel; remote sensing,Climate change; Conservation; Fires; Open Data; Remote sensing; Area under the curves; Educational function; Man-made structures; Metropolitan area; Receiver operating characteristic analysis; Remotely sensed data; Vegetated landscapes; Wildfire ignition; Data mining; LANDSCAPE CONNECTIVITY; SPATIAL-DISTRIBUTION; FIRE OCCURRENCE; COVER PATTERN; BURNT AREA; FOREST; LAND; CLIMATE; PRODUCTS; DRIVERS,10.3390/rs13142737,Article,29,Scopus; Web of Science,2-s2.0-85110838905,WOS:000677013400001,,export_54a1bd36-41a9-4277-a376-08dcc444e5bc_2026-10-06T080507.684203352.csv [derived S1u]; S1-2 result.txt
A GAN-Based Short-Term Link Traffic Prediction Approach for Urban Road Networks Under a Parallel Learning Framework,J. Jin; D. Rong; T. Zhang; Q. Ji; H. Guo; Y. Lv; X. Ma; F. -Y. Wang,2022,IEEE Transactions on Intelligent Transportation Systems,"Road link speed is often employed as an essential measure of traffic state in the operation of an urban traffic network. Not only real-time traffic demand but also signal timings and other local planning factors are major influential factors. This paper proposes a short-term traffic speed prediction approach, called PL-WGAN, for urban road networks, which is considered an important part of a novel parallel learning framework for traffic control and operation. The proposed method applies Wasserstein Generative Adversarial Nets (WGAN) for robust data-driven traffic modeling using a combination of generative neural network and discriminative neural network. The generative neural network models the road link features of the adjacent intersections and the control parameters of intersections using a hybrid graph block. In addition, the spatial-temporal relations are captured by stacking a graph convolutional network (GCN), a recurrent neural network (RNN), and an attention mechanism. A comprehensive computational experiment was carried out including comparing model prediction and computational performances with several state-of-the-art deep learning models. The proposed approach has been implemented and applied for predicting short-term link traffic speed in a large-scale urban road network in Hangzhou, China. The results suggest that it provides a scalable and effective traffic prediction solution for urban road networks.",Short-term link speed prediction;signalized urban networks;Wasserstein generative adversarial network,Roads; Predictive models; Data models; Recurrent neural networks; Generators; Computer architecture; Deep learning,10.1109/TITS.2022.3148358,IEEE Journals,63,IEEE Xplore,,,IEEE Journals,IEEE_S1-2_final.csv
A wildfire vulnerability index for buildings,Papathoma-Köhle M.; Schlögl M.; Garlichs C.; Diakakis M.; Mavroulis S.; Fuchs S.,2022,Scientific Reports,"Recent wildfire events (e.g. Mediterranean region, USA, and Australia) showed that this hazard poses a serious threat for wildland–urban interface (WUI) areas around the globe. Furthermore, recent events in regions where wildfire does not constitute a frequent hazard (e.g. Siberia, Scandinavia) indicated that the spatial pattern of wildfire risk might have significantly changed. To prepare for upcoming extreme events, it is critical for decision-makers to have a thorough understanding of the vulnerability of the built environment to wildfire. Building quality and design standards are important not only because building loss is costly but also because robust buildings may offer shelter when evacuation is not possible. However, studies aiming at the analysis of wildfire vulnerability for the built environment are limited. This paper presents an innovative solution for the vulnerability assessment to wildfires, making use of an all-relevant feature selection algorithm established on statistical relationships to develop a physical vulnerability index for buildings subject to wildfire. Data from a recent and systematically documented wildfire event in Greece (Mati, 2018) are used to select and weight the relevant indicators using a permutation-based automated feature selection based on random forests. Building characteristics including the structural type, the roof type, material and shape, the inclination of the ground, the surrounding vegetation, the material of the shutters and the ground covering were selected and formed into the index. The index may be used in other places in Europe and beyond, especially where no empirical data are available supporting decision-making and risk reduction of an emerging hazard amplified by climate change. © 2022, The Author(s).",,Algorithms; Climate Change; Conservation of Natural Resources; Fires; Housing; Wildfires; article; built environment; climate change; controlled study; decision making; Europe; feature selection algorithm; Greece; random forest; risk reduction; vegetation; vulnerability; wildfire; algorithm; environmental protection; fire; housing; RISK; INDICATORS; LOSSES,10.1038/s41598-022-10479-3,Article,63,Scopus; Web of Science,2-s2.0-85128303536,WOS:000782910400027,,export_54a1bd36-41a9-4277-a376-08dcc444e5bc_2026-10-06T080507.684203352.csv [derived S1u]; S1-2 result.txt
An empirical seismic vulnerability model,Rosti A.; Rota M.; Penna A.,2022,Bulletin of Earthquake Engineering,"This paper proposes a novel seismic vulnerability model for the classification of the existing residential building stock. The vulnerability model rests on a data-driven approach, taking advantage of observed seismic damages detected on several Italian building typologies, struck by the 2009 L’Aquila earthquake. Unsupervised machine learning techniques are exploited for clustering empirical damage data and objectively identifying vulnerability classes of decreasing vulnerability. The cascading use of different strategies, involving clustering analysis and probability theory, results in a comprehensive vulnerability model, which allows for determining, into a probabilistic framework, the degree of belonging of a given building typology to multiple vulnerability classes. The adoption of the peak ground acceleration for characterising the ground shaking is a further advantage of this study, overcoming several limitations related to the use of macroseismic intensity. © 2022, The Author(s), under exclusive licence to Springer Nature B.V.",Clustering analysis; Fragility curves; L’Aquila seismic event; Macroseismic approaches; Post-earthquake damage data; Vulnerability classes; L'Aquila seismic event,Damage detection; Earthquakes; Learning systems; Clustering analysis; Earthquake damages; Fragility curves; L’aquila seismic event; Macroseismic; Macroseismic approach; Post-earthquake damage data; Seismic event; Vulnerability class; Vulnerability models; cluster analysis; residential location; seismic method; vulnerability; Probability; EARTHQUAKE DAMAGE SCENARIOS; MEANS CLUSTER-ANALYSIS; MASONRY BUILDINGS; PERFORMANCE; DERIVATION; SHAKEMAP; SEQUENCE; CURVES; SCALE; STOCK,10.1007/s10518-022-01374-3,Article,27,Scopus; Web of Science,2-s2.0-85126730689,WOS:000771339300002,,export_54a1bd36-41a9-4277-a376-08dcc444e5bc_2026-10-06T080507.684203352.csv [derived S1u]; S1-2 result.txt
Automated School Location Mapping at Scale from Satellite Imagery Based on Deep Learning,Maduako I.; Yi Z.-F.; Zurutuz N.; Arora S.; Fabian C.; Kim D.-H.,2022,Remote Sensing,"Computer vision for large scale building detection can be very challenging in many environments and settings even with recent advances in deep learning technologies. Even more challenging is modeling to detect the presence of specific buildings (in this case schools) in satellite imagery at a global scale. However, despite the variation in school building structures from rural to urban areas and from country to country, many school buildings have identifiable overhead signatures that make them possible to be detected from high-resolution imagery with modern deep learning techniques. Our hypothesis is that a Deep Convolutional Neural Network (CNN) could be trained for successful mapping of school locations at a regional or global scale from high-resolution satellite imagery. One of the key objectives of this work is to explore the possibility of having a scalable model that can be used to map schools across the globe. In this work, we developed AI-assisted rapid school location mapping models in eight countries in Asia, Africa, and South America. The results show that regional models outperform country-specific models and the global model. This indicates that the regional model took the advantage of having been exposed to diverse school location structure and features and generalized better, however, the global model was the worst performer due to the difficulty of generalizing the significant variability of school location features across different countries from different regions. © 2022 by the authors. Licensee MDPI, Basel, Switzerland.",Computer vision; Deep learning; High resolution satellite imagery; School mapping; computer vision; deep learning; school mapping; high resolution satellite imagery,Computer vision; Convolutional neural networks; Deep neural networks; Location; Satellite imagery; School buildings; Building detection; Deep learning; Global models; Global scale; High resolution satellite imagery; Large scale buildings; Learning technology; Regional modelling; School location; School mapping; Mapping; ROAD DETECTION; CLASSIFICATION; EXTRACTION,10.3390/rs14040897,Article,7,Scopus; Web of Science,2-s2.0-85125806960,WOS:000765140900001,,export_54a1bd36-41a9-4277-a376-08dcc444e5bc_2026-10-06T080507.684203352.csv [derived S1u]; S1-2 result.txt
Building Extraction from High-Resolution Satellite Images using 2D-Attention Mechanism with Deep Learning,M. Dixit; K. Chaurasia; V. K. Mishra,2022,"2022 International Conference on Computing, Communication, and Intelligent Systems (ICCCIS)","Building extraction from remote sensing satellite images is very useful for the urban monitoring and its planning. Several methodologies based on CNN are proposed in past for building extraction. Many of them have also used the skip connections for better propagation of information between different layers. But the suppression of the irrelevant information from earlier layers helps to focus on relevant information and improve the building extraction performance. For this, our work applies the 2D-attention mechanism in one of the state-of-art model, i.e., Unet for extracting buildings from high-resolution satellite images. To further improve its results, the work investigates the optimal deep learning hyper-parameters through various experimentations with activation, loss function, ImageNet weights and various backbones, i.e., ResNet152_V2, VGG19. The work uses the Satellite dataset I (global cities) from WHU repository. The results show that our approach, i.e., 2D-Attention based Unet model along with ImageNet weights, ReLU activation and IoU loss function has better building extraction performance and can be utilized for societal perspective.",Remote sensing;Satellite images;Building extraction;Attention Mechanism;Hyper-parameters;Deep learning,Deep learning; Satellites; Buildings; Urban areas; Planning; Data mining; Intelligent systems,10.1109/ICCCIS56430.2022.10037742,IEEE Conferences,1,IEEE Xplore,,,IEEE Conferences,IEEE_S1-2_final.csv
CGSANet: A Contour-Guided and Local Structure-Aware Encoder–Decoder Network for Accurate Building Extraction From Very High-Resolution Remote Sensing Imagery,S. Chen; W. Shi; M. Zhou; M. Zhang; Z. Xuan,2022,IEEE Journal of Selected Topics in Applied Earth Observations and Remote Sensing,"Extracting buildings accurately from very high-resolution (VHR) remote sensing imagery is challenging due to diverse building appearances, spectral variability, and complex background in VHR remote sensing images. Recent studies mainly adopt a variant of the fully convolutional network (FCN) with an encoder–decoder architecture to extract buildings, which has shown promising improvement over conventional methods. However, FCN-based encoder–decoder models still fail to fully utilize the implicit characteristics of building shapes. This adversely affects the accurate localization of building boundaries, which is particularly relevant in building mapping. A contour-guided and local structure-aware encoder–decoder network (CGSANet) is proposed to extract buildings with more accurate boundaries. CGSANet is a multitask network composed of a contour-guided (CG) and a multiregion-guided (MRG) module. The CG module is supervised by a building contour that effectively learns building contour-related spatial features to retain the shape pattern of buildings. The MRG module is deeply supervised by four building regions that further capture multiscale and contextual features of buildings. In addition, a hybrid loss function was designed to improve the structure learning ability of CGSANet. These three improvements benefit each other synergistically to produce high-quality building extraction results. Experimental results on the WHU and NZ32km2 building datasets demonstrate that compared with the tested algorithms, CGSANet can produce more accurate building extraction results and achieve the best intersection over union value 91.55% and 90.02%, respectively. Experiments on the INRIA building dataset further demonstrate the ability for generalization of the proposed framework, indicating great practical potential.",Building extraction;fully convolutional network (FCN);hybrid loss function;multitask learning;very high resolution (VHR) remote sensing imagery,Buildings; Feature extraction; Remote sensing; Semantics; Data mining; Convolutional neural networks; Shape,10.1109/JSTARS.2021.3139017,IEEE Journals,41,IEEE Xplore,,,IEEE Journals,IEEE_S1-2_final.csv
Characterizing uncertainty of general building stock exposure data,Huyck C.K.; Hu Z.Z.; Eguchi M.; Esquivias G.; Amyx P.; Smith K.; Jordan C.,2022,Earthquake Spectra,"Effective disaster risk management (DRM) and disaster risk reduction (DRR) require modeling potential and post-event impacts using building exposure data. The data used to develop building exposure databases will influence the accuracy of risk assessments and the appropriateness of subsequent decisions. This article proposes a framework for classifying approaches of developing building exposure databases into levels. To examine the uncertainty introduced through using various approaches to exposure development, a probabilistic seismic risk assessment was run with the exposure data corresponding to each proposed level using the County of Los Angeles as the study area. A factor of ∼2.5 was observed in the final loss estimates. The variance was less dependent on the spatial scale of data than on key values, most notably estimates of building size and replacement cost. © The Author(s) 2022.",building exposure data; CAT modeling; earth observation; GIS; Loss estimation; remote sensing; uncertainty,Classification (of information); Disasters; Geographic information systems; Remote sensing; Risk assessment; Risk management; Uncertainty analysis; Building exposure data; Building stocks; CAT modeling; Earth observations; Exposure data; Exposure database; Loss estimation; Remote-sensing; Risks management; Uncertainty; disaster management; dynamic response; GIS; multistorey building; remote sensing; risk assessment; satellite data; seismic response; structural analysis; uncertainty analysis; Buildings; URBAN,10.1177/87552930221079852,Article,5,Scopus; Web of Science,2-s2.0-85126108878,WOS:000835366000016,,export_54a1bd36-41a9-4277-a376-08dcc444e5bc_2026-10-06T080507.684203352.csv [derived S1u]; S1-2 result.txt
Clustering of empirical damage data for the vulnerability classification of the Italian residential building stock,Rosti A.; Rota M.; Penna A.,2022,"XIX ANIDIS CONFERENCE, SEISMIC ENGINEERING IN ITALY","This paper proposes an innovative data-driven vulnerability model for the classification of the existing residential building stock, by clustering observational damage data gathered after the 2009 L'Aquila earthquake. The proposed model preserves the conceptual framework at the basis of the macroseismic approach, which allows for a thorough vulnerability classification of the built environment by resorting to vulnerability classes and by accounting for the uncertain association of building typologies to vulnerability classes. Novel aspects of this study are the adoption of peak ground acceleration for the ground motion characterisation, which allows for overcoming possible limitations related to the use of macroseismic intensity, and the use of unsupervised machine learning techniques for removing subjectivity in the definition of vulnerability classes. A probabilistic framework is then set up allowing for the attribution of a given building typology to multiple vulnerability classes, based on an ad-hoc strategy, involving the use of probability theory and using empirically-derived typological fragility functions as a target. The use of a detailed post-earthquake survey form also allows for an improved definition of building types representative of the Italian building stock. © 2023 The Authors. Published by Elsevier B.V.",Fragility curves; L'Aquila earthquake; Post-earthquake damage data; Seismic vulnerability; Unsupervised machine learning techniques,HISTORICAL MACROSEISMIC OBSERVATIONS; CURVES,10.1016/j.prostr.2023.01.012,Proceedings Paper,2,Scopus; Web of Science,2-s2.0-85159116569,WOS:001198136800011,,export_54a1bd36-41a9-4277-a376-08dcc444e5bc_2026-10-06T080507.684203352.csv [derived S1u]; S1-2 result.txt
Dataset for Urban Scale Building Stock Modelling: Identification and Review of Potential Data Collection Approaches,Pei W.Y.; Biljecki F.; Stouffs R.,2022,"ISPRS Annals of the Photogrammetry, Remote Sensing and Spatial Information Sciences","Construction materials play an important role in environmental impacts and make cities big resource consumers. To assess the sustainability of cities, the combined use of Life Cycle Assessment (LCA) and Material Flow Analysis (MFA) is considered effective to analyze construction material stock and flows. However, exhaustive data is required for such analyses, making LCA and MFA difficult to apply at the urban scale. Building information, the essential ingredient, is rarely available openly. Common approaches to gather the required data include both obtaining it directly from available datasets, e.g. open data from official sources, and indirectly generating data based on available data, e.g. using machine learning to fill the missing gaps. This research develops a data collection guideline for buildings' geometrical features, components and materials at the urban scale in the context of LCA and MFA. First, it identifies the basic steps of urban-scale building stock modelling and the list of data requirements. Second, the factors influencing the data collection are pointed out. In line with these guidelines, this research picks Singapore as a study area, reviewing the relevant authoritative open data sources and methodologies to estimate missing data. Finally, the suggestion on implementation of data collection are provided. When the data collection for urban scale stock modelling is limited by uncertain reality conditions, identifying and combining open datasets and data generation methods for data preparation is a necessity.  © 2022 W. Y. Pei et al.",Bottom-up Model; Building Material Stock; City Dataset; Data Standards; Urban Information Modelling,Building materials; Buildings; Data acquisition; Environmental impact; Open Data; Sustainable development; Bottom-up modeling; Building material stock; Buildings materials; City dataset; Data collection; Data standards; Information Modeling; Stock models; Urban information modeling; Urban scale; Life cycle,10.5194/isprs-annals-X-4-W2-2022-225-2022,Proceedings Paper,5,Scopus; Web of Science,2-s2.0-85141038909,WOS:000885095400030,,export_54a1bd36-41a9-4277-a376-08dcc444e5bc_2026-10-06T080507.684203352.csv [derived S1u]; S1-2 result.txt
Detection of RC Spalling Damage and Quantification of Its Key Properties from 3D Point Cloud,Zhang H.; Zou Y.; del Rey Castillo E.; Yang X.,2022,KSCE Journal of Civil Engineering,"Reinforced concrete (RC) structures are prone to spalling damage. Successful detection and quantification of spalling are critical to monitoring the structural safety condition. Point cloud generated by emerging surveying technologies such as photogrammetry, laser scanning and Light Detection and Ranging (LiDAR) has been growingly used for spalling damage detection. However, little is known about how to automatically extract all key properties of RC spalling from point cloud data (PCD). This paper presents a three-step computational framework to semi-automatically detect the spalling and quantify its key properties in RC columns from PCD. Specifically, it first removes noise points, calibrates the coordinate system of the captured PCD, and horizontally slices the PCD into thin layers for the spalling damaged RC columns. Secondly, the points for undamaged and damaged areas are detected by measuring the location of each point on its horizontal surface and comparing it with the boundary line of the intact column. The points for the exposed reinforcement is then detected by combining the use of boundary curve fitting and the consideration of the circular shape of vertical rebars. Thirdly, the spalling’s surface area and lost concrete volume are calculated by linear interpolation. A full-size RC column after seismic testing was selected for illustration. The findings contribute to the body of knowledge in structural inspection by introducing a new computational approach for detecting and measuring RC spalling damage. Such an automated approach may largely reduce human interventions and make damage detection and quantification more efficient for post-disaster impact assessment and large-scale building condition assessment. © 2022, Korean Society of Civil Engineers.",Damage detection; Damage quantification; Point cloud; Reinforced concrete structure; Spalling,Curve fitting; Optical radar; Reinforced concrete; Spalling; 3D point cloud; Concrete spalling; Damage quantification; Detection and quantifications; Point cloud data; Point-clouds; Property; Reinforced concrete column; Reinforced concrete structures; Structural safety; Damage detection; CONCRETE STRUCTURES; MACHINE VISION; INSPECTION; BUILDINGS; BIM,10.1007/s12205-022-0890-y,Article,33,Scopus; Web of Science,2-s2.0-85124760971,WOS:000757784600004,,export_54a1bd36-41a9-4277-a376-08dcc444e5bc_2026-10-06T080507.684203352.csv [derived S1u]; S1-2 result.txt
Determining the Flat Sales Prices by Flat Characteristics Using Bayesian Network Models,Sevinç V.,2022,Computational Economics,"There are various factors affecting flat sales prices. Various characteristics of a flat play an important role in determining its sales price. In this study, a machine learning based Bayesian network was built by a restrictive structural learning algorithm using the data collected from 24 randomly selected cities in Turkey. The data consist of the sales prices and various characteristics of a flat such as number of bedrooms, building age, availability of balcony, net area, heating type, mortgageability, number of bathrooms, seller type, presence in a housing estate area and floor location. After the model validity check, a sensitivity analysis was performed for the estimated Bayesian network model and related results were provided. Some of these results indicate that sales prices of flats mostly change depending on the number of bathrooms available. Additionally, number of bedrooms, net area and floor location are also determinative about the sales prices. The lack of significant difference among the sales prices of flats that are sold by construction companies, housing estate agents or property owners is another result obtained. © 2021, The Author(s), under exclusive licence to Springer Science+Business Media, LLC part of Springer Nature.",Bayesian networks; Flat sales prices; Real estate sector; Residence sale,HOUSE PRICES; REGRESSION,10.1007/s10614-021-10099-5,Article,7,Scopus; Web of Science,2-s2.0-85100653321,WOS:000615568200001,,export_54a1bd36-41a9-4277-a376-08dcc444e5bc_2026-10-06T080507.684203352.csv [derived S1u]; S1-2 result.txt
Do land policies make a difference? A data-driven approach to trace effects on urban form in France and Germany,Jehling M.; Hecht R.,2022,Environment and Planning B: Urban Analytics and City Science,"Against the backdrop of rapidly expanding urban structures, land policies in many countries have been adapted to contain and redirect growth to existing urban structures. However, obstacles remain to measure the effects of policies. In the meantime, geoinformation technologies have given rise to a wide range of approaches to measure and describe urban form. Nevertheless, its application for the assessment of land policy has a high, but not yet fully exploited, potential. It is thus the aim of this research to address and investigate the options of spatial analysis and machine learning in particular to analyse urban form from a land policy perspective. To do so, we develop urban metrics informed by urban planning and land readjustment policies of two countries describing urban form on different spatial levels. We therefore formulate hypotheses on causal relations between policy and form. Based on the metrics, we apply the random forest algorithm to classify the building stock of the region. We then extract the residential areas, those with single-family houses, as this is where the effects of the policy are considered most visible. In a next step, we use random forest to predict the nationality of a building. Through variable importance measures, we identify and discuss urban morphological differences between the two countries and test the hypotheses on effects of land policies. We develop and test the approach for the French-German city-region of Strasbourg using OpenStreetMap data. We identify significant differences in the building coverage ratios, which tend to be higher in Germany. This can be linked to differences in planning regulations. Furthermore, German residential areas appear to be more diverse in urban form. Differences in land readjustment policies have proven to be plausible here, as French policies favour strong actors that develop residential areas more uniformly. In Germany, policies favour fragmented ownership-oriented development of residential areas. The metrics and the applied algorithm for building classification have proven to be robust in terms of data heterogeneity and have shown high levels of accuracy. They could also be successfully used for tracing causal relations. © The Author(s) 2021.",Comparative; land policy; random forest; urban analytics; urban form,Bas Rhin; France; Germany; Grand Est; Strasbourg; comparative study; land use planning; machine learning; urban planning; urban policy; BUILDING FOOTPRINTS; CLASSIFICATION; OPENSTREETMAP; COMPLETENESS; MORPHOLOGY; TRENDS; SPACE; KNIME,10.1177/2399808321995818,Article,30,Scopus; Web of Science,2-s2.0-85102128503,WOS:000627514800001,,export_54a1bd36-41a9-4277-a376-08dcc444e5bc_2026-10-06T080507.684203352.csv [derived S1u]; S1-2 result.txt
Estimating seismic demand models of a building inventory from nonlinear static analysis using deep learning methods,Soleimani-Babakamali M.H.; Zaker Esteghamati M.,2022,Engineering Structures,"Probabilistic seismic demand analysis (PSDA) is the most time- and effort-intensive step in risk-based assessment of the built environment. A typical PSDA requires subjecting the structure to a large number of ground motions and performing nonlinear dynamic analysis, where the analysis dimension and effort substantially increase at large-scale assessments such as community-level evaluations. This study presents a deep learning framework to estimate seismic demand models from nonlinear static (i.e., pushover) analysis, which is computationally inexpensive. The proposed architecture leverages an encoder–decoder model with customized training schedules and a loss function capable of determining demand model parameters and error. Furthermore, the framework facilitates the seamless incorporation of structural modeling uncertainties in PSDA. The proposed framework is then applied to a building inventory consisting of 720 concrete frames to examine its generalizability and accuracy. The results show that the deep learning architecture can estimate demand models by an R2 of 84% using a test-to-train ratio of unity. In addition, the average prediction error is less than 3% and 6% for demand model slope and intercept parameters, respectively, translating into an accurate estimation of fragility functions with a median error of 5.7%, 6.9%, and 6.8% for immediate occupancy, life safety, and collapse prevention damage states. Lastly, the framework can efficiently propagate structural uncertainties into seismic demand models, capturing the implicit relationship of the frames’ nonlinear characteristics and resultant fragility functions. © 2022 Elsevier Ltd",Deep learning; Long short-term memory networks; Nonlinear static analysis; Probabilistic seismic demand models; Structural uncertainties,Deep learning; Errors; Learning systems; Memory architecture; Network architecture; Risk assessment; Seismology; Static analysis; Structural analysis; Uncertainty analysis; Demand modelling; Long short-term memory network; Memory network; Non-linear static analysis; Probabilistic seismic demand models; Probabilistics; Seismic demand analysis; Seismic demand models; Structural uncertainty; dynamic analysis; ground motion; inventory; machine learning; numerical model; probability; seismic response; structural analysis; uncertainty analysis; Nonlinear analysis; GROUND-MOTION UNCERTAINTY; INTENSITY MEASURE; RISK; VULNERABILITY; SIMULATION; FRAMEWORK; SELECTION; CURVES,10.1016/j.engstruct.2022.114576,Article,46,Scopus; Web of Science,2-s2.0-85133216547,WOS:000885880500002,,export_54a1bd36-41a9-4277-a376-08dcc444e5bc_2026-10-06T080507.684203352.csv [derived S1u]; S1-2 result.txt
Extraction of Complex Buildings in the Karst Mountains Based on U-Net Deep Learning Model,Q. Li; Z. Zhou; D. Huang; D. Xiao; L. Yan; Y. Huang; Y. Zhang,2022,"2022 3rd International Conference on Geology, Mapping and Remote Sensing (ICGMRS)","Affected by factors such as rugged terrain, land resources, transportation, and ethnic culture, the rural settlements in the Karst mountainous areas have the characteristics of uneven spatial distribution density, fragmented building land, and large differences in building styles. Using satellite remote sensing technology to identify the existence of buildings low, single application scenario, poor generalization ability and other difficulties. The research takes the rural settlements of the the Karst mountain peaks, plateau canyons, plateau mountains, and dissolved depressions as the research area. DJI Mavic Pro v2.0 UAVs are used to collect visible light remote sensing images. The building types include bungalows with water on the roof $\left(\mathrm{B}_{\mathrm{w}}\right)$, bungalow-roof without water $\left(\mathrm{B}_{\mathrm{N}}\right)$, color steel house (Bs), brick and tile house (BT) and other 4 categories, using the U-Net deep learning model to classify and extract different buildings. The results show that: 1) Among the four different landform areas, the U-Net model has the highest recognition accuracy for the plateau and canyon settlements with less buildings and scattered distribution. The average values of F1-score, missed detection rate (MDR), OA, and IoU are 88.11%, 15.32%, 99.31% and 90.58% 2) Affected by features such as building color, texture, geometric shape, etc., in the four types of building recognition classification, the average overall accuracy of U-Net model recognition is ${\mathrm B_{W}}(99.5\%)\gt \mathrm{B}_{\mathrm{S}}(99.21\%)\gt \mathrm{B}_{\mathrm{T}}(99.13\%)\gt \mathrm{B_{N}}(97.66\%)$, with good robustness and generalization; 3) Due to the influence of building structure, texture and other characteristics, the average MDR of the U-Net model in $\mathrm{B}_{\mathrm{S}}, \mathrm{B}_{\mathrm{W}}$, ${\mathrm B}_{N}$, and ${\mathrm B_{T}}$ are 14.31%, 16.20%, 19.59%, and 21.21%, respectively; 4) Among the 4 types of buildings, the IoU and F1-score are ${\mathrm B}_{\mathrm S}$ (90.27% and 90.08%), $\mathrm{B}_{\mathrm{T}}$ (86.93% and 85.17%), $\mathrm{B}_{\mathrm{W}}$ (84.10% and 85.12%) and $\mathrm{B}_{\mathrm{N}}$ (78.86% and 79.39%, respectively). The dataset and result data of rural settlement buildings constructed by the research can provide data support for rural revitalization village planning and formulation of relevant policies.",Rural settlements;Building;Sample classification;U-Net model;the Karst mountain area,Deep learning; Image color analysis; Shape; Tiles; Buildings; Transportation; Depression,10.1109/ICGMRS55602.2022.9849242,IEEE Conferences,1,IEEE Xplore,,,IEEE Conferences,IEEE_S1-2_final.csv
"Identification of undocumented buildings in cadastral data using remote sensing: Construction period, morphology, and landscape",Li Q.; Taubenböck H.; Shi Y.; Auer S.; Roschlaub R.; Glock C.; Kruspe A.; Zhu X.X.,2022,International Journal of Applied Earth Observation and Geoinformation,"Buildings are the predominant objects that characterize the urban structure. For many cities, local governments establish building databases for administration as well as urban planning and monitoring. However, newly constructed buildings are often only included with a considerable time delay in the official digital cadastral maps due to processes in the acquisition of data, so-called undocumented buildings. In this regard, detecting undocumented buildings using remote sensing techniques would support the construction of update-to-date building databases with complementary information. In-depth studies on undocumented buildings and their number and location, however, are scarce. Therefore, we exploit a deep learning-based framework to detect undocumented buildings in remote sensing data and propose to derive 2D and 3D morphological parameters as well as landscape metrics., which are capable of depicting the physical forms and spatial structures of undocumented buildings. Furthermore, we exemplify the variabilities of undocumented buildings across space by the differences in morphology and landscape metrics between high and low building density regions. Upon analysis of undocumented buildings in 15 cities in the state of Bavaria, Germany, both state- and city-scale results reveal that most undocumented buildings are located in lower dense regions. This reveals that fragmentation of the landscape by building structures in the state of Bavaria is probably greater than official geospatial data currently documented. © 2022 The Author(s)",Building landscape; Building morphology; Deep learning; Remote sensing; Undocumented building,Bavaria; Germany; building; cadastre; database; landscape; remote sensing; urban planning; URBAN LANDSCAPE; SPRAWL; MODEL; LIDAR; GIS,10.1016/j.jag.2022.102909,Article,23,Scopus; Web of Science,2-s2.0-85135388065,WOS:000844328700004,,export_54a1bd36-41a9-4277-a376-08dcc444e5bc_2026-10-06T080507.684203352.csv [derived S1u]; S1-2 result.txt
Impact of financial subsidy schemes on climate goals in the residential building sector,Wiethe C.,2022,Journal of Cleaner Production,"The international Paris agreement climate goals regarding the residential building sector were mainly incorporated into national legislation as CO2 emission reduction levels for specific years (e.g., 80% CO2 emission reduction until 2035). Financial subsidy schemes incentivizing early retrofitting can lead to lock-in effects, not realizing energy savings potential from technological advancements in the long run and potentially failing emission reduction goals. However, early retrofitting leads to CO2 emission reductions over longer periods, minimizing the combined total CO2 emissions. Depending on which of these two conflicting goals is pursued, differing subsidy schemes are suitable to incentivize respective retrofits. Knowledge about the effects of these subsidy schemes is relevant to setting correct incentives. We, therefore, investigate the difference in CO2 emission reductions of time-dependent subsidy schemes per monetary unit invested. In doing so, this study is the first to investigate time-dependent subsidy schemes. We apply an agent-based building stock model for a case study to the German residential building stock using an extensive real-world dataset. Results indicate that prioritizing early retrofits reduces the probability of achieving emission reduction goals while simultaneously minimizing total CO2 emissions. Total CO2 emission reductions per monetary unit invested differ up to 675% compared to static subsidy schemes. We conclude that political incentive mechanisms should not be designed to meet the climate goals but instead minimize total CO2 emissions. © 2022 Elsevier Ltd",Agent-based; Building stock model; Energetic retrofitting; Energy policy; Machine learning algorithms; Risk,Carbon dioxide; Climate models; Emission control; Energy conservation; Gas emissions; Housing; Laws and legislation; Learning algorithms; Agent based; Building stock model; Building stocks; CO 2 emission; Emission reduction; Energetic retrofitting; Financial subsidies; Machine learning algorithms; Residential building; Stock models; Retrofitting; ENERGY-CONSUMPTION; BOTTOM-UP; POLICY INSTRUMENTS; RETROFIT PACKAGES; CO2 EMISSIONS; TOP-DOWN; STOCK; EFFICIENCY; CHINA; STRATEGIES,10.1016/j.jclepro.2022.131040,Article,12,Scopus; Web of Science,2-s2.0-85125471694,WOS:000772091700004,,export_54a1bd36-41a9-4277-a376-08dcc444e5bc_2026-10-06T080507.684203352.csv [derived S1u]; S1-2 result.txt
Large-scale seismic assessment of RC buildings through rapid visual screening,Ahmed S.; Abarca A.; Perrone D.; Monteiro R.,2022,International Journal of Disaster Risk Reduction,"Rapid urban growth, particularly in developing countries, is often accompanied by unplanned and highly vulnerable settlements which could lead to high seismic risk. This problem becomes even more pronounced when such developing countries are located in seismic prone regions, which, without a well-enforced seismic code, face high probability of major human and economic losses following a seismic event. With this in mind, large-scale rapid visual screening (RVS) procedures to perform seismic vulnerability assessment are of paramount importance to, at least, obtain a preliminary estimate of the risk to which buildings of a certain region are exposed to. RVS methods generally provide a seismic risk index based on the site hazard, the structural vulnerability and the exposure. This paper presents one of many available RVS procedures, applied and assessed for large-scale seismic vulnerability mapping of a case-study province in Northern Algeria. Based on data collected during ad-hoc field surveys, the index-based selected RVS methodology was adapted to the reinforced concrete (RC) portion of the building portfolio, featuring over 2900 buildings, to estimate its seismic vulnerability. Taking advantage of a large amount of available data, a parametric study was then performed to understand the effect of the individual variables used in the RVS method on the vulnerability indices of the different buildings. The consistency of the method, as evidenced by the results found across different building stock typologies, was also investigated to confirm the soundness of RVS approaches in large-scale assessments. Furthermore, in specific for the case-study region, the outcome of this study is extremely useful for preliminary identification of buildings (or building classes) more prone to earthquake damage and to assist decision-makers in planning seismic risk reduction strategies. © 2022 Elsevier Ltd",Machine learning; Northern Algeria; Rapid visual screening; RC buildings; Seismic vulnerability,RISK-ASSESSMENT; FRAGILITY,10.1016/j.ijdrr.2022.103219,Article,23,Scopus; Web of Science,2-s2.0-85135700986,WOS:000860621200005,,export_54a1bd36-41a9-4277-a376-08dcc444e5bc_2026-10-06T080507.684203352.csv [derived S1u]; S1-2 result.txt
Neural Network-based Approach for Identifying the Influence of Factors affecting the Green Building Rating of a Rural Housing Construction,Lat K.C.A.; Silva D.L.; De Jesus K.L.M.,2022,"Proceedings - 2022 International Conference on Management Engineering, Software Engineering and Service Sciences, ICMSS 2022","Environmental sustainability is a critical factor in all aspects of building. Recent years have seen a substantial rise in rural population growth, creating a need for housing developers to build more housing developments. Because of the rapid urbanization, environmental and energy-related problems have gotten a lot of attention, and promoting and implementing green building concepts has to turn out to be a major emphasis of innovative construction. Green construction is one of the recommended strategies for mitigating the negative environmental, social, and economic repercussions of the current building stock. As more industries transition to Industry 4.0, the utilization of machine learning (ML) techniques has become more common. The artificial neural network (ANN)-based approach using Garson's Algorithm (GA) was applied to establish the effect of different factors in the green building rating (GBR) schemes of Leadership in Energy and Environmental Design (LEED) and Building for Ecologically Responsive Design Excellence (BERDE), using LEED and BERDE-identified parameters such as Location and Transportation (LT), Water Efficiency (WE), Energy and Atmosphere (EA), Materials and Resources (MR), and Indoor Environmental Quality (IEQ). The findings indicated that the characteristics having the most effect on the LEED and BERDE green building (GB) grading systems are the general factors, and energy efficiency and conservation factors, respectively. The findings of the study indicated that using a sensitivity analysis (SA) technique based on neural networks is an effective technique for assessing and establishing the effect and impact of different variables.  © 2022 IEEE.",Garson's Algorithm; Green Building Rating; Machine Learning; Neural Network,Construction; Energy efficiency; Grading; Machine learning; Neural networks; Population statistics; Rural areas; Sensitivity analysis; Sustainable development; Building ratings; Design excellence; Garson's algorithms; Green building rating; Green buildings; Leadership in energy and environmental designs; Machine-learning; Network-based approach; Neural-networks; Responsive designs; Housing,10.1109/ICMSS55574.2022.00013,Conference paper,28,Scopus,2-s2.0-85135926513,,,export_54a1bd36-41a9-4277-a376-08dcc444e5bc_2026-10-06T080507.684203352.csv [derived S1u]
Predicting the presence of hazardous materials in buildings using machine learning,Wu P.-Y.; Sandels C.; Mjörnell K.; Mangold M.; Johansson T.,2022,Building and Environment,"Identifying in situ hazardous materials can improve demolition waste recyclability and reduce project uncertainties concerning cost overrun and delay. With the attempt to characterize their detection patterns in buildings, the study investigates the prediction potential of machine learning techniques with hazardous waste inventories and building registers as input data. By matching, validating, and assuring the quality of empirical data, a hazardous material dataset for training, testing, and validation was created. The objectives of the explorative study are to highlight the challenges in machine learning pipeline development and verify two prediction hypotheses. Our findings show an average of 74% and 83% accuracy rates in predicting asbestos pipe insulation in multifamily houses and PCB joints or sealants in school buildings in two major Swedish cities Gothenburg and Stockholm. Similarly, 78% and 83% of recall rates were obtained for imbalanced classification. By correlating the training sample size and cross-validation accuracy, the bias and variance issues were assessed in learning curves. In general, the models perform well on the limited dataset, yet collecting more training data can improve the model's generalizability to other building stocks, meanwhile decreasing the chance of overfitting. Furthermore, the average impact on the model output magnitude of each feature was illustrated. The proposed applied machine learning approach is promising for in situ hazardous material management and could support decision-making regarding risk evaluation in selective demolition work. © 2022 The Author(s)",Asbestos; Circular economy; Hazardous materials; Machine learning; PCB; Pre-demolition audit,Asbestos; Decision making; Demolition; Forecasting; Hazardous materials; Hazards; Machine learning; Organic pollutants; Circular economy; Cost-overruns; Demolition wastes; Hazardous wastes; In-buildings; Input datas; Machine learning techniques; Pre-demolition audit; Project uncertainty; Recyclability; hazardous waste; Polychlorinated biphenyls; ASBESTOS-CONTAINING MATERIALS,10.1016/j.buildenv.2022.108894,Article,49,Scopus; Web of Science,2-s2.0-85124704384,WOS:000778297700002,,export_54a1bd36-41a9-4277-a376-08dcc444e5bc_2026-10-06T080507.684203352.csv [derived S1u]; S1-2 result.txt
Risk-Informed Digital Twin of Buildings and Infrastructures for Sustainable and Resilient Urban Communities,Alibrandi U.,2022,"ASCE-ASME Journal of Risk and Uncertainty in Engineering Systems, Part A: Civil Engineering","The digital twin (DT) is a virtual replica of real-world buildings, processes, structures, people, and systems created and maintained to answer questions about its physical part, the physical twin (PT). In the case of the built environment, the PT is represented by smart buildings and infrastructures. Full synchronization between the DT and the PT will allow for a perpetual learning process and updating between the two twins. In this work, we introduce a novel concept of DT called risk-informed digital twin (RDT). In the DT the model predictions are developed through data-driven tools and algorithms. However, multiple sources of uncertainty during the lifecycle challenge our understanding and ability to effectively model the performance of the modeled systems. The RDT's importance lies in its integration of the methods and tools of statistics and risk analysis with machine learning. To this aim, the platform incorporates a novel framework of data-driven uncertainty quantification and risk analysis rooted in information theory. At the core of the RDT is a framework of sustainable and resilient based engineering (SRBE), introduced in this work and considered the first step toward the extension of performance-based engineering (PBE) approaches to socioecological-technical systems under uncertainty. A risk-informed multicriteria decision support tool able to incorporate social aspects is also included, and it can be used for sustainable and resilient design in the early stage, or management under uncertainty of smart buildings and infrastructure systems. © 2022 American Society of Civil Engineers.",,Decision support systems; Information theory; Learning systems; Life cycle; Risk assessment; Social aspects; Uncertainty analysis; Building process; Building structure; Building systems; Built environment; Data driven; Process structures; Process system; Real-world; Uncertainty; Urban community; Risk analysis,10.1061/AJRUA6.0001238,Article,67,Scopus,2-s2.0-85133366441,,,export_54a1bd36-41a9-4277-a376-08dcc444e5bc_2026-10-06T080507.684203352.csv [derived S1u]
Seismic vulnerability modelling of building portfolios using artificial neural networks,Kalakonas P.; Silva V.,2022,Earthquake Engineering and Structural Dynamics,"The incorporation of machine learning (ML) algorithms in earthquake engineering can improve existing methodologies and enable new frameworks to solve complex problems. In the present study, the use of artificial neural networks (ANNs) for the derivation of seismic vulnerability models for building portfolios is explored. Large sets of ground motion records (GMRs) and structural models representing the building stock in the Balkan region were used to train ANNs for the prediction of structural response, damage and economic loss conditioned on a vector of ground shaking intensity measures. The structural responses and loss ratios (LRs) generated using the neural networks were compared with results based on traditional regression models using scalar intensity measures in terms of efficiency, sufficiency, bias and variability. The results indicate a superior performance of the ANN models over traditional approaches, potentially allowing a greater reliability and accuracy in scenario and probabilistic seismic risk assessment. © 2021 John Wiley & Sons Ltd.",artificial neural networks; machine learning; seismic risk assessment; seismic vulnerability,Earthquake engineering; Losses; Machine learning; Regression analysis; Risk assessment; Risk perception; Seismology; Balkans; Building stocks; Complex problems; Ground-motion; Machine learning algorithms; Seismic risk assessment; Seismic vulnerability; Structural modeling; Structural response; Vulnerability models; algorithm; artificial neural network; building; machine learning; modeling; risk assessment; seismic response; vulnerability; Neural networks; MOTION INTENSITY MEASURES; GROUND-MOTION; SPECTRAL ACCELERATION; CROSS-VALIDATION; MID-RISE; VECTOR; SCALAR; UNCERTAINTY; PREDICTION; MULTIPLE,10.1002/eqe.3567,Article,56,Scopus; Web of Science,2-s2.0-85118145868,WOS:000710783200001,,export_54a1bd36-41a9-4277-a376-08dcc444e5bc_2026-10-06T080507.684203352.csv [derived S1u]; S1-2 result.txt
Semi-Supervised Building Footprint Generation With Feature and Output Consistency Training,Q. Li; Y. Shi; X. X. Zhu,2022,IEEE Transactions on Geoscience and Remote Sensing,"Accurate and reliable building footprint maps are vital to urban planning and monitoring, and most existing approaches fall back on convolutional neural networks (CNNs) for building footprint generation. However, one limitation of these methods is that they require strong supervisory information from massive annotated samples for network learning. State-of-the-art semi-supervised semantic segmentation networks with consistency training can help deal with this issue by leveraging a large amount of unlabeled data, which encourages the consistency of model output on data perturbation. Considering that rich information is also encoded in feature maps, we propose to integrate the consistency of both features and outputs in the end-to-end network training of unlabeled samples, enabling to impose additional constraints. Prior semi-supervised semantic segmentation networks have established cluster assumption, in which the decision boundary should lie in the vicinity of low sample density. In this work, we observe that for building footprint generation, low-density regions are more apparent at the intermediate feature representations within the encoder than the encoder’s input or output. Therefore, we propose an instruction to assign the perturbation to the intermediate feature representations within the encoder, which considers the spatial resolution of input remote sensing imagery and the mean size of individual buildings in the study area. The proposed method is evaluated on three datasets with different resolutions: Planet dataset (3 m/pixel), Massachusetts dataset (1 m/pixel), and Inria dataset (0.3 m/pixel). Experimental results show that the proposed approach can well extract more complete building structures and alleviate omission errors.",Building footprint;consistency training;semantic segmentation;semi-supervised,Buildings; Remote sensing; Training; Semantics; Image segmentation; Perturbation methods; Task analysis,10.1109/TGRS.2022.3174636,IEEE Journals,15,IEEE Xplore,,,IEEE Journals,IEEE_S1-2_final.csv
Semisupervised machine learning classification framework for material intensity parameters of residential buildings,Vilaysouk X.; Saypadith S.; Hashimoto S.,2022,Journal of Industrial Ecology,"The material intensity (MI) parameter plays an important role when determining amounts of material stocks, material inflows, and material outflows in material stock models. Recently, several studies have summarized MI parameter information for buildings from around the globe into a single database. Nevertheless, insufficiencies of building type information have led to difficulties when using MI data. This study used semisupervised machine learning to classify MI. An open database of MI parameters of buildings was used as input data for our semisupervised machine learning model. We used material composition data of MI as feature data fed into our machine learning (ML) model. Attribute information of those data points belongs to clusters obtained from the original database was used as information to discover building characteristics of buildings in each building of those clusters to assign building labels for data points of the original dataset. Experiment results revealed seven building clusters in the studied dataset. The probability density function of MI of three building clusters follows a Weibull distribution. The remaining clusters follow gamma and lognormal distributions. Building type labels inferred from the results are useful as additional attributes to the original dataset, providing a new dataset of MI that can be adapted easily for other studies when country-specific MI data are not available. A decision tree for finding appropriate MI parameters was also introduced. The classification model accuracy was 92.73%, which was achieved using only 201 data points. The proposed framework presents possibilities for application to other MI studies. This article met the requirements for a Gold-Gold JIE data openness badge described at http://jie.click/badges. © 2021 by Yale University.",conditional inference tree; industrial ecology; k-means; material stock model; residential buildings; semisupervised machine learning,Database systems; Decision trees; Gold; Machine learning; Probability density function; Weibull distribution; Attribute information; Building characteristics; Classification models; Intensity parameters; Log-normal distribution; Machine learning classification; Machine learning models; Material compositions; building; building construction; data set; machine learning; probability density function; supervised classification; Buildings; MATERIAL FLOW-ANALYSIS; K-MEANS; UNCERTAINTY; STOCKS; CHINA,10.1111/jiec.13174,Article,18,Scopus; Web of Science,2-s2.0-85111904000,WOS:000679907100001,,export_54a1bd36-41a9-4277-a376-08dcc444e5bc_2026-10-06T080507.684203352.csv [derived S1u]; S1-2 result.txt
Stacking deep transfer learning for short-term cross building energy prediction with different seasonality and occupant schedule,Park H.; Park D.Y.; Noh B.; Chang S.,2022,Building and Environment,"Development of accurate predictive models is essential for establishing optimal operation strategies reflecting future energy profiles of buildings. As a result, most precedent data-driven models are widely used and typically customized for individual buildings with a huge amount of training samples and data quality. However, buildings may be limited to gather measurements due to the lack of advanced measurement devices and acquisition time in both newly built and old building stocks. To mitigate this research gap, we proposed the deep transfer learning integrated with stacking ensemble (SDTL) for 1h-ahead building energy predictions by reusing the pre-trained model with datasets of other buildings even though there exist insufficient sample sizes. To validate the generalization performances, the experiments are divided into three different cases with different building characteristics and climates (i.e., different occupant schedule and season) according to deep learning (DL)-based feature extractors and data availability of the target building. As the results through three evaluation metrics such as mean absolute error (MAE), root mean squared error (RMSE), and mean absolute percentage error (MAPE), SDTL based on long-term short memory (LSTM) can reduce the MAE by approximately 6.4%–26.36%, RMSE by 2.54%–26.75%, and MAPE by 3.71%–30.5% in all experimental cases than other DL models. It was also shown that SDTL was relatively superior by achieving more generalized and stable results than baseline models. From the results of this study, we can provide valuable insights for development of advanced transferable prediction models with insufficient datasets. © 2022 Elsevier Ltd",Cross building energy prediction; Deep learning; Deep transfer learning; Intelligent building energy management; Stacking ensemble,Errors; Forecasting; Intelligent buildings; Mean square error; Sampling; Building energy; Building energy managements; Cross building energy prediction; Deep learning; Deep transfer learning; Energy prediction; Intelligent building energy management; Stacking ensemble; Stackings; Transfer learning; building; computer simulation; data acquisition; data quality; data set; energy use; error analysis; numerical model; residential energy; Long short-term memory; CLASSIFICATION; CONSUMPTION; REGRESSION; MODELS,10.1016/j.buildenv.2022.109060,Article,40,Scopus; Web of Science,2-s2.0-85129134241,WOS:000802546400002,,export_54a1bd36-41a9-4277-a376-08dcc444e5bc_2026-10-06T080507.684203352.csv [derived S1u]; S1-2 result.txt
Torsional response of unreinforced masonry buildings,Mezzina M.; Sollazzo A.; Uva G.,2022,"XIX ANIDIS CONFERENCE, SEISMIC ENGINEERING IN ITALY","Ordinary masonry buildings, made of stone or brick, constitute a large part of the existing building stock. These constructions, often conceived exclusively for vertical actions and without established construction rules, are characterised by very thick walls that are sometimes weakly connected to each other and have weak horizontal diaphragms. Because of the relevant non-linearity in their structural response, collapse analysis should be performed adopting a nonlinear dynamic approach. Anyway, the intrinsic difficulty of this method, combined with the uncertainty of the modelling, often suggests preferring the simpler nonlinear static procedure (""pushover"" analysis). The results obtained with this approach are generally characterised by small errors in the case of regular buildings, whereas, for irregular buildings, serious inaccuracies might be introduced, due to the occurrence of a significant torsional response. This circumstance can even invalidate the results obtained using the usual methods implemented by commercial software. For this reason, this paper proposes an approach for the analysis of irregular masonry buildings characterised by an important torsional response, discussing the effects that this response has on failure, especially in the evaluation of out-of-plane thrusts caused by torsional stress. © 2023 The Authors. Published by Elsevier B.V.",bridge monitoring; MTInSAR; persistent scatterers; remote sensing; satellite interferometry,,10.1016/j.prostr.2023.01.074,Proceedings Paper,1,Scopus; Web of Science,2-s2.0-85159146616,WOS:001198136800072,,export_54a1bd36-41a9-4277-a376-08dcc444e5bc_2026-10-06T080507.684203352.csv [derived S1u]; S1-2 result.txt
UAV-borne remote sensing for AI-assisted support of search and rescue missions,Herschel R.; Wallrath P.; Hofstaetter M.; Taupe P.; Krueger E.; Philippi M.; Kunze J.; Rotter J.M.; Heusinger V.; Ari M.; Kastner R.; Al-Akrawi A.,2022,Proceedings of SPIE - The International Society for Optical Engineering,"In search and rescue (SAR) missions every minute counts. Semi-collapsed buildings are among the difficult scenarios encountered by search and rescue teams. An UAV-based exploration system can provide crucial information on the accessibility of different sectors, hazards, and injured people. The research project “UAV-Rescue” aims to provide UAV-borne sensing and investigate the use of AI to support this powerful tool. The sensor suite contains a radar sensor for detecting people based on breath and pulse movement. A neural network interprets the extracted data to identify signs of human life and as such persons that need rescuing. We also fuse radar and lidar data to explore the environment of the UAV and obtain a robust basis for simultaneous localization and mapping even under restricted visibility conditions. Additionally, we plan to use AI to support the path planning of the drone taking the digital map as input. Furthermore, AI is leveraged to map intact and damaged building structures. Potentially hazardous gases common to urban settings are tracked. We fuse the acquired information into a model of the explored area with marked locations of potential hazards and people to be rescued. The project also addresses ethical and societal issues raised by the use of UAVs close to people as well as AI supported decision making. The talk will present the system concept including interfaces and sensor fusion approaches. We will show first results of a research project from static and dynamic measurement campaigns demonstrating the capability of radar and lidar based sensing in a complex urban environment. © 2022 SPIE.",3D mapping; AI; DNN; lidar; radar; search and rescue; UAV; vital signs,Behavioral research; Decision making; Hazards; Mapping; Motion planning; Optical radar; Radar measurement; Remote sensing; Synthetic aperture radar; 3-D mapping; Collapsed buildings; DNN; Exploration systems; Remote-sensing; Rescue missions; Search and rescue; Search missions; Sensor suite; Vital sign; Unmanned aerial vehicles (UAV),10.1117/12.2636032,Proceedings Paper,10,Scopus; Web of Science,2-s2.0-85145436526,WOS:000906727900002,,export_54a1bd36-41a9-4277-a376-08dcc444e5bc_2026-10-06T080507.684203352.csv [derived S1u]; S1-2 result.txt
Using Machine Learning to Extract Building Inventory Information Based on LiDAR Data,Kaplan G.; Comert R.; Kaplan O.; Matci D.K.; Avdan U.,2022,ISPRS International Journal of Geo-Information,"The extraction of building inventory information is vital for damage assessment and planning and modelling studies. In the last few years, the conventional data extraction for building inventory was overcome using various remote sensing data and techniques. The main objectives of this study were to supply the necessary data for the structural engineers to calculate the seismic performance of existing structures. Thus, we investigated light detection and ranging (LiDAR) derivatives data to classify buildings and extract building inventory information, such as different heights of the buildings and footprint area. The most important data to achieve this was also investigated and classified using machine learning methods, such as Random Forest, Random Tree, and Optimized Forest, over the object-based segmentation results. All of the machine learning methods successfully classified the buildings with high accuracy, whereas the other methods outperformed RT. The height and footprint area results show that the archived sensitivity of the building inventory information is sufficient for the data to be further used in different applications, such as detailed structural health monitoring. Overall, this study presents a methodology that can accurately extract building information. In light of the results, future studies can be directed for investigations on determining the construction year using remote sensing data, such as multi-temporal satellite imagery. © 2022 by the authors.",building; height; LiDAR; machine learning; optimized tree; random forest; random tree; remote sensing,CLASSIFICATION; PERIOD; VIBRATION; HEIGHT; IMAGES; FOREST,10.3390/ijgi11100517,Article,13,Scopus; Web of Science,2-s2.0-85140592027,WOS:000872934600001,,export_54a1bd36-41a9-4277-a376-08dcc444e5bc_2026-10-06T080507.684203352.csv [derived S1u]; S1-2 result.txt
What matters most to the material intensity coefficient of buildings? Random forest-based evidence from China,Zhang R.; Guo J.; Yang D.; Shirakawa H.; Shi F.; Tanikawa H.,2022,Journal of Industrial Ecology,"Material intensity coefficient (MIC) is vital for material stock accounting in the field of industrial ecology. However, the categorization of MIC varies across regions especially for buildings that diverge greatly along the history and space aspect, and acquisition of MIC data and building information have always been a challenge in related studies. In this study, the state-of-art ensemble model “Random Forest” was developed on Chinese buildings to identify the impact of four building attributes (building structure, construction year, use type, and region) on MIC, and these features’ importance was further assessed by considering variable correlations. The features’ importance and their individual effects on MIC were intuitively revealed by depicting the partial dependence plots. Finally, a set of hierarchical MIC values was estimated by integrating the order of four variables’ importance and a quick MIC calculator was provided. Results showed that building structure is the most influential attribute for MIC, followed by the construction year, use type, and region, successively. The RF-based MIC values allow researchers to apply it to material stock and flow analysis by choosing a specific building feature(s) in the MIC calculator, which is (are) available in building physical inventory data. This study provides a method that could help researchers locate key influencing variables and give insights into the comparability of MIC research across regions and play an important role in developing urban mining and circular economy strategies. © 2022 by the International Society for Industrial Ecology.",bottom-up material stock analysis; building material intensity; Chinese buildings; feature importance; industrial ecology; random forest,China; Buildings; Construction; Ecology; Mathematical instruments; Random forests; Bottom up; Bottom-up material stock analyse; Building material intensity; Buildings materials; Chinese building; Feature importance; Industrial ecology; Materials intensity; Stock analysis; bottom-up approach; building; emission inventory; industrial ecology; stock assessment; Decision trees; MATERIAL STOCK ANALYSIS; RESIDENTIAL BUILDINGS; ENVIRONMENTAL-IMPACT; MATERIALS DEMAND; CONSTRUCTION; MODEL; STEEL; METABOLISM; DEMOLITION; SOCIETY,10.1111/jiec.13332,Article,24,Scopus; Web of Science,2-s2.0-85139430897,WOS:000865472500001,,export_54a1bd36-41a9-4277-a376-08dcc444e5bc_2026-10-06T080507.684203352.csv [derived S1u]; S1-2 result.txt
A CNN REGRESSION MODEL TO ESTIMATE BUILDINGS HEIGHT MAPS USING SENTINEL-1 SAR AND SENTINEL-2 MSI TIME SERIES,Nascetti A.; Yadav R.; Ban Y.,2023,IGARSS 2023 - 2023 IEEE INTERNATIONAL GEOSCIENCE AND REMOTE SENSING SYMPOSIUM,"Accurate estimation of building heights is essential for urban planning, infrastructure management, and environmental analysis. In this study, we propose a supervised Multimodal Building Height Regression Network (MBHR-Net) for estimating building heights at 10m spatial resolution using Sentinel-1 (S1) and Sentinel-2 (S2) satellite time series. S1 provides Synthetic Aperture Radar (SAR) data that offers valuable information on building structures, while S2 provides multispectral data that is sensitive to different land cover types, vegetation phenology, and building shadows. Our MBHR-Net aims to extract meaningful features from the S1 and S2 images to learn complex spatio-temporal relationships between image patterns and building heights. The model is trained and tested in 10 cities in the Netherlands. Root Mean Squared Error (RMSE), Intersection over Union (IOU), and R-squared (R2) score metrics are used to evaluate the performance of the model. The preliminary results (3.73m RMSE, 0.95 IoU, 0.61 R2) demonstrate the effectiveness of our deep learning model in accurately estimating building heights, showcasing its potential for urban planning, environmental impact analysis, and other related applications. ©2023 IEEE.",Building Height Estimation; Deep Learning; Fusion; Regression; Sentinel; Time Series,Buildings; Environmental impact assessments; Geology; Learning systems; Mean square error; Regression analysis; Remote sensing; Urban planning; Building height; Building height estimation; Deep learning; Height estimation; Multi-modal; Regression; Root mean squared errors; Sentinel; Sentinel-1; Times series; Time series,10.1109/IGARSS52108.2023.10283039,Proceedings Paper,16,Scopus; Web of Science,2-s2.0-105030932488,WOS:001098971603011,,export_54a1bd36-41a9-4277-a376-08dcc444e5bc_2026-10-06T080507.684203352.csv [derived S1u]; S1-2 result.txt
Building feature-based machine learning regression to quantify urban material stocks: A Hong Kong study,Yuan L.; Lu W.; Xue F.; Li M.,2023,Journal of Industrial Ecology,"Urban material stock (UMS) represents elegant thinking by perceiving cities as a repository of construction materials that can be reused in the future, rather than a burdensome generator of construction and demolition waste. Many studies have attempted to quantify UMS but they often fall short in accuracy, primarily owing to the lack of proper quantification methods or good data available at a micro level. This research aims to develop a simple but satisfactory model for UMS quantification by focusing on individual buildings. Generally, it is a “bottom-up” approach that uses building features to proximate the material stocks of individual buildings. The research benefits from a set of valuable, “post-mortem” ground truth data related to 71 buildings that have been demolished in Hong Kong. By comparing a series of machine learning-based models, a multiple linear regression model with six building features, namely building type, building year, height, perimeter, total floor area, and total floor number, is found to yield a satisfactory estimate of building material stocks with a mean absolute percentage error of 9.1%, root-mean-square error of 474.13, and R-square of 0.93. The major contribution of this research is to predict a building's material stock based on several easy-to-obtain building features. The methodology of machine learning regression is novel. The model provides a useful reference for quantifying UMS in other regions. Future explorations are recommended to calibrate the model when data in these regions is available. © 2022 by the International Society for Industrial Ecology.",circular economy; construction materials; industrial ecology; machine learning regression; sustainable development; urban material stocks,China; Hong Kong; Demolition; Floors; Learning algorithms; Linear regression; Machine learning; Mean square error; Sustainable development; Buildings materials; Circular economy; Construction and demolition waste; Feature-based; Hong-kong; Industrial ecology; Machine learning regression; Machine-learning; Urban material stock; Urban materials; building; construction material; demolition; error correction; industrial ecology; machine learning; regression analysis; repository; sustainable development; urban economy; Building materials; MATERIAL FLOW-ANALYSIS; DEMOLITION WASTE; CONSTRUCTION; ACCUMULATION; GENERATION; DYNAMICS; ENERGY; JAPAN; TIME,10.1111/jiec.13348,Article,42,Scopus; Web of Science,2-s2.0-85145366524,WOS:000905951400001,,export_54a1bd36-41a9-4277-a376-08dcc444e5bc_2026-10-06T080507.684203352.csv [derived S1u]; S1-2 result.txt
Building Maintenance Cost Estimation and Circular Economy: The Role of Machine-Learning,Mahpour A.,2023,Sustainable Materials and Technologies,"The building industry generates large amounts of solid waste due to construction, maintenance, or demolition activities. Although the construction and demolition waste is well-documented in the literature, the maintenance phase could benefit from more academic research. Maintenance waste could be managed based on a linear economy or a circular economy. Since the existing linear economy poses significant problems, a transition to a circular economy is necessary. Such a transition is in its infancy stage and is hindered by multiple barriers. This paper developed a practical methodology for this transition and demonstrated its advantages to encourage its adoption by the building industry. These advantages included increasing the accuracy of building maintenance cost estimation, reducing the possibility of maintenance cost over-estimation, and reducing the waste of maintenance resources. These advantages were mostly due to replacing the deterministic and probabilistic maintenance cost estimation models with a machine-learning-based methodology. This methodology was shown to be versatile in several areas of application, i.e. anomaly detection, feature engineering, cost estimation, and validation. The methodology could be applied to any building type in any geographic location. It also facilitates achieving sustainable development goals #9 (through innovative building maintenance), #11 (via promotion of welfare-oriented building services), and #12 (by encouraging responsible consumption of maintenance resources). © 2023 Elsevier B.V.",Building; Circular Economy; Machine-Learning; Maintenance Cost; Monte Carlo Simulation; Waste Reduction; Machine -Learning,Anomaly detection; Construction; Construction industry; Cost engineering; Cost estimating; Cost reduction; Demolition; Intelligent systems; Machine learning; Monte Carlo methods; Building industry; Building maintenance; Circular economy; Large amounts; Machine-learning; Maintenance cost; Maintenance cost estimation; Maintenance resources; Monte Carlo's simulation; Waste reduction; Maintenance; CONSTRUCTION; WASTE; LIKERT; MODEL,10.1016/j.susmat.2023.e00679,Article,35,Scopus; Web of Science,2-s2.0-85168413590,WOS:001064874800001,,export_54a1bd36-41a9-4277-a376-08dcc444e5bc_2026-10-06T080507.684203352.csv [derived S1u]; S1-2 result.txt
Closed Form Approximations for UAV Line-of-Sight Probability in Urban Environments,I. Mohammed; S. Gopalam; I. B. Collings; S. V. Hanly,2023,IEEE Access,This paper presents a new approach to estimate the probability of line-of-sight (LoS) for unmanned aerial vehicle (UAV) communications. We provide lower and upper bounds on the probability of LoS in terms of what we call the first-building-LoS probability. We provide a statistical model for the ground distance to the first building along the line from the user to the UAV. Based on this we provide a general formula for the first-building-LoS probability for urban environments where the building heights follow a Rayleigh distribution. We show that the first-building-LoS probability is a good estimate for the probability of LoS. Our closed-form formulas estimate the probability of LoS significantly more accurately than the existing approaches. We also obtain closed-form estimates of Area Line-of-Sight Probabilities for a scenario in which the UAV provides coverage to a circular region on the ground. © 2013 IEEE.,Aerial base stations; channel modelling; drones; probability of line of sight; UAV communications; unmanned aerial vehicles,Antennas; Base stations; Buildings; Drones; Probability distributions; Urban planning; Aerial base station; Aerial vehicle; Channel modelling; Line of Sight; Line-of-sight propagation; Lines-of-sight; MonteCarlo methods; Probability of line of sight; Unmanned aerial vehicle; Unmanned aerial vehicle communication; Urban areas; Vehicle communications; Monte Carlo methods; Autonomous aerial vehicles; Probability,10.1109/ACCESS.2023.3267808,IEEE Journals,20,Scopus; IEEE Xplore,2-s2.0-85153521093,,IEEE Journals,export_54a1bd36-41a9-4277-a376-08dcc444e5bc_2026-10-06T080507.684203352.csv [derived S1u]; IEEE_S1-2_final.csv
Deep neural network-based regional seismic loss assessment considering correlation between EDP residuals of building structures,Kang C.; Kim T.; Kwon O.-S.; Song J.,2023,Earthquake Engineering and Structural Dynamics,"Regional seismic loss assessment is essential for developing an emergency response plan in the event of an earthquake, which can reduce casualties and socioeconomic losses in an urban community. The uncertainties and correlations of structures’ engineering demand parameters (EDP) should be adequately considered to evaluate the community-level seismic risk. Recently, the authors proposed an incremental dynamic analysis-based method and regression-based models to estimate the variances and correlations of residuals in EDP termed “EDP residuals.” The quantified uncertainties of the EDP residuals facilitate the accurate evaluation of the regional seismic performance. Still, the computational cost required in the estimation process makes its application a challenge. This study proposes two frameworks for regional seismic loss assessment based on deep neural networks (DNNs) to extend the applicability of EDP residual estimation and improve its accuracy. The first framework estimates the EDP residuals of buildings by combining the EDP residuals of various single-degree-of-freedom (SDOF) systems through the modal combination rules. Three DNN models are constructed to predict the EDP residuals of SDOF systems. The second framework predicts the EDP residuals of buildings directly using two DNN models. The proposed frameworks are verified by numerical examples of regional seismic loss assessment, for which time history-based “exact” solutions exist. The supporting source code, data, and trained models are available for download at https://github.com/TyongKim/EDP_residual. Highlights The importance of considering EDP residual correlation in seismic system reliability analysis is demonstrated. Two DNN-based frameworks are developed to estimate EDP residuals of building structures. Modal combination rule is employed to utilize EDP residuals of SDOF systems representing structural modes. DNN models are constructed to predict EDP residuals of SDOF and MDOF systems. Accuracy and applicability of DNN-based frameworks are successfully demonstrated by example of regional seismic loss assessment. © 2022 John Wiley & Sons Ltd.",correlated failures; deep neural network; engineering demand parameters; regional seismic loss assessment; seismic reliability analysis,Deep neural networks; Degrees of freedom (mechanics); Earthquakes; Failure (mechanical); Neural network models; Building structure; Correlated failures; Engineering demand parameters; Neural network model; Regional seismic loss assessment; Seismic loss; Seismic reliability; Seismic reliability analyse; Single degree of freedom systems; Uncertainty; accuracy assessment; artificial neural network; building; dynamic analysis; dynamic response; earthquake damage; earthquake engineering; performance assessment; reliability analysis; seismic design; seismic response; seismicity; structural analysis; structural response; uncertainty analysis; Reliability analysis; GROUND-MOTION; HORIZONTAL COMPONENT; SPATIAL CORRELATION; CORRELATION MODEL; UNCERTAINTY; EARTHQUAKE; PERIODS; PGV,10.1002/eqe.3775,Article,22,Scopus; Web of Science,2-s2.0-85143428867,WOS:000891909800001,,export_54a1bd36-41a9-4277-a376-08dcc444e5bc_2026-10-06T080507.684203352.csv [derived S1u]; S1-2 result.txt
"Do all roads lead to Rome? A comparison of knowledge-based, data-driven, and physics-based surrogate models for performance-based early design",Zaker Esteghamati M.; Flint M.M.,2023,Engineering Structures,"A performance-based early design must assess the life cycle performance of a sizable design space at low computational cost and limited data. This paper evaluates the relative capabilities of three surrogate modeling approaches to estimate seismic loss under complete and incomplete design information scenarios. Three surrogate models of knowledge-based (i.e., from prior published assessments), data-driven (i.e., support vector machine trained on a simulation-based building inventory), and physics-based (i.e., equivalent single-degree-of-freedom systems) are systematically used to estimate bounds on direct seismic loss for four hypothetical concrete office construction projects in Charleston, South Carolina. Subsequently, a framework is presented that implements these surrogate models as a sequence to explore design alternatives consistent with divergence-convergence cycles of early design exploration. The results show that all different surrogate models provide reasonable accuracy for the complete design information case, whereas data-driven models provided higher accuracy than the other models. For incomplete design information, the data-driven models demarcated the performance space and estimated the same median loss values as detailed loss analysis. In contrast, physics-based surrogate models were more accurate in capturing the relationship between loss and design parameters for smaller sets of design alternatives. Nevertheless, all different surrogate modeling techniques were inadequate to capture loss variability between different designs of the same geometry. © 2023 Elsevier Ltd",Data-driven models; Early design; Knowledge-based models; Performance-based earthquake engineering; Physics-based models; Surrogate modeling; Performance -based earthquake engineering; Physics -based models; Data -driven models; Knowledge -based models,Charleston; South Carolina; United States; Degrees of freedom (mechanics); Knowledge based systems; Life cycle; Seismic design; Seismology; Data driven; Data-driven model; Design information; Early designs; Knowledge based; Knowledge-based model; Performance-based earthquake engineering; Physics-based; Physics-based models; Surrogate modeling; comparative study; earthquake engineering; knowledge based system; modeling; seismic design; surrogate method; Support vector machines; OF-FREEDOM SYSTEMS; SEISMIC DEMAND; DRIFT DEMANDS; CAPACITY; CURVES; FRAMEWORK; ENERGY; DAMAGE,10.1016/j.engstruct.2023.116098,Article,34,Scopus; Web of Science,2-s2.0-85152479858,WOS:000984493000001,,export_54a1bd36-41a9-4277-a376-08dcc444e5bc_2026-10-06T080507.684203352.csv [derived S1u]; S1-2 result.txt
Earthquake building damage detection based on synthetic-aperture-radar imagery and machine learning,Rao A.; Jung J.; Silva V.; Molinario G.; Yun S.-H.,2023,Natural Hazards and Earth System Sciences,"This article presents a framework for semi-automated building damage assessment due to earthquakes from remote-sensing data and other supplementary datasets, while also leveraging recent advances in machine-learning algorithms. The framework integrates high-resolution building inventory data with earthquake ground shaking intensity maps and surface-level changes detected by comparing pre- and post-event InSAR (interferometric synthetic aperture radar) images. We demonstrate the use of ensemble models in a machine-learning approach to classify the damage state of buildings in the area affected by an earthquake. Both multi-class and binary damage classification are attempted for four recent earthquakes, and we compare the predicted damage labels with ground truth damage grade labels reported in field surveys. For three out of the four earthquakes studied, the model is able to identify over 50 % or nearly half of the damaged buildings successfully when using binary classification. Multi-class damage grade classification using InSAR data has rarely been attempted previously, and the case studies presented in this report represent one of the first such attempts using InSAR data. Copyright:  © 2023 Anirudh Rao et al.",,building; earthquake damage; imagery; machine learning; synthetic aperture radar; SAR; MODEL,10.5194/nhess-23-789-2023,Article,66,Scopus; Web of Science,2-s2.0-85149117900,WOS:000936465000001,,export_54a1bd36-41a9-4277-a376-08dcc444e5bc_2026-10-06T080507.684203352.csv [derived S1u]; S1-2 result.txt
Indoor radon interval prediction in the Swedish building stock using machine learning,Wu P.-Y.; Johansson T.; Sandels C.; Mangold M.; Mjörnell K.,2023,Building and Environment,"Indoor radon represents a health hazard for occupants. However, the indoor radon measurement rate is low in Sweden because of no mandatory requirements. Measuring indoor radon on an urban scale is complicated, machine learning exploiting existing data for pattern identification provides a cost-efficient approach to estimate indoor radon exposure in the building stock. Extreme gradient boosting (XGBoost) models and deep neural network (DNN) models were developed based on indoor radon measurement records, property registers, and geogenic information. The XGBoost models showed promising results in predicting indoor radon intervals for different types of buildings with macro-F1 between 0.93 and 0.96, whereas the DNN models attained macro-F1 between 0.64 and 0.74. After that, the XGBoost models trained on the national indoor radon dataset were transferred to fit building registers in metropolitan regions to estimate the indoor radon intervals in non-measured and measured buildings by regions and building classes. By comparing the prediction results and the statistical summary of indoor radon intervals in measured buildings, the model uncertainty and validity were determined. The study ascertains the prediction performance of machine learning models in classifying indoor radon intervals and discusses the benefits and limitations of the data-driven approach. The research outcomes can assist preliminary large-scale indoor radon distribution estimation for relevant authorities and guide onsite measurements for prioritized building stock prone to indoor radon exposure. © 2023 The Authors",Deep learning; Indoor radon; Predictive modeling; Radon exposure estimation; Regional building stock; XGBoost,Sweden; Buildings; Forecasting; Health hazards; Learning systems; Neural network models; Radon; Uncertainty analysis; Building stocks; Deep learning; Exposure estimation; Indoor radon; Machine-learning; Predictive models; Radon exposure; Radon exposure estimation; Regional building stock; Xgboost; building; geogenic source; indoor radon; machine learning; prediction; Deep neural networks; REGRESSION,10.1016/j.buildenv.2023.110879,Article,15,Scopus; Web of Science,2-s2.0-85172459457,WOS:001088618100001,,export_54a1bd36-41a9-4277-a376-08dcc444e5bc_2026-10-06T080507.684203352.csv [derived S1u]; S1-2 result.txt
Learning income levels and inequality from spatial and sociodemographic data in Germany,Garbasevschi O.M.; Taubenböck H.; Schüle P.; Baarck J.; Hufe P.; Wurm M.; Peichl A.,2023,Applied Geography,"This study explores the potential of predicting income inequality and income levels from attributes of the built, natural and social environment in Germany. Furthermore, it investigates differences in explanatory variables and estimation accuracy for municipalities with different social and spatial structure profiles. We use income tax data, the 2011 national census, and spatial data from various sources. The explanatory variables capture the spatial variation within the area of interest of characteristics of both the residents and the living environment. Our models explain 54% of the variability in inequality and 73% of the variability in median income levels for a sample of municipalities covering 97% of the country's population. Performance increases for the subsample of municipalities with at least 10,000 inhabitants, attaining 63% for inequality and 80% for income levels. Income inequality and top incomes are better identified in Western, urban, or central locations, while median income is best estimated in Eastern, rural and peripheral locations. The most important predictors are derived from attributes such as nationality, religious affiliation, household composition, residence construction year, as well as the size and density of residences and overall building stock. Our findings further the idea that the joint spatial analysis of population and the built environment can greatly improve our understanding of socioeconomic phenomena—at regional and local levels—beyond conventional data sources. © 2023 The Authors",Machine learning; Pre-tax income; Regional inequality; Residential segregation,Germany; income distribution; machine learning; spatial data; spatial variation,10.1016/j.apgeog.2023.103058,Article,16,Scopus; Web of Science,2-s2.0-85167437462,WOS:001062611500001,,export_54a1bd36-41a9-4277-a376-08dcc444e5bc_2026-10-06T080507.684203352.csv [derived S1u]; S1-2 result.txt
Machine learning-based predictive models for equivalent damping ratio of RC shear walls,Yaghoubi S.T.; Deger Z.T.; Taskin G.; Sutcu F.,2023,Bulletin of Earthquake Engineering,"Energy-based seismic design is being rapidly developed and suggests that the seismic demands are met by the energy dissipation capacity of the structural members. Equivalent damping ratio is a measure of energy dissipation in structural members that accounts for the post-elastic behavior of the member and provides insight regarding the dynamic response reduction during a seismic event. The present study implements a machine learning algorithm to estimate the equivalent damping ratio in reinforced concrete shear walls at displacements corresponding to a 1.0% lateral drift ratio. Five different machine learning models, namely, Robust Linear Regression, K-Nearest Neighbor Regression, Kernel Ridge Regression, Support Vector Regression, and Gaussian process regression were evaluated in order to choose the model with the highest accuracy. Among all models, Gaussian process regression, a machine learning method with successful implementation experiences in civil/structural engineering related problems, is selected to identify the equivalent damping ratio. The developed GPR-based algorithm uses a database of 161 rectangular shear walls subjected to quasi-static reversed cyclic loading with geometry and mechanical properties commonly found in building stocks of many earthquake-prone countries. The proposed algorithm estimates the equivalent damping ratio for each specimen by predicting the cyclic dissipated energy and lateral force values as two dependent variables. The model validation results show a mean coefficient of determination (R2) of about 0.89; a relative root mean square error of about 0.14 and a mean absolute percentage error of 10.44%, which is considered a substantially accurate prediction for such a complex problem. An open-source model and the entire database are provided which can be used by researchers and also design engineers. The proposed predictive model enables comparing the damping capacity of shear walls and the outcomes of this study are believed to contribute to the energy-based design or performance evaluation procedures in terms of predicting the energy capacity of shear walls. © 2022, The Author(s), under exclusive licence to Springer Nature B.V.",Equivalent damping ratio; Gaussian process regression; Machine learning; Reinforced concrete shear walls,Energy dissipation; Forecasting; Gaussian distribution; Gaussian noise (electronic); Learning algorithms; Learning systems; Machine learning; Mean square error; Nearest neighbor search; Regression analysis; Reinforced concrete; Seismic design; Seismology; Shear walls; Stiffness; Elastic behavior; Energy dissipation capacities; Energy-based seismic design; Equivalent damping ratios; Gaussian process regression; Machine-learning; Predictive models; Reinforced concrete shear walls; Response reductions; Seismic demands; algorithm; cyclic loading; damping; dynamic response; earthquake prediction; Gaussian method; machine learning; model validation; numerical model; reinforced concrete; seismic design; Damping; DISPLACEMENT-BASED DESIGN; EMPIRICAL EQUATIONS; STRENGTH; BEHAVIOR; ALGORITHMS,10.1007/s10518-022-01533-6,Article,25,Scopus; Web of Science,2-s2.0-85140034942,WOS:000868965900001,,export_54a1bd36-41a9-4277-a376-08dcc444e5bc_2026-10-06T080507.684203352.csv [derived S1u]; S1-2 result.txt
Machine learning for the prediction of evaluation of existing reinforced concrete structures performance against earthquakes,Cosgun C.,2023,Structures,"Earthquakes are challenging disasters that pose a huge threat to the urbanized world. In particular, the majority of the existing reinforced concrete (RC) building stock in developing countries such as Turkey is under huge seismic risk. These structures are at risk of partial or complete collapse under the effects of strong ground motions, due to some deficiencies in the structures. Therefore, seismic evaluation of existing buildings with a predominantly RC structural system is vital to reduce the potential seismic risk. In this study, machine learning (ML) techniques have been used for the prediction of the existing RC buildings’ performance against earthquake. The k-fold cross-validation has been employed to check the accuracy of the ML techniques. Random Forest (RF) provided the highest performance among the other ML techniques used. Sensitivity analysis have also been performed to determine the most significant factors in the prediction of the performance of the buildings. The results show that the building age, concrete compression strength, maximum column stirrup distance, steel yield strength, and the existence of corrosion have a high impact on the assessment of building performance. © 2023 Institution of Structural Engineers",Assessment of the structures; Earthquake; Existing RC buildings; Machine learning techniques; Reinforced concrete,SCREENING-PROCEDURE; SEISMIC FRAGILITY; BUILDINGS; MODEL,10.1016/j.istruc.2023.02.127,Article,37,Scopus; Web of Science,2-s2.0-85150193117,WOS:000955307100001,,export_54a1bd36-41a9-4277-a376-08dcc444e5bc_2026-10-06T080507.684203352.csv [derived S1u]; S1-2 result.txt
Machine learning models for the prediction of polychlorinated biphenyls and asbestos materials in buildings,Wu P.-Y.; Sandels C.; Johansson T.; Mangold M.; Kristina Mjornell,2023,"Resources, Conservation and Recycling","Hazardous materials in buildings cause project uncertainty concerning schedule and cost estimation, and hinder material recovery in renovation and demolition. The study aims to identify patterns and extent of polychlorinated biphenyls (PCBs) and asbestos materials in the Swedish building stock to assess their potential presence in pre-demolition audits. Statistics and machine learning pipelines were generated for four PCB and twelve asbestos components based on environmental inventories. The models succeeded in predicting most hazardous materials in residential buildings with a minimum average performance of 0.79, and 0.78 for some hazardous components in non-residential buildings. By employing the leader models to regional building registers, the probability of hazardous materials was estimated for non-inspected building stocks. The geospatial distribution of buildings prone to contamination was further predicted for Stockholm public housing to demonstrate the models’ application. The research outcomes contribute to a cost-efficient data-driven approach to evaluating comprehensive hazardous materials in existing buildings. © 2023 The Author(s)",Building stock; Hazardous material; Machine learning; Pre-demolition audits; Prediction; Probability distribution,Demolition; Forecasting; Hazardous materials; Hazards; Housing; Machine learning; Polychlorinated biphenyls; asbestos; polychlorinated biphenyl; Building stocks; Cost estimations; In-buildings; Machine learning models; Machine-learning; Material recovery; Pre-demolition audit; Probability: distributions; Project uncertainty; Residential building; building; demolition; machine learning; modeling; PCB; prediction; probability; Article; contamination; data analysis; data processing; deep neural network; housing; random forest; statistical model; Probability distributions; PCBS; EMISSIONS; STOCKS,10.1016/j.resconrec.2023.107253,Article,9,Scopus; Web of Science,2-s2.0-85174186956,WOS:001159459900001,,export_54a1bd36-41a9-4277-a376-08dcc444e5bc_2026-10-06T080507.684203352.csv [derived S1u]; S1-2 result.txt
Machine learning network suitable for accurate rapid seismic risk estimation of masonry building stocks,Coskun O.; Aldemir A.,2023,Natural Hazards,"Most losses from earthquakes are associated with fully collapsed buildings. So, determining the seismic risk of buildings is essential for building occupants in active earthquake zones. Unfortunately, current methods used to estimate the risk state of large building stocks are insufficient for reliable, fast, and accurate decision-making. In addition, the risk classifications of buildings after major natural disasters depend entirely on the experience of the technical team of engineers. Therefore, the decision on risk distributions of building stocks before and after hazards requires more sustainable and accurate methods that include other means of technological advancement. In this study, the building characteristics dominating the seismic risk outcome were determined using a database of 543 masonry buildings. Later, for the first time in the literature, a new, fast and accurate seismic evaluation method is proposed. The proposed method is thoroughly associated with detailed evaluation results of structures with the help of machine learning algorithms. This study utilized an approach in which six machine learning algorithms work together (i.e., Logistic Regression, Decision Tree, Random Forest, K-Mean Clustering, Support Vector Machine, and Ensemble Learning Method). As a result of the analysis of these algorithms, the correct prediction rates for the learning database (i.e., 434 buildings) and the test database (i.e., 109 buildings) of the proposed method were determined as approximately 96.67% and 95%, respectively. Lastly, machine learning algorithms trained by structures with known after seismic risk results are developed. The proposed method managed to classify risk states with the accuracy of 84.6%. © 2022, The Author(s), under exclusive licence to Springer Nature B.V.",Machine learning; Masonry structures; Seismic risk classification; Seismic risk estimations,algorithm; building; estimation method; machine learning; masonry; risk assessment; seismic method; PERFORMANCE ASSESSMENT; VULNERABILITY; DAMAGE,10.1007/s11069-022-05553-y,Article,16,Scopus; Web of Science,2-s2.0-85136205404,WOS:000842595600001,,export_54a1bd36-41a9-4277-a376-08dcc444e5bc_2026-10-06T080507.684203352.csv [derived S1u]; S1-2 result.txt
Pre-clustering active learning method for automatic classification of building structures in urban areas,Zhou P.; Zhang T.; Zhao L.; Qi Y.; Chang Y.; Bai L.,2023,Engineering Applications of Artificial Intelligence,"Identifying the structures of buildings in urban areas is a prerequisite for robust urban planning and regeneration. Owing to the diverse structural designs of urban buildings, automated approaches are required to classify building structures. Supervised machine learning is usually employed to classify various building characteristics. However, this approach requires significant labeling effort. Therefore, this paper proposes a new pre-clustering active learning method for building structure classification. The proposed method captures the statistical characteristics of samples and enhances the recognition of the most valuable training samples, thereby substantially reducing the labeling workload and improving the efficiency and effectiveness of classification. This method was tested via the classification of 3718 buildings in Beijing, China, into five common structures. The results showed that the proposed method could reduce labeling effort by 60% while achieving a promising 90% F1 score for overall classification performance, thus indicating its effectiveness. © 2023 Elsevier Ltd",Active learning; Automated classification; Machine learning; Pre-clustering; Urban building structures,Buildings; Learning algorithms; Learning systems; Structural design; Urban planning; Active Learning; Active learning methods; Automated classification; Building structure; Clusterings; Labelings; Machine-learning; Pre-clustering; Urban building structure; Urban buildings; Supervised learning,10.1016/j.engappai.2023.106382,Article,15,Scopus,2-s2.0-85159850166,,,export_54a1bd36-41a9-4277-a376-08dcc444e5bc_2026-10-06T080507.684203352.csv [derived S1u]
Predicting building age from urban form at large scale,Nachtigall F.; Milojevic-Dupont N.; Wagner F.; Creutzig F.,2023,"Computers, Environment and Urban Systems","To stay within 1.5 °C of global warming, reducing energy-related emissions in the building sector is essential. Rather than generic climate recommendations, this requires tailored, low-carbon urban planning solutions and spatially explicit methods that can inform policy measures at urban, street and building scale. Here, we propose a scalable method that is able to predict building age information in different European countries using only open urban morphology data. We find that spatially cross-validated regression models are sufficiently robust to generalize and predict building age in unseen cities with a mean absolute error (MAE) between 15.3 years (Netherlands) and 19.9 years (Spain). Our experiments show that large-scale models improve generalization for predicting across cities, but are not needed to infer missing data within known cities. Filling data gaps within known cities is possible with a MAE between 9.6 years (Netherlands) and 16.7 years (Spain). Overall, our results demonstrate the feasibility of generating missing age data in different contexts across Europe and informing climate mitigation policies such as large-scale energy retrofits. For the French residential building stock, we find that using age predictions to target retrofit efforts can increase energy savings by more than 50% compared to missing age data. Finally, we highlight challenges posed by data inconsistencies and urban form differences between countries that need to be addressed for an actual roll-out of such methods. © 2023",Building age; Energy modeling; Machine learning; Retrofit; Spatial autocorrelation; Urban form,Netherlands; Spain; Buildings; Energy conservation; Forecasting; Global warming; Regression analysis; Scalability; Age data; Building age; Energy model; Large-scales; Machine-learning; Mean absolute error; Retrofit; Spatial autocorrelations; Urban form; age determination; autocorrelation; building; machine learning; modeling; prediction; urban morphology; Machine learning; CROSS-VALIDATION; RISK; GERMANY,10.1016/j.compenvurbsys.2023.102010,Article,36,Scopus; Web of Science,2-s2.0-85166624792,WOS:001068020300001,,export_54a1bd36-41a9-4277-a376-08dcc444e5bc_2026-10-06T080507.684203352.csv [derived S1u]; S1-2 result.txt
"Quantifying urban three-dimensional building form effects on land surface temperature: A case study of Beijing, China","Li, SY Zhang, NN",2023,Journal of Applied Remote Sensing,"Urban buildings significantly influence land surface temperature (LST) by modifying heat exchanges due to their 3D structures. Our study calculates six three-dimensional building form (3DBF) indicators in grid cells. They include average height (AH), average volume (AV), building structure index (BSI), floor area ratio (FAR), fluctuation degree (FD), and spatial congestion degree (SCD). Two spatial regression models: spatial lag model (SLM) and spatial error model (SEM), along with three machine learning regression models: support vector regression (SVR), random forest (RF) regression, and artificial neural network (ANN) regression were used in our study. We investigated the qualitative and quantitative effects of urban building 3DBF on Beijing's primary urban region's thermal environment. The seasonal relationship between 3DBF indicators and LST was also examined. The ideal grid scale for investigating the impact of 3DBF on LST in Beijing is 200 m. Both SEM and RF regression models exhibit superior performance. The SLM model exhibits superior performance compared to the ANN and SVR models, which demonstrate comparatively poorer results. An increase in AH and AV often results in a decrease in LST, but a higher SCD is associated with an increase in LST. Seasonal variability affects the relationship between BSI and FD on LST. The relationship between FAR and LST does not exhibit a uniform and predictable pattern. In the SEM, the variables of SCD, FD, and AV exhibit a stronger impact on LST. The BSI, AV, and SCD variables are crucial factors in the building of the RF regression model. The cooling effects of AV and AH exhibit their maximum intensity during the summer season, with values reaching up to 1.1°C and 0.5°C, respectively. In winter season, the cooling impact of AH and the warming impact of SCD are notably evident, reaching maximum values of 0.8°C and 0.6°C, respectively.  © 2023 Society of Photo-Optical Instrumentation Engineers (SPIE).",3D building form; land surface temperature; machine learning regression; spatial regression,Buildings; Forestry; Land surface temperature; Learning systems; Machine learning; Neural networks; Regression analysis; Surface measurement; Surface properties; 3d building form; 3d buildings; Average height; Average volume; Building structure; Machine learning regression; Machine-learning; Spatial regression; Structure index; Atmospheric temperature; NEURAL-NETWORK,10.1117/1.JRS.17.048501,Article,3,Scopus; Web of Science,2-s2.0-85181517237,WOS:001134904400016,,export_54a1bd36-41a9-4277-a376-08dcc444e5bc_2026-10-06T080507.684203352.csv [derived S1u]; S1-2 result.txt
Rapid seismic fragility curves assessment of eccentrically braced frames through an output-only nonmodel-based procedure and machine learning techniques,Yazdanpanah O.; Dolatshahi K.M.; Moammer O.,2023,Engineering Structures,"A nonmodel and output-only-based framework incorporating an Auto-Regressive model and roof absolute acceleration response are hired in this study to compute a robust wavelet-based damage-sensitive feature (rDSF) and estimate engineering demand parameters (EDPs) of buildings with eccentrically braced frames (EBFs). A large database is recruited to estimate the peak and residual story drift ratios and peak floor absolute accelerations as EDPs. The database comprises cmorfb-fc wavelet-based rDSF, number of stories, building heights, and EDPs of the 4- and 8-story EBF archetypes, resulting from 44 far-field ground motions through incremental dynamic analysis. The capability of both the closed-form equations and machine learning (ML) techniques is investigated to estimate the EDPs. The predictive equations are constructed using ordinary least squares linear regression, Symbolic and Bayesian regressions. To have a more accurate estimation of EDPs, 12 renowned ML-based regression algorithms are also implemented for training, validation, and test datasets. Sensitivity analysis using box-whisker plots on the validation dataset shows that Extreme Gradient Boosted Trees (ExGBT) ensemble has a remarkable efficiency to predict the EDPs and leads to the highest 10-fold correlation coefficient and the lowest root-mean-square error. Moreover, ExGBT has the lowest median absolute relative deviation in different damage states and consequently is selected as the best surrogate algorithm. The predicted EDPs can be further exploited to map rDSF-based fragility curves, a conditional probability at each defined damage state given the value of rDSF. The comparative results for the test data approve that the predicted fragility curves approximately match with those obtained from observed data and can be used for early decision-making in emergency operations. © 2022 Elsevier Ltd",AR system identification method; Eccentrically braced frames; Estimated engineering demands parameters; Machine learning techniques; rDSF-based fragility curves; Roof absolute acceleration response; Wavelet-based rDSF,Acceleration; Damage detection; Decision making; Learning algorithms; Machine learning; Mean square error; Regression analysis; Sensitivity analysis; Structural frames; Acceleration response; AR system; AR system identification method; Damage-sensitive features; Eccentrically braced frames; Engineering demand parameters; Estimated engineering demand parameter; Feature-based; Fragility curves; Machine learning techniques; Robust wavelet-based damage-sensitive feature-based fragility curve; Roof absolute acceleration response; System identification methods; Wavelet-based robust wavelet-based damage-sensitive feature; algorithm; database; dynamic analysis; dynamic response; earthquake damage; earthquake engineering; geotechnical engineering; machine learning; seismic response; structural analysis; structural component; structural response; Roofs,10.1016/j.engstruct.2022.115290,Article,52,Scopus,2-s2.0-85146696113,,,export_54a1bd36-41a9-4277-a376-08dcc444e5bc_2026-10-06T080507.684203352.csv [derived S1u]
"Semi-Supervised Classification of Collapsed Building Using Remote Sensing, In-Placed Sensors, and Fragility Functions",A. Portillo; L. Moya; S. Santa-Cruz; N. Tarque,2023,IGARSS 2023 - 2023 IEEE International Geoscience and Remote Sensing Symposium,"In this paper, we demonstrate the application of a new methodology for rapid identification of damaged areas to the case of the 2016 Kumamoto earthquake sequence. The method aims to integrate Synthetic Aperture Radar (SAR) imagery, fragility functions, and intense ground motion maps to calibrate a neural network changes detector in SAR images. All the necessary data was collected within a remarkably short period, maintaining relevance to real-world applications. Our findings indicate that minimal labeled data, such as from just six collapsed buildings, is sufficient for optimal neural network calibration. Upon validation with third-party data, this approach achieved an 84% accuracy rate, suggesting its potential as an effective tool during the crucial post-earthquake response phase, as it can provide decision-makers with crucial information to efficiently organize and allocate resources, such as sending aid, food, and rescue squads to the most severely affected areas.",change detection;Kumamoto earthquake;regularization;SAR images;semi-supervised classification,Buildings; Earthquakes; Neural networks; Radar polarimetry; Calibration; Sensors; Satellite images,10.1109/IGARSS52108.2023.10281731,IEEE Conferences,,IEEE Xplore,,,IEEE Conferences,IEEE_S1-2_final.csv
Shadow Pattern-Enhanced Building Height Extraction Using Very-High-Resolution Image,X. Zhou; S. W. Myint,2023,IEEE Journal of Selected Topics in Applied Earth Observations and Remote Sensing,"Building height is valuable for a variety of foci in urban studies. The traditional field investigations are not practical for the updates of massive building height in a large-scale urban area. Given the relationship between building structures and their shadow sizes, the building shadow becomes practical for estimating its corresponding building height when its geometrical shape is visible in newly emerging very-high-resolution (VHR) images. However, the shadow shape of different buildings might vary significantly, posing a great challenge to determining the edge of shadow useful for predicting building height. This study proposes a shadow pattern classification system (ShadowClass) to summarize the varied shadow shapes into a number of pattern categories and employ a cutting-edge CNN model to classify the extracted shadows into a pattern for automatically determining the edge of a building shadow being useful for building height estimation. We integrated the proposed approach into two branches of the state-of-the-art approaches: shadow-based building height estimation with open cyberinfrastructure and shadow-based building height estimation with VHR image. The experimental results proved that the proposed method could be a practical solution for single and isolated buildings that have their complete shadow shape.",Building height estimation;convolutional neural networks;remote sensing image;shadow extraction;shadow pattern,Buildings; Estimation; Azimuth; Shape; Earth; Sun; Internet,10.1109/JSTARS.2022.3221146,IEEE Journals,23,IEEE Xplore,,,IEEE Journals,IEEE_S1-2_final.csv
Support vector machine for classification of households' heating type using load curves,K. Fürst; P. Chen; I. Yu-Hua Gu,2023,27th International Conference on Electricity Distribution (CIRED 2023),"The distribution system operator lacks the knowledge of the heating system used by their customers to make sound grid planning decisions. Energy declaration from buildings and the large-scale rollout of smart meters provides an excellent opportunity to classify the heating system used. This paper proposes a machine-learning-based approach using a support vector machine (SVM) with daily load curves (mean and standard deviation of consumption) extracted from smart meter measurements. Three heating types are analysed: district heating, exhaust air heat pump, and direct electric heating. The performance was compared among the classifiers using daily load curves extracted over one year, for each month, each week, and each day of the year. The highest average accuracy of 92.6% was obtained for the SVM classifier using daily load curves extracted for each week of a year as features. Furthermore, the classifier showed a higher performance than using an ensemble of SVM or random forest classifiers (90.6%/90.5%) proposed in the literature. Lastly, an error analysis of the misclassification was carried out, including building characteristics and geographical analysis.",,,10.1049/icp.2023.0547,IET Conferences,,IEEE Xplore,,,IET Conferences,IEEE_S1-2_final.csv
TOWARDS A PAN-EU BUILDING FOOTPRINT MAP BASED ON THE HIERARCHICAL CONFLATION OF OPEN DATASETS: THE DIGITAL BUILDING STOCK MODEL - DBSM,Florio P.; Giovando C.; Goch K.; Pesaresi M.; Politis P.; Martinez A.,2023,"International Archives of the Photogrammetry, Remote Sensing and Spatial Information Sciences - ISPRS Archives","This paper presents a hierarchical conflation process applied to open datasets for the creation of a seamless pan-European map of building footprints in vector format, named Digital Building Stock Model - DBSM. The objective is the sequential addition of input components (which currently include OpenStreetMap, Microsoft GlobalML Building Footprints, European Settlement Map), taking into account their limitations, and aiming at the highest level of completeness possible, for planning and evaluating energy transition scenarios at the EU level. The results indicate how DBSM compares robustly against cadastral data from Estonia, used as reference area. The comparison of DBSM with GHS-BUILT-S, a 10 metres resolution grid with worldwide coverage that encodes the built-up surface in each pixel as derived from Sentinel-2 imagery for the year 2018, reveals a relative overestimation of the latter, factored by 0.68 at the EU scale for a sound match.  © 2023 International Society for Photogrammetry and Remote Sensing. All rights reserved.",Building footprints; built-up; energy transition; open data; open maps; pan-EU maps; satellite imagery,Buildings; Large dataset; Satellite imagery; Build-up; Building footprint; Building stocks; Energy transitions; Open datum; Open maps; Pan-EU map; Sequential addition; Stock models; Vector formats; Open Data,10.5194/isprs-archives-XLVIII-4-W7-2023-47-2023,Conference paper,8,Scopus,2-s2.0-85164595584,,,export_54a1bd36-41a9-4277-a376-08dcc444e5bc_2026-10-06T080507.684203352.csv [derived S1u]
Validation of an Augmented Parcel Approach for Hurricane Regional Loss Assessments,Kijewski-Correa T.; Cetiner B.; Zhong K.; Wang C.; Zsarnoczay A.; Guo Y.; Lochhead M.; McKenna F.,2023,Natural Hazards Review,"While simulation environments for the study of community resilience are rapidly advancing, they remain constrained by the completeness of inventory data. This paper presents an augmented parcel approach leveraging various sources of open data, machine learning modules, and time-evolving rulesets to support Hazus-compatible risk assessments on a wide class of buildings under hurricane wind and flood hazards. These techniques are implemented within the open-source regional hurricane loss assessment workflow of the Natural Hazards Engineering Research Infrastructure (NHERI) SimCenter. Illustrative examples demonstrate building inventory generation in both data-rich and data-scarce environments. The study's validations of computer vision-based modules underscore the importance of training on ""in the wild""images labeled with explicit knowledge of the region and representative of architectural nuances such as carports. Validations further reveal the challenges of simplifying complex contemporary roof geometries to the simplified shapes adopted in Hazus and the criticality of accurate year built data, given the augmented parcel approach's reliance on time-evolving code-based rulesets. Published field observations collected in Lake Charles, Louisiana, following the landfall of Hurricane Laura, demonstrate that the use of an augmented parcel inventory within the SimCenter's workflow for Hazus-compatible loss assessments yields damage states consistent with ground-truth observations for minor to moderate damage states. Simulations of extreme damage states (characterized by fewer ground-truth observations) bias toward minor damage for undamaged structures and plateau at moderate damage even for severely damaged and collapsed buildings. This trend persists when considering uncertainty in hazard intensity, as well as the low rates of shutter compliance. Root causes of inconsistencies revealed in this validation exercise will require further processing of street-level panoramic images to generate more samples of severely damaged and collapsed buildings as well as post-2007 construction.  © 2023 American Society of Civil Engineers.",,Damage detection; Hazards; Open Data; Risk assessment; Collapsed buildings; Community resiliences; Damage state; Ground truth; Inventory data; Learning time; Machine learning module; Open datum; Simulation environment; Work-flows; assessment method; damage; flood; hazard assessment; hurricane event; inventory; machine learning; model validation; risk assessment; Hurricanes; MODEL,10.1061/NHREFO.NHENG-1649,Article,12,Scopus; Web of Science,2-s2.0-85153931205,WOS:001011046300012,,export_54a1bd36-41a9-4277-a376-08dcc444e5bc_2026-10-06T080507.684203352.csv [derived S1u]; S1-2 result.txt
Visual Capital: Evaluating building-level visual landscape quality at scale,Swietek A.R.; Zumwald M.,2023,Landscape and Urban Planning,"Evaluating visual landscape quality provides valuable information for urban development and spatial planning. In practice however, obtaining high resolution view-metrics and outcome data with sufficient geographic coverage has remained challenging. To overcome this limitation, we construct a scalable measure of visual landscape quality by first defining building-level view-metrics derived from a large-scale 3D representation of Switzerland's building stock. Leveraging the principle of income-sorting, we estimate visual preferences by calibrating the building level view-metrics with commune-level incomes (CLI). The learned model captures common intuition on visual preferences, i.e. attributing positive weight to lake-views, and identifies context-dependent relationships between view metrics. To contextualize the derived quantitative measure, we refer to the preference for a building's portfolio of viewpoints as a building's visual capital (VC). By assessing the supply of VC across Switzerland's entire building stock, we uncover an association between VC and the urban and natural form, where urban density and landscape topology explain the strength of view-driven-income sorting across agglomerations. We demonstrate that spatial clustering of VC varies across cities and frequently crosses administrative boundaries. Finally, we release a privacy protected version of VC at www.visualcapital.xyz, which we expect to promote future interdisciplinary studies focused on correlates of visual landscape quality (whether financial, social, environmental or physiological). © 2023 The Author(s)",3D spatial metrics; GeoAI; Natural capital; Preference; Spatial analysis; Urban economics,Switzerland; landscape planning; natural capital; spatial analysis; spatial planning; spatial resolution; urban development; urban economy; VIEW,10.1016/j.landurbplan.2023.104880,Article,17,Scopus; Web of Science,2-s2.0-85171164505,WOS:001079926000001,,export_54a1bd36-41a9-4277-a376-08dcc444e5bc_2026-10-06T080507.684203352.csv [derived S1u]; S1-2 result.txt
A building imagery database for the calibration of machine learning algorithms,Silva V.; Sousa R.; Ribeiro Gouveia F.; Lopes J.; Guerreiro M.J.,2024,Earthquake Spectra,"In the last decades, most efforts to catalog and characterize the built environment for multi-hazard risk assessment have focused on the exploration of census data, cadastral data sets, and local surveys. Typically, these sources of information are not updated regularly and lack sufficient information to characterize the seismic vulnerability of the building stock. Some recent efforts have demonstrated how machine learning algorithms can be used to automatically recognize specific architectural and structural features of buildings. However, such methods require large sets of labeled images to train, verify, and test the algorithms. This article presents a database of 5276 building images from a parish in Lisbon (Alvalade), whose buildings have been classified according to a uniform taxonomy. This database can be used for the testing and calibration of machine learning algorithms, as well as for the direct assessment of earthquake risk in Alvalade. The data are accessible through an open Github repository (DOI: 10.5281/zenodo.7625940). © The Author(s) 2024.",exposure; loss assessment; machine learning; Seismic risk; vulnerability,Calibration; Database systems; Learning algorithms; Machine learning; Population statistics; Risk assessment; Seismology; Well testing; Built environment; Census data; Exposure; Hazard risk assessments; Loss assessment; Machine learning algorithms; Machine-learning; Multi-hazards; Seismic risk; Vulnerability; Buildings; EXPOSURE MODEL; RISK,10.1177/87552930241229103,Data paper,8,Scopus; Web of Science,2-s2.0-85184924219,WOS:001215168200025,,export_54a1bd36-41a9-4277-a376-08dcc444e5bc_2026-10-06T080507.684203352.csv [derived S1u]; S1-2 result.txt
A review of building digital twins to improve energy efficiency in the building operational stage,Cespedes-Cubides A.S.; Jradi M.,2024,Energy Informatics,"The majority of Europe’s building stock consists of facilities built before 2001, presenting a substantial opportunity for energy efficiency improvements during their operation and maintenance phase. Digitalizing these buildings with digital twin technology can significantly enhance their energy efficiency. Reviewing the applications and trends of digital twins in this context is beneficial to understand the current state of the art and the specific challenges encountered when applying this technology to older buildings. This study focuses on the application of digital twins in building operations and maintenance (O & M), emphasizing energy efficiency throughout the building lifetime. A systematic process to select 21 pertinent use-case studies was performed, complemented by an analysis of six enterprise-level digital twin solutions. This was followed by an overview of general characteristics, thematic classification, detailed individual study analyses, and a comparison of digital twin solutions with commercial tools. Five main applications of digital twins were identified and examined: component monitoring, anomaly detection, operational optimization, predictive maintenance and simulation of alternative scenarios. The paper highlights challenges like the reliance on Building Information Modeling (BIM) and the need for robust data acquisition systems. These limitations hinder the implementation of digital twins, in particular in existing buildings with no digital information available. It concludes with future research directions emphasizing the development of methods not solely reliant on BIM data, integration challenges, and potential enhancements through AI and machine learning applications. © The Author(s) 2024.",Building Information Modeling (BIM); Digital twin; Energy efficiency; Energy Modeling; IoT system; Maintenance; Operation,Anomaly detection; Architectural design; Data acquisition; Information theory; Internet of things; Maintenance; 'current; Building information modeling; Building Information Modelling; Building stocks; Energy efficiency improvements; Energy model; IoT system; Operation; Operational stages; Operations and maintenance; Energy efficiency,10.1186/s42162-024-00313-7,Review,185,Scopus,2-s2.0-85186127265,,,export_54a1bd36-41a9-4277-a376-08dcc444e5bc_2026-10-06T080507.684203352.csv [derived S1u]
Amplification Coefficient Prediction and Elastic-Plastic Analysis of High-Rise Concrete Structure Based on Artificial Neural Network,G. Zhang; L. Liang,2024,2024 8th Asian Conference on Artificial Intelligence Technology (ACAIT),"Due to the difficulty of data acquisition and model construction, the current prediction amplification coefficient of high-rise concrete structures are often difficult to achieve such accuracy requirements. In order to improve the accuracy of the prediction, the paper applied the artificial neural network to the concrete structure of high-rise buildings to predict the key coefficients, and conducted the static elastic-plastic analysis. The results show that the amplification coefficient of structural stiffness predicted by coefficient of determination of 0.92, R predicted by the equivalent size amplification coefficient coefficient of determination value is 0.97. The relative error of the vertex displacement for both the output coefficient is within 1%, and the designed model has a good prediction accuracy. The accuracy and performance of the model are better, which helps to more accurately evaluate the behavior and safety of the building structures. This also supports that the structural research of high-rise buildings can be more efficient and provides the possibility of economic and safe development.",Concrete structure;elastic-plastic;Artificial neural network,Accuracy; Force; Buildings; Artificial neural networks; Predictive models; Software; Robustness; Safety; Floors; Load modeling,10.1109/ACAIT63902.2024.11022215,IEEE Conferences,,IEEE Xplore,,,IEEE Conferences,IEEE_S1-2_final.csv
Automated Mass Building Dilapidation Assessment by Triangulating Panoptic Learnt Defects with Urban Footprints,Huang Z.; Chen J.; Lu W.,2024,"Computing in Civil Engineering 2024: Sustainability, Resilience, Safety, and Education - Selected papers from the ASCE International Conference on Computing in Civil Engineering 2024","The rapid urbanization in the past century has led to a building campaign that transforms city skylines in the blink of an eye. While this massive ""concrete jungle""provides its residents with necessities to sustain a quality life, effective assessment of its condition also becomes critical as the buildings age and reach their service life. Conventional dilapidation inspection relies on tedious fieldwork, which is difficult to scale for a district or even city-wide evaluation. Leveraging existing urban big data (e.g., street view and footprint), this research aims to develop a fully automated approach for mass building dilapidation assessment. The central tenet is to triangulate AI-learnt defect features from street-side panoramas with urban footprints, which yields building-specific defective conditions. The approach was tested with a case study in a massively blighted community in Hong Kong. Results demonstrated solid performance of the approach to map dilapidated buildings for an area of 2 million m2 with high accuracy (90.4% mAP for four defect types) and efficiency (120 min). This research contributes to the field of facility management and city renewal by providing a robust and scalable solution for mass dilapidation assessment of the urban building stock.  © 2024 ASCE.",,Big data; Information use; Office buildings; Automated approach; Case-studies; Condition; Fully automated; Hong-kong; Learn+; Massive concrete; Performance; Quality life; Rapid urbanizations; Defects,10.1061/9780784486139.053,Conference paper,0,Scopus,2-s2.0-105025115301,,,export_54a1bd36-41a9-4277-a376-08dcc444e5bc_2026-10-06T080507.684203352.csv [derived S1u]
Automated Mass Building Dilapidation Assessment by Triangulating Panoptic Learnt Defects with Urban Footprints,"Huang, ZH Chen, JJ Lu, WS",2024,"COMPUTING IN CIVIL ENGINEERING 2024: SUSTAINABILITY, RESILIENCE, SAFETY, AND EDUCATION","The rapid urbanization in the past century has led to a building campaign that transforms city skylines in the blink of an eye. While this massive ""concrete jungle"" provides its residents with necessities to sustain a quality life, effective assessment of its condition also becomes critical as the buildings age and reach their service life. Conventional dilapidation inspection relies on tedious fieldwork, which is difficult to scale for a district or even city-wide evaluation. Leveraging existing urban big data (e.g., street view and footprint), this research aims to develop a fully automated approach for mass building dilapidation assessment. The central tenet is to triangulate AI-learnt defect features from street-side panoramas with urban footprints, which yields building-specific defective conditions. The approach was tested with a case study in a massively blighted community in Hong Kong. Results demonstrated solid performance of the approach to map dilapidated buildings for an area of 2 million m(2) with high accuracy (90.4% mAP for four defect types) and efficiency (120 min). This research contributes to the field of facility management and city renewal by providing a robust and scalable solution for mass dilapidation assessment of the urban building stock.",,,,Proceedings Paper,0,Web of Science,,WOS:001669970000053,,S1-2 result.txt
Automatic Detection of Feral Pigeons in Urban Environments Using Deep Learning,"Guo, ZJ He, Z Lyu, L Mao, AX Huang, ED Liu, K",2024,ANIMALS,"Simple Summary We advanced a deep learning model that significantly enhances the detection and population estimation of feral pigeons in the dynamic urban landscape of Hong Kong, employing computer vision techniques. The inherent challenges associated with pigeon concealment within complex urban structures and their high mobility necessitate a robust and effective strategy. Our improved model, Swin-Mask R-CNN with SAHI, integrates a Swin Transformer network for deep feature extraction, a feature pyramid network to enhance multi-scale learning, and three distinct detection heads for classification, bounding box prediction, and segmentation of feral pigeons, respectively. With the assistance of the Slicing-Aided Hyper Inference tool (SAHI), our model excels at detecting small-target pigeons in high-resolution images. Experimental results have demonstrated a substantial 10% increase in AP50s (average precision at 50% intersection over union) compared to the Mask R-CNN approach. This improvement signifies the immense potential of our model in dynamic pigeon detection and accurate population estimation. The success of our novel approach provides a promising solution for effectively managing urban wildlife populations.Abstract The overpopulation of feral pigeons in Hong Kong has significantly disrupted the urban ecosystem, highlighting the urgent need for effective strategies to control their population. In general, control measures should be implemented and re-evaluated periodically following accurate estimations of the feral pigeon population in the concerned regions, which, however, is very difficult in urban environments due to the concealment and mobility of pigeons within complex building structures. With the advances in deep learning, computer vision can be a promising tool for pigeon monitoring and population estimation but has not been well investigated so far. Therefore, we propose an improved deep learning model (Swin-Mask R-CNN with SAHI) for feral pigeon detection. Our model consists of three parts. Firstly, the Swin Transformer network (STN) extracts deep feature information. Secondly, the Feature Pyramid Network (FPN) fuses multi-scale features to learn at different scales. Lastly, the model's three head branches are responsible for classification, best bounding box prediction, and segmentation. During the prediction phase, we utilize a Slicing-Aided Hyper Inference (SAHI) tool to focus on the feature information of small feral pigeon targets. Experiments were conducted on a feral pigeon dataset to evaluate model performance. The results reveal that our model achieves excellent recognition performance for feral pigeons.",wildlife survey; urban ecosystems; animal welfare; computer vision; automatic counting,IMAGES,10.3390/ani14010159,Article,4,Web of Science,,WOS:001139162900001,,S1-2 result.txt
Building detection in VHR remote sensing images using a novel dual attention residual-based U-Net (DAttResU-Net): An application to generating building change maps,Khankeshizadeh E.; Mohammadzadeh A.; Mohsenifar A.; Moghimi A.; Pirasteh S.; Feng S.; Hu K.; Li J.,2024,Remote Sensing Applications: Society and Environment,"In today's era, increasing access to very high-resolution remote sensing images (VHR-RSIs) has enhanced building detection and change assessment capabilities. These applications provide accurate urban mapping, facilitate effective land management, and support disaster assessment by delivering detailed insights into building structures and their temporal changes. This study uses a two-stage process to present a pioneering approach for generating precise building maps (BMs) and subsequent building change maps (BCMs) from VHR-RSIs. The primary question addressed by the research is how to enhance the U-Net architecture to improve its sensitivity to both high-level semantic features (HLSF) and low-level spatial features (LLSF) in the building detection task. For this purpose, in the initial stage of the method, a novel deep learning model called dual attention residual-based U-Net (DAttResU-Net) is introduced. This model incorporates two significant modifications to the conventional U-Net, enhancing its capacity to yield bi-temporal BMs. Firstly, each standard convolutional block (CB) is replaced with an optimized CB incorporating a channel-spatial attention module attuned to the building objects' crucial HLSF. Secondly, an additional attention module is integrated into the encoder-decoder path of the model, heightening the sensitivity of U-Net to vital LLSF of buildings while disregarding extraneous background spatial information during the fusion of HLSF and LLSF. In the subsequent stage, the bi-temporal BMs generated by the DAttResU-Net are subjected to a box-based class-object change detection methodology to produce accurate BCMs. The effectiveness of the proposed architecture is rigorously evaluated against state-of-the-art models in both BM and BCM generation contexts, utilizing the well-established WHU dataset for experimentation. The experimental results indicated that the DAttResU-Net model, boasting an average of PFN/ PFP value of 2.33/1.34 (%) surpasses the performance of the state-of-the-art models in generating bi-temporal BMs. Furthermore, the building change detection outcomes demonstrated the proficient role of the bi-temporal BMs predicted by the proposed model in leading to the most optimal BCMs, exhibiting average PFN/ PFP value of 2.63/8.93 (%), outperforming comparative networks. Finally, we concluded that the proposed DAttResU-Net architecture is a highly promising and applicable model for producing reliable BMs and BCMs. © 2024 Elsevier B.V.",Building change map; Building detection; DAttResU-Net; VHR-RSIs,EXTRACTION,10.1016/j.rsase.2024.101336,Article,20,Scopus; Web of Science,2-s2.0-85203124427,WOS:001312744700001,,export_54a1bd36-41a9-4277-a376-08dcc444e5bc_2026-10-06T080507.684203352.csv [derived S1u]; S1-2 result.txt
"Built environments, communities, and housing price: A data-model integration approach",Wei H.; Chen Y.; Chen B.; Shi S.; Tu Y.; Xu B.,2024,Applied Geography,"The spatially heterogeneous association between built environments and housing prices is crucial for real estate management and urban governance, as it reveals residents' preferences. Despite efforts to refine the factors influencing housing prices, most studies encountered the statistical challenges brought by spatial heterogeneity, and failed to account for a city's internal heterogeneity of potential distinct mechanisms of housing prices by strata. To address this, we developed a comprehensive framework to analyze the relationship between built environments and housing prices in Guangzhou, categorizing the city into three distinct zones: exurban, suburban, and central urban areas, based on multifaceted characteristics variability. The global model shows expected results that distance to the city center and built year are the two most important factors for property prices. However, the influence of environmental visual features outweighs these two features in exurb communities, highlighting the evolving purchasing preferences with people's increasing pursuit of living environment. Additionally, the visual ratio of people and buildings is found significant to housing prices, implying buyers' preferences for “gated communities” characterized by residence complexes and limited external access. Our findings shed light on the contribution of various built environment factors to shaping the spatial pattern of housing prices, which provides potential implications for balancing “livable” built environments and “valuable” land development. © 2024",Community categories; Geospatial big data; Guangzhou; Housing price; Machine learning,China; Guangdong; Guangzhou; data set; heterogeneity; housing conditions; machine learning; urban development; urban housing; MACHINE LEARNING ALGORITHMS; SPATIAL EQUILIBRIUM; URBAN; ASSOCIATIONS; PREDICTION; AMENITIES; DYNAMICS,10.1016/j.apgeog.2024.103270,Article,24,Scopus; Web of Science,2-s2.0-85190545711,WOS:001290784700001,,export_54a1bd36-41a9-4277-a376-08dcc444e5bc_2026-10-06T080507.684203352.csv [derived S1u]; S1-2 result.txt
Comparing components for seismic risk modelling using data from the 2019 Le Teil (France) earthquake,Trevlopoulos K.; Gehl P.; Negulescu C.; Crowley H.; Danciu L.,2024,Natural Hazards and Earth System Sciences,"Probabilistic seismic hazard and risk models are essential to improving our awareness of seismic risk, to its management, and to increasing our resilience against earthquake disasters. These models consist of a series of components, which may be evaluated and validated individually, although evaluating and validating these types of models as a whole is challenging due to the lack of recognized procedures. Estimations made with other models, as well as observations of damage from past earthquakes, lend themselves to evaluating the components used to estimate the severity of damage to buildings. Here, we are using a dataset based on emergency post-seismic assessments made after the Le Teil 2019 earthquake, third-party estimations of macroseismic intensity for this seismic event, shake maps, and scenario damage calculations to compare estimations under different modelling assumptions. First we select a rupture model using estimations of ground motion intensity measures and macroseismic intensity. Subsequently, we use scenario damage calculations based on different exposure models, including the aggregated exposure model in the 2020 European Seismic Risk Model (ESRM20), as well as different site models. Moreover, a building-by-building exposure model is used in scenario calculations, which individually models the buildings in the dataset. Lastly, we compare the results of a semi-empirical approach to the estimations made with the scenario calculations. The post-seismic assessments are converted to EMS-98 (Grünthal, 1998) damage grades and then used to estimate the damage for the entirety of the building stock in Le Teil. In general, the scenario calculations estimate lower probabilities for damage grades 3-4 than the estimations made using the emergency post-seismic assessments. An exposure and fragility model assembled herein leads to probabilities for damage grades 3-5 with small differences from the probabilities based on the ESRM20 exposure and fragility model, while the semi-empirical approach leads to lower probabilities. The comparisons in this paper also help us learn lessons on how to improve future testing. An improvement would be the use of damage observations collected directly on the EMS-98 scale or on the damage scale in ESRM20. Advances in testing may also be made by employing methods that inform us about the damage at the scale of a city, such as remote sensing or data-driven learning methods fed by a large number of low-cost seismological instruments spread over the building stock.  © 2024 Konstantinos Trevlopoulos et al.",,Europe; building; comparative study; earthquake damage; earthquake event; earthquake intensity; earthquake rupture; estimation method; modeling; risk assessment; seismic data; GROUND MOTION; LOGIC-TREE; INTENSITY; HAZARD,10.5194/nhess-24-2383-2024,Article,8,Scopus; Web of Science,2-s2.0-85198964324,WOS:001271114900001,,export_54a1bd36-41a9-4277-a376-08dcc444e5bc_2026-10-06T080507.684203352.csv [derived S1u]; S1-2 result.txt
CSA-Net: Complex Scenarios Adaptive Network for Building Extraction for Remote Sensing Images,D. Yang; X. Gao; Y. Yang; M. Jiang; K. Guo; B. Liu; S. Li; S. Yu,2024,IEEE Journal of Selected Topics in Applied Earth Observations and Remote Sensing,"Building extraction is significant for the intelligent interpretation of high-resolution remote sensing images (HRSIs). However, in some complex scenarios where the features of the building and its adjacent ground objects are similar, the current segmentation model cannot distinguish them effectively. Therefore, we propose a complex scenarios adaptive network (CSA-Net) for building extraction. CSA-Net is comprised of the hierarchical-context feature extraction (HFE) module, the global-local feature interaction (GFI) module, and the multiscale-adaptive feature fusion (MFF) structure. The HFE obtains high-level semantic information at different levels and fuses it with low-level detailed information by skipping connections to enhance the reasoning and perception ability of building structure in complex scenes. Then, the GFI acquires global-local features of buildings and their surrounding environment via dense multiscale dilated convolution. The information can be shared through efficient interaction among features, and irrelevant backgrounds can be suppressed. Then, in the up-sampling process, the MFF alleviates the feature loss and enhances the robustness of the network by using feature fusion after layer-by-layer adaptive weight allocation. Experiments show that CSA-Net outperforms other comparable methods, with intersection over union values of 79.99%, 89.75%, and 73.59%, respectively, on the Google Arlinton, WHU, and Massachusetts building datasets. The visual comparison results demonstrate that our method can enhance the accuracy of building extraction in complex scenes. Meanwhile, the efficiency results indicate our approach strikes a balance between calculation parameters and time and achieves high levels of efficiency.",Attention;building extraction;deep learning;global-local features;remote sensing images,Feature extraction; Buildings; Data mining; Convolution; Semantic segmentation; Remote sensing; Accuracy,10.1109/JSTARS.2024.3413987,IEEE Journals,25,IEEE Xplore,,,IEEE Journals,IEEE_S1-2_final.csv
Cultural Heritage in Times of Crisis: Damage Assessment in Urban Areas of Ukraine Using Sentinel-1 SAR Data,Bachmann-Gigl U.; Dabiri Z.,2024,ISPRS International Journal of Geo-Information,"Cultural property includes immovable assets that are part of a nation’s cultural heritage and reflect the cultural identity of a people. Hence, information about armed conflict’s impact on historical buildings’ structures and heritage sites is extremely important. The study aims to demonstrate the application of Earth observation (EO) synthetic aperture radar (SAR) technology, and in particular Sentinel-1 SAR coherence time-series analysis, to monitor spatial and temporal changes related to the recent Russian–Ukrainian war in the urban areas of Mariupol and Kharkiv, Ukraine. The study considers key events during the siege of Mariupol and the battle of Kharkiv from February to May 2022. Built-up areas and cultural property were identified using freely available OpenStreetMap (OSM) data. Semi-automated coherent change-detection technique (CCD) that utilize difference analysis of pre- and co-conflict coherences were capable of highlighting areas of major impact on the urban structures. The study applied a logistic regression model (LRM) for the discrimination of damaged and undamaged buildings based on an estimated likelihood of damage occurrence. A good agreement was observed with the reference data provided by the United Nations Satellite Centre (UNOSAT) in terms of the overall extent of damage. Damage maps enable the localization of buildings and cultural assets in areas with a high probability of damage and can serve as the basis for a high-resolution follow-up investigation. The study reveals the benefits of Sentinel-1 SAR CCD in the sense of unsupervised delineation of areas affected by armed conflict. However, limitations arise in the detection of local and single-building damage compared to regions with large-scale destruction. The proposed semi-automated multi-temporal Sentinel-1 data analysis using CCD methodology shows its applicability for the timely investigation of damage to buildings and cultural heritage, which can support the response to crises. © 2024 by the authors.",armed conflict; change detection; coherence; cultural heritage; damage probability; logistic regression; Sentinel-1; synthetic aperture radar; Ukraine,,10.3390/ijgi13090319,Article,12,Scopus,2-s2.0-85205094714,,,export_54a1bd36-41a9-4277-a376-08dcc444e5bc_2026-10-06T080507.684203352.csv [derived S1u]
Displacement and Velocity Estimation in Building Structures Using an Algebraic Observer,J. Morales-Valdez; J. D. Avilés; M. Ramírez-Neria; L. R. Sagredo-Hernández,2024,IEEE Access,"This study addresses the problem of estimating the velocity and displacement of building structures. Initially, the dynamics of a building subject to seismic disturbance are represented using the Euler-Bernoulli beam model. Subsequently, the model is discretized into a finite number of floors through a modal coordinate transformation that produces a set of decoupled dynamics for each story of the building. The Algebraic Observer (AO) takes advantage of this property to ensure the Algebraic Observability Conditions (AOC). This approach allows the representation of velocity and displacement terms as functions of the available acceleration measurements. One notable advantage of the proposed observer is that, due to its design, it does not require tuning of gains to achieve the convergence property. This observer’s simplicity of implementation for practical purposes is another noteworthy characteristic. Note that, to minimize the effect of the measurement noise, iterated integrals of the measured acceleration are introduced to mitigate high-frequency noise. In contrast, second-order filters are employed for low-frequency noise. Finally, the experimental demonstration of the effectiveness and accuracy of this estimation method is conducted using a reduced-scale five-story building prototype.",Algebraic observer;acceleration measurement;building structure;state estimation,Observers; Buildings; Noise measurement; Accelerometers; Uncertainty; Seismic measurements; Observability; State estimation; Estimation; Structural engineering,10.1109/ACCESS.2024.3398053,IEEE Journals,1,IEEE Xplore,,,IEEE Journals,IEEE_S1-2_final.csv
EUROPEAN MACROSEISMIC SCALE 1998 (EMS-98) APPLICATION TO THE TARGET REGION OF SERAMAR PROJECT MIRRORING THE 2023 EARTHQUAKE SEQUENCE,Abrahamczyk L.; Schwarz J.; Genes M.C.; Gülkan P.; Langhammer T.; Kaufmann C.,2024,World Conference on Earthquake Engineering proceedings,"The description of building vulnerability and reliable damage prognoses for different impact levels are the key elements for seismic risk studies, especially in the case of the assessment of a whole building stock. Within the different phases of the Turkish–German joint research project on Seismic Risk Assessment and Mitigation in the Antakya–Maras, Region – SERAMAR, the region’s specific earthquake hazard and fault situation were assessed; the vulnerability of the building stock was assigned by street view inspection based on European Macroseismic Scale 1998 (EMS-98). Assigned vulnerability classes recognize structural particularities and design defects within optimistic, pessimistic and most likely scenarios. In addition, the social vulnerability and resilience to earthquake disasters have been studied and could be overlapped to the damage prognosis as the major outcome of intensity based scenarios assuming the epicenter close to the city center or along existing fault lines. The ancient city of Antakya, also known as the historic Antioch on the Orontes, lies in the southernmost tip of Turkey, and its development has extended over an alluvial plain through which the river Asi flows. The building damage and casualties of several different intensities of earthquake scenarios had been estimated for the purpose of qualified planning decisions by regional authorities. Judging from historical precedence, major earthquakes on the branch of the Dead Sea–East Anatolian fault system have a real potential for occurrence in the city. The devastating February 2023 Kahramanmaras earthquake sequence affecting Turkey and Syria caused tremendous damage within the Antakya region and especially to the target region of SERAMAR project where a detailed survey of the building stock has been performed. For the first time, such a unique database and the previously derived scenarios can be validated. The paper mirrors the results of the SERAMAR project in the light of the shaking effects of the February 2023 earthquake sequence. Aspects like assignment of EMS-Intensity in case of cascading events, the adoption of shake maps calibrated to the observation and the reliability of risk studies will be addressed. Focusing on previously instrumented and numerically investigated buildings, representative RC and masonry types are considered enabling the comparison to existing fragility functions. On this basis, the differences between empirical and analytical damage prognosis are discussed. © 2024, International Association for Earthquake Engineering. All rights reserved.",,Buildings; Disasters; Earthquake effects; Masonry materials; Seismic response; Building stocks; Building vulnerabilities; Damage prognosis; Earthquake sequences; Key elements; Macroseismic; Seismic risk; Seismic risk mitigation; Target regions; Turkishs; Earthquake engineering,,Book chapter,0,Scopus,2-s2.0-105027916877,,,export_54a1bd36-41a9-4277-a376-08dcc444e5bc_2026-10-06T080507.684203352.csv [derived S1u]
Evaluating and strengthening low-rise reinforced concrete buildings constructed in Nepal,Bhusal B.; Pradhananga A.; Paudel S.; Najam F.A.,2024,Structures,"In Nepal, the reinforced concrete (RC) frame system is commonly used to construct low-rise buildings. In last three decades, a significant number of such buildings were proportioned and constructed in accordance with Nepal National Building Code NBC 205:1994 and NBC 205:2012—also known as the Mandatory Rule of Thumb (MRT). In the aftermath of 2015 Gorkha Earthquake (Mw 7.8) which resulted in large scale social and economic losses, the efforts to formulate improved seismic design provisions led to the development of NBC 105:2020. Considering that MRT-designed low-rise RC frame buildings still constitute a significant part of existing building stock, this study is aimed to conduct a comparative seismic performance evaluation of several case study structures under a comprehensive set of ground motions. Using the nonlinear analysis and seismic fragility assessment of four low-rise RC frame buildings (designed using all three code versions), it is shown that the structural performance and seismic losses can be significantly reduced by following NBC 105:2020 provisions. Several retrofitting solutions are also explored to improve the seismic performance of buildings designed using MRT. It is shown that the concrete or steel jacketing of RC columns can significantly increase the lateral strength and energy dissipation, and reduce the damage probability of such buildings. Lastly, based on the developed results, a machine learning approach is employed to correlate the peak ground acceleration with structural drifts for convenient practical applications. © 2024 Institution of Structural Engineers",Machine learning; Mandatory rule of thumb (MRT); Nepal National Building Code (NBC); RC frame buildings; Resilient buildings; Seismic fragility analysis; Seismic vulnerability assessment,Acceleration; Concrete buildings; Earthquakes; Energy dissipation; Losses; Machine learning; Nonlinear analysis; Reinforced concrete; Seismic waves; Structural analysis; Machine-learning; Mandatory rule of thumb; National Building Code; Nepal national building code; Reinforced concrete frame buildings; Resilient building; Rule of thumb; Seismic fragility analysis; Seismic vulnerability; Seismic vulnerability assessment; Vulnerability assessments; Seismic design; STRESS-STRAIN MODEL; NONLINEAR-ANALYSIS; RC BUILDINGS; EARTHQUAKE; PERFORMANCE,10.1016/j.istruc.2024.106388,Article,10,Scopus; Web of Science,2-s2.0-85190090423,WOS:001229714200001,,export_54a1bd36-41a9-4277-a376-08dcc444e5bc_2026-10-06T080507.684203352.csv [derived S1u]; S1-2 result.txt
Extreme wind speed prediction of typhoon for southeast coastal cities and offshore areas of China; [我国东南沿海城市和近海海域的台风极值风速预测],Huang M.; Du H.; Wang Q.; Wang L.; Bian R.; Zhang H.; Zhao M.; Guo Y.,2024,Jianzhu Jiegou Xuebao/Journal of Building Structures,"Typhoons severely affect the southeast coastal region of China, and it is significant to carry out typhoon simulation and its extreme wind speed prediction to refine the evaluation of typhoon hazard in the southeast coastal cities and offshore oceans of China. A full track typhoon simulation method based on the random forest typhoon models was adopted to carry out stochastic simulation of typhoons originated in the northwest Pacific Ocean, and the reliability and applicability of the typhoon simulation method were verified by historical typhoon observations. Combining with the three-dimensional spatial parameterized typhoon wind field model, the extreme typhoon wind speeds with different return periods for nine coastal cities in southeastern China were predicted. It is found that the Generalized Extreme Value (GEV-Ⅲ) distribution could better describe the characteristics of the typhoon extreme wind speed distribution. The typhoon design wind speed results are compared with the GB 50009—2012 ‘Load code for the design of building structures’ and existing studies, which verifies the reliability of the typhoon simulation results, and it can be found that the typhoon design wind speed of low-latitude cities has not exceeded the code-recommended values, while those of high-latitude cities is slightly higher than the code value. Based on the results of typhoon full path simulation and extreme wind speed estimation, the design wind speed map in southeastern China was obtained, which visually reflects that Taiwan Island and its eastern offshore areas may suffer the greatest typhoon hazard, and the eastern part of Zhejiang Province, the region from southern Fujian Province to Guangdong Province, and the southern part of Hainan Province are also facing greater typhoon hazard risk. © 2024 Science Press. All rights reserved.",extreme value distribution; extreme wind speed; full-track model; random forest; typhoon,Forestry; Hazards; Hurricanes; Offshore oil well production; Risk perception; Stochastic systems; Storms; Wind speed; Coastal cities; Design wind speed; Extreme value distributions; Extreme wind speed; Full-track model; Offshore area; Random forests; Southeastern china; Track modeling; Wind speed prediction; Stochastic models,10.14006/j.jzjgxb.2023.0275,Article,5,Scopus,2-s2.0-85196075578,,,export_54a1bd36-41a9-4277-a376-08dcc444e5bc_2026-10-06T080507.684203352.csv [derived S1u]
Harnessing machine learning algorithms to unveil energy efficiency investment archetypes,Koutsandreas D.; Keppo I.,2024,Energy Reports,"Increasing transparency about the performance of different projects is crucial to reducing the heterogeneity in the energy efficiency services market, thereby upscaling investments. In this context, machine learning algorithms could assist in identifying and analyzing energy efficiency project archetypes, although this field has so far been explored with a limited view in the literature. This paper aims to address this gap by identifying energy efficiency investment families and the determinant factors of the classification scheme, using machine learning. In this effort, it hinges on a wide range of indicators from implemented projects around Europe and the USA, including investment profitability, initial investment, risk of failure, intervention type, life measure, region of implementation and building type. The analysis employs two clustering approaches, namely Partitioning Around Medoids (PAM) and K-means, determining the number of clusters based on the Silhouette index and total within-cluster sum of squares. The results indicate that energy efficiency investments can be classified into three categories: (i) ""junk investments"", characterized by low-profitability (IRR similar to 10%), moderate risk, and extended horizons; (ii) ""safe profitability"", distinguished by high profitability (IRR similar to 30%) and minimal risk; and (iii) ""high stakes"", described by exceptionally high profitability (IRR similar to 40%), coupled with a substantial risk. Next to profitability and risk of failure, also energy efficiency intervention and building type (sector) emerge among the most influential factors in the classification scheme. Feature importance shows a significant sensitivity to the chosen classification model.",Classification models; Clustering analysis; Investment ensembles; Supervised learning; Unsupervised learning,Contrastive Learning; Federated learning; Self-supervised learning; Building types; Classification models; Classification scheme; Clustering analysis; Energy; Energy efficiency investments; Investment ensemble; Machine learning algorithms; Performance; Risk of failure; Adversarial machine learning; NETWORK,10.1016/j.egyr.2024.09.009,Article,3,Scopus; Web of Science,2-s2.0-85203496238,WOS:001315023800001,,export_54a1bd36-41a9-4277-a376-08dcc444e5bc_2026-10-06T080507.684203352.csv [derived S1u]; S1-2 result.txt
Investigating the Surface Damage to Fuzhou’s Ancient Houses (Gu-Cuo) Using a Non-Destructive Testing Method Constructed via Machine Learning,Zhang L.; Chen Y.; Zheng L.; Yan B.; Zhang J.; Xie A.; Lou S.,2024,Coatings,"As an important part of traditional Chinese architecture, Fuzhou’s ancient houses have unique cultural and historical value. However, over time, environmental factors such as efflorescence and plant growth have caused surface damage to their gray brick walls, leading to a decline in the quality of the buildings’ structure and even posing a threat to the buildings’ safety. Traditional damage detection methods mainly rely on manual labor, which is inefficient and consumes a lot of human resources. In addition, traditional non-destructive detection methods, such as infrared imaging and laser scanning, often face difficulty in accurately identifying specific types of damage, such as efflorescence and plant growth, on the surface of gray bricks and are easily hampered by diverse surface features. This study uses the YOLOv8 machine learning model for the automated detection of two common types of damage to the gray brick walls of Fuzhou’s ancient houses: efflorescence and plant growth. We establish an efficient gray brick surface damage detection model through dataset collection and annotation, experimental parameter optimization, model evaluation, and analysis. The research results reveal the following. (1) Reasonable hyperparameter settings and model-assisted annotation significantly improve the detection accuracy and stability. (2) The model’s average precision (AP) is improved from 0.30 to 0.90, demonstrating good robustness in detecting complex backgrounds and high-resolution real-life images. The F1 value of the model’s gray brick detection efficiency is improved (classification model performance index) from 0.22 to 0.77. (3) The model’s ability to recognize the damage details of gray bricks under high-resolution conditions is significantly enhanced, demonstrating its ability to cope with complex environments. (4) The simplified data enhancement strategy effectively reduces the feature extraction interference and enhances the model’s adaptability in different environments. © 2024 by the authors.",architectural heritage; Fuzhou City; machine learning; non-destructive detection; surface damage,,10.3390/coatings14111466,Article,4,Scopus,2-s2.0-85210248280,,,export_54a1bd36-41a9-4277-a376-08dcc444e5bc_2026-10-06T080507.684203352.csv [derived S1u]
LCA Calculation of Retrofitting Scenarios Using Geometric Model Reconstruction and Semantic Enrichment of Point Clouds and Images,Forth K.; Noichl F.; Borrmann A.,2024,"Computing in Civil Engineering 2023: Visualization, Information Modeling, and Simulation - Selected Papers from the ASCE International Conference on Computing in Civil Engineering 2023","To achieve global climate goals, a greater focus needs to be on the energy-efficient conversion of the existing building stock in industrialized countries. To prioritize the retrofitting scenarios of large stocks of existing buildings, holistic life-cycle assessments (LCA) help to consider the environmental impacts in the decision-making. To enable the effortless creation of large building stock information, we propose a methodology to automatically create semantically rich 3D models for calculating the LCA of retrofitting variants. Robustness is achieved by providing flexibility toward input data, for example, geometric reconstruction based on different point clouds, such as laser scans, drone-based photogrammetry, or derived from Google Maps. Similarly, various image sources are used for the semantic enrichment of windows, such as from hand-held devices or Google Street View. Using a case study, we compare the performance of the geometric reconstruction, test window detection, and calculate first LCA results. © 2024 Computing in Civil Engineering 2023: Visualization, Information Modeling, and Simulation - Selected Papers from the ASCE International Conference on Computing in Civil Engineering 2023. All rights reserved.",,Decision making; Energy efficiency; Environmental impact; Geometry; Image reconstruction; Retrofitting; Semantics; Building stocks; Decisions makings; Energy efficient; Geometric models; Global climates; Industrialized countries; Model semantics; Modeling reconstruction; Point-clouds; Semantic enrichment; Life cycle,10.1061/9780784485231.047,Conference paper,3,Scopus,2-s2.0-85184279067,,,export_54a1bd36-41a9-4277-a376-08dcc444e5bc_2026-10-06T080507.684203352.csv [derived S1u]
LCA Calculation of Retrofitting Scenarios Using Geometric Model Reconstruction and Semantic Enrichment of Point Clouds and Images,"Forth, K Noichl, F Borrmann, A",2024,"COMPUTING IN CIVIL ENGINEERING 2023-VISUALIZATION, INFORMATION MODELING, AND SIMULATION","To achieve global climate goals, a greater focus needs to be on the energy-efficient conversion of the existing building stock in industrialized countries. To prioritize the retrofitting scenarios of large stocks of existing buildings, holistic life-cycle assessments (LCA) help to consider the environmental impacts in the decision-making. To enable the effortless creation of large building stock information, we propose a methodology to automatically create semantically rich 3D models for calculating the LCA of retrofitting variants. Robustness is achieved by providing flexibility toward input data, for example, geometric reconstruction based on different point clouds, such as laser scans, drone-based photogrammetry, or derived from Google Maps. Similarly, various image sources are used for the semantic enrichment of windows, such as from hand-held devices or Google Street View. Using a case study, we compare the performance of the geometric reconstruction, test window detection, and calculate first LCA results.",,,,Proceedings Paper,2,Web of Science,,WOS:001175569900047,,S1-2 result.txt
"Machine learning-based price prediction for thermal insulation materials: A holistic approach integrating thermophysical, technical, and environmental attributes in the Greek construction market",Papachatzis K.,2024,Energy and Buildings,"This study underscores the pressing need to accelerate the energy transition in existing housing to meet the EU's decarbonization targets. It examines the correlation between thermophysical, technical, and environmental properties of thermal insulation materials and their commercial prices in Greece. Utilizing a dataset of 500 products from technical leaflets, Environmental Product Declarations (EPDs), and market surveys, the study developed six prediction models for material retail prices. A novel aspect of this research lies in quantifying the economic ramifications of insulation material properties through supervised machine learning (ML) techniques. Accurate price prediction models can provide practical applications across stakeholders, including cost estimations for designers, customized recommendations for homeowners, pricing tools for traders, optimization of manufacturing processes, support for policymaking, educational resources for construction professionals, and improved energy efficiency certification payback estimations. Feature analysis showed that total Global Warming Potential (GWP) significantly influences material prices. The Ensemble of Trees and Gaussian Process Regression (GPR) models demonstrated robust performance, with high R2 values of 0.95 in validation and 0.95/0.93 in test sets, indicating reliability without overfitting. Recommendations include integrating more predictors, collaborative model approaches, regular updates, and adopting federated learning techniques for enhanced data privacy and stakeholder cooperation. © 2024 Elsevier B.V.",Building stock energy renovation; Decision-making; Price prediction; Supervised machine learning; Thermal insulation materials,Cost estimating; Prediction models; Self-supervised learning; Building stock energy renovation; Building stocks; Decisions makings; Energy; Holistic approach; Machine-learning; Price prediction; Supervised machine learning; Thermal insulation materials; Thermophysical; Thermal insulation; COMPRESSIVE STRENGTH PREDICTION; LIFE-CYCLE ASSESSMENT; REGRESSION-ANALYSIS; CONCRETE; PERFORMANCE,10.1016/j.enbuild.2024.114899,Article,11,Scopus; Web of Science,2-s2.0-85206634090,WOS:001340130100001,,export_54a1bd36-41a9-4277-a376-08dcc444e5bc_2026-10-06T080507.684203352.csv [derived S1u]; S1-2 result.txt
Machine Learning Ensemble Methodologies for the Prediction of the Failure Mode of Reinforced Concrete Beam–Column Joints,Karabini M.; Karampinis I.; Rousakis T.; Iliadis L.; Karabinis A.,2024,Information (Switzerland),"One of the most critical aspects in the seismic behavior or reinforced concrete (RC) structures pertains to beam–column joints. Modern seismic design codes dictate that, if failure is to occur, then this should be the ductile yielding of the beam and not brittle shear failure of the joint, which can lead to sudden collapse and loss of human lives. To this end, it is imperative to be able to predict the failure mode of RC joints for a large number of structures in a building stock. In this research effort, various ensemble machine learning algorithms were employed to develop novel, robust classification models. A dataset comprising 486 measurements from real experiments was utilized. The performance of the employed classifiers was assessed using Precision, Recall, F1-Score, and overall Accuracy indices. N-fold cross-validation was employed to enhance generalization. Moreover, the obtained models were compared to the available engineering ones currently adopted by many international organizations and researchers. The novel ensemble models introduced in this research were proven to perform much better by improving the obtained accuracy by 12–18%. The obtained metrics also presented small variability among the examined failure modes, indicating unbiased models. Overall, the results indicate that the proposed methodologies can be confidently employed for the prediction of the failure mode of RC joints. © 2024 by the authors.",beam–column joints; ensemble; failure mode prediction; machine learning; reinforced concrete; beam-column joints,Columns (structural); Concrete beams and girders; Earthquake effects; Joints (structural components); Reinforcement learning; Seismic response; Beam-column joints; Brittle shear failure; Ensemble; Failure mode prediction; Human lives; Machine-learning; Reinforced concrete beam-column joints; Reinforced concrete structures; Seismic behaviour; Seismic design code; Seismic design; CLASSIFICATION; REGRESSION,10.3390/info15100647,Article,7,Scopus; Web of Science,2-s2.0-85207506093,WOS:001342789800001,,export_54a1bd36-41a9-4277-a376-08dcc444e5bc_2026-10-06T080507.684203352.csv [derived S1u]; S1-2 result.txt
MFBFS：A fine-grained building feature set for high-resolution multispectral remote sensing images; [MFBFS：高分辨率多光谱遥感影像细粒度建筑物特征集],Wang Z.; Zhou Y.; Wang F.; Wang S.; Gao G.; Zhu J.; Wang P.; Hu K.,2024,National Remote Sensing Bulletin,"Building information extraction from remote sensing images plays an essential role in urban information management and disaster prevention and mitigation. This study establishes a fine-grained building feature set, namely, MFBFS, for high-resolution multispectral remote sensing images. MFBFS uses the domestically produced Gaofen-2 multispectral remote sensing images as data source and selects 21 districts and counties with concentrated buildings in various disaster zones in China, covering 3668 km2 as the study area. These regions include Yongjia County, Xuwen County, and Wanning City in the southeastern coastal disaster belt; Ning'an City, Kaiyuan City, Laiyuan County, Shouguang City, Xinxiang County, Lujiang County, Hengdong County, and Songbei District in the eastern disaster belt; Daning County, Enshi City, Tengchong City, and Shuicheng County in the central disaster belt; Kashgar City, Yizhou District, and Pingluo County in the northwest disaster belt; and Diebu County, Yushu City, and Milin County in the Qinghai–Tibetan disaster belt. To obtain high-quality and high-resolution remote sensing images, a series of preprocessing procedures was applied to the Gaofen-2 images. Initially, poor-quality images were removed, followed by radiometric and orthorectification corrections on multispectral and panchromatic images, respectively. Finally, the panchromatic images were fused to enhance the spatial resolution of the multispectral images, resulting in a spatial resolution of 0.8 m. Seventeen feature components were generated from four perspectives: spectral, texture, edge, and index. Spectral features include features from the blue, green, red, and near-infrared bands. Texture features consist of contrast, dissimilarity, homogeneity, correlation, angular second moment, local binary pattern, and histogram of oriented gradients. Edge features comprise first-order and multi-order edge characteristics. Index features include building, shadow, vegetation, and water indexes. MFBFS encompasses over 260000 building instances, ensuring high intra-class diversity in terms of size, shape, color, orientation, background, and structural type. These instances are classified into three structural types, namely, steel and reinforced concrete, masonry, and block stone structures, significantly reflecting the abilities of buildings to resist disasters and their usable lifespans. The fine-grained design will cause the task of extracting buildings through remote sensing to play a greater role, particularly in pre-disaster loss prediction and post-disaster loss assessment in the disaster field. Rigorous quality control processes and field inspections were conducted to ensure the high accuracy of ground truth values. This procedure involved adherence to interpretation standards and inviting data inspectors and remote sensing image experts to assess the quality of remote sensing images and corresponding ground truth values. Ultimately, 191 GB of high-quality feature and label data were obtained. Each of the 17 feature components comprises 11005 512×512-sized feature maps with a spatial resolution of 0.8 m, uniformly expanded to a value range of [0,1]. Initial deep learning experiments demonstrate the effectiveness of MFBFS. This feature set, available for download athttps://github. com/WangZhenqing-RS/MFBFS, provides robust data support for fine-grained building structure extraction research and promotes the development of domestic high-resolution remote sensing data applications. © 2024 Science Press. All rights reserved.",building extraction; feature sets; fine-grained categories; high-resolution remote sensing; multispectral imagery,Bars (metal); Confocal microscopy; Geological surveys; Geopolymer concrete; Image retrieval; Light weight concrete; Mortar; Optical flows; Particle board; Photointerpretation; Photomapping; Pixels; Shear walls; Thermography (imaging); Window screens; Windows; Building extraction; Features sets; Fine grained; Fine-grained category; High resolution; High resolution remote sensing; Multispectral imagery; Multispectral remote sensing image; Remote sensing images; Spatial resolution,10.11834/jrs.20243526,Article,1,Scopus,2-s2.0-85213275698,,,export_54a1bd36-41a9-4277-a376-08dcc444e5bc_2026-10-06T080507.684203352.csv [derived S1u]
Modeling and Performance Analysis of Vertical Heterogeneous Networks Under 3D Blockage Effects and Multiuser MIMO Systems,D. Alkama; M. Azni; M. A. Ouamri; X. Li,2024,IEEE Transactions on Vehicular Technology,"In dense cities, vertical heterogeneous networks (VHetNets) operating in the millimeter wave (mmWave) bands can deliver massive data rates and bridge coverage gaps, but are prone to 3D blockages and suffer from high penetration loss. Drawing on stochastic geometry theory, this paper studies the downlink performance in a mmWave network of Ground Bases Stations (GBSs) assisted by a finite number of Unmanned Aerial Vehicle (UAV)-Base Stations (UBSs) under 3D blockage effects of buildings. The UBSs are distributed according to Binomial Point Process within a bounded circular area. To mitigate the significant propagation loss, we deploy multiuser multiple-input-multiple-output (MU-MIMO) at the UBS. The buildings are modeled by a Boolean scheme of rectangles with a height following exponential distribution. To depict a hotspot scenario, the users (UEs) distribution is modeled as a Thomas Cluster Process and gathered around the GBSs. Then, we have developed formulas for LoS/NLoS probabilities, that take into account the density, height, and area of blockages. Assuming shadowing, Nakagami-m fading channels, and using the gamma approximation, we evaluate the coverage probability and area spectral efficiency (ASE). In addition, a 3D beamforming analysis is performed. The analytical results are validated through Monte Carlo simulations. The findings reveal that in dense areas, UBSs can improve performance with an optimal number, altitude, and tilt angle, that depend on the target area and the city's blockage density index. Furthermore, MU-MIMO transmission enhances the ASE.",3D blockage effects;binomial point process;LoS/NLoS;MU-MIMO;stochastic geometry;UAV,Three-dimensional displays; Millimeter wave communication; Buildings; Solid modeling; Autonomous aerial vehicles; MIMO; Analytical models,10.1109/TVT.2024.3366655,IEEE Journals,10,IEEE Xplore,,,IEEE Journals,IEEE_S1-2_final.csv
Multivariate Testing of Sampling Techniques to Address Class Imbalance in Building Use Type Classification,Adams D.S.; Hauser T.; Yang H.L.; Li P.,2024,GeoAI 2024 - Proceedings of the 7th ACM SIGSPATIAL International Workshop on AI for Geographic Knowledge Discovery,"This study addresses the challenges inherent in building use type classification, particularly focusing on the issue of class imbalance in the training datasets for machine learning classifiers. We comprehensively analyze the efficacy of various class-balancing sampling techniques. Employing Monte Carlo simulations and Bayesian optimization, we evaluated the performance of multiple sampling methods, including Random Oversampling, Random Undersampling, SMOTE, Borderline-SMOTE, and ADASYN, across a dataset encompassing nine southeastern coastal states of the United States. Our findings reveal that simple random over-and undersampling techniques outperform more sophisticated methods. Additionally, we show inherent value in creating an imbalance in training data to effectively train a machine learning classifier for distinguishing between residential and nonresidential buildings. This study provides valuable guidance for future research on building use type classification research and lays essential groundwork for developing attribute-rich building stock datasets.  © 2024 Copyright held by the owner/author(s).",Building Use Type; Class Imbalance; Machine Learning; Monte Carlo; Sampling Techniques,Contrastive Learning; Building use type; Class imbalance; In-buildings; Learning classifiers; Machine-learning; Monte carlo; Monte Carlo's simulation; Sampling technique; Training dataset; Type classifications; Adversarial machine learning,10.1145/3687123.3698282,Proceedings Paper,2,Scopus; Web of Science,2-s2.0-85215089506,WOS:001443033200003,,export_54a1bd36-41a9-4277-a376-08dcc444e5bc_2026-10-06T080507.684203352.csv [derived S1u]; S1-2 result.txt
NATIONAL SEISMIC RISK ASSESSMENT: THE MARS MODEL FOR ITALY,Lagomarsino S.; Masi A.,2024,World Conference on Earthquake Engineering proceedings,"In 2018 the Italian Civil Protection Department (DPC) developed the National Risk Assessment, following the request of the European Commission to all EU Member States to periodically adjourn the assessment of disaster risk related to the specific requirement of the Sendai Framework for Disaster Risk Reduction 2015–2030. The seismic risk assessment was the result of the implementation of some vulnerability models, developed by different research groups (Dolce et al., 2021), in the web-GIS platform IRMA (Italian Risk Maps), developed by EUCENTRE (Borzi et al., 2021). The above-mentioned activity highlighted all the critical issues posed by this special session. Therefore, a purposely set up project named MARS (MAps of Seismic Risk) was funded by DPC and carried out by ReLUIS, under the Authors’ coordination (Masi et al., 2021). The MARS Project was developed by about 30 research groups to get a seismic risk assessment based on a wide consensus of the scientific community. Different vulnerability models, derived by empirical, mechanical, numerical or heuristic approaches, have been integrated taking into account all available information on soil conditions, exposure, and structural features of the building stock. Residential buildings have been classified by the taxonomy of ISTAT census data (structural material, building age and number of stories), and a set of fragility curves have been provided by each research group. A new vulnerability metric, based on the EMS-98 vulnerability classes, was developed, which allows to compare and integrate all models to get a shared set of fragility curves for each building type that include both the intrinsic dispersion due to the paucity of data and the epistemic model uncertainty. In addition to the residential building stock, the MARS project is currently developing at national scale seismic risk models for specific strategic buildings (such as schools, hospitals, warehouses), churches and bridges. © 2024, International Association for Earthquake Engineering. All rights reserved.",,Earthquake effects; Emergency rooms; Hotels; Houses; Motels; Risk assessment; Seismic design; Civil protection; Disaster risk reductions; European Commission; Fragility curves; Research groups; Risk modeling; Risks assessments; Seismic risk; Seismic risk assessment; Vulnerability models; Apartment houses,,Book chapter,0,Scopus,2-s2.0-105027916590,,,export_54a1bd36-41a9-4277-a376-08dcc444e5bc_2026-10-06T080507.684203352.csv [derived S1u]
"Optimizing Building Footprint Extraction from UAV Imagery Using Pretrained Deep Learning Models: A Case Study in University of Phayao, Thailand",K. Maomool; S. Suttara; S. Lerk-u-suke,2024,2024 Geoinformatics for Spatial-Infrastructure Development in Earth and Allied Sciences (GIS-IDEAS),"This study investigates an optimization of deep learning models, the ArcGIS pretrained model (Building Foorprint Extraction-USA), for detecting building footprints from UAV orthorectified images, emphasizing the influence of parameters including threshold, padding, and tile size. Experimental results show increasing the threshold value significantly reduces the false positives, with higher thresholds (0.7-0.9) achieving correctness levels of up to 90%, while the lower threshold values result in correctness around 40-60%. Padding values of 600–800 improve detection accuracy by minimizing false positives through the acquisition of additional contextual information surrounding building structures. Additionally, larger tile sizes improve detection efficiency, while smaller tiles provide finer resolution but can increase false positives. The findings reveal that balancing these parameters is critical for optimizing building footprint extraction, contributing valuable insights for geospatial analysis in urban planning and remote sensing applications.",deep learning;pretrained model;building footprint;segmentation;extraction,Deep learning; Adaptation models; Accuracy; Sensitivity; Tiles; Buildings; Feature extraction; Autonomous aerial vehicles; Geospatial analysis; Context modeling,10.1109/GIS-IDEAS63212.2024.10990873,IEEE Conferences,,IEEE Xplore,,,IEEE Conferences,IEEE_S1-2_final.csv
PECo: A Point-Edge Collaborative Framework for Global-Aware Urban Building Contouring From Unstructured Point Clouds,S. Di; H. Deng; D. Chen; X. Mao; Y. Zou; L. Wu; Y. Guo; Y. Lin; L. Zhang,2024,IEEE Transactions on Geoscience and Remote Sensing,"The building contours, as one of the most important features for representing geometry, are widely used in various applications including urban modeling and reconstruction. Automatic extraction of high-fidelity compact contours from unstructured point clouds is rather challenging, and the existing methods are limited in generating global-aware and artifact-free building contours. Here, we approach contour extraction as a Bayesian inference problem. Two ideas are proposed to obtain building contour points and edges directly from unstructured point clouds. First, we construct a point-edge collaborative (PECo) Bayesian framework to couple the information of contour points and contour edges. The developed model fully takes local contour features, global edge structures, and global geometric priors into account. Second, given the Bayesian framework for building contouring, we leverage an expectation maximization (EM) algorithm to iteratively infer the contour edges in a maximum posteriori manner. The alternate EM iterations between point and edge domains progressively refine the local pointwise information to a global representation of contour edges. As a result, a synergistic effect between the point features and edge structures for global-aware building contouring is attained. Our approach outperforms the state-of-the-art methods in terms of geometric accuracy and structural compactness in modeling buildings with various complexities. Furthermore, the compactness of the contouring results can be more flexible and easily controlled.",Building contouring;building reconstruction;global structure optimization;light detection and ranging (LiDAR) point clouds,Buildings; Point cloud compression; Image edge detection; Three-dimensional displays; Feature extraction; Geometry; Bayes methods,10.1109/TGRS.2023.3342807,IEEE Journals,1,IEEE Xplore,,,IEEE Journals,IEEE_S1-2_final.csv
Phy-LInformers approach toward structural seismic response prediction,Guo M.; Zhang X.; Zhao L.; Zhang Q.,2024,CAAI Transactions on Intelligent Systems,"In order to accurately assess the dynamic and ductile properties of building structures under seismic action and to promote the construction of resilient cities and towns, in this study, we introduce a novel deep learning framework denoted as Phy-LInformers, which integrates long short-term memory (LSTM), Transformer-based model Informer, and prior physical knowledge to achieve precise prediction of nonlinear seismic responses in building structures. The central concept of Phy-LInformers lies in fusing the Encoder and Decoder architectures of Informer, while integrating LSTM within the Decoder component to forecast preceding historical states of the building. Meanwhile, the learning space of the Phy-LInformers’ training process is instructed and constrained by encoding existing physical knowledge (e.g., state dependencies between predictor variables and motion control equations, etc.) into the loss function. And at the same time, the prediction performance of the deep learning model is improved with limited training data. Subsequently, the satisfactory performance of the proposed framework is successfully demonstrated through two illustrative examples. The results demonstrate that the proposed Phy-LInformers is a nonlinear seismic response prediction method with better robustness and superior prediction performance, which can still accurately predict the dynamic response of a structure under seismic excitation even with very few training samples (e.g., only 10 samples). This feature makes PhyLInformers feasible for engineering practice and shows promising application prospects in the field of seismic performance evaluation of building structures. © 2024, Editorial Department of CAAI Transactions on Intelligent Systems. All rights reserved.",few shot learning; Informer; long short-term memory; Phy-LInformers; physical knowledge; physics-informed deep learning; seismic response prediction; time series forecasting,,10.11992/tis.202404002,Article,2,Scopus,2-s2.0-85211368610,,,export_54a1bd36-41a9-4277-a376-08dcc444e5bc_2026-10-06T080507.684203352.csv [derived S1u]
Prediction of residential and non-residential building usage in Germany based on a novel nationwide reference data set,Hartmann A.; Behnisch M.; Hecht R.; Meinel G.,2024,Environment and Planning B: Urban Analytics and City Science,"Building usage is an important variable in modelling the energetic, material and social properties of a building stock. Gathering this data on large geographical scale, and in the necessary temporal and spatial resolution, that means, on building level, is a challenging task. Machine Learning algorithms like Random Forest have proven useful in predicting building-related features in the past but often resort to training sets of limited geographic scope, for example, cities. This study presents a workflow of predicting the semantic attribute of usage on the level of individual buildings. Based on screening data of the previous ENOB:dataNWG project, a novel building ground-truth data set distributed across Germany, a Random Forest algorithm is used to assess how the German building stock can be classified according to its residential or non-residential use. Different sampling strategies had been applied in order to find a robust evaluation metric for the classifier. Furthermore, the relevance of the feature set is highlighted and it is examined whether regional differences in classification quality exist. Results show that a classification of residential and non-residential building footprints has good prospects with an AUC of up to 0.9. © The Author(s) 2023.",building stock; building usage; classification; feature importance; machine learning; Random Forest classifier; spatial cross-validation,Germany; building; classification; data set; machine learning; prediction; spatial resolution; URBAN; CLASSIFICATION; STOCKS; SHAPE,10.1177/23998083231175680,Article,12,Scopus; Web of Science,2-s2.0-85161623444,WOS:001000999700001,,export_54a1bd36-41a9-4277-a376-08dcc444e5bc_2026-10-06T080507.684203352.csv [derived S1u]; S1-2 result.txt
Ray-Tracing Based Channel Modeling and Characteristics Analysis for LEO Satellite-to-Ground Systems,K. Zhang; S. Yang; Y. Wang; J. Huang; C. -X. Wang,2024,2024 18th European Conference on Antennas and Propagation (EuCAP),"With the vision of global coverage for the sixth generation (6G) wireless communication systems, the low Earth orbit (LEO) satellite systems have drawn considerable attention. In this paper, A LEO satellite-to-ground channel model for urban scenarios is proposed based on ray-tracing. The channel model is divided into the atmospheric part and near-ground part, and the effects of ionospheric scintillation, rainfall, and multipath are studied. The model analyzes the multipath effect in the near-ground with the image method, assuming that the incident rays come from a circular plane transmitter over the ground. Channel characteristics such as delay power spectral density (PSD) and received power of signals are derived. The simulation results show that the received power increases with the satellite elevation angle increasing in urban scenarios.",Channel modeling;LEO satellite communication;ray-tracing;urban environment,Analytical models; Satellites; Rain; Atmospheric modeling; Simulation; Urban areas; Low earth orbit satellites,10.23919/EuCAP60739.2024.10501196,IEEE Conferences,8,IEEE Xplore,,,IEEE Conferences,IEEE_S1-2_final.csv
SEISMIC DAMAGE ASSESSMENT OF URBAN BUILDING STRUCTURES BASE ON ONLINE MEDIA WORLD CLOUD AND NATURAL LANGUAGE PROCESSING; [基于媒体词云与自然语言处理的城市建筑震损评估],Kong Q.-Z.; Ji K.-Y.; Xiong B.; Zhou B.-C.; Xiong Q.-S.; Yuan C.,2024,Gongcheng Lixue/Engineering Mechanics,"The damage of infrastructure projects under the action of earthquakes may result in regional function paralysis, and the earthquake damage assessment of urban areas can provide important information for rescue and reconstruction work. To make quick and informed decisions and respond quickly to major disaster events, a rapid assessment of the spatial distribution and severity of building damage is required. To this end, this study attempts to use the natural language deep learning model BERT to classify and evaluate building damage based on textual descriptions of earthquake damage. GB/T 17742−1999 is used to pre-classify the damage status of individual buildings in the affected area. To verify the effectiveness of the proposed method, this study collects the data of more than 300 individual buildings after the 2016 M6.4 earthquake in Tainan and establishes a text word cloud database. The dataset consists of 343 buildings (121 labeled light damage, 128 labeled moderate damage, 94 labeled severe damage), of which 85% are used as training and validation datasets, and the remaining 15% are used for robustness testing. When the BERT model recognizes the GB/T 17742−1999 labels of the test set, the overall accuracy rate reaches 81%. This study is just an attempt to establish a new and efficient earthquake damage assessment method. This method can be used to classify and evaluate the earthquake damage text descriptions on media and social platforms, and provide information for emergency rescue decisions and save a certain amount of time for strategic deployment. © 2024 Tsinghua University. All rights reserved.",data-driven; machine learning; NLP; seismic damage assessment; seismic performance,Disasters; Earthquake effects; Earthquake engineering; Building damage; Building structure; Data driven; Earthquake damages; Machine-learning; Natural languages; Seismic damages assessment; Seismic Performance; Urban buildings; Damage detection,10.6052/j.issn.1000-4750.2022.08.0684,Article,1,Scopus,2-s2.0-85207078914,,,export_54a1bd36-41a9-4277-a376-08dcc444e5bc_2026-10-06T080507.684203352.csv [derived S1u]
Seismic risk prioritization of masonry building stocks using machine learning,Coskun O.; Aktepe R.; Aldemir A.; Yilmaz A.E.; Durmaz M.; Erkal B.G.; Tunali E.,2024,Earthquake Engineering and Structural Dynamics,"The seismic risk mitigation plans are vital since vulnerable structures are prone to partial or total collapse under the effect of future major earthquake events. Therefore, vulnerable structures in large building stocks should be determined using robust and accurate methods to prevent loss of lives and property. In the current state-of-the-art, the risk states (i.e., whether risky or not) of structures completely depend on the experience of the reconnaissance team of engineers, which could not result in standardized decisions. In this study, machine learning has been integrated into the decision-making algorithm to classify more precise and reliable seismic risk states of masonry buildings, categorizing them into up to four risk categories. For this purpose, a large database, including 12 features and detailed seismic risk analysis results of 4356 masonry buildings, is formed. Firstly, the input variables are preprocessed using feature engineering methods. Then, several machine learning algorithms are utilized to produce a network to estimate the risk state of masonry buildings in association with the risk states obtained from the detailed analysis results. As a result of the analysis of these algorithms, the correct prediction percentages for the testing database of the proposed method for two, three, and four risk states classification are predicted as approximately 87.5%, 86.6%, and 79.0%, respectively. This new approach makes it possible to produce risk color maps of large building stocks and reduce the number of buildings that require immediate action. © 2024 The Author(s). Earthquake Engineering & Structural Dynamics published by John Wiley & Sons Ltd.",machine learning; masonry structures; rapid visual screening; seismic risk classification; seismic risk prioritization,Adversarial machine learning; Earthquake effects; Masonry materials; Risk analysis; Risk assessment; Risk perception; Seismic response; Machine-learning; Masonry structures; Rapid visual screening; Risk classification; Risk prioritization; Seismic risk; Seismic risk classification; Seismic risk prioritization; Visual screening; algorithm; building; machine learning; masonry; prediction; prioritization; risk assessment; seismic hazard; Earthquake engineering; PERFORMANCE ASSESSMENT; VULNERABILITY,10.1002/eqe.4227,Article,7,Scopus; Web of Science,2-s2.0-85203086153,WOS:001304132800001,,export_54a1bd36-41a9-4277-a376-08dcc444e5bc_2026-10-06T080507.684203352.csv [derived S1u]; S1-2 result.txt
VIBRATION RECOGNITION OF HIGH-RISE BUILDING STRUCTURES BASED ON DEEP REPRESENTATION LEARNING ON VIBRATIONAL SIGNALS; [基于振动信号深度表征学习的高层建筑结构振动识别],Xiong Q.-S.; Xiong H.-B.; Kong Q.-Z.; Chen L.; Ding Y.-W.; Yuan C.,2024,Gongcheng Lixue/Engineering Mechanics,"Vibration recognition plays an important role in realizing structural vibration control and health monitoring and evaluation. Under the background of smart city, high-rise building structures have appealed for higher requirements in their vibrational response recognition. Traditional vibration recognition methods based on time-frequency domain transformation and graph neural network reveal more significant limitations in terms of computational cost and engineering applicability. In this study, a novel vibration recognition method based on deep representation learning of vibration signals is proposed. In present method, self-supervised learning is performed on one-dimensional frequency-domain signals by establishing an autoencoder network to obtain vibration representation information. Then, the vibration sensitive parameters are defined and calculated based on original signals and the reconstructed ones, and the results of which are utilized as feature engineering and fed into the downstream linear classifiers for training, thereby realizing the rapid recognition of vibration. To verify the reliability of the proposed method, the vibration response identification of a super high-rise building under different ambient excitations is conducted for validation. At the same time, in order to prove the superiority of proposed method, the MFCC+CNN vibration recognition method, which is generally considered to be the best at present, is introduced for comparison. The results show that the proposed method is able to save nearly 20 times of computing time, and succeed to improve the overall recognition accuracy from 0.74 to above 0.95. © 2024 Tsinghua University. All rights reserved.",autoencoder; deep learning; high-rise buildings; representation learning; vibration recognition,Cost engineering; Intelligent buildings; Pressure vessels; Auto encoders; Deep learning; High rise building; High-rise building structure; Recognition methods; Representation learning; Structural vibration control; Structure-based; Vibration recognition; Vibrational signals; Tall buildings,10.6052/j.issn.1000-4750.2022.07.0650,Article,3,Scopus,2-s2.0-85203429046,,,export_54a1bd36-41a9-4277-a376-08dcc444e5bc_2026-10-06T080507.684203352.csv [derived S1u]
A GIS-Integrated Framework for Unsupervised Fuzzy Classification of Residential Building Pattern,Cafaro R.; Cardone B.; D’Ambrosio V.; Di Martino F.; Miraglia V.,2025,Electronics (Switzerland),"The classification of urban residential settlements through Machine Learning (ML) and Deep Learning (DL) remains a complex task due to the intrinsic heterogeneity of urban environments and the scarcity of large, accurately labeled training datasets. To overcome these limitations, this study introduces a novel GIS-based unsupervised classification framework that exploits Fuzzy C-Means (FCM) clustering for the detection and interpretation of urban morphologies. Compared to unsupervised classification approaches that rely on crisp-based clustering algorithms, the proposed FCM-based method more effectively captures heterogeneous urban fabrics where no clear predominance of specific building types exists. Specifically, the method applies fuzzy clustering to census units—considered the fundamental scale of urban analysis—based on construction techniques and building periods. By grouping census areas with similar structural features, the framework provides a flexible, data-driven approach to the characterization of urban settlements. The identification of cluster centroids’ dominant attributes enables a systematic interpretation of the spatial distribution of the built environment, while the subsequent mapping process assigns each cluster a descriptive label reflecting the prevailing building fabric. The generated thematic maps yield critical insights into urban morphology and facilitate evidence-based planning. The framework was validated across ten Italian cities selected for their diverse physical, morphological, and historical characteristics; comparisons with the results of urban zone classifications in these cities conducted by experts show that the proposed method provides accurate results, as the similarity to the classifications made by experts, measured by the use of the Adjusted Rand Index, is always higher than or equal to 0.93; furthermore, it is robust when applied in heterogeneous urban settlements. These results confirm the effectiveness of the method in delineating homogeneous urban areas, thereby offering decision makers a robust instrument to guide targeted interventions on existing building stocks. The proposed framework advances the capacity to analyze urban form, to strategically support renovation and urban regeneration policies, and demonstrates a strong potential for portability, as it can be applied to other cities for urban scale analyses. © 2025 by the authors.",FCM; fuzzy clustering; GIS; multiclassification; unsupervised classification; urban morphology; urban planning; urban settlement analysis,Architectural design; Classification (of information); Clustering algorithms; Decision making; Deep learning; Fuzzy clustering; Housing; Learning systems; Maps; Morphology; Population statistics; Urban planning; C-means; Clusterings; Fuzzy C-mean; Fuzzy classification; Integrated frameworks; Multi-classification; Settlement analysis; Unsupervised classification; Urban morphology; Urban settlement analyze; Geographic information systems,10.3390/electronics14204022,Article,2,Scopus; Web of Science,2-s2.0-105020245132,WOS:001601437800001,,export_54a1bd36-41a9-4277-a376-08dcc444e5bc_2026-10-06T080507.684203352.csv [derived S1u]; S1-2 result.txt
"A Satellite-Driven Model for Monitoring Urban Material Metabolism, Embodied Emissions, and Carbonation",Nie Y.; Mao T.; Liu Y.; Chen Y.; Liu Y.; Chen W.-Q.,2025,Environmental Science and Technology,"Urban systems are central to global material consumption and carbon emissions. However, systematically understanding urban metabolism remains a challenge due to the reliance on aggregated, top-down data which fails to capture fine-scale urban dynamics. To address this challenge, we developed an integrated, bottom-up framework and reconstructed the 30-year metabolic history of Xiamen, China. Our approach leverages a custom machine learning workflow on multitemporal, open-source satellite imagery to create a dynamic 3D Building Dynamics (3D-BD) model. This model accurately maps key building attributes (footprint, height, type, and construction/demolition year), achieving an R2of 0.81 for height estimation and F1-scores of 0.89 and 0.81 for detecting construction and demolition years, respectively. This high-resolution database then drives a GIS-MFA and LCA model to quantify material stocks, flows, embodied emissions across key lifecycle stages, and the often-overlooked carbon sink from cement carbonation. Results for Xiamen revealed a 5-fold increase in building stock, with material inflows peaking in the early 2000s while demolition outflows steadily rise, signaling a shift to urban renewal. Over the study period, cement carbonation provided a significant, distributed carbon sink, offsetting an estimated 6.6% of the building stock’s total lifecycle embodied emissions. This transferable framework provides a more complete accounting of the urban carbon budget, offering a powerful tool for guiding sustainable planning and net-zero transitions. © 2025 American Chemical Society",building height; building stock; building vintage; carbonation; industrial ecology; life cycle assessment; material flow analysis; remote sensing; urban metabolism; urbanization,Carbon; China; Cities; Environmental Monitoring; Satellite Imagery; China; Fujian; Xiamen; 3D modeling; Budget control; Carbon; Cements; Demolition; Ecology; Life cycle; Metabolism; Physiology; Sustainable development; Urban planning; Zero-carbon; carbon; cement; Building height; Building stocks; Building vintage; Carbon sink; Embodied emissions; Industrial ecology; Materials flow analysis; Remote-sensing; Urban metabolisms; Urbanization; building construction; carbon emission; carbon sink; cement (construction material); industrial ecology; life cycle analysis; machine learning; material flow analysis; metabolism; remote sensing; satellite imagery; urban area; urbanization; Article; carbon dynamics; carbon emission; carbon sequestration; carbon sink; China; city planning; data base; data extraction; environmental monitoring; greenhouse gas emission; information processing; life cycle assessment; machine learning; random forest; satellite imagery; time series analysis; uncertainty; urban area; urban material metabolism; validity; city; satellite imagery; Carbonation; Remote sensing,10.1021/acs.est.5c03058,Article,2,Scopus,2-s2.0-105022699678,,,export_54a1bd36-41a9-4277-a376-08dcc444e5bc_2026-10-06T080507.684203352.csv [derived S1u]
Advanced Parametric and Machine Learning Techniques for Reducing Embodied Carbon in Concrete Structures,Lyu Y.; Sory L.; Reinhart C.; Mueller C.; Kirchain R.; Norford L.,2025,Building Simulation Conference Proceedings,"Recent advancements in simulation aim to enhance building operation and achieve net-zero emissions, yet more efficient methodologies are needed to minimize embodied carbon. This study integrates parametric modeling and machine learning to estimate and reduce embodied carbon in concrete structures, using a physics-based model and data generated from a Monte Carlo method for Neural Network training. The trained neural network model provides high-accuracy predictions within a 20% error margin, delivering near-instant results compared to 30-second iterations with the parametric model. By improving efficiency, accuracy, and scalability in early-stage design, this research offers actionable strategies to optimize concrete structural systems and advance zero-carbon building practices. © 2025 Building Simulation Conference Proceedings. All rights reserved.",,Carbon; Carbon emissions; Concrete buildings; Concrete construction; Concretes; Iterative methods; Learning algorithms; Learning systems; Machine learning; Neural network models; Zero-carbon; Building operations; Embodied carbons; Machine learning techniques; Machine-learning; Model learning; MonteCarlo methods; Parametric learning; Parametric models; Physics-based models; Zero emission; Monte Carlo methods,10.26868/25222708.2025.1339,Conference paper,2,Scopus,2-s2.0-105035258455,,,export_54a1bd36-41a9-4277-a376-08dcc444e5bc_2026-10-06T080507.684203352.csv [derived S1u]
Advancing Urban Analysis through Joint Rooftop Segmentation and Building Height Estimation,Gupta A.; Dixit M.; Mishra V.K.,2025,Procedia Computer Science,"Accurate segmentation of building rooftops holds significant importance within the realm of urban analysis. The extraction of building structures from high-resolution imagery represents a pivotal task that facilitates insights into urban growth, infrastructure planning, and disaster management. However, the sole segmentation of building rooftops falls short of complete urban planning, as a crucial attribute, building heights, remains absent. For this vital task of height estimation, digital surface models (DSMs) are employed which provide valuable height information about the Earth's surface. Furthermore, the integration of DSMs with various types of remotely sensed data has shown success across a broad spectrum of applications. Within the context of deriving more profound insights for enhanced urban analysis, this research paper presents a comprehensive approach which utilizes Squeeze and Excite technique along with residual blocks to jointly perform binary rooftop segmentation and predicting the height of building structures. The work leveraged the rich dataset made available by the 2023 IEEE GRSS Data Fusion Challenge. The building annotations provided in the dataset are used to form the building binary masks and normalized DSMs. Another aspect of this work involves utilizing RGB satellite imagery of the used dataset to create binary segmentation masks of building rooftops and normalized DSMs. In terms of statistical results, our approach which uses the adaptive recalibration of channel-wise features when compared with other state-of-art algorithms yields an impressive F1 Score of 0.93 for rooftop segmentation and a Zero Normalized Cross-Correlation (ZNCC) score of 0.88 for height estimation on the test dataset. This approach offers a flexible and accurate solution to address the multiple, interconnected joint tasks of building segmentation and its height estimation simultaneously, thereby reducing the training and testing times proportionally. © 2025 The Authors. Published by Elsevier B.V.","Deep Learning; Digital Surface Model (DSM), Image Processing; Height Estimation; Remote Sensing; Rooftop; segmentation","Arts computing; Buildings; Disaster prevention; Disasters; Geology; Satellite imagery; Statistical tests; Urban growth; Deep learning; Digital surface model , image processing; Digital surface models; Height estimation; Images processing; Model images; Remote-sensing; Rooftop; Segmentation; Urban analysis; Image segmentation; Remote sensing",10.1016/j.procs.2025.03.278,Conference paper,3,Scopus,2-s2.0-105008864632,,,export_54a1bd36-41a9-4277-a376-08dcc444e5bc_2026-10-06T080507.684203352.csv [derived S1u]
AI-empowered digital twin modeling for high-precision building defect management integrating UAV and GeoBIM,Zhang J.; Zhao B.; Yang G.; Zhou X.; Huang Y.; Gao C.; Chen X.; Chen B.M.,2025,Building Simulation,"Recent advances in artificial intelligence (AI) and cyber-physical systems have fostered innovative approaches to performance assessment and management of existing building stock. This study presents an AI-assisted digital twin (DT) framework for the automated and high-precision detection of façade defects in large-scale buildings. Leveraging unmanned aerial vehicles (UAVs) for visual data acquisition, the proposed framework integrates building information modeling (BIM) and geographic information systems (GIS) into a GeoBIM-assisted DT environment. An end-to-end pipeline is developed for defect localization and semantic registration, in which a virtual building model and camera geometry are constructed using geographic metadata. Synthetic views are generated to simulate real image capture conditions, enabling depth-based inference of each defect’s spatial location. This facilitates the projection of defect data into georeferenced DT models. A dual-verification method combining image and geographic features is employed to eliminate duplicate detection across overlapping images, and structural context is retrieved via GeoBIM for semantic enrichment of defect information. The proposed system exemplifies the fusion of DT technologies with deep learning and cyber intelligence to enhance defect detection accuracy, resilience optimization, and timely building health monitoring. Experimental validation on a high-rise building in Hong Kong demonstrates the robustness and scalability of the framework, indicating strong potential for smart building maintenance and operation. © The Author(s) 2025.",AI-assisted building simulation; deep learning for detection; digital twin; sustainable building maintenance; UAV-based visual inspection,Architectural design; Building Information Model; Cyber Physical System; Data acquisition; Deep learning; Defects; Digital twin; Embedded systems; Geographic information systems; Intelligent buildings; Semantics; Sustainable building; Tall buildings; Unmanned aerial vehicles (UAV); Aerial vehicle; Artificial intelligence-assisted building simulation; Building maintenance; Building simulation; Deep learning for detection; Geographics; Sustainable building maintenance; Unmanned aerial vehicle-based visual inspection; Visual inspection; Aircraft detection; INSPECTION,10.1007/s12273-025-1332-9,Article,23,Scopus; Web of Science,2-s2.0-105015580453,WOS:001566687300001,,export_54a1bd36-41a9-4277-a376-08dcc444e5bc_2026-10-06T080507.684203352.csv [derived S1u]; S1-2 result.txt
AN INTEGRATED METHODOLOGY COMBINING CNN WITH AN INTERVIEW-BASED APPROACH TO ENHANCE RAPID BUILDING INVENTORY AT THE MUNICIPALITY SCALE,Ulku O.; Polese M.; Pejovic J.; Serdar N.,2025,COMPDYN Proceedings,"Effective regional risk assessment depends on accurate evaluations of hazard, exposure, and vulnerability. Among these, exposure modelling is as crucial as robust hazard assessment and a reliable understanding of the vulnerability of exposed elements. Traditionally, exposure models have relied on census data, building-by-building surveys, and post-earthquake damage assessments. More recently, interview-based surveys have supplemented these sources by providing insights into building typologies. However, such methods face challenges including limited data access, high costs, time-consuming processes, and dependency on expert judgment, which may affect reliability. Advances in computational power and image processing have introduced new methods for exposure modelling. Convolutional Neural Networks (CNNs), widely used in machine learning, can efficiently classify building typologies based on visual patterns from images, offering geo-referenced insights that enhance risk assessments. However, these image-based methods are constrained by their reliance on visible features, mainly façades and roofs, which may not capture the full structural diversity due to regional construction practices. Tools like BRAILS [1] have achieved notable results using CNNs with street and satellite imagery, but they remain limited by their data sources. This paper proposes a novel, integrated methodology that combines CNN-based image processing with data from field surveys, satellite imagery, and interview-based surveys. By incorporating expert insights from interviews, the method enhances CNN performance, providing a more reliable and explainable machine learning model for exposure modelling. This fusion captures context-specific features that are not visually apparent in images, improving classification accuracy and better reflecting regional construction practices. A preliminary application of this methodology in Bar Municipality, Montenegro, demonstrates its potential. © 2025 The Authors.",Construction Material; Convolutional Neural Network; Earthquake Engineering; Image Recognition; Interview-based Survey,Building materials; Buildings; Construction; Convolution; Convolutional neural networks; Damage detection; Data handling; Earthquakes; Hazards; Image classification; Image enhancement; Learning systems; Machine learning; Risk assessment; Risk management; Satellite imagery; Structural analysis; Building inventory; Building typologies; Construction practice; Convolutional neural network; Exposure models; Images processing; Integrated methodology; Interview-based survey; Regional constructions; Regional risk assessment; Earthquake engineering; Image recognition,10.7712/120125.12514.25228,Conference paper,1,Scopus,2-s2.0-105033520580,,,export_54a1bd36-41a9-4277-a376-08dcc444e5bc_2026-10-06T080507.684203352.csv [derived S1u]
Approaching building lifetimes and hazard rates through demolition patterns: Case studies for a historical city center,Cord'homme Z.; Dittrich N.; Bringedal Gedde K.; Billy R.G.; Müller D.B.,2025,Journal of Industrial Ecology,"Despite their relevance in building stock modeling, building lifetimes are poorly understood and tend to form the weakest link in forecasting energy use, greenhouse gas (GHG) emissions, waste generation, and resource use. Here, we develop a methodology to trace building lifetimes for cohorts in two central areas built up after fires in the 1840s. Using Geographical Information System (GIS) data of the current building stock and archival material, we determined yearly hazard rates for buildings within the cohort 1841–1845 in the historical center of Trondheim, Norway. We find that hazard rates are very sensitive to events ranging from global to hyperlocal scales and that demolition rates have slowed down significantly since the 1980s when municipal preservation policies came into effect. In contrast, age-based lifetime approaches fail to capture the effects of such events as they only account for the delay between construction and demolition. We discuss the use and limitations of hazard rates to better reflect changes in demolition that are not correlated with building age. Our study underscores that building lifetimes are a property of a wider system rather than an attribute of individual structures. In that sense, hazard rates are a more suitable approach to capture spatiotemporal changes of building stocks and could be further used in scenarios in dynamic models. This article met the requirements for a gold-gold JIE data openness badge described at http://jie.click/badges. © 2024 The Author(s). Journal of Industrial Ecology published by Wiley Periodicals LLC on behalf of International Society for Industrial Ecology.",building lifetime; building stock; dynamic modeling; hazard rate; industrial ecology; urban dynamics,Norway; Sor Trondelag; Trondheim; Financial markets; Greenhouse gas emissions; Historic preservation; Risk management; Building lifetime; Building stocks; Case-studies; City centers; Dynamics models; Hazard rates; Historical cities; Industrial ecology; Lifetime rates; Urban dynamics; building; building construction; cohort analysis; demolition; energy use; GIS; greenhouse gas; hazard assessment; industrial ecology; waste management; Demolition; LIFE-CYCLE ASSESSMENT; MATERIAL STOCK; EMISSIONS; DWELLINGS; DYNAMICS; IMPACT; SPAN,10.1111/jiec.13604,Article,5,Scopus; Web of Science,2-s2.0-85213733779,WOS:001429419100005,,export_54a1bd36-41a9-4277-a376-08dcc444e5bc_2026-10-06T080507.684203352.csv [derived S1u]; S1-2 result.txt
Automating building typology identification for seismic risk assessment using deep learning,Gomez D.; Charris D.; Percybrooks W.; Arteta C.A.,2025,Earthquake Spectra,"Driven by rapid urbanization and heightened seismic risk concerns, efficient methods for developing regional seismic exposure assessments are advantageous. By leveraging deep learning and computer vision techniques, this study presents a novel approach for automating the identification of building typologies. The detailed building stock required for seismic exposure assessment has been traditionally achieved through time-consuming and costly in-person inspections. Recently, virtual inspections have emerged as a more efficient alternative, but they still require significant manual effort. This study proposes a methodology for automating the characterization of buildings, including details such as the number of stories, structural system, and construction period (pre-code or code), by implementing a convolutional neural network model that processes labeled images from Google Street View. A key innovation of this study is the integration of pre-processing techniques, including an object detector to isolate building façades and perspective correction using a keypoint model and homography transformation, enabling robust performance even with a small data set. This research advances prior methods by classifying individual stories rather than grouping them into broad taxonomic ranges, providing greater precision and applicability for seismic exposure modeling. The results show an 88% accuracy for structural system identification, a 78% accuracy for the number of stories, and a 69% accuracy for construction period determination. These characteristics are integrated into a probabilistic distribution model of building taxonomy that informs about their potential seismic vulnerability. The proposed procedures streamline the development of building stock and seismic exposure models, thus facilitating their use for seismic risk modeling at a regional scale. © The Author(s) 2025",Building stock; convolutional neural networks; mask segmentation; object detection; regional seismic risk; seismic exposure model; street-view data,Earthquake effects; Image segmentation; Seismic response; Building stocks; Building typologies; Convolutional neural network; Exposure models; Mask segmentation; Objects detection; Regional seismic risk; Seismic exposure model; Seismic risk; Street-view data; artificial neural network; automation; building; detection method; machine learning; risk assessment; segmentation; typology; Risk assessment; INVENTORY,10.1177/87552930251327435,Article,4,Scopus; Web of Science,2-s2.0-105002478775,WOS:001545453000028,,export_54a1bd36-41a9-4277-a376-08dcc444e5bc_2026-10-06T080507.684203352.csv [derived S1u]; S1-2 result.txt
Building Automated Systems to Generate Structured Data from Draw-A-Person-in-the-Rain Test Using Deep Learning,A. I. Posada Barrera; M. O. Peña Diaz,2025,2025 IEEE Latin American Conference on Computational Intelligence (LA-CCI),"This study presents the development of Deep Learning models aimed at identifying key elements in hand-drawn images from the Draw-a-Person-in-the-Rain test, using a previously explored public dataset. Designed for academic research purposes, the models prioritize low cost, ease of training, and simple deployment, while achieving strong performance, with accuracy rates exceeding 80% and acceptable recall, precision and F1 scores. In this study, the models successfully detect clouds, water pools formed on the ground, and umbrellas. The findings demonstrate that relevant visual patterns traditionally evaluated by specialists can be reliably captured through machine learning, offering opportunities to streamline research in psychological profiling or personnel selection. The models are intended to complement, not replace, professional judgment by enabling faster, more consistent analyses and facilitating the automatic generation of structured tabular data for reporting. Future work will focus on expanding the dataset, which is essential for improving model generalization and robustness, developing simpler DNN architectures with encoder-decoder designs, and automating image preprocessing to enhance psychometric assessments.",Deep Learning;Computer Vision;Person-in-the-Rain;Hand-drawn Image Analysis;Sketches,Deep learning; Training; Measurement; Visualization; Image analysis; Psychology; Robustness; Data models; Personnel; Image preprocessing,10.1109/LA-CCI66231.2025.11270462,IEEE Conferences,,IEEE Xplore,,,IEEE Conferences,IEEE_S1-2_final.csv
"Building Forest Inventories With Autonomous Legged Robots—System, Lessons, and Challenges Ahead",M. Mattamala; N. Chebrolu; J. Frey; L. Freißmuth; H. Oh; B. Casseau; M. Hutter; M. Fallon,2025,IEEE Transactions on Field Robotics,"Legged robots are increasingly being adopted in industries such as oil, gas, mining, nuclear, and agriculture. However, new challenges exist when moving into natural, less-structured environments, such as forestry applications. This article presents a prototype system for autonomous, undercanopy forest inventory with legged platforms. Motivated by the robustness and mobility of modern legged robots, we introduce a system architecture, which enabled a quadruped platform to autonomously navigate and map forest plots. Our solution involves a complete navigation stack for state estimation, mission planning, and tree detection and trait estimation. We report the performance of the system from trials executed over one and a half years in forests in three European countries. Our results with the ANYmal robot demonstrate that we can survey plots up to 1-ha plot under 30 m while also identifying trees with typical diameter at breast height (DBH) accuracy of 2 cm. The findings of this project are presented as five lessons and challenges. In particular, we discuss the maturity of hardware development, state estimation limitations, open problems in forest navigation, future avenues for robotic forest inventory, and more general challenges to assess autonomous systems. By sharing these lessons and challenges, we offer insight and new directions for future research on legged robots, navigation systems, and applications in natural environments. Additional videos can be found in https://dynamic.robots.ox.ac.uk/projects/legged-robots",Autonomous robots;environmental monitoring;forestry;legged robots;simultaneous localization and mapping (SLAM),Forestry; Legged locomotion; Vegetation; Simultaneous localization and mapping; Service robots; Quadrupedal robots; Drones; Soil measurement; Autonomous robots; Environmental monitoring,10.1109/TFR.2025.3583972,IEEE Journals,7,IEEE Xplore,,,IEEE Journals,IEEE_S1-2_final.csv
CMAB: A Multi-Attribute Building Dataset of China,Zhang Y.; Zhao H.; Long Y.,2025,Scientific Data ,"Rapidly acquiring three-dimensional (3D) building data, including geometric attributes like rooftop, height and orientations, as well as indicative attributes like function, quality, and age, is essential for accurate urban analysis, simulations, and policy updates. Current building datasets suffer from incomplete coverage of building multi-attributes. This paper presents the first national-scale Multi-Attribute Building dataset (CMAB) with artificial intelligence, covering 3,667 spatial cities, 31 million buildings, and 23.6 billion m² of rooftops with an F1-Score of 89.93% in OCRNet-based extraction, totaling 363 billion m³ of building stock. We trained bootstrap aggregated XGBoost models with city administrative classifications, incorporating morphology, location, and function features. Using multi-source data, including billions of remote sensing images and 60 million street view images (SVIs), we generated rooftop, height, structure, function, style, age, and quality attributes for each building with machine learning and large multimodal models. Accuracy was validated through model benchmarks, existing similar products, and manual SVI validation, mostly above 80%. Our dataset and results are crucial for global SDGs and urban planning. © The Author(s) 2025.",,article; artificial intelligence; benchmarking; bootstrapping; building; China; city planning; human; machine learning; morphology; remote sensing; simulation; EVOLUTION; TRENDS,10.1038/s41597-025-04730-5,Article,112,Scopus; Web of Science,2-s2.0-105000435990,WOS:001445734100008,,export_54a1bd36-41a9-4277-a376-08dcc444e5bc_2026-10-06T080507.684203352.csv [derived S1u]; S1-2 result.txt
Collapse fragility models for unreinforced masonry buildings under flood and flow-type landslide actions,Moaiyedfar Y.; Deniz D.,2025,Journal of Building Engineering,"Recent lessons from heavy rainfall-induced flood flows and flow-type landslides have demonstrated that buildings can sustain significant damage or even collapse at higher flow intensities. Unreinforced masonry (URM) buildings are particularly vulnerable, as the failure of one load-bearing wall directly exposed to flow actions may lead to the complete collapse of the structure. This underscores the urgent need to better understand the flow vulnerability of these structures. This study thus conducts a probabilistic structural collapse assessment of vulnerable URM buildings under flood flow and flow-type landslide actions using a proposed incremental flow analysis approach. After selecting two case studies from the literature, finite element (FE) models were first built and subjected to incremental flow analyses to assess their collapse levels, which were then validated against the reported results. Next, these validated modeling and analysis approaches were used to create a set of FE case models representative of typical one- or two-story URM building stocks in Europe. Comprehensive parametric simulation studies were then conducted on these case models to investigate how variations in key hazard and structural parameters influence their collapse performance under different types of physical flow actions, including hydrostatic, hydrodynamic, and debris-impact loads. Using a logistic regression approach on the simulation data, collapse fragility models were subsequently developed. The proposed fragility models are based on validated FE modeling and analysis approaches, which consider different flood or flow-type landslide scenarios while systematically incorporating associated uncertainties; therefore, they can provide reliable predictions of collapse performance for URM buildings under flow actions. © 2025 Elsevier Ltd",Collapse; Flood; Flow-type landslide; Fragility; Unreinforced masonry building,Flood control; Logistic regression; Masonry materials; Analysis approach; Collapse; Collapse fragilities; Flood flow; Flow analysis; Flow type; Flow-type landslide; Fragility; Modeling approach; Unreinforced masonry building; Landslides; VULNERABILITY; EARTHQUAKE,10.1016/j.jobe.2025.111895,Article,5,Scopus; Web of Science,2-s2.0-85216473369,WOS:001421730700001,,export_54a1bd36-41a9-4277-a376-08dcc444e5bc_2026-10-06T080507.684203352.csv [derived S1u]; S1-2 result.txt
Dynamic Window-Driven Quantitative Strategies Optimization via Heterogeneous Ensembles,H. Wu; Y. Ma; J. Yuan,2025,2025 International Conference on Artificial Intelligence and Digital Ethics (ICAIDE),"This paper introduces a fresh, window-driven approach to building stock portfolios, emphasizing flexibility and precision in navigating complex financial markets. At its core is a hierarchical meta-ensemble model that powers stock price forecasting by combining multiple predictive models, like LSTM and XGBoost, to capture market trends effectively. Paired with a dynamic time window mechanism, the model adapts to real-time market shifts, enhancing prediction accuracy for prices, directions, and volatility. The portfolio optimization framework builds on these forecasts, using smart strategies like semi-decision learning and Langevin multiplicative weight updates to balance risk and return. Through rigorous testing on Chinese share data from 2021 to 2025, the system proves its edge over traditional methods, delivering strong performance in both prediction accuracy and portfolio returns.",Dynamic Window-Driven;Quantitative Strategy Optimization;Ensemble Learning,Adaptation models; Accuracy; Navigation; Predictive models; Market research; Real-time systems; Windows; Portfolios; Optimization; Testing,10.1109/ICAIDE65466.2025.11189741,IEEE Conferences,,IEEE Xplore,,,IEEE Conferences,IEEE_S1-2_final.csv
"Efficiency and explainability of design-oriented machine learning models to estimate seismic response, fragility, and loss of a steel building inventory",Zaker Esteghamati M.; Baddipalli S.,2025,Earthquake Engineering and Structural Dynamics,"Machine learning (ML) has recently been used as an efficient surrogate to estimate different steps of performance-based earthquake engineering (PBEE), from dynamic structural analysis to fragility and loss assessments. However, due to the varied data, models, and features in existing literature, the relative efficiency of ML models across different PBEE steps remains unclear. Additionally, the black-box nature of advanced ML algorithms limits their ability to provide design-oriented insights, hindering the broader application of ML in PBEE-based design. This study provides a comprehensive comparison of the accuracy and explainability of design-oriented ML models across different steps of PBEE using a consistent database of 621 steel moment frames with varying designs and geometry. Eight ML algorithms were used in a careful training workflow comprising feature selection, hyperparameter tuning, cross-validation, and model inference. The sensitivity of model accuracy to representative PBEE outputs—maximum responses, median fragility, and expected annual loss—was assessed using statistical measures. In addition, the explainability of the best models for each step was examined to explore the relationship between design parameters and the corresponding PBEE output. The results show that while ML models can reasonably map design parameters to all different PBEE outputs, models accuracy was higher for drift responses, median fragilities, and component-based loss metrics. In addition, the optimal algorithm remained the same across different PBEE steps, where support vector machines and random forests provided the highest accuracy with an average R2 of 0.93 and 0.91 over different outputs on the test set. Although the selected feature sets varied across outputs and algorithms, height, number of stories, fundamental period, and the minimum of the beams’ moment of inertia were influential for both models and notably affected different PBEE outputs. © 2024 John Wiley & Sons Ltd.",explainability; machine learning; performance-based earthquake engineering; seismic fragility; seismic loss,Earthquake effects; Seismic design; Seismic response; Structural analysis; Structural dynamics; Design parameters; Engineering output; Explainability; Machine learning algorithms; Machine learning models; Machine-learning; Modeling accuracy; Performance-based earthquake engineering; Seismic fragility; Seismic loss; accuracy assessment; algorithm; earthquake engineering; estimation method; machine learning; parameterization; seismic response; Support vector machines,10.1002/eqe.4273,Article,20,Scopus; Web of Science,2-s2.0-85209797897,WOS:001358861700001,,export_54a1bd36-41a9-4277-a376-08dcc444e5bc_2026-10-06T080507.684203352.csv [derived S1u]; S1-2 result.txt
Enhanced Change Detection Method in Historical Districts: A Lightweight Visual Transformer Integration Model with Context-Aware Local Feature Augmentation,"Hu, LJ Di, SC",2025,"INTERNATIONAL ARCHIVES OF THE PHOTOGRAMMETRY, REMOTE SENSING AND SPATIAL INFORMATION SCIENCES, VOLUME XLVIII-4/W14-2025","Due to rapid urbanization and the continuous increase in building stock, significant challenges arise for historic district preservation. To overcome the persistent challenge of insufficient small-scale unauthorized structure detection in dense historic districts—a critical limitation of existing deep learning-based change detection frameworks—this paper introduces a Siamese network integrated with a lightweight visual transformer, effectively resolving subtle change omission in complex scenarios. The model utilizes context-aware local enhancement to capture high-frequency local information, significantly improving its accuracy in identifying changed regions. Within the change detection network, a CNN feature extractor first performs downsampling on the input image pair to preliminarily extract feature information. Subsequently, a semantic extraction module extracts and enhances semantic information from the feature maps. Finally, a prediction module calculates the differences between the features of the two images and generates the change prediction results. The reasrech comprehensively validated the model on the public LEVIR-CD dataset. Experimental results demonstrate significant improvements in performance metrics compared to other models. The findings indicate that the improved model also performs excellently on this dataset, verifying its effectiveness and robustness, and showcasing its ability to substantially reduce both omissions and false detections. This study offers a solution for high-accuracy remote sensing change detection by improving deep learning-based models.  © 2025 International Society for Photogrammetry and Remote Sensing. All rights reserved.",Change detection; Historical Districts; Siamese network; Transformer,Change detection; Deep learning; Feature extraction; Historic preservation; Image enhancement; Remote sensing; Context-Aware; Detection methods; Historical districts; In-buildings; Integration models; Local feature; Rapid urbanizations; Siamese network; Transformer; Semantics; CONVOLUTIONAL NETWORK,10.5194/isprs-archives-XLVIII-4-W14-2025-69-2025,Proceedings Paper,0,Scopus; Web of Science,2-s2.0-105036880075,WOS:001812475600010,,export_54a1bd36-41a9-4277-a376-08dcc444e5bc_2026-10-06T080507.684203352.csv [derived S1u]; S1-2 result.txt
Enhanced risk mapping for hurricane surge losses using synthesized probabilistic and machine learning models,Habibnia M.; van de Lindt J.W.,2025,International Journal of Disaster Risk Reduction,"Hurricanes are among the most destructive natural hazards, impacting coastal communities and causing building and infrastructure damage, with losses exceeding one trillion dollars over the past four decades. To identify and assess communities’ reactions to hurricanes, precise and efficient approaches must be employed to support the development of national-scale risk assessment tools. While one of the most destructive aspects of hurricanes is storm surge impacts, existing storm surge evaluation methods are often incapable of propagating uncertainty through models and providing a comprehensive approach for all the various types of buildings. This study employs Monte Carlo simulations to develop a probabilistic framework, which is then enhanced into dynamically adjusted models that utilize available building characteristics to improve loss prediction accuracy. Using publicly available building properties to develop these models enhances their practicality, though some impactful variables remain difficult to capture, contributing to a degree of uncertainty in the analysis. While these models offer acceptable accuracy, they are computationally demanding for large-scale loss assessments. Therefore, machine learning (ML) algorithms are used to provide efficiency for the dynamic models, leading to faster analyses while maintaining precision within an acceptable margin, essentially synthesizing the probabilistic and ML models. To address the national-scale needs of hurricane-prone communities, loss-based risk maps are created using the national structure inventory (NSI) building inventory data for wood buildings as exposure inputs. Based on the loss assessment results, annualized loss risk maps are developed at three different scales, including state, county, and census tract scales, laying the groundwork for more effective decision-making for vulnerable communities. © 2025",Hurricane; Loss assessment; Machine learning algorithms; Risk map; Storm surge,RESPONSE FUNCTION-APPROACH; FLOOD DAMAGE; WIND SPEEDS; SCALE,10.1016/j.ijdrr.2025.105523,Article,6,Scopus; Web of Science,2-s2.0-105003386072,WOS:001483069400001,,export_54a1bd36-41a9-4277-a376-08dcc444e5bc_2026-10-06T080507.684203352.csv [derived S1u]; S1-2 result.txt
Explainable machine-learning-based predictions of blood lead levels and school drinking water contamination among children: a case study in Washington DC,Darling D.; Bhattarai Y.; Kamanmalek S.; Talchabhadel R.; Sharma S.,2025,Scientific Reports,"Water quality degradation poses significant risks to human health, ecosystem, and community. Many cities continue to rely on outdated pipes and water distribution networks that are highly susceptible to leaks, corrosion, and lead contamination. The processes driving lead contamination are evolving with aging infrastructure and changing environment, and there remains a critical challenge for predicting the associated risk. The key objective of this study is to improve the understanding and prediction of blood lead levels and school drinking water contamination among children using explainable machine learning. Focusing on Washington, District of Columbia, where lead exposure remains a persistent concern, we develop and evaluate random forest, adaptive boosting, and gradient boosting models using environmental, topographic, socioeconomic, and infrastructure features as predictive inputs. We then apply Shapley additive explanations to quantify the relative influence of each variable on model outcomes. Results demonstrate strong discriminative ability across all models, with area under the receiver operating characteristic curve ranging from 0.90 to 0.95. Ensemble-based approaches consistently outperform logistic regression, achieving higher accuracy, precision, recall, and F1-scores, along with narrower confidence intervals. Over 11% of the city lies into very high-risk zone, and 13% is classified as a high-risk zone. In particular, Wards 1, 4, and 6 are among the most impacted areas, exhibiting high concentrations of lead service lines and elevated predicted contamination risk. City-wide predictions are primarily driven by lead pipe density and social vulnerability, while school-level risks are more strongly influenced by water infrastructure characteristics, including device type and building age. These findings offer critical insights for guiding targeted interventions such as lead service line replacements, prioritization of high-risk schools, and resource allocation to vulnerable neighborhoods. © The Author(s) 2025.",Boil water advisory; Lead contamination; Machine learning; Risk prediction; Urban water infrastructure,"Adolescent; Child; District of Columbia; Drinking Water; Environmental Monitoring; Female; Humans; Lead; Machine Learning; Male; Schools; Water Pollutants, Chemical; Water Quality; drinking water; lead; adolescent; blood; chemistry; child; environmental monitoring; female; human; machine learning; male; procedures; school; water pollutant; water quality; TAP WATER",10.1038/s41598-025-24213-2,Article,0,Scopus; Web of Science,2-s2.0-105022227471,WOS:001618530100031,,export_54a1bd36-41a9-4277-a376-08dcc444e5bc_2026-10-06T080507.684203352.csv [derived S1u]; S1-2 result.txt
"Exploring the Determinants of Rural Housing Vacancy in Mountainous Regions: Evidence from Jinshan Town, Fujian Province, China",Wang W.; Ji X.; Xu C.; Zhou H.; Luo T.,2025,Land,"The rational management of vacant rural housing is critical for optimization of Territorial Spatial Patterns. Although the issue of rural housing vacancy (RHV) has attracted widespread attention, systematic investigations in mountainous regions remain limited. This study is based on census data covering 3039 rural houses across six villages in Jinshan Town, Nanjing County, Zhangzhou City, Fujian Province, China. Using binary logistic regression and the XGBoost machine learning model, it systematically identifies the dominant determinants of rural housing vacancy in mountainous areas and evaluates their relative importance. The results show that the relative importance of the influencing factors is ranked as follows: locational conditions, physical housing characteristics, and topographic features. Specifically, among locational factors, the distances to the national road, county government, township government, and village committee centers are the most critical determinants of housing vacancy. In terms of physical attributes, the number of stories, the structural type, the floor area per story, and the orientation of the house are key variables. Regarding topographic factors, slope and aspect have limited overall influence. The two models yielded consistent directions and magnitudes of the key predictors, confirming the robustness and reliability of the results. The findings of this study help address the existing gaps in research regions, influencing factors, and methodological approaches, thereby contributing to the promotion of sustainable rural development. © 2025 by the authors.",influencing factors; mountainous regions; rural governance; rural housing vacancy,China; Fujian; governance approach; housing management; machine learning; mountain region; rural development; LAND; FARMERS; HOMESTEADS,10.3390/land14112187,Article,0,Scopus; Web of Science,2-s2.0-105022921361,WOS:001624761300001,,export_54a1bd36-41a9-4277-a376-08dcc444e5bc_2026-10-06T080507.684203352.csv [derived S1u]; S1-2 result.txt
From Representation to Participation: Generative AI as a Catalyst for Collaborative Design of the Built Environment,Cavaglià M.; Ceccon L.,2025,DISEGNARECON,"As the built environment across Europe and other regions continues to age, the challenge of adapting existing building stock to contemporary needs is becoming increasingly important. In this context, the necessity to manage and update lived spaces will intensify in both frequency and complexity. Participatory design may thus assume a central role in the management of the built landscape, offering a way to align spatial interventions with the lived realities, values, and expectations of local communities. However, one of the enduring challenges faced by participatory design is the risk of inadvertently excluding valuable contributions due to disparities in technical knowledge and design literacy. When non-professional users are invited to engage in participatory frameworks, the activities proposed must be carefully calibrated to match their skills. For instance, practical design tasks, such as generating or commenting on design proposals, must be accessible and meaningful, regardless the participant’s background. This paper explores generative AI (GENAI) as a tool able to foster a more inclusive participation within the participatory design framework. By lowering the technical threshold for engagement while preserving the richness of participant contributions, GenAI can help democratize the design process and reveal latent community values that might otherwise remain unspoken. This paper explores how GenAI, when embedded within a socio-technical framework encompassing tools such as natural-language interfaces, culturally fine-tuned adaptation, multimodal fusion, and transparent governance, can significantly enhance participatory design. Rather than replacing expert judgment, GenAI serves as a mediator and amplifier of diverse perspectives, one that not only expands who can participate, but also deepens the quality and relevance of the resulting design outcomes. © 2025 University of L'Aquila, Department of Civil Construction, Building and Architecture, Environmental Engineering. All rights reserved.",Co-Design; Generative AI; Mass Customization; Participatory Design; User-Centered Design,,10.20365/disegnarecon.35.2025.15,Article,0,Scopus,2-s2.0-105027381791,,,export_54a1bd36-41a9-4277-a376-08dcc444e5bc_2026-10-06T080507.684203352.csv [derived S1u]
Geometry-informed material intensity reveals considerable intra-archetype material variability of UK housing,Dai M.; Gillott C.; Jurczyk J.; Sun K.; Li X.; Liu G.; Densley Tingley D.,2025,"Resources, Conservation and Recycling","Building stock modelling underpins energy and environmental assessments of the built environment. Material Intensity (MI), representing material mass per unit dimension, is vital for bottom-up estimation of building material stocks. However, reliance on sparse or uniform MI data can lead to significant inaccuracies due to intra-archetype variability, often stemming from differing building morphologies. This paper develops a geometry-informed MI (GIMI) method to characterise MI variability using machine learning and morphology features, applied to four materials—brick, concrete, mortar, and stone—in Sheffield, UK. Results indicate that GIMI reduces potential material uncertainties by up to 18% compared to conventional unitary MIs. This approach enhances bottom-up building mass accounting, advancing a circular economy and low-carbon building sector. © 2025 Elsevier B.V.",Building material stocks; Circular economy; Machine learning; Material intensity; Urban sustainability,England; Sheffield [England]; United Kingdom; Apartment houses; Hotels; Masonry materials; Motels; Prestressed materials; Shipbuilding materials; Structural metals; Tile; Building material stock; Building stocks; Buildings materials; Circular economy; Energy assessment; Machine-learning; Material variability; Materials intensity; Stock models; Urban sustainability; building construction; carbon footprint; concrete; construction industry; environmental assessment; machine learning; mortar; sustainability; urban housing; accuracy; algorithm; Article; building; computer aided design; construction work; data analysis; geographic information system; geometry; image reconstruction; material intensity; material variability; materials science; measurement accuracy; multilayer perceptron; nonhuman; publication; socioeconomics; spatial analysis; Houses; MATERIAL STOCK; CONSTRUCTION; BUILDINGS; TIME,10.1016/j.resconrec.2025.108392,Article,2,Scopus; Web of Science,2-s2.0-105006814416,WOS:001504329500001,,export_54a1bd36-41a9-4277-a376-08dcc444e5bc_2026-10-06T080507.684203352.csv [derived S1u]; S1-2 result.txt
GIS Modeling as Launchpad for Geodesign of Regional Rural-Urban Nutrient Partnership,Schwarz-V.raumer H.-G.; Czikl J.,2025,Journal of Digital Landscape Architecture,"The article discusses the development and application of a GIS model to support the planning of a rural-urban nutrient partnership. This initiative, funded through the German research program “Agrarsysteme der Zukunft” (Future Agricultural Systems), aims to promote a circular economy by recycling nutrients from household waste and wastewater for agricultural use. The GIS tool assesses the potential for collecting organic raw materials and the utilization potential of produced fertilizers in agrarian areas. The spatial analysis incorporates parameters, such as population density, building age (to estimate the likelihood of retrofitting for new sanitary systems), and agricultural land use. An essential aspect of the tool is its consideration of ecologically sensitive areas and other regulatory factors, such as protected zones, to ensure environmentally responsible implementation. The goal of using the tool is to identify optimal locations for either centralized or decentralized nutrient processing facilities. The model enables spatial prioritization and assists decision-makers in evaluating options for introducing a nutrient community on a regional scale and to promote and substantiating content of the development of a “Sector Plan for a Nutrient Community”. © Wichmann Verlag, VDE VERLAG GMBH.",Geodesign; nutrient recycling; rural-urban collaboration,,10.14627/537754039,Article,0,Scopus,2-s2.0-105007825160,,,export_54a1bd36-41a9-4277-a376-08dcc444e5bc_2026-10-06T080507.684203352.csv [derived S1u]
Ground Settlement Susceptibility Assessment in Urban Areas Using PSInSAR and Ensemble Learning: An Integrated Geospatial Approach,Jeong W.; Song M.-S.; Yum S.-G.; Adhikari M.D.,2025,Buildings,"Ground settlement is a multifaceted geological phenomenon driven by natural and man-made forces, posing a significant impediment to sustainable urban development. Thus, ground settlement susceptibility (GSS) mapping has emerged as a critical tool for understanding and mitigating cascading hazards in seismically active and anthropogenically modified sedimentary basins. Here, we develop an integrated framework for assessing GSS in the Pohang region, South Korea, by integrating Persistent Scatterer Interferometric Synthetic Aperture Radar (PSInSAR)-derived vertical land motion (VLM) data with seismological, geotechnical, and topographic parameters (i.e., peak ground acceleration (PGA), effective shear-wave velocity (Vs30), site period (Ts), general amplification factor (AF), seismic vulnerability index (Kg), soil depth, topographic slope, and landform classes) through ensemble machine learning models such as Random Forest (RF), XGBoost, and Decision Tree (DT). Analysis of 56 Sentinel-1 SLC images (2017–2023) revealed persistent subsidence concentrated in Quaternary alluvium, reclaimed coastal plains, and basin-fill deposits. Among the tested models, RF achieved the best performance and strongly agreed with field evidence of sand boils, liquefaction, and structural damage from the 2017 Pohang earthquake. The very-high-susceptibility zones exhibited mean subsidence rates of −3.21 mm/year, primarily within soft sediments (Vs30 < 360 m/s) and areas of thick alluvium deposits. Integration of the optimal RF-based GSS index with regional building inventories revealed that nearly 65% of existing buildings fell within high- to very-high-susceptibility zones. The proposed framework demonstrates that integrating PSInSAR and ensemble learning provides a robust and transferable approach for quantifying ground settlement hazards and supporting risk-informed urban planning in seismically active and complex geological coastal environments. © 2025 by the authors.",ensemble learning; ground settlement susceptibility; PSInSAR; resilience planning; urban vulnerability,Coastal zones; Decision trees; Deposits; Earthquakes; Geology; Hazards; Landforms; Learning systems; Machine learning; Magnetic susceptibility; Random forests; Settlement of structures; Shear waves; Soils; Subsidence; Urban growth; Ensemble learning; Ground settlement; Ground settlement susceptibility; Interferometric synthetic aperture radars; Persistent scatterer interferometric synthetic aperture radar; Persistent scatterers; Resilience planning; Urban areas; Urban vulnerability; Shear flow; SEISMIC SITE CONDITIONS; SOUTH-KOREA; 5.4 POHANG; SUBSIDENCE; PREDICTION; DEFORMATIONS; LANDSLIDES; EARTHQUAKE; REGION; INDIA,10.3390/buildings15234364,Article,3,Scopus; Web of Science,2-s2.0-105024550367,WOS:001636204200001,,export_54a1bd36-41a9-4277-a376-08dcc444e5bc_2026-10-06T080507.684203352.csv [derived S1u]; S1-2 result.txt
Image-based prediction of residential building attributes with deep learning,Huang W.; Olson A.W.; Khalil E.B.; Saxe S.,2025,Journal of Industrial Ecology,"This study estimates building attributes—floor area and age—using image-based machine learning. Building age and floor area are key inputs to the studies of urban metabolism, material stocks and flows, and embodied greenhouse gases (GHGs) in the built environment. However, these data are challenging to generate and maintain using traditional survey methods, their availability is uneven and often, even when available, very uncertain. Improving our understanding and future management of built environment resource flows and associated environmental impacts requires more complete access to building age and floor area data. The study formulates area prediction as a regression problem and age prediction as a classification problem over six historical periods, achieving a mean absolute percentage error of 19.42% for area prediction and an accuracy of 70.27% for age prediction in Toronto. These results are obtained using an EfficientNetV2 module for feature extraction from Google Street View images, followed by fully connected layers for estimating the two building attributes. The performance of the Toronto-trained model in five other Canadian cities is also reported, highlighting the model's varying effectiveness in different urban contexts and the benefit of local training. Our findings demonstrate the feasibility of using machine learning for building attribute estimation from street-view images, offering a basis for future automated large-scale material flow and stock analysis. © 2024 The Author(s). Journal of Industrial Ecology published by Wiley Periodicals LLC on behalf of International Society for Industrial Ecology.",building attribute estimation; Google Street View; industrial ecology; machine learning; material stocks; urban sustainability,Canada; Ontario [Canada]; Toronto; Adversarial machine learning; Building attribute estimation; Built environment; Floor areas; Google street view; Google+; Image-based; Industrial ecology; Machine-learning; Material stock; Urban sustainability; building; environmental impact; industrial ecology; machine learning; material flow analysis; sustainability; urban area,10.1111/jiec.13591,Article,10,Scopus; Web of Science,2-s2.0-85209654161,WOS:001406465200001,,export_54a1bd36-41a9-4277-a376-08dcc444e5bc_2026-10-06T080507.684203352.csv [derived S1u]; S1-2 result.txt
Integrated BIM-GIS framework for holistic building stock assessment using 5D geo-modeling and digital twin concepts,Elshaboury N.; AlMetwaly W.M.; Hesham A.; Abbas A.,2025,Journal of Building Engineering,"Rapid urbanization has resulted in enormous quantities of demolition waste in recent years. Designing effective waste management strategies requires assessment of generated waste during the end-of-life stage of buildings; however, information on the quantity and composition of building stock is lacking. This paper presents a robust bottom-up approach using 5D geo-modeling and digital twin concepts to predict building stocks and analyze their spatial distribution by leveraging the capabilities of building information modeling (BIM) and geographic information system (GIS). The material intensity and composition are estimated based on on-site investigations, laser scanning to capture detailed building geometry, and a BIM model to represent building components digitally. Additionally, the spatial distribution of building stock is modeled based on a GIS model. The proposed approach is demonstrated and verified in a case study of 23 typical residential buildings in an Egyptian district. The proposed BIM-GIS framework is a potential game-changer in the architecture, engineering, and construction industry. It thereby promotes effective waste management strategies across various districts by assessing their building stock. © 2025 Elsevier Ltd",Building information modeling (BIM); Building stock; Demolition waste; Geographic information system (GIS); Urban mining; Waste estimation,Architectural design; Building components; Building Information Model; Construction industry; Geographic information systems; Geometry; Information management; Information systems; Information theory; Information use; Spatial distribution; Waste management; Building information modeling; Building Information Modelling; Building stocks; Demolition wastes; Geographic information; Geographic information system; System framework; Urban mining; Waste estimation; Waste management strategies; Demolition; DEMOLITION WASTE; CONSTRUCTION,10.1016/j.jobe.2025.113391,Article,7,Scopus; Web of Science,2-s2.0-105009887558,WOS:001529761700002,,export_54a1bd36-41a9-4277-a376-08dcc444e5bc_2026-10-06T080507.684203352.csv [derived S1u]; S1-2 result.txt
Machine Learning-Based Prediction of Optimal Building-Level Flood Mitigation Strategies in At-Risk Communities,Gupta H.S.; Nofal O.N.; González A.D.; Nicholson C.D.; van de Lindt J.W.,2025,Natural Hazards Review,"Flood-prone communities face severe economic and structural losses, necessitating strategic building retrofitting to enhance resilience. However, selecting the most effective mitigation strategies remains challenging due to financial constraints and the varying characteristics of at-risk buildings. While previous studies have explored optimization and machine learning separately for flood mitigation, there is a need for a more integrated approach that systematically prioritizes retrofitting strategies across large building inventories while maintaining cost-effectiveness. This study addresses this gap by developing a data-driven framework that combines machine learning and mathematical optimization to support building-level flood mitigation planning. This framework utilizes optimization models to generate training data for machine learning models, enabling the prediction of effective retrofitting strategies to minimize economic losses from flooding. Hyperparameter tuning using Bayesian optimization ensures optimal model performance, and evaluation on a holdout data set confirms its generalizability. The results demonstrate that the stacking model achieved an outstanding accuracy of 99.58% on the test set and 99.44% on the holdout set, significantly outperforming other models. Feature importance analysis reveals that geographic coordinates, building appraisal value, and building area are also critical factors in determining effective retrofitting strategies along with budget consideration. The optimization model, designed to minimize economic loss under budget constraints, shows that a budget of $14M can retrofit over 40% of buildings and reduce economic losses by approximately 17%. Moreover, building elevation emerges as a particularly cost-effective and sustainable resilience strategy, offering both immediate flood protection and long-term mitigation benefits. This research underscores the transformative role of predictive analytics in disaster risk management and provides a scalable, data-driven framework for policy makers and urban planners to make informed decisions on resource allocation and retrofitting strategies. By bridging predicting modeling with prescriptive modeling, this study advances flood resilience planning and economic loss reduction, offering practical insights for real-world implementation. © 2025 American Society of Civil Engineers (ASCE). All rights reserved.",Building retrofitting; Building value loss; Flood mitigation; Machine learning modeling; Natural hazard resilience; Optimization modeling,Budget control; Buildings; Cost effectiveness; Decision making; Disasters; Economic analysis; Flood control; Floods; Learning systems; Losses; Machine learning; Optimization; Predictive analytics; Risk management; Building levels; Building retrofitting; Building value loss; Economic loss; Flood mitigation; Machine learning models; Machine-learning; Natural hazard; Natural hazard resilience; Optimization models; building; disaster management; flood; integrated approach; machine learning; natural disaster; resource allocation; Retrofitting; RESILIENCE; DECISIONS,10.1061/NHREFO.NHENG-2330,Article,4,Scopus; Web of Science,2-s2.0-105011294755,WOS:001575394000002,,export_54a1bd36-41a9-4277-a376-08dcc444e5bc_2026-10-06T080507.684203352.csv [derived S1u]; S1-2 result.txt
Moving Human Detection Method in Through-the-wall Radar Based on Robust Principal Component Analysis and YOLOv8,Qu X.; Wang W.; Meng H.; Yang X.,2025,Journal of Signal Processing,"With the rapid advancement of urbanization, building structures have become increasingly dense, resulting in more complex urban environments. In such settings, dangerous individuals often hide in shielded spaces obstructed by buildings. Therefore, it is urgently necessary to develop effective detection methods for shielded areas. Through-the-wall radar technology, which emits electromagnetic waves capable of penetrating obstacles such as walls, offers a promising solution for detecting moving humans in these environments. However, through-the-wall radar detection is challenged by strong wall clutter and low-quality radar imagery. This study proposes a through-the-wall radar moving human detection method based on robust principal component analysis (RPCA) and YOLOv8 to address these issues. The aim is to enhance the accuracy and reliability of detecting moving humans in shielded environments. In the proposed method, RPCA is utilized to extract moving human echoes from the original radar returns of each channel, leveraging the low-rank nature of wall clutter and the sparsity of moving target echoes. Following this, the time-domain back-projection algorithm is employed to generate radar images. The Phase Coherence Factor (PCF) weighting method is applied to enhance image quality, based on the phase correlation between target and sidelobe positions across radar transceiver channels. This technique effectively suppresses azimuthal sidelobes. Finally, the enhanced radar images are processed using the deep neural network YOLOv8 to detect moving humans. The effectiveness and robustness of the proposed method were verified through both numerical simulations and field experiments. In the simulations, a scenario with two moving individuals behind a wall was designed. The results showed that RPCA effectively suppressed static clutter such as wall reflections and successfully extracted the echoes of the two moving individuals. The proposed approach significantly improved the signalto- clutter ratio (SCR) compared with other methods. The experimental results showed that the YOLOv8-based moving person detection model could successfully detect the number and positions of moving persons behind the wall. In field experiments, a MIMO radar system was deployed to detect multiple moving targets behind a 20 m wall. The results demonstrated that the proposed method could accurately detect the number and locations of moving persons while effectively suppressing clutter. In conclusion, the through-the-wall radar moving human detection method based on RPCA and YOLOv8 provides a reliable and efficient solution for detecting moving humans in shielded spaces. It effectively overcomes the challenges of strong wall clutter and low-quality radar images, making it a valuable tool for applications such as security surveillance, search and rescue operations, and law enforcement in complex urban environments. Future research may focus on optimizing computational efficiency and expanding the method’s applicability to a wider range of scenarios. © 2025, Editorial Board of Journal of Signal Processing. All rights reserved.",moving human detection; robust principal component analysis; through-the-wall radar; YOLOv8,,10.12466/xhcl.2025.08.008,Article,0,Scopus,2-s2.0-105018107082,,,export_54a1bd36-41a9-4277-a376-08dcc444e5bc_2026-10-06T080507.684203352.csv [derived S1u]
MSA-UNet: Multiscale Feature Aggregation with Attentive Skip Connections for Precise Building Extraction,Yao G.; Chen Y.; Sun W.; Zhang Z.; Tang Y.; Bi J.,2025,ISPRS International Journal of Geo-Information,"An accurate and reliable extraction of building structures from high-resolution (HR) remote sensing images is an important research topic in 3D cartography and smart city construction. However, despite the strong overall performance of recent deep learning models, limitations remain in handling significant variations in building scales and complex architectural forms, which may lead to inaccurate boundaries or difficulties in extracting small or irregular structures. Therefore, the present study proposes MSA-UNet, a reliable semantic segmentation framework that leverages multiscale feature aggregation and attentive skip connections for an accurate extraction of building footprints. This framework is constructed based on the U-Net architecture, incorporating VGG16 as a replacement for the original encoder structure, which enhances its ability to capture low-discriminative features. To further improve the representation of image buildings with different scales and shapes, a serial coarse-to-fine feature aggregation mechanism was used. Additionally, a novel skip connection was built between the encoder and decoder layers to enable adaptive weights. Furthermore, a dual-attention mechanism, implemented through the convolutional block attention module, was integrated to enhance the focus of the network on building regions. Extensive experiments conducted on the WHU and Inria building datasets validated the effectiveness of MSA-UNet. On the WHU dataset, the model demonstrated a state-of-the-art performance with a mean Intersection over Union (mIoU) of 94.26%, accuracy of 98.32%, F1-score of 96.57%, and mean Pixel accuracy (mPA) of 96.85%, corresponding to gains of 1.41% in mIoU over the baseline U-Net. On the more challenging Inria dataset, MSA-UNet achieved an mIoU of 85.92%, indicating a consistent improvement of up to 1.9% over the baseline U-Net. These results confirmed that MSA-UNet markedly improved the accuracy and boundary integrity of building extraction from HR data, outperforming existing classic models in terms of segmentation quality and robustness. © 2025 by the authors.",attention mechanism; building extraction; multiscale feature aggregation; skip connection,,10.3390/ijgi14120497,Article,1,Scopus; Web of Science,2-s2.0-105025925115,WOS:001646738300001,,export_54a1bd36-41a9-4277-a376-08dcc444e5bc_2026-10-06T080507.684203352.csv [derived S1u]; S1-2 result.txt
Multi-modal prediction of building energy efficiency using apartment listing data,Sonta A.; de Waha G.; Morvan M.; Romanato S.; Hauser H.; Houde S.; Mayr H.,2025,"EG-ICE 2025: AI-Driven Collaboration for Sustainable and Resilient Built Environments Conference Proceedings, 32nd EG-ICE International Workshop on Intelligent Computing in Engineering","Predicting the energy efficiency of buildings at scale when detailed building data is limited remains a challenge. Tools for doing so can enhance our understanding of the building stock, which can be used for decision-making and policymaking related to building renovation for efficiency. Such tools, when applied in the residential context, could also enhance access to energy-related information for home renters and buyers when making decisions on where to live. In this work, we build a multi-modal machine learning model to predict the energy efficiency of residential units. We leverage a large dataset of tens of thousands of buildings in Switzerland that include tabular, text, and image data that can commonly be found in online apartment listing sites. After regressing out weather, occupancy, and energy price information, our model predicts the inherent energy efficiency fixed effects with about a 30% normalised root mean squared error. We explore the relative importance of each data modality and demonstrate how the multiple modalities can be integrated into an overall ensemble approach. This research shows how more information about inherent building energy efficiency can be disclosed through machine learning tools. © 2025 EG-ICE.All rights reserved.",Building energy prediction; multi-modal deep learning; urban energy simulation,Apartment houses; Decision making; Energy efficiency; Green buildings; Large datasets; Learning systems; Machine learning; Building energy; Building energy efficiency; Building energy prediction; Energy prediction; Energy simulation; Multi-modal; Multi-modal deep learning; Urban energy; Urban energy simulation; Forecasting,10.17868/strath.00093274,Conference paper,0,Scopus,2-s2.0-105045815814,,,export_54a1bd36-41a9-4277-a376-08dcc444e5bc_2026-10-06T080507.684203352.csv [derived S1u]
Multi-Scale Mixture-of-Experts With Lora for Building Extraction from Optical Remote-Sensing Images,H. Xu; B. Xue; R. Liu; Q. Zhang; W. Lu,2025,2025 32nd International Conference on Geoinformatics,"Due to the high density of buildings, diverse illumination conditions, and varying scales in complex urban scenes, building extraction from high-resolution optical remotesensing images faces significant challenges in capturing multi-scale information and effectively utilizing spatial context. To address these issues, we propose MSLoRA-Net, a Multi-Scale LoRAEnhanced Building Extraction Network, designed to improve extraction accuracy and robustness. MSLoRA-Net introduces a novel hybrid expert LoRA (Low-Rank Adaptation) mechanism combined with a router network for dynamic parameter selection, enabling efficient and adaptive fine-tuning based on the Segment Anything Model (SAM). This enhances the model's ability to focus on building targets. To overcome the limitations of ViT in dense prediction tasks, an Auxiliary Multi-Scale Encoder (AME) is incorporated to capture global context while refining local detail modeling. In addition, a Feature Injection and Extraction Module is introduced to optimize interaction between dual encoders, ensuring effective integration of global and local features for better adaptation to complex building structures. Furthermore, a semantic-aligned progressive upsampling decoder is designed to restore spatial resolution while leveraging semantic alignment strategies, reducing boundary blurring in high-resolution feature reconstruction. Experimental results demonstrate that MSLoRANet achieves superior building extraction accuracy across multiple public datasets. This study also represents an innovative application of the SAM foundation model to building extraction tasks, verifying its great potential in remote-sensing image analysis and providing valuable insights for future research on efficient and precise building extraction.",building extraction;remote-sensing;low-rank adaptation;vision transformer;Segment Anything Model,Adaptation models; Accuracy; Computational modeling; Buildings; Feature extraction; Optical imaging; Data models; Decoding; Data mining; Remote sensing,10.1109/Geoinformatics67279.2025.11173552,IEEE Conferences,,IEEE Xplore,,,IEEE Conferences,IEEE_S1-2_final.csv
Predictive modeling and estimation of moisture damages in Swedish buildings: A machine learning approach,Wu P.-Y.; Johansson T.; Mundt-Petersen S.O.; Mjörnell K.,2025,Sustainable Cities and Society,"Identifying potential moisture damage is crucial for maintenance practices and assurance of well-being of occupants. However, due to limited information availability and standardization, assessing damage prevalence on the building stock scale remains understudied. By combining investigation records and building databases, this study leverages data analytic techniques and machine learning modeling to characterize damage pathology and predict its occurrence in Swedish buildings. The interrelationships between damage-specific attributes and their associations with building parameters of several damage types were analyzed using feature selection, forming the basis for developing predictive models. Results show that multilabel classifiers outperform binary classifiers for every damage type, with lead tree ensemble models achieving minimum average AUCPR and F2 of 0.85 for microbial growth, 0.87 for deformation, 0.91 for odor, and 0.95 for water leakage. The identified patterns were interpreted and verified against descriptive statistics. The binary relevance models estimate that one-third of school buildings, 20 % of commercial and office buildings, and 15 % of residential dwellings in regional building stock contain moisture damage. These findings advance the quantification of moisture damage by providing new knowledge and approaches for appraising moisture damage likelihood at aggregated and individual building levels, thereby aiding in moisture safety evaluations and preventive maintenance efforts. © 2024",Building stock; Moisture damage; Multilabel classification; Prediction; Sweden,Sweden; Predictive maintenance; School buildings; Store buildings; Building stocks; Damage type; Machine learning approaches; Maintenance practices; Moisture damage; Multi-label classifications; Predictive estimation; Predictive models; Swedishs; building; estimation method; machine learning; moisture content; prediction; Preventive maintenance; RISK,10.1016/j.scs.2024.105997,Article,9,Scopus; Web of Science,2-s2.0-85211971013,WOS:001386237800001,,export_54a1bd36-41a9-4277-a376-08dcc444e5bc_2026-10-06T080507.684203352.csv [derived S1u]; S1-2 result.txt
Rapid prediction of seismic responses and estimation of falling debris ranges for regional multi-story reinforced concrete frame structures; [区域多层钢筋混凝土框架结构地震响应快速预测与建筑坠物范围估算],Zheng X.; Cheng J.; Xu S.; Deng Y.; Li X.,2025,World Earthquake Engineering,"The urban building cluster holds the characteristics of various structural types, large span of construction periods and different structural resistance. It is of great significance to develop an accurate prediction model for seismic responses of building clusters to enhancing urban resilience in China. This study took the regional building structures involved in a virtual community as an example. Firstly, the building cluster was divided into several types of representative buildings according to the building function.Secondly, considering the uncertainty of parameters such as material mechanical properties and structural damping ratios, Latin hypercube sampling method was used to generate structural samples with 2 to 3 times the number of uncertain parameters. Then, the nonlinear dynamic time-history analysis was conducted on the representativebuildings subjected to 100 seismic ground motion records. Finally, with the structural response data of maximum inter-story drift ratio and maximum floor drift, a surrogate model for rapidly calculating seismic responses of structures was developed based on the XGBoost and networks. This surrogate model can be used to evaluate the seismic damage state of the campus building complex in China University of Mining and Technologyduringan earthquake event, and then to estimate the rangeof post-earthquake falling debris. The results indicate that the surrogate model trained by this XGBoost algorithm yields more accurate prediction outcomes. Additionally, the trained surrogate model can rapidly obtain the seismic responses of similar buildings, significantly reducing the time consumption of nonlinear dynamic time-history analysis. The proposed method provides a valuable reference for the development of disaster prevention and mitigation policies as well as the post-earthquake rescue and evacuation strategies for urban building complexes. © 2025 Science Press. All rights reserved.",building complexes; falling debris; machine learning; seismic resilience; seismic response prediction,concrete structure; earthquake engineering; machine learning; multistorey building; prediction; reinforced concrete; seismic response,10.19994/j.cnki.WEE.2025.0043,Article,0,Scopus,2-s2.0-105012859471,,,export_54a1bd36-41a9-4277-a376-08dcc444e5bc_2026-10-06T080507.684203352.csv [derived S1u]
Real-Time Avoidance of Obstacles and Emergent Geo-Fences for Urban Air Mobility Using Deep Reinforcement Learning,M. Zhang; B. Pang; C. Yan; M. Feroskhan; C. Lv,2025,IEEE Transactions on Intelligent Transportation Systems,"Urban air mobility (UAM) aims to revolutionize transportation in urban airspace by integrating advanced aerial vehicles for efficient, safe, and sustainable short-distance travel within cities. The growth in UAM operations significantly increases collision risks in dense, dynamic urban airspaces filled with buildings, obstacles, and temporary geo-fences triggered by crowded events or severe weather. Addressing the dynamic emergence of geo-fences in environments originally characterized by dense building structures presents significant challenges, and current solutions remain inadequate. In this study, we propose a novel Deep Deterministic Policy Gradient Learning Framework (DDPG), enhanced with Gated Recurrent Units (GRU), introduce a randomized layer after the neural network’s input observation and incorporate Feature Matching (FM) loss. This introduction of the randomized layer boosts the performance of autonomous aerial vehicles in avoiding dynamically emergent geo-fences in environment with dense obstacles and mitigate path deviation. Moreover the similar improvements can be found when AAV operates in unseen environments. We modeled our simulation environment using real spatial data from a residential area in Singapore, dividing it into areas for training and evaluation. Our results demonstrate that employing feature matching gated recurrent unit-deep deterministic policy gradient (FMGRU-DDPG) algorithms enables AAVs to achieve over a 90% success rate in reaching their destinations despite the presence of up to 10 dynamically appearing geo-fences during its flight. Additionally, the algorithm maintains more than a 60% success rate in unseen environments during training which outperforming both GRU-DDPG and DDPG algorithms.",Deep reinforcement learning;tactical conflict resolution;deep deterministic policy gradient;autonomous aerial vehicles;geo-fence avoidance,Autonomous aerial vehicles; Urban air mobility; Real-time systems; Collision avoidance; Trajectory; Heuristic algorithms; Urban areas; Training; Optimization; Deep reinforcement learning,10.1109/TITS.2025.3589322,IEEE Journals,4,IEEE Xplore,,,IEEE Journals,IEEE_S1-2_final.csv
Reliability-based quantification of the benefits of machine learning predictive models in seismic structural design and performance assessment,Aladsani M.A.; Burton H.V.,2025,Structural Safety,"Machine Learning (ML) techniques have been used extensively in research within the field of structural engineering due to their high level of accuracy in predicting the behavior of different structural elements. In fact, the superior predictive performance relative to traditional statistical models is often suggested as the primary motivation for the adoption of ML models. However, the implications of such improvements in predictive accuracy in the design and performance of structural systems have not been studied. This paper presents a reliability-based investigation of the tangible benefits provided by ML models in terms of structural design and performance. To quantify these benefits, the increase in predictive accuracy is interpreted as a reduction in epistemic uncertainty. The specific focus is on a predictive model that estimates the drift capacity of reinforced concrete shear walls (RCSWs) with special boundary elements. The accuracy of an extreme gradient boosting (XGBoost) model relative to a basic linear regression equation is quantified in terms of reduced epistemic uncertainty. Then, using 36 RCSW archetype buildings, a Monte Carlo-based procedure is implemented to evaluate the implication of the improved predictive accuracy to seismic design and performance. The study provides insights into how much improvement in accuracy (i.e., ML relative to traditional model) is needed to have a tangible effect on the seismic design and performance. © 2025 Elsevier Ltd",Epistemic uncertainty; Machine learning; Predictive model accuracy; Reliability-based assessment; Structural reliability,Epistemic uncertainties; Machine-learning; Modeling accuracy; Performance; Predictive accuracy; Predictive model accuracy; Predictive models; Reliability-based; Reliability-based assessment; Structural reliability; ARTIFICIAL NEURAL-NETWORK; SHEAR-STRENGTH PREDICTION; REINFORCED-CONCRETE BEAMS; HSC SLENDER BEAMS; DRIFT CAPACITY; COLLAPSE RISK; UNCERTAINTIES; WALLS; SIMULATION; MOMENT,10.1016/j.strusafe.2025.102596,Article,4,Scopus; Web of Science,2-s2.0-105001193864,WOS:001459426100001,,export_54a1bd36-41a9-4277-a376-08dcc444e5bc_2026-10-06T080507.684203352.csv [derived S1u]; S1-2 result.txt
Risk assessment of spatially distributed assets with generalized seismic fragility models based on machine learning,Ding J.-W.; Lu D.-G.; Cao Z.-G.,2025,Soil Dynamics and Earthquake Engineering,"Urban areas consist of a diverse array of spatially distributed assets, encompassing both infrastructure systems and portfolio buildings, both of which are crucial to enhancing the sustainability and resilience of urban. Addressing the seismic risk within such settings requires a nuanced approach that considers the spatial distribution of assets and the correlation among ground motion intensity measures (GMIMs). This study undertakes finite element modeling of different structural types. Recognizing the distinct sensitivities of GMIMs to these structural types, 5 machine learning (ML) methods are implemented to construct prediction models for seismic responses based on 24 GMIMs. The generalized fragility model and vulnerability model are developed for different structural types. Moreover, the spatial cross-correlation of 24 GMIMs is integrated into a loss assessment framework using geostatistical techniques and principal component analysis. A virtual city is taken as a case study, demonstrating that the generalized fragility model based on ML enhances the accuracy of regional loss assessment and improves traffic connectivity reliability compared to traditional fragility models that consider a single GMIM. In summary, this study presents a comprehensive framework for regional seismic risk assessment, leveraging ML alongside spatial analysis to enhance prediction accuracy and reliability, thus offering valuable insights for urban planning and disaster mitigation efforts. © 2025 Elsevier Ltd",Connectivity reliability; Fragility model; Loss assessment; Machine learning; Vulnerability model,Risk assessment; Urban planning; Connectivity reliability; Fragility model; Ground motion intensity measures; Loss assessment; Machine-learning; Model-based OPC; On-machines; Risks assessments; Structural type; Vulnerability models; finite element method; geostatistics; ground motion; machine learning; numerical model; principal component analysis; reliability analysis; risk assessment; seismic response; seismic zone; spatial distribution; vulnerability; Seismic response; INTENSITY MEASURE SELECTION; CROSS-CORRELATION MODEL; SPECTRAL ACCELERATIONS; PRINCIPAL COMPONENT; VECTOR; PREDICTION; HAZARD; PGV; SAS,10.1016/j.soildyn.2025.109533,Article,8,Scopus; Web of Science,2-s2.0-105007140999,WOS:001509001000004,,export_54a1bd36-41a9-4277-a376-08dcc444e5bc_2026-10-06T080507.684203352.csv [derived S1u]; S1-2 result.txt
Seismic fragility and financial loss analysis of building clusters on the basis of probability and empirical estimation strategies,Li S.-Q.,2025,Archives of Civil and Mechanical Engineering ,"The effects of earthquakes of multiple intensities on engineering buildings directly cause many structural failures, economic losses, and displacement. Furthermore, various building structures exhibit diverse seismic vulnerabilities and risk characteristics under different temperatures. Structural earthquake vulnerability and loss of typical engineering structures under multiple temperatures and low- to medium-seismic intensities have been proposed to study seismic vulnerability and loss estimation models considering probabilistic seismic risk and temperature effects. Temperature models were established for nine typical cities (earthquake-prone regions) within Yunnan Province. An innovative model for estimating the number of outdoor shelters considering the seismic fragility of buildings and the dominance of temperature fields has been proposed. Using empirical and mathematical statistical techniques, the developed model was validated and analysed via four types (adobe and wooden (AW) buildings, brick and timber (BT) structures, multistory masonry (MM) structures, and reinforced concrete frame (RCF) structures) of structural survey data (31,356.347 m2) from two destructive earthquakes (Dayao-N and Dayao-L) that occurred in Dayao County, Yunnan Province, China, on July 21, 2003, and October 16, 2003. Using probability risk and nonlinear regression methods, seismic loss and risk index curves and economic loss distributions were established for four building clusters considering empirical and temperature effects. Using the method of cumulative estimation of failure and loss, seismic loss and risk models were generated. A statistical analysis of the distribution of the number of outdoor shelters considering a dataset of actual damage to four types of buildings under different temperatures and earthquake intensities was performed. An updated seismic risk membership index curve was generated for four buildings on the basis of temperature and moderate- to low-intensity measures. © Wroclaw University of Science and Technology 2025.",Earthquake losses and risks; Number of outdoor shelters; Seismic risk membership index; Seismic vulnerability and loss index; Temperature field and moderate- to low-intensity measures,Earthquake engineering; Linear regression; Logistic regression; Model structures; Structural analysis; Wooden buildings; Earthquake loss and risk; Intensity measure; Loss indices; Low-intensity; Number of outdoor shelter; Seismic loss; Seismic risk; Seismic risk membership index; Seismic vulnerability; Seismic vulnerability and loss index; Temperature field and moderate- to low-intensity measure; Vulnerability index; Earthquake effects,10.1007/s43452-025-01234-2,Article,5,Scopus,2-s2.0-105006462457,,,export_54a1bd36-41a9-4277-a376-08dcc444e5bc_2026-10-06T080507.684203352.csv [derived S1u]
Seismic response prediction of soil tunnel structure based on CNN-LSTM model,Hao W.; Yin H.; Liu J.; Ma R.; Zhao D.; Lu S.,2025,Structures,"Intelligent prediction of seismic responses in building structures effectively addresses the challenges of nonlinear function modeling and can significantly enhance both accuracy and efficiency. This method is widely utilized for seismic mitigation and disaster reduction in urban architectural structures. To account for the temporal characteristics of seismic response data and the nonlinear behavior of soil-tunnel structures, we propose a physics-informed and data-driven CNN-LSTM neural network model for high-precision forecasting of real-time seismic responses in soil-tunnel structures. Utilizing the LSTM seismic response prediction method, earthquake waves and physical structure data obtained from scaled vibration table experiments serve as the database. Data processing is performed using a CNN dimensionality reduction module, after which real-time seismic response predictions for the soil-tunnel structure are made with an LSTM deep learning framework. A comprehensive performance evaluation of the model is carried out using various assessment metrics. Research shows that the LSTM network outperforms the CNN network in predicting the real-time seismic responses of soil-tunnel structures. In comparison to the LSTM network, the CNN-LSTM network efficiently predicts real-time seismic responses at any moment, exhibiting improved accuracy and robustness. The root mean square error (RMSE) decreased by 72.67 %, the mean absolute error (MAE) decreased by 76.38 %, and the coefficient of determination (R²) rose by 1.93 %. These findings offer a novel research perspective for predicting the seismic responses of actual soil-tunnel structures. © 2025 Institution of Structural Engineers",CNN-LSTM algorithm; Long short-term memory neural network; Real-time seismic response prediction; Shaking table test; Soil-tunnel structural system,Earthquake effects; Earthquake engineering; Intelligent buildings; Long short-term memory; Prediction models; Tunnels; CNN-LSTM algorithm; Long short-term memory neural network; Neural-networks; Real- time; Real-time seismic response prediction; Response prediction; Shaking table tests; Short term memory; Soil-tunnel structural system; Structural systems; Seismic response,10.1016/j.istruc.2025.108381,Article,23,Scopus; Web of Science,2-s2.0-85217959913,WOS:001429587700001,,export_54a1bd36-41a9-4277-a376-08dcc444e5bc_2026-10-06T080507.684203352.csv [derived S1u]; S1-2 result.txt
Seismic Risk Assessment in Educational Buildings Using Neural Networks,L. A. A. Cerron; J. S. A. A. Rojas,2025,"2025 5th International Conference on Intelligent Technologies, CONIT 2025","This study presents the implementation of Artificial Neural Networks (ANNs) for the assessment of seismic risk in educational buildings, using a public school in Lima, Peru, as a case study. Given the region’s high seismic vulnerability and the scarcity of resources for traditional structural evaluations, the proposed model integrates site-specific geotechnical, structural, and seismic variables. The ANN was structured with two hidden layers and trained through supervised learning, employing hyperparameter optimization via random search and crossvalidation to maximize predictive accuracy. The model achieved an accuracy of $\mathbf{9 2. 5 \%}$ in classifying buildings into seismic risk categories (low, medium, high), outperforming a baseline empirical vulnerability scoring method by 15%. Critical input features included building age, number of floors, construction quality, and type of structural material. Results indicate that the ANN model is a scalable, low-cost, and data-driven alternative for rapid vulnerability screening in educational infrastructure. This approach supports informed decision-making in seismic risk mitigation policies, particularly in resource-constrained contexts. Identified limitations and recommendations for extending the methodology to broader urban datasets are discussed to ensure future applicability and robustness.",Artificial Intelligence; Educational Infrastructure; Neural Networks; Risk Assessment; Seismic Vulnerability,Building materials; Decision making; Optimization; School buildings; Seismology; Case-studies; Educational buildings; Educational infrastructure; Neural-networks; Public schools; Risks assessments; Seismic risk; Seismic risk assessment; Seismic vulnerability; Structural evaluation; Neural networks; Risk assessment; Accuracy; Buildings; Supervised learning; Artificial neural networks; Hyperparameter optimization; Robustness; Planning; Floors; Risk mitigation,10.1109/CONIT65521.2025.11167109,Conference paper,0,Scopus; IEEE Xplore,2-s2.0-105018305039,,IEEE Conferences,export_54a1bd36-41a9-4277-a376-08dcc444e5bc_2026-10-06T080507.684203352.csv [derived S1u]; IEEE_S1-2_final.csv
Seismic risk assessment of typical bridges in Northeastern Brazil through the application of Machine Learning methods; [Estudo de vulnerabilidade sísmica de OAEs típicas do Nordeste do Brasil através de métodos em Machine Learning],Da Ronch L.F.; Cavalcante G.H.F.; Pereira E.M.V.; Rodrigues I.D.; Dos Santos T.D.; Siqueira G.H.,2025,Revista IBRACON de Estruturas e Materiais,"Bridges are the most vulnerable components in a transportation system. Therefore, extraordinary events such as seismic activities should also be considered in bridge design. In Brazil, since the last few decades, representative earthquakes with magnitudes above 5 have been registered by the seismological center of the University of São Paulo (USP). The newest edition of the Brazilian regulation for seismic-resistant structure design, NBR 15421:2023, does not apply to special structures, such as bridges. It is not clear whether the existing infrastructure can resist seismic demands. This work aims to evaluate the vulnerability of a reinforced concrete bridge with typical geometry located in the northeast of Brazil, a region known for relatively high seismic activity in Brazilian territory. The structural system is composed of a “T” section deck supported by non-integral U-type or gravity abutments and by frames with two circular columns through elastomeric bearings. The seismic records were collected from the Pacific Earthquake Engineering Research Center, which is compatible with the target spectrum of the city of Natal/RN. The study of vulnerability is conducted through the assembly of fragility curves, which provide the conditional probability of the demand (obtained by nonlinear dynamic analysis) exceeding the structural capacity for different structural damage limit states. Traditional approaches to evaluating fragility curves are time-consuming, mainly because of the relatively high computational cost of running several finite element-based models. Here, we present a computationally efficient scheme based on Machine Learning techniques to evaluate the application of artificial intelligence tools, such as Support Vector Machine, Decision Tree and Random Forest, for seismic vulnerability for structures situated in the northeastern region of Brazil. The fragility curves obtained by traditional approach and Machine Learning techniques were very similar. © 2025, IBRACON - Instituto Brasileiro do Concreto. All rights reserved.",fragility curves; Machine Learning; reinforced concrete bridges; seismic vulnerability,,10.1590/S1983-41952025000200008,Article,0,Scopus,2-s2.0-105006783582,,,export_54a1bd36-41a9-4277-a376-08dcc444e5bc_2026-10-06T080507.684203352.csv [derived S1u]
Seismic Zone Clustering and Risk Prediction Using AI/ML and GIS Techniques,Ruparel F.; Pandey A.; Keskar R.; Kumar R.; Mehta M.,2025,Lecture Notes in Civil Engineering,"Seismic waves are vibrations caused by energy from earthquakes. Over 58.6% of the land in India is susceptible to earthquakes and over 90% of casualties in India were caused by building collapses. To protect lives and property, seismic risk prediction is done by calibrating grid-wise risk for the city. As manual building-by-building risk evaluation is impractical, automatic seismic risk prediction using machine learning is its solution. It involves clustering seismic zones based on development trends tied to habitation and income groups, discerned through satellite image analysis. Features like street intersection density, tree density, built-up areas, demographics, important structures (e.g., hospitals, restaurants, tourist attractions, etc.), and building age are extracted from satellite images using GIS tools. Machine Learning techniques, including Random Forest Classifiers and Neural Networks, are then applied to determine feature relevance and to obtain seismic risk zones. This leads to vulnerability assessment, estimating economic and life losses. The proposed GIS and ML-based approach streamlines feature extraction, and zone (100-m grid) classification with an approximate accuracy of 74% simplifying seismic risk assessment. © The Author(s), under exclusive license to Springer Nature Singapore Pte Ltd. 2025.",GIS tools; Machine learning; Neural Network; QGIS; Random forest classifier; Seismic risk,Earthquake effects; Risk analysis; Risk perception; Seismic response; Clusterings; Energy; GIS tool; Machine-learning; Neural-networks; QGIS; Random forest classifier; Risk predictions; Seismic risk; Seismic zones; Risk assessment,10.1007/978-981-97-7043-4_53,Conference paper,0,Scopus,2-s2.0-85210257601,,,export_54a1bd36-41a9-4277-a376-08dcc444e5bc_2026-10-06T080507.684203352.csv [derived S1u]
Street View Image-Based Emotional Perception Modeling of Old Residential Communities: An Explainable Framework Integrating Random Forest and SHAP,"Xu, YQ Fan, XX",2025,ISPRS International Journal of Geo-Information,"Understanding how the built environment shapes residents’ emotional perceptions in old residential communities (ORCs) is essential for enhancing livability and supporting people-oriented urban regeneration. This study proposes an explainable analytical framework that integrates community attributes, streetscape indicators, and subjective evaluations. Using random forest (RF) regression combined with Shapley Additive Explanations (SHAP), we conducted an empirical study on ten ORCs in Yangzhou, China. A total of 1240 street view images (SVIs) were processed to extract social attributes, including building age, building scale, and point-of-interest (POI) diversity, as well as visual indicators such as walkability, green view index (GVI), and colorfulness. Six emotional perception scores were obtained from the MIT Place Pulse 2.0 model and further calibrated through questionnaires. The results show that the proposed framework effectively captures the spatial determinants of residents’ perceptions, with the model predictions being highly consistent with survey evaluations. Specifically, GVI and street enclosure are positively associated with perceptions of beauty, safety, and vitality, while building aging and functional monotony intensify negative feelings such as oppression and boredom. Visual diversity (VD) enhances aesthetic and vitality perceptions, whereas facility visual entropy demonstrates a dual role—reinforcing safety but potentially inducing oppressive feelings. By integrating interpretable machine learning with geospatial analysis, this study provides both theoretical and practical insights for micro-scale community renewal, and the framework can be extended to multimodal analyses including soundscapes and behavioral pathways. © 2025 by the authors.",Emotional Correlation; old residential communities (ORCs); random forest (RF) models; Shapley additive explanations (SHAP); street view images (SVIs),URBAN; ENCLOSURE,10.3390/ijgi14120471,Article,5,Scopus; Web of Science,2-s2.0-105025944432,WOS:001646708000001,,export_54a1bd36-41a9-4277-a376-08dcc444e5bc_2026-10-06T080507.684203352.csv [derived S1u]; S1-2 result.txt
The intrinsic problems in EQ damage prognosis: the experience from a systematic evaluation of L’Aquila databases and different levels of data availability,Lamadrid L.F.G.; Schwarz J.; Maiwald H.,2025,Bulletin of Earthquake Engineering,"Within the European TURNkey project, a knowledge-based exposure-modelling framework was developed, enabling the consideration of different levels of investigation and data availability. In particular, the proposed framework recognizes various levels and origins of uncertainties, as well as the completeness of a building stock catalogue. Despite substantial efforts, the main question still needs to be answered: How reliable can the developed tools and instruments be if they are not tested and validated by actual events? The L’Aquila 2009 earthquake has been the subject of several analytical strategies to enrich earthquake engineering knowledge. In this study, the information provided by the Italian Observed Damage Database is analyzed, explicitly focusing on the seismic sequence of the L’Aquila 2009 earthquake within the delimited area of the city’s historical center. A second dataset, where the European Macroseismic Scale (EMS-98) was used as a reference, is integrated into the study, and the results are compared. A methodology is implemented for a systematically evaluating the database based on the EMS-98. From the data analysis, a proposal is made to define a comparable EMS-98 building typology and to assign vulnerability classes considering optimistic, pessimistic and most likely criteria. The reliability of the sample is then explored using the knowledge-based exposure modelling framework established by the TURNkey Project. Accuracy is then evaluated through an empirical inspection of frontal (lateral) views available in Google Street View (2022). Images before and after the event are collected and compared with the available data. Intrinsic problems encountered during the process are then listed and discussed, particularly regarding the use of the database, the joint between the studied datasets, and the post-processing required to use the data for damage prognosis. This paper intends to demonstrate how reliable datasets for the building stock, including structural types and corresponding vulnerability classes, can be elaborated. Not least, exposure modelling has to transform the available data into a descriptive form that can be linked directly with the Fragility or Vulnerability Functions, expecting that these assignments are the best suited or representative ones. The data layers provided by the study enable the testing and training of exposure modelling techniques for the selected event and target region. © The Author(s) 2024.",Earthquake damage prognosis; Exposure modifiers; L’Aquila; Observed damage; Reliability; Vulnerability; L'Aquila,LAquila; Damage detection; Data reliability; Database systems; Earthquake effects; Earthquake engineering; Damage prognosis; Data availability; Earthquake damage prognose; Earthquake damages; Exposure models; Exposure modifiers; Knowledge based; L’aquila; Observed damage; Vulnerability; database; earthquake damage; earthquake engineering; reliability analysis; sequence stratigraphy; uncertainty analysis; vulnerability; VULNERABILITY,10.1007/s10518-024-02045-1,Article,2,Scopus; Web of Science,2-s2.0-85216631310,WOS:001368838600001,,export_54a1bd36-41a9-4277-a376-08dcc444e5bc_2026-10-06T080507.684203352.csv [derived S1u]; S1-2 result.txt
Towards smarter urban redevelopment: assessing TOD suitability and built environment dynamics in Dhaka,Mujtabe A.A.; Islam I.,2025,International Journal of Urban Sciences,"Megacities like Dhaka face severe urban congestion due to unplanned growth and limited expansion capacity, necessitating innovative, data-driven redevelopment strategies. This study investigates Transit-Oriented Development (TOD) as a strategic urban redevelopment tool by assessing suitability around 13 MRT Line-6 stations in Dhaka. A combined approach of Multi-Criteria Decision Making (AHP-MCDM) and machine learning models (Random Forest and XGBoost) was employed to evaluate redevelopment potential based on pedestrian accessibility, land use, building characteristics, and plot attributes. Regional TODs exhibited the highest suitability, while urban and suburban TODs showed varied spatial distributions of suitability. AHP results emphasized building age and accessibility as key factors, especially in regional and urban TODs. However, machine learning analysis, particularly the XGBoost model, identified building material, land use, and ownership status as the top predictors. Notably, ownership, which received relatively low weight in AHP, emerged as a highly significant factor in the ML model, indicating potential underestimation by expert-driven methods. SHAP analysis further revealed the nuanced, non-linear impact of variables like TOD typology. This study offers a replicable, explainable framework for TOD suitability analysis and highlights the importance of integrating expert insights with machine learning for more robust and context-sensitive urban planning in high-density cities of the Global South. © 2025 The Institute of Urban Sciences.",built environment; machine learning; pedestrian accessibility; redevelopment; TOD,TRANSIT-ORIENTED DEVELOPMENT; LAND-USE; ADAPTIVE REUSE; WALKABILITY; STATION; REGENERATION; NEIGHBORHOOD; MOBILITY; WALKING; GROWTH,10.1080/12265934.2025.2579030,Article; Early Access,1,Scopus; Web of Science,2-s2.0-105020907169,WOS:001608724900001,,export_54a1bd36-41a9-4277-a376-08dcc444e5bc_2026-10-06T080507.684203352.csv [derived S1u]; S1-2 result.txt
"9th International Conference on Information System Design and Intelligent Applications, ISDIA 2025",,2026,Lecture Notes in Networks and Systems,The proceedings contain 45 papers. The special focus in this conference is on Information System Design and Intelligent Applications. The topics include: Using Variable Sampling Intervals in EWMA Control Charts for Effective Gamma Process Monitoring; IoT-Driven Safety Innovations: A Framework for Detecting and Preventing Intimate Partner Violence (IPV) in Modern Households; enhancing Productivity and Workflow Efficiency Through an Innovative Application for Time-Sensitive Task Management; NADER: Novel Adaptive Device Resolution Algorithm Using Device-Account Relationships; deep Learning-Based Automated Structure Deterioration Detection for Building Structures: A Technological Advancement for Ensuring Structural Integrity; LVDCS: Minimising Doubts in Distance Learning; Leveraging Configurable SIMD Architecture in FPGA for Accelerated Software Testing; knowledge Management Practice Using Multiple Intelligent Agents in Human–Computer Cooperative System; exploring Child Online Protection in Lesotho: A Cross-Sectional Descriptive Study; Leveraging GPT Embedding with Deep Learning for Malicious DGA-Generated Domain Detection; exploring Smart Tourism Technological Opportunities: Qualitative Perspectives from Malaysian Handicraft Product Tourism Service Providers’ Stakeholders; Smart City Energy Management: A Multi-agent RL Approach for Price Based DRS and Renewable Energy Integration; assessment of Cognitive Load Based on Galvanic Skin Response Signals with Heterogeneous Feature Extraction; Advancing Warehouse Automation: Implementing OCR and Barcode Detection for Real-Time Inventory Tracking; exploring the Role of Blockchain Technology in the Development of All-Electric Vehicles: A Review; image Rotation Using Modified Multidimensional Arnold’s Map; takeaway-Tray: A Scheduled Pickup Application; from Flesh to Code: The Evolution of Digital Humans in the Virtual Age; genetics Inspection Tool: Intelligent Primer Design; Handling Uncertainty in Multi-cloud EMR Trust Assessment: A Fuzzy Logic Methodology; blockchain-Based Secure IoT Framework for Smart Agriculture Applications; local Minima Challenges in Mobile Robot Path Planning Algorithms.,,,,Conference review,0,Scopus,2-s2.0-105027994574,,,export_54a1bd36-41a9-4277-a376-08dcc444e5bc_2026-10-06T080507.684203352.csv [derived S1u]
A data-driven approach for rapid seismic risk prediction of RC buildings,Yilmaz M.; Dirikgil T.,2026,Bulletin of Earthquake Engineering,"In regions with high seismic activity, the rapid and accurate determination of vulnerable buildings within the existing building stock is a crucial step toward ensuring life safety by enabling preventive measures before future earthquakes. This study presents an artificial intelligence (AI)-based methodology for the rapid and reliable estimation of seismic risk levels in reinforced concrete (RC) frame structures. In this context, the existing building stock was simulated by incorporating parameters such as inadequate material strength, workmanship defects, and usage-related defects in load-bearing elements, which are commonly observed in structures. To establish a robust framework, nonlinear performance analyses were conducted in accordance with the seismic code, and seismic risk levels were classified based on performance outcomes. Through this simulation, 1,680 building profiles were generated, and their corresponding risk levels were determined. The resulting dataset was used to train and evaluate eight different machine learning (ML) models with hyperparameter optimization. Among these, the XGBoost model achieved the highest predictive accuracy of 92% on the test dataset. The results indicate that AI models can rapidly and accurately predict the seismic risk levels of RC buildings, providing a reliable basis for large-scale risk assessment and pre-earthquake decision-making. © The Author(s) 2026.",AI based risk prediction; Evaluation of building stocks; Machine learning; Rapid seismic risk assessment; RC building performance,Buildings; Defects; Earthquake effects; Earthquake engineering; Forecasting; Machine learning; Risk assessment; Risk perception; Statistical tests; Artificial intelligence based risk prediction; Building performance; Building stocks; Evaluation of building stock; Machine-learning; Rapid seismic risk assessment; Reinforced concrete building performance; Reinforced concrete buildings; Risk predictions; Seismic risk assessment; artificial intelligence; building; earthquake event; machine learning; reinforced concrete; risk assessment; seismic response; Learning systems; REINFORCED-CONCRETE BUILDINGS; DAMAGE DETECTION; PERFORMANCE,10.1007/s10518-026-02384-1,Article,5,Scopus; Web of Science,2-s2.0-105029837232,WOS:001688051700001,,export_54a1bd36-41a9-4277-a376-08dcc444e5bc_2026-10-06T080507.684203352.csv [derived S1u]; S1-2 result.txt
A Deep Learning Approach for Automated Building Footprint Extraction from Cartosat Imagery,Deka K.; Gupta K.; Sharma S.K.; Bhardwaj A.; Ghale B.; Maithani S.,2026,Journal of the Indian Society of Remote Sensing,"The accurate extraction of building footprints, especially in regions with varying building densities, poses significant challenges due to the complexity and variation in building structures. This study explores the use of Indian high-resolution satellite imagery from Cartosat datasets and Convolutional Neural Networks (CNN), to address these challenges while improving building extraction in low, medium, and high-density urban pockets. High-resolution PAN and Multispectral imagery (Cartosat-2E (0.6 and 2 m resolution) and Cartosat-3 (0.3 and 1 m resolution) datasets) was pre-processed using geometric corrections, followed by data augmentation and structured training and testing data split for different spatial locations for unbiased model calibration and testing. The U-Net model was trained over 100 epochs, exhibiting improved accuracy with each epoch as it adjusted its parameters. Cartosat-3 outperformed CartoSat-2E for automated building footprint extraction as it has shown 89.56%, 88.05%, and 85.67% accuracies, as compared to 68.48%, 63.78%, and 45.67% accuracies displayed by Cartosat-2E for low, medium, and high-density areas, respectively. The implementation of trained model on a larger area (~ 1875 sq km area) with reasonable accuracies shows the robustness of developed model. The U-Net model showed promising performance with both datasets, but the CartoSat-3 dataset shows enhanced performance in capturing building structures especially in dense urban environments. This approach highlights the potential of using Cartosat-3 in combination with advanced deep learning models for precise urban mapping, offering valuable insights for urban planning and management. © Indian Society of Remote Sensing 2026.",Building footprint; Cartosat imagery; Deep learning; Semantic segmentation; U-Net; Urban mapping,LAND-COVER,10.1007/s12524-026-02427-9,Article,1,Scopus; Web of Science,2-s2.0-105030176551,WOS:001692616300001,,export_54a1bd36-41a9-4277-a376-08dcc444e5bc_2026-10-06T080507.684203352.csv [derived S1u]; S1-2 result.txt
A Multidimensional Analysis of Energy Vulnerability and Gendered Patterns in Seville’s Residential Building Stock,Aguilar A.J.; Hoz-Torres M.L.; Clavijo-Núñez S.; Bienvenido-Huertas D.; Rubio-Bellido C.,2026,Buildings,"Energy poverty is a multidimensional phenomenon resulting from the interaction of different factors. This study investigated energy vulnerability in Seville by integrating a gender perspective with residential building performance. A total of 530 census tracts and 58,819 energy certificates were analyzed to evaluate indicators such as building efficiency ratings (E-F-G), energy burden, and gendered household structures. Unsupervised machine learning algorithms (K-means++) and geographic information systems (GISs) were used to identify patterns and map the obtained results, respectively. The findings revealed three distinct vulnerability profiles. Cluster 3 demonstrates severe vulnerability, linking low building efficiency with high unemployment and significant energy costs. Conversely, Cluster 1 highlights a specific risk among older women living alone, despite higher average income levels. The results conclude that energy poverty is deeply influenced by the intersection of building characteristics and gender roles. This GIS-enabled classification provides a robust framework for prioritizing residential retrofitting interventions, ensuring that mitigation strategies address both technical deficiencies in the building stock and the social realities of gender-driven vulnerability. © 2026 by the authors.",dwellings; energy efficiency; energy poverty; gender; GIS; residential buildings,Energy efficiency; Green buildings; Learning algorithms; Unsupervised learning; Building efficiency; Dwelling; Energy; Energy poverties; Energy vulnerability; Gender; Geographic information; Multi-dimensional analysis; Residential building; Seville; Geographic information systems; Housing; THERMAL COMFORT; POVERTY,10.3390/buildings16173379,Article,0,Scopus; Web of Science,2-s2.0-105050330446,WOS:001873049400001,,export_54a1bd36-41a9-4277-a376-08dcc444e5bc_2026-10-06T080507.684203352.csv [derived S1u]; S1-2 result.txt
A Reflection-Equivariant Quantum Neural Network Enhanced with Puma Optimizer for Precise 3D Reconstruction,Prasad A.N.; Narasimha Murthy M.S.,2026,"Proceedings of the 2026 13th International Conference on Computing for Sustainable Global Development, INDIACom 2026","Reconstruction of buildings, using aerial images to construct an accurate three-dimensional representation of buildings, is still seen as a challenging problem because of geometric differences in building structures, the complexity of the rooftop designs, and the lack of symmetry-aware mechanisms in the traditional deep learning models. In this paper, a Reflection Equivariant Quantum Neural Network (REQNN-PO) trained with the Puma Optimizer will be presented to improve both height estimation and roofline extraction of 3D building reconstruction. The suggested method encodes image features at the rooftop into quantum states and computes them on reflection-equivariant variational circuits which explicitly maintain geometric symmetry in the learning process. Optimization of hyperparameters is done through the Puma Optimizer which balances between exploration and exploitation and is adaptive to convergence behavior and reducing validation error. Standard aerial imaging datasets were experimentally tested to validate the use of them and cross-dataset generalization was tested. The REQNN-PO model achieved better results of Mean Errors of 1.69 m, 2.03 m and RMSE of 3.57 m, 3.30 m with various urban scenes respectively. Relative performance shows that it is more robust and more predictable than some of the modern deep learning methods. A combination of symmetryconstrained quantum learning and adaptive optimization provides a scalable architecture of creating geometrically consistent and accurate 3D building reconstructions of aerial imagery. © 2026 Bharati Vidyapeeth's Institute of Computer Applications and Management (BVICAM).",3D Building Reconstruction; Puma Optimizer; Reflection Equivariant Quantum Neural Networks; Roofline Feature Extraction; Variational Quantum Circuits,3D reconstruction; Aerial photography; Antennas; Buildings; Deep learning; Geometry; Image reconstruction; Network architecture; Neural networks; Quantum optics; Roofs; Three dimensional computer graphics; 3-d building reconstruction; Features extraction; Optimizers; Puma optimizer; Quantum circuit; Quantum neural networks; Reflection equivariant quantum neural network; Roofline feature extraction; Rooflines; Variational quantum circuit; Extraction; Modeling; Three-dimensional displays; Optimization; Reflection; Printing; Training; Equations; Accuracy,10.23919/INDIACom70271.2026.11525810,Conference paper,0,Scopus; IEEE Xplore,2-s2.0-105041868951,,IEEE Conferences,export_54a1bd36-41a9-4277-a376-08dcc444e5bc_2026-10-06T080507.684203352.csv [derived S1u]; IEEE_S1-2_final.csv
AetherNet: Bridging Frequency Enhancement and Uncertainty Guided Refinement for Building Extraction,D. Li; Y. Liu; Z. Ge; H. Chen; Z. Luo; C. Yang,2026,IEEE Journal of Selected Topics in Applied Earth Observations and Remote Sensing,"Building extraction plays an important role in urban planning, digital twin development, and geospatial information updating. Although advances in high-resolution remote sensing imagery and deep learning have substantially improved building extraction performance, structural incompleteness and local misclassification remain common in densely built-up areas, complex backgrounds, and scenes with blurred boundaries. To address these issues, we propose AetherNet, an uncertainty-aware and frequency-enhanced network that jointly models target-relevant structural enhancement and challenging-region refinement. Specifically, a Semantic-Guided Frequency Enhancement Pyramid (SFEP) is constructed, in which an Adaptive Spectral Fusion (ASF) module integrates DCT-based high-pass partitioning with spatial high-pass approximation to generate multiscale structural candidates. A Pyramid Aggregation Head (PAHead) first aggregates multilevel features to generate a coarse global semantic prior, which is then introduced into a Prior-Guided Spectral Calibrator (PGSC) to selectively calibrate local frequency responses and enhance structural consistency. During decoding, an Uncertainty-Guided Iterative Decoding Block (UIDB) uses the predictive entropy from the previous scale to characterize pixel-wise predictive ambiguity and progressively refines deep semantic features and lateral detail features through three-branch spatial modulation and gated fusion. Experiments on three public datasets, namely WHU Building, Massachusetts Building, and Inria Building, demonstrate that AetherNet achieves leading or competitive results across most region-level metrics and shows consistent advantages in boundary evaluation metrics.",Building extraction;uncertainty-aware learning;frequency-domain enhancement;discrete cosine transform (DCT),Buildings; Modeling; Frequency; Discrete cosine transforms; Uncertainty; High frequency; Decoding; Pixel; Remote sensing; Entropy,10.1109/JSTARS.2026.3735784,IEEE Early Access Articles,,IEEE Xplore,,,IEEE Early Access Articles,IEEE_S1-2_final.csv
AI-Based Image and Data Analysis for Automated Assessment of Residential Damage in Seismic Regions,Bazbouz A.; Bektaş N.; Silitonga S.A.,2026,Applied System Innovation,"Earthquakes remain a critical threat to global infrastructure. Recent catastrophic events, such as the 2023 Kahramanmaraş earthquakes in Türkiye and Syria, underscore the vital necessity of rapid, accurate post-disaster building damage evaluations. Structural collapse under seismic loading leads to substantial loss of life and severe economic disruption, particularly in regions dominated by aging building stocks that predate modern seismic design codes. To address the limitations of conventional manual inspections, this study introduces a comprehensive artificial intelligence (AI) framework designed to automate and enhance post-earthquake structural assessments. Leveraging a heterogeneous dataset from the 2021 Haiti earthquake, which includes both categorical building attributes and post-disaster imagery, the proposed approach employs rigorous data preprocessing and exploratory analysis to identify key vulnerability indicators and resolve data inconsistencies. Independent predictive pipelines were developed utilizing state-of-the-art machine learning algorithms for tabular data and deep learning architectures for image analysis. Subsequently, a novel hybrid meta-classifier was implemented to fuse these distinct modalities. By integrating spatial and structural context with direct visual evidence of damage, the hybrid model is successful in estimating structural damage severity. Among all evaluated approaches, this multimodal framework significantly improved predictive reliability. The hybrid model achieved a classification accuracy of 89%, consistently outperforming isolated tabular and image-based models. These findings highlight the efficacy of multimodal data fusion in disaster analytics and suggest that AI-driven hybrid architectures can serve as robust, scalable decision support tools for structural engineers and emergency response agencies. © 2026 by the authors.",convolutional neural networks (CNNs); disaster response decision support systems; hybrid artificial intelligence models; multimodal data fusion; post-earthquake damage assessment,Classification (of information); Deep learning; Earthquake effects; Emergency services; Learning systems; Losses; Seismic design; Structural analysis; Convolutional neural network; Damage assessments; Decision supports; Disaster response decision support system; Disaster-response; Earthquake damages; Hybrid artificial intelligence model; Hybrid artificial intelligences; Intelligence models; Multimodal data fusion; Post-earthquake damage assessment; Support systems; Damage detection,10.3390/asi9090172,Article,0,Scopus,2-s2.0-105051770930,,,export_54a1bd36-41a9-4277-a376-08dcc444e5bc_2026-10-06T080507.684203352.csv [derived S1u]
"AI-Powered Digital Twins for Building Energy Management: Modeling Frameworks, Validation and Uncertainty Quantification, Smart Grid Integration, and Deployment Roadmap",Łach Ł.,2026,Sustainability (Switzerland),"The global buildings and construction sector remains a dominant contributor to anthropogenic climate change, and deep decarbonization has positioned digital twin technology as a transformative pathway for intelligent building energy management. Despite considerable research momentum, the field lacks a coherent synthesis mapping AI capabilities onto the full digital twin lifecycle—from sensor-driven calibration through real-world deployment to district-scale operation. This review addresses this gap through six objectives: analyzing AI-enhanced modeling approaches for building digital twins; examining data infrastructure and interoperability requirements; evaluating validation, calibration, and uncertainty quantification practices; synthesizing real-world implementation evidence across diverse building typologies; assessing integration with renewable energy systems and smart grids; and identifying challenges, research gaps, and a strategic deployment roadmap. Physics-based, data-driven, and hybrid modeling strategies occupy distinct and complementary roles. Physics-informed surrogate models preserve thermodynamic interpretability while reducing computational overhead; deep learning architectures—including recurrent networks and reinforcement learning agents—deliver adaptive control; and federated learning frameworks enable privacy-preserving optimization across distributed building portfolios. Rigorous multi-metric validation aligned with established calibration standards proves essential for trustworthy deployment, while Bayesian and ensemble-based uncertainty quantification methods emerge as indispensable components of operationally credible digital twins. Evidence from real-world deployments in residential, commercial, healthcare, and industrial facilities confirms that AI-powered digital twins consistently deliver substantial energy savings and measurable improvements in occupant comfort. Scaling to district and urban levels introduces challenges in data governance, computational architecture, and multi-stakeholder coordination, yet federated digital twin frameworks are beginning to demonstrate viable pathways. The paper concludes with a decade-long strategic roadmap spanning technological maturation, market development, regulatory alignment, and decarbonization impact—positioning AI-enhanced digital twins not as incremental optimization tools, but as the foundational infrastructure for the coordinated transformation of the global building stock. © 2026 by the author.",artificial intelligence; building energy management; decarbonization; digital twin; explainability; federated learning; machine learning; reinforcement learning; uncertainty quantification,alternative energy; artificial intelligence; building construction; climate change; energy management; machine learning; reinforcement; PREDICTION; OPERATION; BIM,10.3390/su18136908,Review,0,Scopus; Web of Science,2-s2.0-105045296364,WOS:001817951000001,,export_54a1bd36-41a9-4277-a376-08dcc444e5bc_2026-10-06T080507.684203352.csv [derived S1u]; S1-2 result.txt
An engineering-informed voting ensemble framework for rapid seismic risk screening of reinforced concrete structures,Pürsünlü Ö.; Çevik A.; Kurtoğlu A.E.; Bakbak D.,2026,Scientific Reports,"Rapid evaluation of existing building stocks is essential for reducing earthquake-related disaster risk, particularly in seismically vulnerable cities such as Gaziantep, T & uuml;rkiye. However, commonly used assessment approaches are either time-consuming or rely on simplified linear models that fail to capture the complex relationship between seismic demand and building characteristics. This study proposes a safety-first ensemble data-driven screening framework for rapid post-earthquake building damage assessment, combining XGBoost, LightGBM, and CatBoost classifiers via soft voting. The framework is trained and tested using a large post-earthquake dataset from the Nurda & gbreve;& imath; and Islahiye districts, obtained from the Ministry of Environment, Urbanization and Climate Change, which includes georeferenced building attributes and officially assigned damage states without secondary reinterpretation. Spatially varying seismic demand is represented using interpolated peak ground acceleration values for DD-1 and DD-2 hazard levels, while VS30 parameters characterize local site conditions. Design spectral acceleration values are derived in accordance with the seismic codes applicable at the time of construction. To enhance physical interpretability, the model incorporates engineering-informed feature engineering, including interaction terms linking building height, construction period, and seismic demand. Model optimization prioritizes life safety by emphasizing recall over overall accuracy. The proposed framework achieves a recall of 88.9% on independent test data and zero false-negative predictions for high-rise reinforced-concrete buildings (>= 6 storeys). Additional robustness analyses demonstrate stable performance under moderate data uncertainty. The results indicate that the proposed approach provides a reliable, interpretable, and safety-oriented decision-support tool for rapid seismic risk screening of reinforced concrete building inventories following major earthquakes.",Decision-support systems; Earthquake damage assessment; Machine learning; Post-earthquake screening; Reinforced concrete buildings; Seismic risk,concrete; acceleration; article; classifier; climate change; decision support system; earthquake; machine learning; major clinical study; prediction; screening; statistical model; urbanization; voting,10.1038/s41598-026-52799-8,Article,0,Scopus; Web of Science,2-s2.0-105044428467,WOS:001817665700009,,export_54a1bd36-41a9-4277-a376-08dcc444e5bc_2026-10-06T080507.684203352.csv [derived S1u]; S1-2 result.txt
An enhanced machine learning-based rapid visual screening framework for low-rise RC buildings considering model uncertainty and decision threshold optimization,Elyasi N.; Kim E.,2026,Advances in Structural Engineering,"Existing structures can become seismically vulnerable over time due to various factors including deterioration and outdated or seismic design provisions. Rapid visual screening (RVS) methods are commonly used to quickly filter large building inventories for at-risk structures, typically based on simple visual inspections, such as sidewalk surveys. In a previous study, the authors developed a machine learning (ML)-based RVS method for low-rise reinforced concrete (RC) buildings capable of identifying buildings that are likely to be severely damaged in an earthquake with an accuracy of 71%. However, uncertainty in the model’s predictions remains a concern. This study refines the previously proposed RVS methodology by addressing model uncertainty and minimizing misclassifications. Two primary approaches are proposed: the first analyzes class probabilities from the ML-based screening model to assess the prediction uncertainty rather than relying on the final predicted damage class. With this approach, buildings for which the ML model shows high uncertainty can be prioritized for more detailed evaluation. The second approach aims to optimize the decision threshold used by the ML model to more accurately identify buildings at risk of severe damage. This is done by evaluating the relative cost of misclassifications, low risk buildings identified as high risk (false positives) and high-risk buildings identified as low risk (false negatives). Building on the findings, this paper proposes a comprehensive three-level machine learning-based methodology for enhanced rapid seismic vulnerability assessments. © The Author(s) 2025. This article is distributed under the terms of the Creative Commons Attribution-NonCommercial 4.0 License (https://creativecommons.org/licenses/by-nc/4.0/) which permits non-commercial use, reproduction and distribution of the work without further permission provided the original work is attributed as specified on the SAGE and Open Access page (https://us.sagepub.com/en-us/nam/open-access-at-sage).",machine learning (ML); misclassification cost; model uncertainty; rapid visual screening (RVS); threshold optimization,Buildings; Deterioration; Learning algorithms; Learning systems; Machine learning; Seismic design; Seismology; Decision threshold; Machine-learning; Misclassification costs; Modeling uncertainties; Rapid visual screening; Reinforced concrete buildings; Screening methods; Threshold optimization; Visual screening; Uncertainty analysis; EARTHQUAKE DAMAGE,10.1177/13694332251369100,Article,2,Scopus; Web of Science,2-s2.0-105013868049,WOS:001551327700001,,export_54a1bd36-41a9-4277-a376-08dcc444e5bc_2026-10-06T080507.684203352.csv [derived S1u]; S1-2 result.txt
An Intelligent Decision-Support Framework Using Linguistic Assessment and Probabilistic Neural Networks for Rapid Prioritization of Urban Building Stocks,Oz B.; Karalar M.,2026,Structural Control and Health Monitoring,"Rapid and reliable tools are essential for urban regeneration and disaster risk mitigation in earthquake-prone regions. This study proposes a hybrid decision-support framework that integrates linguistic expert assessments with a probabilistic neural network (PNN) for rapid prioritization of urban building stocks. Eleven seismic vulnerability parameters were evaluated using a five-level linguistic scale and applied to 194 buildings affected by the 2023 Kahramanmaraş earthquake in Türkiye. The model achieved 100% training accuracy and 95% testing accuracy, with misclassifications limited to adjacent damage classes. The proposed framework can support municipalities in rapidly identifying high-risk buildings during urban regeneration planning. PCA-based visualization confirmed clear class separation and consistent generalization. A post hoc sensitivity analysis further quantified decision-boundary uncertainty, showing that near-boundary transitions were concentrated in a small number of influential parameters. Class-level stability indices indicated higher robustness for severe-damage predictions. Overall, the proposed framework offers a practical and operationally efficient tool for first-level seismic vulnerability screening and evidence-based urban regeneration prioritization. Copyright © 2026 Burak Oz and Memduh Karalar. Structural Control and Health Monitoring published by John Wiley & Sons Ltd.",building stocks; decision support systems; linguistic modeling; prioritization; seismic vulnerability,Buildings; Disasters; Earthquakes; Health risks; Learning systems; Linguistics; Neural networks; Screening; Seismic response; Sensitivity analysis; Structural health monitoring; Uncertainty analysis; Urban planning; Building stocks; Decision support framework; Decision supports; Linguistic Modelling; Neural-networks; Prioritization; Probabilistics; Seismic vulnerability; Support systems; Urban regeneration; Copyrights; Decision support systems; DAMAGE DETECTION,10.1155/stc/1127824,Article,0,Scopus; Web of Science,2-s2.0-105048493741,WOS:001860825300001,,export_54a1bd36-41a9-4277-a376-08dcc444e5bc_2026-10-06T080507.684203352.csv [derived S1u]; S1-2 result.txt
Assessing the sensitivity of material-intensity-based building stock estimates to design parameters,Jia Y.; Feng C.,2026,Journal of Industrial Ecology,"Accurate estimates of building material stocks (BMS) are critical for advancing circular economy strategies. The widely used material intensity (MI) method applies fixed values per square meter and therefore overlooks variations introduced by architectural design. To assess the sensitivity of MI-based estimates to design parameters—a question difficult to address with real-world data—we developed an automated workflow that combines parametric modeling and deep learning to generate synthetic building datasets and calculate their component-based material stocks. We generated 48,600 residential buildings, all with a constant gross floor area (GFA) of 2,400 m2, while systematically varying footprint shape, corridor type, number of units, room layout, number of floors, and structural system configuration. Statistical analysis reveals that within this controlled design space, even under identical GFA, total material stock ranges from 758 to 2,888 m3. Multiple regression analysis shows that number of floors and structural system configuration exert the strongest influence, followed by footprint shape and number of units, while corridor type and room layout contribute only marginally. These results demonstrate how component-based approaches can be used to assess design-induced variability in MI-based estimates. The findings also provide guidance on when MI values may require design-specific refinement by considering dominant design parameters. © The Author(s) 2026.",Building material stock; Circular economy; Component-based method; Generative design; Material intensity; Parametric modeling,Architectural design; Building materials; Circular economy; Deep learning; Economics; Regression analysis; Structural analysis; Building material stock; Buildings materials; Component-based method; Design parameters; Floor systems; Generative design; Gross floor areas; Materials intensity; Parametric models; circular economy; construction material; detection method; material flow analysis; parameter estimation; regression analysis; Floors; NETWORK,10.1007/s44498-026-00138-5,Article,0,Scopus; Web of Science,2-s2.0-105045340259,WOS:001826172400001,,export_54a1bd36-41a9-4277-a376-08dcc444e5bc_2026-10-06T080507.684203352.csv [derived S1u]; S1-2 result.txt
Automated generation of model and seismic fragility inventories of school buildings in Türkiye,Dogan G.; Cetinkaya M.Y.; Soleimani-Babakamali M.H.; Yilmaz Z.; Taciroglu E.,2026,Journal of Building Engineering,"This study focuses on creating structure-specific seismic fragility inventories for reinforced concrete (RC) school buildings using a combination of analytical and artificial intelligence (AI) techniques. Building model inventories are critical components of regional seismic risk analyses, particularly for risk prioritization and mitigation efforts, as well as rapid post-event damage assessment. For this pilot study, a set of school buildings in the Istanbul province was selected, which are representative of this type of building across Türkiye. The OpenSees-based SimCenter EE-UQ tool was used to obtain the fragility curves. The building model inventories required for these analyses were generated using novel combinations of several AI and computer vision-based methods, which were applied to facade images and other publicly available data and metadata, which automatically produced model metadata, such as number of floors, building height, and footprint. The accuracies of the fragility curves were evaluated by comparing them with those obtained using analysis models created using structural drawings, enabling model and method validation. Uncertainty quantification analyses were carried out to examine the sensitivities of the fragility curves to the uncertainties/variations in the metadata used for model generation. The findings indicated that the automated framework provides satisfactory results and is feasible for regional-scale studies. While the techniques and tools developed in the present study focus on school buildings in Istanbul, they can be adapted for and applied to other building types and seismic zones. © 2026 Elsevier Ltd",AI-based Seismic Inventory; Building Inventory Generation; Earthquakes; Fragility Curve; School Building; Seismic Risk Prioritization,Damage detection; Earthquakes; Metadata; Risk analysis; Risk assessment; Sensitivity analysis; Uncertainty analysis; Artificial intelligence-based seismic inventory; Building inventory; Building inventory generation; Building model; Fragility curves; Istanbul; Risk prioritization; Seismic fragility; Seismic risk; Seismic risk prioritization; School buildings; VULNERABILITY ASSESSMENT; SCREENING-PROCEDURE; PERFORMANCE; TURKEY; CITY,10.1016/j.jobe.2026.116419,Article,0,Scopus; Web of Science,2-s2.0-105041241345,WOS:001792968300001,,export_54a1bd36-41a9-4277-a376-08dcc444e5bc_2026-10-06T080507.684203352.csv [derived S1u]; S1-2 result.txt
Automated methodological approach using artificial intelligence and fuzzy inference for qualitative sustainable and economic assessment of buildings,Iqbal N.; Noureldin M.,2026,Scientific Reports,"Amidst the global imperative for environmental preservation and economic viability in the building sector, the integration of Life Cycle Assessment (LCA) and Life Cycle Cost Assessment (LCCA) emerges as paramount for evaluating sustainability in construction practices. This study presents an automated artificial intelligence (AI)-based framework for the environmental and economic assessment of low- to mid-rise reinforced concrete (RC) structures. The framework predicts embodied energy, carbon emissions, and life cycle cost from material quantities and basic construction information, combining quantitative and qualitative assessments. A large dataset was generated to train several regression-based machine learning (ML) models, among which XGBoost achieved the highest predictive accuracy (R² ≈ 0.99) for LCA and LCCA indicators. To enhance interpretability, classification models and a fuzzy inference system (FIS) translated the ML predictions into user-friendly sustainability–economy classes (A–C) using predefined thresholds. Validation on benchmark case studies of three, six, and ten-story RC buildings demonstrated consistent accuracy above 90% in both numerical predictions and qualitative classifications. These results confirm the robustness and reliability of the framework, offering a computationally efficient and scalable tool for preliminary sustainability and cost evaluations of RC buildings, with potential for extension to other materials and structural systems in future work. © The Author(s) 2025.",Artificial intelligence; Fuzzy inference system; Life cycle assessment; Life cycle cost assessment; Machine learning models; Reinforced concrete structure,concrete; adult; article; artificial intelligence; benchmarking; carbon emission; diagnostic test accuracy study; fuzzy system; life cycle; life cycle assessment; machine learning; prediction; reliability; LIFE-CYCLE ASSESSMENT; CARBON FOOTPRINT; COST-ANALYSIS; ENERGY; EMISSIONS; DESIGN; FRAMEWORK; IMPACT; MODEL,10.1038/s41598-025-31913-2,Article,1,Scopus; Web of Science,2-s2.0-105027693151,WOS:001663258800001,,export_54a1bd36-41a9-4277-a376-08dcc444e5bc_2026-10-06T080507.684203352.csv [derived S1u]; S1-2 result.txt
Automated Scan-to-BIM Method for City-Scale Building Roof Reconstruction Using UAV Photogrammetry and Geospatial Building Footprints,Tao B.; Bosché F.; Li J.,2026,Proceedings of the International Symposium on Automation and Robotics in Construction,"The digital transformation of existing building stock through Building Information Modelling (BIM) remains a significant goal and challenge in the Architecture, Engineering, and Construction (AEC) industry. This paper presents an automated Scan-to-BIM framework specifically designed for generating IFC-compliant roof model of buildings within a large urban environment from Unmanned Aerial Vehicle (UAV) photogrammetry data. The proposed method leverages geospatial building footprint data as semantic priors to intelligently filter the input large-scale 3D mesh and model the roofs of all individual buildings. A robust segmentation pipeline combining Taubin smoothing, region-growing algorithms, and adaptive height filtering successfully extracts planar roof surfaces. The extracted geometries are reconstructed into Industry Foundation Classes (IFC) compliant BIM objects using alpha-shape boundary regularisation, which preserves non-convex features such as conical spires and L-shaped roofs. Experimental validation is first conducted on a large building with a complex roof structure composed of 431 extracted roof patches, for which a patch-level correctness precision of 98.8% was achieved. The framework is subsequently demonstrated at the scale of a university campus to assess scalability and robustness. © 2026 International Association on Automation and Robotics in Construction. All Rights Reserved.",Automated Roof Extraction; Digital Twin; Geospatial Data Fusion; Industry Foundation Classes (IFC); Scan-to-BIM; Semantic Segmentation,Architectural design; Building Information Model; Digital twin; Image segmentation; Metadata; Photogrammetry; Remote sensing; Robotics; Semantics; Urban planning; Aerial vehicle; Automated roof extraction; Building footprint; Building Information Modelling; Geo-spatial; Geospatial data fusion; Industry foundation class; Information modeling method; Scan-to-building information modeling; Semantic segmentation; Roofs,10.22260/ISARC2026/0205,Conference paper,0,Scopus,2-s2.0-105046003192,,,export_54a1bd36-41a9-4277-a376-08dcc444e5bc_2026-10-06T080507.684203352.csv [derived S1u]
Bayesian updating of seismic fragility curves of the Irpinia 1980 building stock with machine-learning-supported data analysis,Del Gaudio C.; Verderame G.M.,2026,Bulletin of Earthquake Engineering,"Reliable seismic fragility assessments are essential for risk application, however, within empirical framework it is hard challenging due to the reliability of exposure information and to the need to account explicitly for uncertainty in ground motion intensity. This study develops an integrated method combining machine-learning supported data completion with Bayesian probabilistic methods to derive fragility functions from the database collected after the 1980 Irpinia earthquake and available through Da.D.O. platform. The first methodological innovation concerns the reconstruction of missing construction age information. A supervised machine-learning classifier is trained using the available structural, geometrical, spatial, and damage-related building attributes. The interpretation of the results shows that the reveals that the most influential predictors are governed primarily by physically meaningful variables. Fragility curves are subsequently derived within a Bayesian framework using Markov Chain Monte Carlo (MCMC) methods, allowing for the explicit treatment of uncertainty in both model parameters and seismic demand. A key aspect of the proposed approach is the incorporation of uncertainty in Shakemap-derived intensity measures, modelled as a spatially correlated latent field. Comparisons with models neglecting intensity-measure uncertainty show that its omission may bias the estimated fragility parameters, whereas its inclusion provides more stable and physically consistent estimates. A further contribution is the comparison of alternative intensity measures, namely PGA, PGV, and Sa(0.3s). Their efficiency is evaluated through both Bayesian likelihood-based comparisons and a residual-based approach, showing that PGV generally provides the strongest support for the observed damage explanation, especially for moderate-to-high damage states. The convergence of the two methods therefore strengthens the robustness of the conclusions and provides independent evidence that PGV generally offers the most effective representation of the observed damage patterns within the Irpinia dataset. Unlike approaches based exclusively on broad vulnerability classes, the proposed framework explicitly considers building-specific attributes reported in the inspection forms, including structural typology, horizontal system, and construction period. The resulting fragility relationships also provide a consistent vulnerability ranking among rubble-stone, tuff, brick masonry, and reinforced-concrete buildings. Finally, comparison with fragility models derived from the 2009 L’Aquila earthquake highlights the possible influence of regional construction practices and the evolution of seismic classification on empirical fragility assessment. © The Author(s) 2026.",Bayesian updating; Fragility curves; Intensity measure efficiency; Machine learning; Masonry buildings; Post-earthquake data; RC buildings,Barium compounds; Bayesian networks; Brick; Chains; Concrete buildings; Data reduction; Earthquake effects; Earthquake engineering; Integrated control; Markov chains; Masonry construction; Monte Carlo methods; Parameter estimation; Reinforced concrete; Supervised learning; Bayesian updating; Earthquake data; Fragility curves; Intensity measure; Intensity measure efficiency; Machine-learning; Masonry building; Post-earthquake data; RC buildings; Uncertainty; Learning systems; VULNERABILITY ASSESSMENT; DAMAGE DATA; SPATIAL CORRELATION; RC BUILDINGS; INTENSITY; SHAKEMAP; HAZARD; VALUES,10.1007/s10518-026-02669-5,Article; Early Access,0,Scopus; Web of Science,2-s2.0-105050790751,WOS:001876679900001,,export_54a1bd36-41a9-4277-a376-08dcc444e5bc_2026-10-06T080507.684203352.csv [derived S1u]; S1-2 result.txt
Building Structure Optimization: A Framework Based on Multi-Agent Reinforcement Learning,J. Zhang; X. Li; P. A. Mariadas; L. Wang; C. Yu; D. Wang; C. Li; L. Qian,2026,2026 9th International Conference on Advanced Algorithms and Control Engineering (ICAACE),"The integration of artificial intelligence algorithms with structural optimization in the changing world of intelligent construction becomes one of the transformative strategies for improving efficiency and sustainability in the field of architectural works. This paper addresses the ongoing challenges of multiobjective trade-offs and computational complexity in architectural topology optimization by proposing a more advanced multiagent reinforcement learning framework. Architects utilize preexisting Graph Neural Networks to encode the complex geometric structure of buildings and the Transformer modules to manage constraints, providing strong multi-modal representations. Dedicated agents, i.e., ones that focus on design variables like material, size, and shape, use Actor-Critic mechanisms to gradually improve upon parameters and thus avoid the drawbacks of local optima, which are common in traditional methods. Synergy among the agents is attained based on attention-based exchanges, which support equilibrated results among the objectives. To increase flexibility under different conditions, the training system has hybrid reward systems plus Monte Carlo estimation and contrastive regularization systems. Strict evaluations on different architectural standards highlight significant improvements in the performance of the optimization process and the Pareto optimality over the standard baselines. The importance of elements constituting the analysis ablation is proven through ablation analysis, and the graphical representation sheds light on the finegrained stress profile and fast convergence. Not only does this approach speed up processes in the design sphere, but it also promotes green engineering that sets another benchmark in the era of AI-empowered architecture.",Multi-Agent Reinforcement Learning;Graph Neural Networks;Building Structure Optimization;MultiObjective Optimization;Intelligent Construction,Optimization; Modeling; Construction; Timing; Printing; Sustainable development; Materials; Design methodology; Graph neural networks; Reinforcement learning,10.1109/ICAACE69793.2026.11508877,IEEE Conferences,,IEEE Xplore,,,IEEE Conferences,IEEE_S1-2_final.csv
Convolutional Neural Network–BiLSTM–Attention-Based Deep Learning for Multicondition Load Spectrum Fusion and Fatigue Life Prediction,Huang X.; Zhu L.; Chen M.; Wu J.,2026,Journal of Mechanical Design,"Structural health monitoring in wetland environments poses significant challenges due to highly variable operational conditions and the difficulty of acquiring accurate, representative load spectra. To address these issues, this study proposes a novel multicondition load spectrum fusion framework that integrates orthogonal experimental design, multiphysics finite element simulation, and a hybrid convolutional neural network (CNN)–bidirectional long short-term memory (BiLSTM)–attention deep learning model. A total of 25 representative working conditions, incorporating variations in slope, friction, and wind resistance, were systematically designed using orthogonal principles. Coupled dynamic-static finite element simulations were then used to generate corresponding stress–strain responses. The multisource load spectra were processed by the proposed deep learning model, which hierarchically extracts and fuses key features. CNN module captures localized spatiotemporal patterns, BiLSTM module models bidirectional long-range dependencies, and attention mechanism dynamically highlights condition-specific features, enhancing predictive performance. Validation against field data from wetland monitoring equipment yielded a prediction accuracy of 95.53% for the composite load spectra, significantly outperforming traditional single-condition models. The fused spectra also improved fatigue life estimation, demonstrating strong robustness and generalizability under complex terrain conditions. Prediction errors remained consistently low, confirming the model's reliability. This study presents a cost-effective, data-driven approach for structural reliability assessment, reducing field measurement requirements by approximately 80% without compromising accuracy. Future work will explore the integration of physics-informed constraints and expand the framework to multiscale and heterogeneous structural systems. Copyright © 2026 by ASME.",CNN–BiLSTM–attention; deep neural network architecture; design validation; fatigue life prediction; life-cycle analysis and design; load spectrum fusion; reliability in design; structural reliability assessment,Convolution; Convolutional neural networks; Cost effectiveness; Deep neural networks; Fatigue damage; Forecasting; Life cycle; Life cycle assessment; Reliability analysis; Structural health monitoring; Wetlands; Convolutional neural network; Convolutional neural network–bidirectional long short-term memory–attention; Deep neural network architecture; Design validation; Fatigue life prediction; Life cycle analysis; Lifecycle designs; Load spectrum; Load spectrum fusion; Neural network architecture; Reliability in design; Short term memory; Structural reliability assessment; Copyrights,10.1115/1.4071304,Article,0,Scopus,2-s2.0-105035497523,,,export_54a1bd36-41a9-4277-a376-08dcc444e5bc_2026-10-06T080507.684203352.csv [derived S1u]
Data-Driven Evaluation of Seismic Fragility through ANN-Based PSDMs Trained on Structural Configuration Variables,Chang H.; Kim J.; Hahn S.; Jeong T.,2026,"International Conference on Artificial Intelligence, Computer, Data Sciences, and Applications, ACDSA 2026","Effective data-driven seismic evaluations for largescale building inventories rely on the streamlined definition of probabilistic correlations between ground motion measures and structural performance. Conventional approaches rely on extensive nonlinear time-history analyses to establish such relationships, which limit their applicability when large building inventories are considered. This study presents a data-driven framework for deriving seismic fragility curves of steel moment frames by replacing repeated nonlinear analyses with an datadriven probabilistic seismic demand model (PSDM). A comprehensive database of PSDM parameters was first constructed from nonlinear dynamic analyses of steel moment frame archetypes subjected to a broad set of ground motion records. Using this database, an artificial neural network model was trained to predict PSDM regression parameters directly from structural design attributes and fundamental dynamic properties, enabling continuous reconstruction of drift-intensity relationships without explicit nonlinear modeling. Fragility curves were subsequently derived based on the ANN-predicted seismic demand and evaluated against results obtained from conventional cloud-based methods. The proposed approach demonstrated strong predictive capability, with correlation coefficients exceeding 0.96, and produced fragility estimates that closely matched those derived from nonlinear dynamic analyses. By eliminating the need for repeated nonlinear simulations while preserving accuracy in damage-state prediction, the proposed ANN-based framework provides a practical and scalable alternative for seismic fragility evaluation of steel frame systems. © 2026 IEEE.",Data-driven model; Probabilistic seismic demand model; Seismic fragility; Steel moment frame,Architectural design; Model structures; Nonlinear analysis; Nonlinear simulations; Seismology; Steel construction; Structural analysis; Building inventory; Data driven; Data-driven model; Ground-motion; Non-linear dynamic analysis; Probabilistic seismic demand models; Seismic evaluation; Seismic fragility; Steel moment frames; Structural configurations; Structural frames; Information and communication technology; HTTP; Protocols; Instant messaging; Communications technology; Electronic messaging; Internet; Machine learning; Artificial intelligence; Neural networks,10.1109/ACDSA67686.2026.11467622,Conference paper,0,Scopus; IEEE Xplore,2-s2.0-105037651621,,IEEE Conferences,export_54a1bd36-41a9-4277-a376-08dcc444e5bc_2026-10-06T080507.684203352.csv [derived S1u]; IEEE_S1-2_final.csv
Data Scarcity in Gas Load Profiling: Generalized Proxy-Guided Load and Temporal Disaggregation,L. Krome; M. Aboufazeli; S. Beheshti; B. Venkatesh,2026,2026 IEEE Canadian Conference on Electrical and Computer Engineering (CCECE),"The electrification of heating systems is a critical pathway for decarbonizing the building sector; however, the development of sustainable strategies is often hindered by the lack of granular thermal load profiles. The nature of this problem is such that available data are extremely scarce, irregular, and low-frequency, rendering conventional data-hungry machine learning approaches impractical or unreliable. High-resolution gas metering is rarely available, as it falls outside standard utility business requirements. To bridge this gap and enable data-driven AI analytics under severe data limitations, this paper presents the Generalized Proxy-Guided Load and Temporal Disaggregation framework. Validated on a dataset of 11 multi-unit residential buildings over 18 months, the framework achieves a mean squared percentage error (MSPE) of 6.37% for reconstructed total gas consumption. The methodology operates through a four-stage process: (i) Generalized Occupancy Proxy Extraction via weather normalization to isolate behavioral signals from hourly electricity data; (ii) Unified Segmentation and Normalized Pooling to mitigate the statistical limitations of sparse billing data; (iii) Unified Baseload Parameter Estimation enhanced by local calibration to ensure building-specific accuracy; and (iv) Component-Wise Temporal Disaggregation to reconstruct distinct baseload and heating profiles. Overall, the proposed framework effectively bridges the resolution gap, transforming low-frequency utility data into high-fidelity training sets suitable for scalable, data-driven decarbonization modeling.",Building Electrification;Temporal Disaggregation;Thermal Load Profiling;Data Scarcity;Proxy-Guided Occupancy Modeling,Buildings; Modeling; Energy; Gases; Loading; Printing; Bars; Electricity; Equations; Water,10.1109/CCECE68150.2026.11610245,IEEE Conferences,,IEEE Xplore,,,IEEE Conferences,IEEE_S1-2_final.csv
Decision-Support Modeling for Building Retrofit Planning Across Individual Buildings and Building Stocks,Fuchs N.; Richarz J.; Müller D.,2026,International Journal of Energy Research,"The decarbonization of the building sector is one of the central challenges to meet climate goals and mitigate climate change. For the retrofit of existing buildings, well-informed retrofit decisions are crucial, and several modeling approaches exist to support these decisions. In this paper, we reviewed more than 200 approaches that support this decision-making and the energy design of existing buildings. Our analysis covers both individual buildings and building stock perspectives, providing a comprehensive overview of the strengths and limitations of existing modeling approaches. Approaches can generally be categorized into scenario-based, meta-heuristic, and deterministic models. At the individual building level, mixed-integer linear programming (MILP) and combinations of simulations and genetic algorithms (GA) are widely used. At the building stock level, scenario-based approaches and metaheuristic approaches are the most common. Most of the analyzed approaches consider both the building envelope and the energy supply system (ESS), which has also been recommended in many works. While individual building works focus on applications of their methods in specific buildings, building stock approaches mostly use typical buildings. However, important challenges remain in modeling the decision-making of modernizing building energy systems. Especially, improved representations of long-term investment decisions, uncertainty in environmental developments, and limited generalization of results due to a strong focus on specific energy systems and building types. A common limitation of all methods is the limited integration of resource limitations and uncertainty assessments. Future research should therefore focus on integrating dynamic, long-term planning approaches with uncertainty modeling. Hybrid approaches combining heuristics, machine learning (ML), and optimization can improve computational efficiency and scalability, especially for building stock modeling. In addition, incorporating resource allocation into models can improve their practical relevance. Finally, improving model validation through empirical case studies and benchmarking with real-world data will be critical to ensure the reliability and practical implementation of all of the methods mentioned. Copyright © 2026 Nico Fuchs et al. International Journal of Energy Research published by John Wiley & Sons Ltd.",building energy system optimization; building retrofit planning; building stock modeling; decision-support modeling,Architectural design; Artificial intelligence; Computational efficiency; Decision making; Energy resources; Genetic algorithms; Heuristic methods; Investments; Learning systems; Mixed-integer linear programming; Retrofitting; Building energy system optimization; Building energy systems; Building retrofit planning; Building retrofits; Building stock modeling; Building stocks; Decision support modelling; Energy system optimizations; Modeling approach; Stock models; Decision support systems; MULTIOBJECTIVE OPTIMIZATION; ROBUST OPTIMIZATION; ENERGY RETROFIT; OPTIMAL-DESIGN; URBAN ENERGY; UNCERTAINTY; SYSTEMS; METHODOLOGY; MAINTENANCE; RENOVATION,10.1155/er/5278442,Review,0,Scopus; Web of Science,2-s2.0-105049651795,WOS:001869536400001,,export_54a1bd36-41a9-4277-a376-08dcc444e5bc_2026-10-06T080507.684203352.csv [derived S1u]; S1-2 result.txt
Developing seismic fragility curves using a novel methodology for steel moment-resisting frame buildings,Esmailzadeh-shahri R.; Eshghi S.,2026,Journal of Constructional Steel Research,"Fragility curves are an integral part of seismic performance-based risk assessments of buildings. Generating these curves requires numerous nonlinear time history analyses, making the process complex and time-consuming. Therefore, this paper presents a novel energy-based methodology to simplify the process of developing fragility curves for seismic risk assessment of steel moment-resisting frame buildings. The proposed method establishes a direct connection between multi-mode pushover analysis and fragility curves through the implementation of the energy balance concept, which presents two noteworthy advantages over current methods: (1) it eliminates the necessity for equivalent single degrees of freedom structures and (2) it obviates the need for Incremental Dynamic Analysis (IDA). To examine the accuracy of the method, seven two- and three-dimensional benchmark moment-resisting buildings are analyzed, and the results are compared with those from IDA. The findings indicate that the proposed methodology estimates the fragility curves in alignment with the IDA, attaining extremely high accuracy in some cases while significantly reducing the computational efforts. The comparison of the results with those from existing simplified methods substantiates the superior efficiency and robustness of the proposed approach. Hence, this approach has the potential to be applied in future studies as a physics-based method within machine learning-based risk assessment techniques or seismic risk assessment of building stocks. Copyright © 2025. Published by Elsevier Ltd.",Energy balance concept; Fragility curves; Incremental dynamic analysis; Pushover analysis; Seismic assessment,Degrees of freedom (mechanics); Dynamic analysis; Energy balance; Risk assessment; Seismic design; Seismology; Steel beams and girders; Structural analysis; Energy; Energy balance concept; Fragility curves; Frame buildings; Incremental dynamic analysis; Push-over analysis; Risks assessments; Seismic assessment; Seismic risk assessment; Steel moment resisting frame; Copyrights; INCREMENTAL DYNAMIC-ANALYSIS; PUSHOVER ANALYSIS PROCEDURE; CAPACITY,10.1016/j.jcsr.2025.110035,Article,0,Scopus; Web of Science,2-s2.0-105020386592,WOS:001599365000001,,export_54a1bd36-41a9-4277-a376-08dcc444e5bc_2026-10-06T080507.684203352.csv [derived S1u]; S1-2 result.txt
Development of a deep learning-based rapid visual screening method for seismic vulnerability assessment of existing RC buildings in Turkey,Ozdemir M.; Celik G.,2026,Structural Concrete,"Urbanization and population growth have increased the existing building stock, making it more challenging to assess the seismic safety of buildings due to time constraints, a lack of skilled personnel, and high economic costs. In this study, a rapid visual screening method (RVS) was utilized to assess and prioritize the seismic vulnerability of reinforced concrete (RC) buildings. Accordingly, an integrated model combining deep feature residual networks, a deep learning-based architecture relying on residual blocks, and XGBoost was proposed. Additionally, the five most influential parameters for determining the seismic vulnerability of buildings were identified using the XGBoost technique. RVS methods were used to collect data on RC buildings following earthquakes in Afyon, Bingöl, Van, and Kahramanmaraş, resulting in a dataset of 372 structures. The model's performance was evaluated using accuracy, precision, recall, F1-score, specificity, and AUC metrics. The proposed architecture achieved a high accuracy rate of 94.66% in determining the seismic vulnerability of buildings. Furthermore, using only the five most critical features, an accuracy of 82.66% was obtained. Sensitivity analysis was performed to see the effect of the parameters used on the model. In addition, the stability of the model was tested against parameter changes or possible erroneous inputs. The results indicated that although the model was sensitive to parameter changes, its predictions remained within certain limits and showed a stable behavior against possible errors. © 2025 International Federation for Structural Concrete.",deep learning; machine learning; rapid visual screening; RC buildings; seismic vulnerability,Deep learning; Existing reinforced concrete; Machine-learning; Parameter changes; Rapid visual screening; Reinforced concrete buildings; Screening methods; Seismic vulnerability; Visual screening; Vulnerability assessments; Earthquake effects; REINFORCED-CONCRETE BUILDINGS; EARTHQUAKE DAMAGE; MODEL; PREDICTION; SAFETY,10.1002/suco.70162,Article,3,Scopus; Web of Science,2-s2.0-105007302331,WOS:001500006800001,,export_54a1bd36-41a9-4277-a376-08dcc444e5bc_2026-10-06T080507.684203352.csv [derived S1u]; S1-2 result.txt
Digital Twins for Post-Earthquake Loss Assessment of Building Portfolios,Taherian A.; Silva V.; Nafeh A.M.B.; O’Reilly G.J.,2026,Earthquake Spectra,"Conventional earthquake impact assessments often rely on broad assumptions and simplified models, which introduce significant uncertainty into building damage predictions. Although recent advances in machine learning, detailed building inventories, and low-cost sensors have created opportunities for more refined analyses, these tools have not yet been comprehensively evaluated at the portfolio scale. To address this gap, this study presents a digital twin framework validated through comprehensive virtual experiments. The proposed system is designed to integrate ML-based damage data with real-time sensor data, thereby reducing the bias and uncertainty inherent in traditional methods. The approach is demonstrated through the development of a detailed digital twin of the Alvalade parish in Lisbon, Portugal, where advanced simulations were used to evaluate building responses under earthquake scenarios. Sensor placement strategies were also examined to further minimize uncertainty. Results from this computational validation demonstrate the theoretical potential for digital twins to substantially improve damage assessment accuracy, providing a framework for future real-world implementation and operational deployment. © 2026 Earthquake Engineering Research Institute.",,Lisboa [Portugal]; Lisbon; Portugal; Digital twin; Earthquake effects; Earthquake engineering; Engineering geology; Learning systems; Virtual reality; Building damage; Building inventory; Damage prediction; Impact assessments; Inventory costs; Low-cost sensors; Machine-learning; Refined analysis; Uncertainty; Virtual experiments; building; computer simulation; digitization; earthquake damage; machine learning; sensor; Damage detection; MODEL; SIMULATION,10.1002/esp4.70092,Article,0,Scopus; Web of Science,2-s2.0-105042124624,WOS:001796137000001,,export_54a1bd36-41a9-4277-a376-08dcc444e5bc_2026-10-06T080507.684203352.csv [derived S1u]; S1-2 result.txt
Enhanced material stock accounting by predicting building structures with morphological indicators,Bian X.; Berghauser Pont M.; Cohen J.; Lanau M.,2026,Journal of Industrial Ecology,"Material stocks (MS) represent the amount and composition of construction resources embodied in the built environment, and are critical to understanding long-term resource use, waste generation, and circular economy strategies. The reliability of building MS modelling depends largely on the appropriateness of archetype classification, with building structure being a key descriptor as it reflects the core materials used. Yet, structural information is often missing from building inventories, particularly in Europe. In contrast, building features such as shape (e.g., GIS polygons), age, and height can be derived from increasingly widely available data. This study develops and tests a model that predicts building structures based on building features—particularly morphological features, using Gothenburg as a case study. A dataset of 331 multi-family residential buildings was compiled, combining building features with manually identified structural types. Multinomial logistic regression was applied to examine the relationship between building features and building structures. The results show that morphological indicators and building age significantly influence structural prediction, with building height and age exerting the greatest impact. The model demonstrated strong predictive performance, with an accuracy of 83%. Based on the predicted building structures, we estimated the MS of multi-family buildings in Gothenburg, amounting to a total of 17.2 megatons, with an uncertainty from structure classification amounting to 5.8 megatons. This study supports the enrichment of building inventory with structural information, thus supporting a more robust accounting of MS. © The Author(s) 2026.",Building structure; Industrial ecology; Material stock; Morphological indicators; Prediction model; Residential building,Goteborg; Sweden; Vastra Gotaland; Circular economy; Ecology; Economics; Housing; Logistic regression; Mathematical morphology; Morphology; Structural analysis; Building inventory; Building structure; Built environment; Construction resource; Industrial ecology; Material stock; Morphological indicator; Prediction modelling; Residential building; Structural information; building; circular economy; GIS; industrial ecology; industrial structure; spatiotemporal analysis; Forecasting; TIME,10.1007/s44498-026-00094-0,Article,1,Scopus; Web of Science,2-s2.0-105038727567,WOS:001761612800001,,export_54a1bd36-41a9-4277-a376-08dcc444e5bc_2026-10-06T080507.684203352.csv [derived S1u]; S1-2 result.txt
Enhancing building product inventory automation through a hybrid spatial-semantic modeling framework,Mi S.; Wu X.; Liu S.; Huang Z.; De Wolf C.; El-Assady M.; Wu P.-Y.,2026,Developments in the Built Environment,"Manual building inventories hinder material recovery in circular construction. While vision-language models (VLMs) offer advanced semantic reasoning, spatial grounding limitations in cluttered environments restrict automated auditing. We propose a hybrid framework decoupling spatial localization from semantic assessment via a dual-model consensus layer using weighted boxes fusion, cascading VLM routing to recover low-confidence detections, and a self-evolving active learning pipeline for expert-in-the-loop annotations. Trained and evaluated on a novel multi-modal building product dataset, the Weighted Boxes Fusion ensemble of YOLOv12m and RF-DETR (τ=0.55) outperformed standalone detectors across metrics while maintaining competitive recall. Downstream Qwen3-VL-8B verification with spatial overlap filtering marginally improved high-precision detections for YOLOv12m , though its efficacy was constrained by low-confidence noise in RF-DETR . Subsequently, single-exemplar (k=1) VLM prompting achieved a balanced accuracy of 0.79 and an F1 score of 0.73 for condition classification. Preliminary expert evaluations confirm the system’s usability for interactive metadata refinement in unconstrained scenes. This work establishes a scalable paradigm for automated visual inventory to support digital product passports and material reuse. Copyright © 2026. Published by Elsevier Ltd.",Building product dataset; Circular construction; Expert-in-the-loop; Object detection; Vision-language model,Automation; Computer vision; Intelligent buildings; Inventory control; Modeling languages; Object recognition; Semantics; Visual languages; Building product dataset; Building products; Circular construction; Expert-in-the-loop; Language model; Objects detection; Product inventory; Semantic modelling; Spatial semantics; Vision-language model; Object detection,10.1016/j.dibe.2026.100992,Article,0,Scopus; Web of Science,2-s2.0-105045826841,WOS:001837618400001,,export_54a1bd36-41a9-4277-a376-08dcc444e5bc_2026-10-06T080507.684203352.csv [derived S1u]; S1-2 result.txt
Enhancing Seismic Risk Analysis Through Ensemble Learning: A Case Study in Nepal,Gowri L.,2026,Housing Vulnerability and Disaster Risk in the Global South,"This research presents a machine- learning- based framework for classifying earthquake- induced structural damage, addressing issues like class imbalance, noisy data, and lack of labelled samples. Ensemble classifiers like Random Forest, XGBoost, and Multi- Layer Perceptron are used to increase classification accuracy. Shapley Additive explanations (SHAP) are used to identify key damage levels. The model's effectiveness in emergency decision- making is evaluated using actual postearthquake construction data from Nepal. The method provides evidence- based assistance for focused treatments, focusing on building age, material, anomalies, and soil type. The proposed structural evaluation process enhances conventional methods and offers an automated, scalable way to conduct accurate and quick structural assessments in disaster- risk locations. The focus on explainability of models ensures that outcomes are trustworthy and actionable for stakeholders in disaster management and urban planning agencies. © 2026 by IGI Global Scientific Publishing. All rights reserved.",,Civil defense; Classification (of information); Disasters; Earthquake engineering; Earthquakes; Learning systems; Risk analysis; Risk assessment; Structural analysis; Urban planning; Case-studies; Class imbalance; Ensemble learning; Ensemble-classifier; Machine-learning; Noisy data; Random forests; Risk analyze; Seismic risk; Structural damages; Disaster prevention,10.4018/979-8-3373-5253-4.ch003,Book chapter,0,Scopus,2-s2.0-105037893877,,,export_54a1bd36-41a9-4277-a376-08dcc444e5bc_2026-10-06T080507.684203352.csv [derived S1u]
Explainable-machine-learning-powered discontinuum parametric analyses of the diagonal compression response of unreinforced masonry walls retrofitted with light timber cladding modules,Liu J.; Pulatsu B.; Chung D.; Tidwell P.; Malomo D.,2026,Journal of Building Engineering,"Unreinforced masonry (URM) buildings represent a large portion of the existing building stock worldwide but are highly vulnerable to seismic actions and often exhibit poor thermal performance. To address this dual challenge in Eastern Canada, a cold region exposed to low-to-moderate seismic risk, a light timber modular retrofit system was recently proposed. Building upon previous experimental evidence, this study performs a comprehensive parametric and explainable machine learning investigation to evaluate the diagonal compression behaviour of URM walls retrofitted with this timber system. A three-dimensional Distinct Element Method (DEM) model is developed and calibrated against laboratory tests. The validated model is then employed to generate a virtual experimental database encompassing 576 simulations that systematically vary key mechanical and connection parameters. Statistical interpretation and seven machine learning algorithms are applied to predict the initial and residual peak strength and displacement capacity. All data and models are made openly accessible to support future research and practical implementation. The gradient boosted decision trees, support vector machine, and random forest models achieve the highest overall predictive performance, with an average R2 score of 0.943, 0.939, and 0.934 over the testing dataset, respectively. SHapley Additive exPlanations are further employed to provide transparent and interpretable insights into machine learning models. The integrated numerical and machine-learning framework established in this study provides a transparent tool for understanding the coupled mechanisms governing retrofitted URM systems and offers insights supporting the future design of sustainable light timber retrofit solutions in terms of diagonal compression behaviour. © 2026 The Author(s)",Discrete element; Distinct element method; Earthquake engineering; Machine learning; Timber retrofit; Unreinforced masonry,Decision trees; Engineering geology; Learning systems; Masonry materials; Random forests; Retrofitting; Seismology; Statistical tests; Support vector machines; Timber; Virtual reality; Walls (structural partitions); Compression behaviours; Diagonal compressions; Discontinuum; Discrete elements; Distinct element methods; Light timber; Machine-learning; Timber retrofit; Un-reinforced masonry walls; Unreinforced masonries (URMs); Earthquake engineering; EARTHQUAKE,10.1016/j.jobe.2026.116071,Article,1,Scopus; Web of Science,2-s2.0-105035773583,WOS:001748549500001,,export_54a1bd36-41a9-4277-a376-08dcc444e5bc_2026-10-06T080507.684203352.csv [derived S1u]; S1-2 result.txt
Exploring non-linear influences of urban environment on urban vitality using multi-source geographic big data,Wang Z.; Xia N.; Liang J.; Wang Z.; Yang H.; Wang J.; Li M.,2026,Geo-Spatial Information Science,"Urban vitality (UV) is a crucial indicator of the prosperity, livability, and sustainability of cities, yet its complex and non-linear relationship with the urban environment (UE) remains underexplored. Therefore, taking Nanjing as the study area, this study integrated multi-source data of mobile phone signaling, POI, street view images (SVI), and building footprints, etc. First, SVI features were extracted by the DeepLab V3+ model to reflect human perception visually, and Technique for Order Preference by Similarity to Ideal Solution (TOPSIS) was employed to quantitatively assess UV from three dimensions of population activity, space quality, and zonal connection. Then, the Geographically Weighted Random Forest (GWRF) and Gaussian Constraint Line (GCL) methods were combined to explore the non-linear influences and threshold effects of 16 built-up and ecological environmental indices on UV. The results demonstrated that: (1) UV in Nanjing exhibited a clear gradient decline from the center to the periphery, with the highest UV in central regions such as Xuanwu and Qinhuai districts, accounting for over 20%, and the lowest UV in fringe regions such as Gaochun and Luhe districts. (2) All UE indices exhibited pronounced spatial heterogeneity of non-linear influences on UV by pseudo t-values from GWRF, where four indices (e.g. building height and transportation pollution) displayed predominantly positive effects and three indices (e.g. building quality and carbon emission) showed mainly negative effects. (3) Except for building age, the other 15 UE indices exhibited significant inverted-U threshold effects, with high reliability and robustness by acceptable R2 and χ2 values, while thresholds of building height, land development intensity, and land surface temperature were 14.54 m, 0.63, and 22.19°C, respectively. Further experiments showed high segmentation accuracy of SVI features with an F1-score larger than 0.68 to significantly improve UV assessment, and synergistic effects among UE indices. This proposed framework exploring the UE-UV non-linear relationship could help to realize scientific spatial planning and sustainable urban management. © 2026 Wuhan University. Published by Informa UK Limited, trading as Taylor & Francis Group.",Non-linear relationship; street view; threshold effect; urban environment (UE); urban vitality (UV),Buildings; Population statistics; Remote sensing; Surface measurement; Sustainable development; Urban planning; Environment index; Multi-Sources; Nanjing; Non linear; Non-linear relationships; Street view; Threshold effect; Urban environment; Urban environments; Urban vitality; Big data; SHANGHAI,10.1080/10095020.2026.2706285,Article; Early Access,0,Scopus; Web of Science,2-s2.0-105046767167,WOS:001840889000001,,export_54a1bd36-41a9-4277-a376-08dcc444e5bc_2026-10-06T080507.684203352.csv [derived S1u]; S1-2 result.txt
Feature-based framework for evaluating deep learning models in post-disaster building damage assessment under diverse natural hazards,Farmahini Farahani M.; Nikoo M.R.; Dolatshahi Pirooz H.; Shadmani A.; Gandomi A.H.,2026,Natural Hazards,"Post-disaster building damage assessment using high-resolution optical satellite imagery is an essential component of urban resilience and emergency response. This study evaluates three deep learning models—you only look once version 8 (YOLOv8-seg), U-Net, and deep fully convolutional neural network (DFCNN)—on the xBD (xView2 Building Damage) dataset to detect and segment building damage caused by earthquakes, floods and other natural hazards across diverse geographic regions and urban environments. Apart from the usual performance metrics, the study also employs a feature-based analysis to examine the effectiveness of contextual urban features on model accuracy. The basic features, such as urban density, urban orderliness effect index (UOEI), building structure types, and types of hazards, are used to measure the sensitivity of the predictions made by the models in different types of urban settings. The study concludes that YOLOv8-seg achieved the highest performance, with an F1-score of 0.80, using only post-disaster images and the selected pre-processing techniques. The findings highlight that detection accuracy is strongly influenced by urban density, structural patterns, and hazard characteristics. By incorporating contextual features into the evaluation process, this study improves the interpretability and applicability of deep learning models for post-disaster damage assessment and supports more reliable decision-making in real-world hazard scenarios. © The Author(s), under exclusive licence to Springer Nature B.V. 2026.",Damage detection; Data analysis; Deep learning; Feature-based evaluation; Natural hazards; Remote sensing,damage mechanics; disaster management; natural hazard; remote sensing; satellite imagery; SEGMENTATION; NETWORKS,10.1007/s11069-026-08185-8,Article,0,Scopus; Web of Science,2-s2.0-105039465568,WOS:001766787900005,,export_54a1bd36-41a9-4277-a376-08dcc444e5bc_2026-10-06T080507.684203352.csv [derived S1u]; S1-2 result.txt
Federated Learning-Enabled Building Stock Modeling for Privacy-Preserving Embodied Carbon Benchmarking in Residential Construction,Albelwi N.,2026,Buildings,"Benchmarking embodied carbon in residential building stock accurately would involve a high volume of data sharing and would pose serious privacy and competitive issues among building construction stakeholders. This study introduces a new federated learning-based building stock modeling system (FedCarbon) that can allow embodied carbon to be evaluated collaboratively without data aggregation at a central place. The architecture proposed enables construction firms, cities, and providers of construction materials to collectively train predictive models at the same time as data sovereignty is achieved via a hierarchical federated aggregation mechanism with attention-based client weighting. A differentiated privacy scheme that is adaptively calibrated on noise guarantees the privacy of individual projects and allows for statistically significant benchmarking based on heterogeneous building portfolios. The framework also includes a gradient compression scheme based on momentum, which incurs an 82.6% reduction in communication overhead over traditional federated averaging-based methods and still maintains model convergence. The effectiveness of the approach is demonstrated with the help of comprehensive validation with the UCI Energy Efficiency Dataset, which includes 768 residential building configurations, and the Embodied Carbon in European Buildings Database, which includes 2340 residential units in 12 European jurisdictions. It has been experimentally shown that FedCarbon has a 94.2% prediction accuracy (R2) on embodied carbon intensity, with a mean absolute error of 21.4 kgCO2e/m2, and that (ε, δ) differential privacy can be guaranteed with ε = 1.0 and −δ = 10−5. This structure opens up building stock knowledge and hastens industry-wide implementation of low-carbon building strategies. © 2026 by the author.",building stock modeling; differential privacy; embodied carbon; federated learning; privacy-preserving machine learning; residential buildings; smart buildings; sustainable construction,Benchmarking; Building materials; Carbon; Construction industry; Data aggregation; Differential privacy; Electronic trading; Energy efficiency; Federated learning; Housing; Learning systems; Privacy-preserving techniques; Sustainable building; Sustainable development; Building stock modeling; Building stocks; Differential privacies; Embodied carbons; Machine-learning; Privacy preserving; Privacy-preserving machine learning; Residential building; Stock models; Sustainable construction; Construction; Intelligent buildings,10.3390/buildings16051029,Article,0,Scopus; Web of Science,2-s2.0-105032744105,WOS:001713727800001,,export_54a1bd36-41a9-4277-a376-08dcc444e5bc_2026-10-06T080507.684203352.csv [derived S1u]; S1-2 result.txt
FPGA-Accelerated Feature Extraction for an AI-Based Automatic Modulation Classification System,F. F. Nascimento; G. Cavalcanti Batista; B. C. S. Sanches; O. Saotome,2026,2026 IEEE International Symposium on Circuits and Systems (ISCAS),"Real-time Automatic Modulation Classification (AMC) is limited by the high computational cost of deep learning models on edge devices. This work validates the feasibility of a low-cost, feature-based AMC system designed for future full hardware implementation. The system’s robustness is demonstrated through a hybrid HW/SW approach, where 59 features extracted by an FPGA IP core feed a 4-bit quantized lightweight MLP neural network classifier. The extractor’s implementation on a Zynq-7020 SoC is highly efficient (30µs latency, 107mW), and the final system achieves 85.11% mean accuracy with minimal degradation. The results validate the approach as an efficient and low-cost solution, establishing a practical path for the implementation of real-time AMC on edge devices.",AMC;Feature-based;FPGA;Hardware Accelerator;RF Modulation Recognition,Hardware; Modulation; Modeling; Printing; Accuracy; Signal to noise ratio; IP networks; Conferences; Convolutional neural networks; Equations,10.1109/ISCAS66217.2026.11562845,IEEE Conferences,,IEEE Xplore,,,IEEE Conferences,IEEE_S1-2_final.csv
From Energy Use to Building Physics: A Feasibility Study for Scalable Digital Twin Augmentation,Zirak A.G.; Khayatian F.,2026,ASHRAE Transactions,"This study presents an interpretable machine learning framework for predicting key building characteristics from dynamic energy simulation data. Using CESAR-P, a set of synthetic building profiles was generated by systematically varying year of construction (YOC), window-to-wall ratio (WWR), aspect ratio, orientation, and floor area. Linear autoregressive models with exogenous inputs (ARX) were then fitted to each energy time series, producing 36 lagged coefficients per building that capture the dynamic influence of past energy use, outdoor drybulb temperature, and solar irradiance. From these weight vectors, statistical summaries, including mean, variance, slope, centroid, and concentration metrics, were extracted to form compact feature sets. CatBoost models were trained to predict building labels, including YOC, WWR, and aspect ratio. Model performance demonstrated strong predictive capability, with the highest accuracies achieved for YOC and somewhat lower but still informative accuracy for WWR. SHAP analysis identified a small set of dominant features driving predictions, providing insight into how dynamic response characteristics encode envelope insulation and façade glazing. To enhance interpretability, surrogate decision trees were trained on SHAP-selected features, yielding compact rule sets that align with physical reasoning: older buildings are characterized by high solar variability, concentrated dynamic responses, and unstable correlations, while newer buildings display lower variability, delayed solar impacts, and more coherent thermal–power alignment. For WWR, the models distinguished highly opaque envelopes, with quiet and delayed dynamics, from highly glazed façades, with spiky and persistent temperature-driven responses, while mid-range classes remained more ambiguous. Counterfactual reasoning further showed how small shifts in key descriptors, such as lowering solar jitter or increasing stability in the power channel, could drive transitions between classes. The results demonstrate that simulated energy dynamics can be distilled into transparent, physics-aligned rules capable of distinguishing building stock attributes. This approach bridges physics-based simulation and interpretable machine learning, offering a scalable pathway for digital twin augmentation. © 2026 ASHRAE.",,Buildings; Dynamic response; Dynamics; Labeling; Learning systems; Machine learning; Aspect-ratio; Building characteristics; Building physics; Dynamic energy; Energy simulation; Energy use; Feasibility studies; Learning frameworks; Machine-learning; Window-to-wall ratio; Aspect ratio,10.63044/w26gho22,Conference paper,0,Scopus,2-s2.0-105038335965,,,export_54a1bd36-41a9-4277-a376-08dcc444e5bc_2026-10-06T080507.684203352.csv [derived S1u]
From exterior images to building envelope metrics: Evaluating AI-based façade segmentation for material ratio and embodied carbon estimation,Hu D.; Rakha T.,2026,Journal of Building Engineering,"Reliable façade material information is needed for preliminary embodied carbon screening of existing buildings, yet such data are often unavailable where BIM models, as-built drawings, and detailed material records are missing. This study presents a pilot, screening-level, façade-focused Minimum Viable Data (MVD) workflow that links AI-derived visible façade material ratios to preliminary embodied carbon estimates while reporting uncertainty and operational limits. The workflow integrates Segment Anything Model 2 (SAM2) with a multimodal vision-language model to identify visible façade components and generate Façade Material Ratios (FMR), which represent the proportional coverage of exposed façade materials on the analyzed elevation. These outputs are linked to geospatial measurements and material carbon factors to examine how visual segmentation uncertainty propagates into material quantity and façade-level embodied carbon estimates. The workflow was evaluated on seven residential buildings in Atlanta, Georgia, under limited-data conditions including vegetation occlusion, shadowing, and irregular residential geometries. Statistical comparisons showed a positive association between AI-derived and manually annotated FMR values (R = 0.78), while a paired t-test did not detect a statistically significant mean difference within the evaluated sample (p = 0.186). These results indicate a positive association within the pilot sample, although they do not establish equivalence between the two annotation approaches. The results support façade-level material inventory screening and help identify cases that warrant follow-up audits in data-scarce settings, while remaining limited to the exposed façade layer rather than assembly-level LCA. © 2026 The Authors",Building envelope; Computer vision; Embodied carbon; Façade segmentation; Material inventory,Association reactions; Carbon; Facades; Housing; Image segmentation; Solar buildings; Uncertainty analysis; Building envelopes; Carbon estimations; Embodied carbons; Facade materials; Facades segmentations; Material information; Material inventories; Screening level; Uncertainty limits; Work-flows; Computer vision,10.1016/j.jobe.2026.117416,Article,0,Scopus,2-s2.0-105051804823,,,export_54a1bd36-41a9-4277-a376-08dcc444e5bc_2026-10-06T080507.684203352.csv [derived S1u]
Geospatial Deep Learning Approach for Roof Type Mapping Using UAV Images,Shoba B.; Venkatesh J.; Saravanan R.; Janaki E.; Surendran R.; Deepa R.,2026,"Proceedings - 3rd International Conference on Networking and Communications, ICNWC 2026","In the current era of the development of Unmanned Aerial Vehicle (UAV) technologies, building structures, being the object of geospatial analysis, can be studied precisely due to high-resolution aerial imagery. Nevertheless, current roof classification procedures usually have recourse to low-resolution satellite data or visual interpretation, which leads to a low degree of extracting structural information and low robustness. Moreover, the traditional deep learning models often overlook spatial-geometric correlations and multiple-scale contextual features, which results in error of the classification of similar type roofs. In a bid to overcome these constraints, this paper suggests a Multi-Scale Geo-Aware CNN with Spatial Feature Fusion (MSGCNN-SFF) framework. The model combines the multi-scale feature learning and geospatial awareness to learn local texture features and global structural features of roofs using UAV images. The spatial feature fusion module improves the reliability of classification through integrating geometric, spectral, and contextual spatial features and therefore overcoming the problem of scale variation and structural ambiguity in the current approaches. Experimental results show that MSGCNN-SFF is much more effective than the conventional deep learning methods in classifying, establishing, and maintaining high classifier accuracy, spatial consistency, and strength in complex urban environments. The framework offers credible roof-type mapping that facilitates risk analysis and decision-making during urban development that is climate-resilient. It achieved higher classification accuracy (94%), spatial consistency (0.86±0.02), structural similarity detection (84%), and multi-scale robustness (0.88±0.02). © 2026 IEEE.",Disaggregated data; Geospatial Deep Learning; Multi-Scale CNN; Roof Type Classification; Spatial Feature Fusion; UAV Imagery; Urban Risk Assessment,Aerial photography; Antennas; Classification (of information); Decision making; Deep learning; Image classification; Learning systems; Mapping; Risk analysis; Roofs; Structural analysis; Textures; Unmanned aerial vehicles (UAV); Urban growth; Aerial vehicle; Disaggregated data; Features fusions; Geo-spatial; Geospatial deep learning; Multi-scale CNN; Multi-scales; Risks assessments; Roof type classification; Spatial feature fusion; Spatial features; Type classifications; Unmanned aerial vehicle imagery; Urban risk; Urban risk assessment; Risk assessment; Autonomous aerial vehicles; Modeling; Printing; Equations; Urban areas; Accuracy; Remote sensing; Convolutional neural networks; Machine learning,10.1109/ICNWC68145.2026.11518322,Conference paper,1,Scopus; IEEE Xplore,2-s2.0-105041838687,,IEEE Conferences,export_54a1bd36-41a9-4277-a376-08dcc444e5bc_2026-10-06T080507.684203352.csv [derived S1u]; IEEE_S1-2_final.csv
GNN-Based Building Structure Characterization Framework for Seismic Risk Assessment,Ma J.; An L.; Wang Z.; Xie Y.; Lin X.; Zhang Z.,2026,International Journal of Disaster Risk Science,"Building structure characteristics are essential for seismic risk assessment and management. However, accurately classifying building structural types at the city scale remains challenging due to limited data availability, spatial heterogeneity, and the difficulty in capturing contextual dependencies. In this study, a novel graph neural network (GNN)-based framework, BSPGNN (Building Structural Type Prediction using Graph Neural Networks), was proposed, integrating spatial relationships and building geometric features to improve structural type classification. A Delaunay triangulation (DT) graph was constructed from building footprint centroids to represent spatial proximity, and node features included footprint area, height, and construction year. Experiments using a real-world building dataset from Tianjin, China demonstrated that BSPGNN significantly outperformed traditional machine learning models, such as random forest (RF) and support vector machine (SVM), particularly in capturing spatially coherent patterns. The proposed model achieved a classification accuracy of 90.25% and 85.51% on the training set and validation set respectively, showing robust performance under missing data conditions. The results highlight the potential of spatial graph-based models in advancing building structural type classification for seismic risk assessment and management. © The Author(s) 2026.",Building structural type classification; Exposure modeling; Graph neural network; Seismic risk assessment; Spatial graph-based model,China; Tianjin; artificial neural network; machine learning; modeling; risk assessment; seismicity; spatial analysis; support vector machine; VULNERABILITY; EXPOSURE,10.1007/s13753-026-00703-3,Article,0,Scopus; Web of Science,2-s2.0-105030622652,WOS:001694854700001,,export_54a1bd36-41a9-4277-a376-08dcc444e5bc_2026-10-06T080507.684203352.csv [derived S1u]; S1-2 result.txt
Heterogeneous graph neural networks for building attribute prediction from hierarchical urban features and cross-view imagery,Liang X.; Yap W.; Biljecki F.,2026,ISPRS Journal of Photogrammetry and Remote Sensing,"Data on building properties are essential for a variety of urban applications, yet such information remains scarce in many parts of the world. Recent efforts have leveraged instruments such as machine learning (ML), computer vision (CV), and graph neural networks (GNNs) to assess these properties at scale by leveraging urban features or visual information. However, extracting holistic representations to infer building attributes from multi-modal data across multiple spatial scales and vertical building characteristics remains a significant challenge. To bridge this gap, we present a innovative framework, that captures both hierarchical urban features and cross-view visual information through a heterogeneous graph. First, we construct a heterogeneous graph that incorporates multi-dimensional urban elements — buildings, streets, intersections, and urban plots — to comprehensively represent multi-scale geospatial features. Second, we automatically crop images of individual buildings from both very high-resolution satellite and street-level imagery, and introduce feature propagation on semantic similarity graphs to supplement missing facade information. Third, feature fusion is applied to integrate both morphological and visual features, with holistic representations generated for building attribute prediction. Systematic experiments across three global cities demonstrate that our method outperforms existing CV, ML, and homogeneous GNN-based models, achieving classification accuracies of 86% to 96% across 10 to 12 distinct building types, with mean F1 scores ranging from 0.70 to 0.73. The framework demonstrates robustness to class imbalance and produces more distinctive embeddings for ambiguous categories. In additional task of inferring building age, the method delivers similarly strong performance. This framework advances scalable approaches for filling gaps in building attribute data and offers new insights into modeling holistic urban environments. Our dataset and code are available openly at: https://github.com/seshing/HeteroGNN-building-attribute-prediction. © 2026 The Authors. Published by Elsevier B.V. on behalf of International Society for Photogrammetry and Remote Sensing, Inc. (ISPRS). This is an open access article under the CC BY license. http://creativecommons.org/licenses/by/4.0/",Building function; Building semantics; Crowdsourced data; Multi-modal; Volunteered geographic information,Buildings; Classification (of information); Computer vision; Geographic information systems; Graph neural networks; Learning systems; Modal analysis; Remote sensing; Satellite imagery; Building function; Building semantic; Crowdsourced data; Heterogeneous graph; Machine-learning; Multi-modal; Urban features; Visual information; Volunteered geographic information; artificial neural network; building; computer vision; image resolution; satellite imagery; urban morphology; urban planning; visualization; Semantics; CLASSIFICATION; MACHINE,10.1016/j.isprsjprs.2026.02.016,Article,7,Scopus; Web of Science,2-s2.0-105034377877,WOS:001699378600001,,export_54a1bd36-41a9-4277-a376-08dcc444e5bc_2026-10-06T080507.684203352.csv [derived S1u]; S1-2 result.txt
Hybrid GNN–XGBoost Model for Intelligent Structural Health Monitoring in Smart Building Networks,K. Vijai; G. G; Y. S; B. V R; V. Vignesh V,2026,2026 6th International Conference on Expert Clouds and Applications (ICOECA),"The preservation of cultural heritage, the disclosure of insights into religion and lifestyle traditions throughout history, and the construction of modern infrastructure are all greatly aided by smart buildings. Thanks to developments in technology that make it easier to detect structural issues, evaluate stability, and spot deformations in smart building networks, SHM systems have grown in significance in this setting. These systems enable complete monitoring through the use of networking-capable sensory devices that gather and distribute real-time data. In order to capture complicated structural behavior, the data is preprocessed by normalizing it, then features are recovered using nonlinear measurements based on Mutual Information. This paper presents XGB-GNN, a hybrid architecture that combines XGBoost with GNNs, to tackle the difficulties caused by varied feature sets and graph-based data structures. The model improves its performance by training its decision trees with gradient data from the GNN and then using XGBoost. The experimental findings demonstrate that the suggested XGB-GNN model surpasses current SHM methods with an impressive accuracy of 94.16%. An intelligent, scalable, and robust solution for real-time SHM in smart building networks is provided by this unique framework, which greatly aids in the development of sustainable and resilient urban infrastructure.",Structural Health Monitoring (SHM);Mutual Information (MI);Graph Neural Networks (GNN);Non-Destructive Evaluation (NDE);Extreme Gradient Boosting (XGBoost),Optical waveguides; Optical fibers; Frequency modulation; Frequency shift keying; Filtering; Filters; Protocols; HTTP; Network architecture,10.1109/ICOECA68095.2026.11485346,IEEE Conferences,,IEEE Xplore,,,IEEE Conferences,IEEE_S1-2_final.csv
Integrating metaheuristic optimization algorithms with random forest to predict waste generation in construction and demolition projects,Awad R.; Budayan C.; Calik I.; Gurgun A.P.; Koc K.,2026,Automation in Construction,"The construction sector is a significant source of global waste, making accurate and proactive prediction of Construction and Demolition Waste (C&DW) essential for sustainable resource management and circular economy efforts. However, estimating C&DW at the project level remains a major challenge. This paper investigates whether C&DW prediction accuracy can be enhanced by integrating the Random Forest (RF) model with two metaheuristic optimization algorithms: the Archimedes Optimization Algorithm (AOA) and Grey Wolf Optimization (GWO). Based on data from 200 real-world projects in Palestine, the GWO-RF model achieved the highest predictive accuracy using only four input variables: project type, start date, building type, and number of floors. To ensure model transparency, Shapley Additive Explanations (SHAP) analysis confirmed that project type and the number of floors were the most influential parameters. This study thus provides a practical, robust, and highly accurate model to support effective waste management strategies in the construction industry. © 2025 Elsevier B.V. All rights are reserved, including those for text and data mining, AI training, and similar technologies.",Archimedes optimization algorithm; Construction and demolition waste; Gaza-Palestine; Grey wolf optimization; Random Forest; SHAP analysis; Waste generation,Artificial intelligence; Construction industry; Natural resources management; Optimization; Project management; Waste management; Archimede optimization algorithm; Construction and demolition waste; Gaza-palestine; Gray wolf optimization; Gray wolves; Optimisations; Optimization algorithms; Palestine; Random forests; Shapley; Shapley additive explanation analyze; Waste generation; Demolition; MANAGEMENT; MODEL; QUANTIFICATION; BUILDINGS; OPTIONS,10.1016/j.autcon.2025.106732,Article,7,Scopus; Web of Science,2-s2.0-105029772224,WOS:001648214800001,,export_54a1bd36-41a9-4277-a376-08dcc444e5bc_2026-10-06T080507.684203352.csv [derived S1u]; S1-2 result.txt
Integrating Spatial Context With Generative Model for Building Reconstruction From Airborne LiDAR Point Clouds,Y. Zhao; S. Li; F. Fang; N. Min; S. Gong; Y. Wang; S. Zhou,2026,IEEE Transactions on Geoscience and Remote Sensing,"Reconstructing 3-D buildings from airborne light detection and ranging (LiDAR) point clouds (PCs) is a fundamental task with critical importance in applications such as urban planning, autonomous driving, and emergency services. The emerging methods based on the generative model have achieved remarkable progress in this task. However, previous methods fail to fully exploit the spatial context inherent in PCs, leading to inaccuracies in building reconstruction. This study proposes a novel method named SCGNet that integrates spatial context with the generative model to improve the reconstruction of 3-D building models. Specifically, a global context-based vertex generation (GCVG) module is first introduced to predict building vertices. Then, a vertex-centric multiscale spatial context encoding (VMSCE) module is developed to capture the multiscale semantics of spatial context that is centered on building vertices. Finally, a local context-enhanced face generation (LCFG) module is designed to reconstruct building faces. Extensive experiments demonstrate that the proposed method outperforms the baselines and is robust. This study explores a novel approach for optimizing building reconstruction and provides a methodological reference for PC-based 3-D model tasks. The source code, model weights, and dataset will be available at: https://github.com/ShuaibZyx/SCGNet.",Airborne light detection and ranging (LiDAR);building reconstruction;generative model;point clouds (PCs);spatial context,Buildings; Point cloud compression; Three-dimensional displays; Laser radar; Solid modeling; Image edge detection; Context modeling; Atmospheric modeling; Vectors; Faces,10.1109/TGRS.2026.3670027,IEEE Journals,,IEEE Xplore,,,IEEE Journals,IEEE_S1-2_final.csv
Integrating user behaviour into sustainable urban transformation: machine learning model from university campus,Özalp M.S.; Kismet Conk B.; Çolakoğlu M.B.,2026,Education and Training,"Purpose – This research proposes a data-driven model situated at the intersection of occupancy, sustainable design and building utilisation. The model is designed to assess the sustainability performance of the existing campus building stock while offering predictive insights for future developments. A university campus was selected as a controlled “micro-city” environment to address the difficulties of collecting consistent city-scale data. The main objective is to demonstrate how occupancy, operational and spatial information can be integrated through machine learning (ML) to support a gradual and human-centred urban transformation process. Design/methodology/approach – An open-access Green Campus Dataset comprising 2, 138 data points representing environmental, spatial and socioeconomic variables was analysed. Following exploratory correlation analysis and feature engineering, seven ML algorithms – linear regression, random forest, gradient boosting, multilayer perceptron (MLP), K-nearest neighbours (KNN), support vector regression (SVR) and XGBoost – were comparatively evaluated for predicting energy savings. Model performance was assessed using R2, RMSE, MAE and MAPE, and XGBoost was selected as the best-performing model. Explainable AI techniques, and sensitivity analysis, were subsequently applied to interpret the relationships between key variables and sustainability performance. The resulting framework was used to generate building-level sustainability scores and support a cloud-based decision-support prototype. Findings – XGBoost achieved the highest predictive performance among the evaluated ML models. Feature importance analysis identified Beam Irradiance as the most influential predictor of energy savings, with an importance score of 74.45%, while explainability analyses further demonstrated the influence of energy efficiency, solar utilisation and occupancy-related variables on sustainability performance. The findings indicate that campus sustainability emerges from the interaction of environmental, operational and occupancy-related factors rather than from technical characteristics alone. The proposed framework demonstrates the potential of campus-scale ML to support human-centred, data-driven sustainability assessment and decision-making. Originality/value – The study introduces a human-centred ML framework for campus-scale sustainability assessment, beginning with the comparative evaluation of seven supervised ML models to identify the most effective predictive approach. By integrating environmental, operational and occupancy-related variables with explainable AI techniques, the framework extends conventional performance-based assessment towards a more interpretable socio-technical approach. Treating the university campus as a bounded urban laboratory, the study demonstrates how machine learning and sustainability scoring can support data-driven decision-making and provide a scalable foundation for future smart and sustainable urban applications. © Emerald Publishing Limited",Artificial neural networks; Machine learning; Smart campus; Smart city; Sustainable urban environment; XGBoost,,10.1108/ET-01-2026-0005,Article,0,Scopus,2-s2.0-105051487815,,,export_54a1bd36-41a9-4277-a376-08dcc444e5bc_2026-10-06T080507.684203352.csv [derived S1u]
Intelligent renovation recommendation for existing buildings based on graph embedding and dynamic value engineering,"Tian, CB Pu, XP You, J Cao, YZ",2026,ADVANCES IN ENGINEERING SOFTWARE,"Retrofit-measure selection directly determines the energy, safety, and cost performance of existing-building renewal, creating an urgent demand for intelligent decision-support tools that can translate historical renovation experience into timely and feasible retrofit schemes. However, static weighting and explicit case matching cannot capture latent relationships between buildings and interventions or discount technologies whose suitability declines as standards, policies, and engineering practices evolve. This study combines dynamic value engineering, node2vec graph embedding, and CatBoost time-decay prediction in a hybrid recommender developed from 5000 Chinese retrofit cases and validated through EnergyPlus simulation and blinded expert assessment. Relative to random forest, HR@5 increased by 4.9 percentage points and simulated EUI reduction by 3.9 points, whereas the potentially obsolete measure rate decreased by 8.8 points and decision time by 0.15 h/case. The balanced fusion of attribute and graph similarity recovered both explicit and latent case relevance, while decay factors correlated with blinded expert ratings and downweighted time-sensitive measures as technologies evolved. This research delivers a dynamically adaptive, intelligent decision-making framework for the sustainable renovation of existing buildings, facilitating the transition of building stock renewal from an experiencebased paradigm to a data-intelligence-driven process, thereby contributing substantively to the low-carbon evolution of the structural engineering and construction sector.",Existing building renovation; Recommendation system; Value engineering; Node2vec; Sustainable retrofitting,,10.1016/j.advengsoft.2026.104297,Article,0,Web of Science,,WOS:001857745000001,,S1-2 result.txt
Large-scale building dilapidation assessment for high-density cities: An urban visual intelligence approach,"Huang, ZH Lu, WS Chen, JJ Xie, YY",2026,Cities,"Understanding the dilapidation condition of existing building stock is the first step in urban renovation and renewal. However, current assessment methods rely on tedious in-situ inspections, and manual inspection reports filing, which are difficult to scale for community- or city-wide implementation. Based on a proved association between urban phenomena with their appearance, this paper proposes an urban visual intelligence approach for large-scale building dilapidation assessment, leveraging widely accessible geographical big data (e.g., street view images and footprints). This method is easy to scale for assessing the building mass without a need of labor-intensive and expensive site survey. A deep learning model was trained to automatically process the large volumes of street view images and detect building defects with a precision of 90.4 % and F1 score of 80.7 %. The detected defects are positioned in a geo-spatial context for large-scale mapping and assessment with a building-level granularity. Piloted in the Kowloon Peninsula of Hong Kong, the proposed approach successfully evaluates the condition of over 9,172 buildings within an area of 47 million m2 in 4 h. Theoretically, the paper enriches the emerging field of urban visual intelligence by extending its realm to urban renewal. Practically, this research provides a robust and scalable solution for mass dilapidation assessment to inform policy-making and urban planning. The mapping results offer a new stream of quantitative data for future studies to understand the mechanism of urban decay. © 2025 Elsevier Ltd",Building inspection; Deep learning; Dilapidation assessment; Urban decay; Visual intelligence,mapping; quantitative analysis; urban area; urban design; urban development; urban planning; visual analysis; STREET VIEW,10.1016/j.cities.2025.106435,Article,1,Scopus; Web of Science,2-s2.0-105015193520,WOS:001568489500001,,export_54a1bd36-41a9-4277-a376-08dcc444e5bc_2026-10-06T080507.684203352.csv [derived S1u]; S1-2 result.txt
"LLM-Integrated Semantic Deep Learning Framework for Automated Floor Plan Analysis, Area Estimation, and Compliance Assessment of Existing Buildings",Guo Y.; Zhou X.; Tang S.-K.,2026,Applied Sciences (Switzerland),"The digitization of existing building stock often depends on legacy 2D raster floor plans (scanned drawings, PDF exports, or photographs) because structured building information models are frequently unavailable for older properties. Manual measurement and visual inspection of such documents are time consuming and error prone. This paper presents an integrated deep learning pipeline that extracts semantic information from unstructured two-dimensional floor plan images of existing structures and supports preliminary compliance screening via locally deployed large language models. The pipeline employs YOLOv8 for the localization and classification of 18 architectural symbols and furniture items, and a U-Net with a ResNet34 encoder for the semantic segmentation of walls and interior room spaces. To translate pixel-level predictions into physical metrics, we implement an area calculation module based on user-defined reference scale calibration. An LLM evaluation module, deployed locally via Ollama with a retrieval-augmented generation pipeline, interprets extracted room metrics and flags potential non-compliance against referenced residential design guidelines; it is intended for the assessment of existing layouts rather than generative co-design. We expand a core dataset of 101 manually annotated source floor plans to 303 augmented instances using label-aligned geometric transformations, while reporting generalization in terms of the 101 unique source plans. On the held-out validation split (10 source plans), YOLOv8 achieves 92.3% mAP50 versus 87.2% for a Faster R-CNN reference model on the same data split (detection baselines differ in training epochs and pretraining; see Experiments); U-Net achieves 95.71% mIoU, surpassing DeepLabv3+ (93.2%) under matched segmentation training settings. The system is deployed as an interactive web application for legacy building survey and preliminary regulatory review when only two-dimensional documentation is available. © 2026 by the authors.",area calculation; compliance assessment; computer vision; deep learning; existing buildings; large language models; legacy floor plans; object detection; RAG; semantic segmentation; U-Net; YOLOv8,Architectural design; Building Information Model; Classification (of information); Floors; Image segmentation; Information retrieval; Object recognition; Semantic Web; Semantics; Verification; Visual languages; Area calculation; Compliance assessments; Deep learning; Existing building; Floorplans; Language model; Large language model; Legacy floor plan; Objects detection; RAG; Semantic segmentation; U-net; YOLOv8; accuracy; Article; building; calculation; calibration; computer vision; deep learning; digitization; entropy; geography; geometry; hallucination; image segmentation; internal consistency; large language model; nonhuman; prediction; retrieval augmented generation; training; validation study; Computer vision; Object detection,10.3390/app16136290,Article,1,Scopus; Web of Science,2-s2.0-105044508060,WOS:001818098100001,,export_54a1bd36-41a9-4277-a376-08dcc444e5bc_2026-10-06T080507.684203352.csv [derived S1u]; S1-2 result.txt
National-level resilience-informed risk scoring approach: Generalized socio-physical flood risk factor for buildings,Ewis A.A.; Nofal O.,2026,International Journal of Disaster Risk Reduction,"Both coastal and inland flooding affect U.S. communities each year, causing substantial damage to the built environment and long-term socio-economic disruption. To support proactive risk mitigation, this study develops a generalized and scalable framework for building-level, resilience-informed flood risk assessment. The framework integrates FEMA's National Flood Hazard Layer, fragility-based vulnerability functions, social vulnerability indices, and community resilience factors. A geospatial algorithm is developed to generate coastal and inland flood hazard maps for any U.S. community using FEMA flood data. Building-specific attributes from the National Structure Inventory are used to assign minimal flood archetypes and corresponding depth-damage fragilities to diverse building typologies, enabling high-resolution damage assessment in terms of exceedance probabilities of prescribed damage states. Social vulnerability and community resilience indicators from FEMA's National Risk Index are incorporated to account for unequal social burdens and adaptive capacity. Machine-learning classification techniques are then applied to categorize buildings into risk-based groups for mitigation prioritization, planning, and investment. Two complementary metrics are produced: a Physical Flood Risk Score reflecting risk of structural damage only, and a Resilience-Informed Risk Score that integrates physical, social, and resilience dimensions into a unified index of community-contextualized flood risk. The framework is demonstrated through a case study of North Carolina using 100-year flood hazard maps at building, census-tract, and county scales. © 2026 The Authors.",,,10.1016/j.ijdrr.2026.106193,Article,1,Scopus; Web of Science,2-s2.0-105038658349,WOS:001773298000001,,export_54a1bd36-41a9-4277-a376-08dcc444e5bc_2026-10-06T080507.684203352.csv [derived S1u]; S1-2 result.txt
Operational building CO₂ emissions and grid-level functional mixedness in Chinese cities,Shang X.; Yang Z.; Liu X.; Sono D.,2026,Sustainable Cities and Society,"Functional mixing is widely considered a key element of compact and low-carbon urban development, but its association with operational building CO₂ emissions remains unclear because emissions vary with sectoral composition, building operation, and spatial context. Using 1-km building-function grids, remotely sensed three-dimensional building stock, and sector-specific CO₂ accounting, we construct a 2010–2020 panel for 289 physically delineated Chinese urban entities. At the city scale, a 10-percentage-point increase in mixed-function stock share is associated with 1.7% lower per-capita operational building CO₂ emissions. These associations vary substantially across functional combinations. Commercial-service mixedness exhibits the strongest negative association, while residential and industrial-service mixedness provide weaker negative signals. After Benjamini–Hochberg false-discovery-rate correction, FDR-supported negative associations are observed for the public–commercial, transport–public, and transport–residential–industrial configurations, whereas the transport–industrial configuration remains positively associated with total emissions. Robustness checks using entropy-based indicators, first-difference models, and exclusion of 2020 support the aggregate pattern while revealing sectoral sensitivity. These findings indicate that the association between functional mixedness and operational emissions varies with the functions combined and their spatial embedding. Low-carbon planning should evaluate mixed-function redevelopment by sectoral composition, spatial embedding, and operating intensity, instead of assuming more mixed urban space will automatically reduce building emissions. © 2026",Building carbon emissions; Functional mixedness; Grid-level; Physical urban entities; Sectoral configuration,China; Carbon; Urban growth; Building carbon emission; Carbon emissions; Emission level; Functional mixedness; Functionals; Grid levels; Mixedness; Physical urban entity; Sectoral configuration; Spatial embedding; carbon emission; commercial activity; emission inventory; public transport; remote sensing; residential location; urban development; urban planning; Housing,10.1016/j.scs.2026.107869,Article,0,Scopus,2-s2.0-105049181937,,,export_54a1bd36-41a9-4277-a376-08dcc444e5bc_2026-10-06T080507.684203352.csv [derived S1u]
Performance evaluation and deep learning-based prediction of CFRP-strengthened RC beams with core-cut openings,Tahera; Urs N.,2026,Asian Journal of Civil Engineering,"The current study presents a data-driven framework to predict the structural performance of CFRP-strengthened reinforced concrete beams with various web openings using deep learning. Experimental data from beams with circular and elliptical openings under different CFRP wrapping configurations were used to train and evaluate machine learning models. The key structural parameters cracking load, initial/post-cracking stiffness, strain, and energy absorption served as input features, while ultimate load was the target variable. Four deep learning architectures ANN, CNN, RNN, and LSTM were implemented using TensorFlow/Keras and optimized using early stopping, dropout regularization, and uniform hyperparameters. Model performance was assessed using multiple statistical metrics including R2, RMSE, MAE, VAF, NSE, and LMI. RNN and LSTM outperformed others, achieving R2 values above 0.96 on the test set, with minimal residuals and stable loss convergence. Visualization tools such as regression plots, REC curves, ROC curves, and Taylor diagrams further validated predictive accuracy. The model’s interpretability was enhanced through Sensitivity and SHAP-based analysis, which identified ultimate load and initial load as the most influential predictors in determining structural behavior. The proposed approach offers a robust alternative to traditional analytical modeling by capturing nonlinear interdependencies and feature interactions within structural systems. The study demonstrated that deep learning, particularly recurrent architectures, can provide accurate and interpretable predictions of RC beam behavior, supporting efficient retrofitting decisions and structural safety assessments in real-world civil engineering applications. © The Author(s), under exclusive licence to Springer Nature Switzerland AG 2025.",CFRP strengthening; Circular and elliptical openings; Core-cut openings; ML prediction; SHAP analysis,,10.1007/s42107-025-01490-w,Article,5,Scopus,2-s2.0-105012602724,,,export_54a1bd36-41a9-4277-a376-08dcc444e5bc_2026-10-06T080507.684203352.csv [derived S1u]
Physics-Aware Interpretable Machine Learning for Rapid Seismic Damage Screening and Fragility Curve Estimation Using Post-Earthquake Building Survey Data,Tipu R.K.; Asiri A.N.M.; Paruthi S.,2026,Journal of Earthquake Engineering,"Rapid post-earthquake damage assessment is crucial for structural inspection prioritization and emergency response. This study proposes a physics-aware interpretable machine learning framework for seismic damage screening and fragility estimation using data from the 2015 Gorkha earthquake, Nepal. The framework integrates building inventory parameters, capacity-surrogate features, macroseismic intensity, and uncertainty quantification. Gradient-boosted trees achieved the best performance with balanced accuracy of 0.430 and quadratic weighted kappa of 0.633 under in-distribution validation, while spatial transferability produced balanced accuracy of 0.358 and kappa of 0.471. Split-conformal screening achieved empirical coverage of 0.846, demonstrating reliable portfolio-scale seismic triage capability in data-scarce regions. © 2026 Taylor & Francis Group, LLC.",2015 Gorkha earthquake; conformal prediction; fragility curves; Physics-aware machine learning; Seismic damage assessment; spatial distribution shift,Earthquake effects; Learning systems; Machine learning; Spatial distribution; Structural analysis; Uncertainty analysis; 2015 gorkhum earthquake; Conformal predictions; Curve estimation; Fragility curves; Machine-learning; Physic-aware machine learning; Screening curves; Seismic damage; Seismic damages assessment; Spatial distribution shift; Damage detection; VULNERABILITY; DERIVATION,10.1080/13632469.2026.2698828,Article; Early Access,0,Scopus; Web of Science,2-s2.0-105044057249,WOS:001814790300001,,export_54a1bd36-41a9-4277-a376-08dcc444e5bc_2026-10-06T080507.684203352.csv [derived S1u]; S1-2 result.txt
Predicting transfer times across production lines using data pooling,Choi S.; Joo Y.H.; Park H.; Kang Y.; Choe R.; Jung J.-Y.,2026,Journal of Manufacturing Systems,"Reliable transfer time prediction is crucial for productivity in automated material handling systems within modern manufacturing environments. However, the complexity and dynamic behavior of manufacturing and logistics systems make accurate transfer time estimation highly challenging. This study proposes a transfer time prediction approach for automated material handling systems operating across production lines. To forecast inter-building and inter-floor transfer times, this study proposes a hybrid method, called time-series residual regression, that integrates linear time-series analysis with nonlinear machine learning. The framework further employs three data pooling strategies to effectively capture device heterogeneity and improve forecasting robustness. The hybrid method was validated using transfer records from inter-building stockers and inter-floor lifters in a Korean semiconductor fab. The experimental results show that the proposed model delivers superior performance, achieving R-squared values of 64.01 % for inter-building transfers and 72.00 % for inter-floor transfers. © 2025 The Society of Manufacturing Engineers",Automated material handling system; Data pooling; Machine learning; Time-series analysis; Transfer time prediction,Automation; Data handling; Floors; Forecasting; Learning systems; Logistics; Materials handling; Transfer learning; Automated material handling systems; Data pooling; Hybrid method; Machine-learning; Production line; Reliable transfer; Time predictions; Time-series analysis; Transfer time; Transfer time prediction; Time series analysis; MATERIAL HANDLING-SYSTEM; HYBRID ARIMA; SEMICONDUCTOR; SELECTION; MODEL,10.1016/j.jmsy.2025.12.025,Article,0,Scopus; Web of Science,2-s2.0-105027171994,WOS:001659468800001,,export_54a1bd36-41a9-4277-a376-08dcc444e5bc_2026-10-06T080507.684203352.csv [derived S1u]; S1-2 result.txt
Priority Assessment and Decision Support Research for Old Residential Community Renovation: A Case Study of Hangzhou; [老旧小区改造优先级评估机制与决策支持研究 ——以杭州市为例],Ma T.; Ma S.; Long H.; Wang Y.; Li W.; Wang X.,2026,Tropical Geography,"In the context of China's urban transition from large-scale expansion to intensive regeneration, the establishment of a scientific priority assessment mechanism for the renovation of old residential communities has become a critical yet challenging task in urban governance. This study aimed to address the prevailing challenges in contemporary decision-making processes, including the complexity of quantifying public needs and the absence of a comprehensive city-wide perspective. To this end, a novel data-driven priority evaluation framework was proposed using an empirical case study of Hangzhou. Methodologically, this study introduces key innovations. First, a Graph Neural Network (GNN) model incorporating spatial semantics was developed in order to identify the construction era of residential communities, achieving a high-precision recognition rate of 97.6 and effectively overcoming the limitations of traditional image classification. Second, a Large Language Model (LLM) is employed to perform a fine-grained sentiment analysis of geotagged social media texts, and a geographically weighted approach is applied to spatially quantify public sentiment at the neighborhood scale. Third, moving beyond conventional facility-oriented evaluation, an integrated three-dimensional indicator system was constructed, covering problem urgency, implementation feasibility, and potential benefits. Priority assessment was conducted using an XGBoost model, and its robustness was strengthened through Monte Carlo simulation and full-gradient sensitivity analysis, ensuring reliable and stable ranking outcomes across all 2188 old residential communities under study. The main findings are as follows: (1) a distinct scale-dependent spatial heterogeneity in renovation priorities. While high-priority communities are clustered in central urban districts, the average priority score is notably higher in certain peripheral counties—an ""inversion"" phenomenon that reflects the underlying tension between spatial equity and renewal efficiency, shaped by historical investment gaps, diminishing marginal returns, and regional economic disparities. (2) A dual-scale spatial clustering analysis conducted at both the community and administrative district levels identified four renovation archetypes and four corresponding policy zones, offering a refined understanding of priority differentiation and enabling a targeted governance approach characterized by categorized renovation and zonal coordination. (3) Building on these spatial patterns, this study has proposed a synergistic governance paradigm that integrates differentiated renovation strategies with macro-level resource allocation, thereby enhancing the precision and effectiveness of policy implementation. By establishing a ""data-driven, model-supported, policy-adaptive"" technical pathway, this research contributes to shifting urban renewal practices from experience-based judgment to evidence-based decision-making. The framework not only provides a scientific basis for optimizing renovation sequencing and resource distribution but also translates complex spatial diagnostics into operable policy tools, supporting more equitable, efficient, and sustainable urban regeneration in high-density cities. © 2026, Editorial Committee of Tropical Geography. All rights reserved.",building age identification; Hangzhou City; multi-scale governance; priority assessment; public sentiment; spatial heterogeneity,China; Hangzhou; Zhejiang; artificial neural network; community development; decision making; decision support system; governance approach; policy implementation; residential development; resource allocation; spatial planning; sustainability; urban policy; urban renewal,10.13284/j.cnki.rddl.20250484,Article,0,Scopus,2-s2.0-105047093845,,,export_54a1bd36-41a9-4277-a376-08dcc444e5bc_2026-10-06T080507.684203352.csv [derived S1u]
Rapid Structural Vulnerability Assessment of Coastal Buildings Against Tsunami Loads: A Physically-Motivated Ensemble Learning Framework,Tahriri M.H.; Omranpour A.H.; Poursaber M.R.; Ariki Y.,2026,Iranian Journal of Science and Technology - Transactions of Civil Engineering,"Developing reliable Rapid Visual Screening (RVS) tools for existing building stocks is a critical challenge in post-disaster recovery, particularly following extreme hydrodynamic events where forensic data is scarce. Traditional structural assessment methods, relying on time-intensive field surveys or computationally expensive fluid dynamics, often fail to deliver actionable safety insights in the immediate aftermath of a tsunami. To bridge this operational gap, this study introduces a physically-motivated ensemble learning framework, calibrated on a high-fidelity but limited dataset (N = 95) from the 2011 Great East Japan Tsunami. Unlike purely statistical approaches, we integrated a domain-specific Risk Index (RI), serving as a simplified mechanical proxy for the hydrodynamic overturning moment ratio.Five machine learning algorithms were rigorously optimized using Grid Search and fivefold Cross-Validation. Among the candidates, the Random Forest (RF) architecture demonstrated enhanced comparative stability in data-scarce regimes, achieving a peak accuracy of 89.6% and an AUC of 0.98. To quantify the framework's reliability, a 1,000-iteration bootstrapping analysis established a 95% Confidence Interval of [79.0%–100.0%] for recall, providing a statistically conservative boundary for the observed peak 100% recall of collapsed structures. Furthermore, sensitivity analysis validated the framework’s operational resilience, maintaining satisfactory performance even under 20% measurement error threshold in field inputs. SHAP interpretability analysis validated the physical consistency of the model, identifying Inundation Depth and the engineered Risk Index as the governing drivers of structural vulnerability. These findings present a transferable, mechanics-based RVS tool for designating vertical evacuation shelters in vulnerable coastal zones. © The Author(s), under exclusive licence to Shiraz University 2026.",Overturning stability; Physically-motivated machine learning; Rapid Visual Screening (RVS); Structural vulnerability; Tsunami loading,,10.1007/s40996-026-02192-2,Article,0,Scopus,2-s2.0-105041153764,,,export_54a1bd36-41a9-4277-a376-08dcc444e5bc_2026-10-06T080507.684203352.csv [derived S1u]
Refined Modeling of Arctic Circumpolar Building Stock Increases Estimated Mid-Century Permafrost Degradation Damages,Manos E.; Streletskiy D.A.; Witharana C.; Haggerty E.; Liljedahl A.K.,2026,Earth's Future,"Near-surface permafrost degradation has the potential to damage infrastructure needed to sustain Arctic communities, but risk assessments remain highly uncertain due to a limited representation of the Arctic circumpolar building stock. With deep learning building footprint detection and building occupancy classification models, we expand the two-dimensional building footprint area and disaggregate the building stock based on occupancy type. Based on story counts derived from a circumpolar digital surface model, we estimate the total floor area of the residential building stock to be 75% greater than the two-dimensional footprint area. Monte Carlo-estimated mid-century circumpolar building damages amount to 76 B USD (2.88–259.48) under SSP2-4.5 and 261 B USD (17.01–379.11) under SSP5-8.5 (median and 5th–95th percentile range), with uncertainty primarily driven by climatic variability, engineering practices, and deep learning model errors. By refining permafrost-affected building damage estimates, this study supports the development of data-driven decision making in the Arctic. © 2026 The Author(s).",Arctic; climate impacts; deep learning; disaster risk; permafrost; remote sensing,Arctic; climate effect; damage; decision making; disaster management; environmental degradation; infrastructure planning; permafrost; remote sensing; risk assessment; ALASKA PUBLIC INFRASTRUCTURE; CLIMATE-CHANGE; CLASSIFICATION; RESOLUTION; IMPACTS; RISK; ELEVATION; DYNAMICS; SYSTEM; IMAGE,10.1029/2026EF008578,Article,0,Scopus; Web of Science,2-s2.0-105043397670,WOS:001804887600001,,export_54a1bd36-41a9-4277-a376-08dcc444e5bc_2026-10-06T080507.684203352.csv [derived S1u]; S1-2 result.txt
Reliable building inventory imputation for regional-scale risk assessment: An uncertainty-guided framework using spatially-enhanced Transformers,Song Z.; Jiang W.; Yi S.-R.; Zhang J.,2026,Reliability Engineering and System Safety,"Regional-scale risk assessments require complete building inventories, yet missing data is a pervasive problem that undermines exposure models and their downstream risk analysis. This study addresses how to impute missing building attributes by explicitly modeling spatial dependencies in a scalable and expressive manner, while simultaneously quantifying the epistemic uncertainty from imputation, moving beyond the limitations of deterministic point estimates. We propose a novel framework that leverages a spatially-aware Feature Tokenization Transformer to impute missing values, then quantifies imputation uncertainty using Monte Carlo Dropout, and progressively refines estimates in an iterative process. On large-scale datasets from San Francisco, our proposed method consistently and significantly reduces imputation error, in some cases nearly halving it over the best performing baseline. It enhances the reliability of regional urban imputation tasks, enabling robust and confident decision-making. © 2026 Elsevier Ltd.",Building inventory; Deep learning; Imputation; Regional risk assessment; Spatial dependency; Transformers; Uncertainty quantifications,Decision making; Iterative methods; Large datasets; Monte Carlo methods; Risk analysis; Risk assessment; Uncertainty analysis; Building inventory; Deep learning; Imputation; Missing data; Regional risk assessment; Regional-scale risk assessments; Spatial dependencies; Transformer; Uncertainty; Uncertainty quantifications; EXPOSURE MODEL; REGRESSION; INFERENCE,10.1016/j.ress.2026.112436,Article,4,Scopus; Web of Science,2-s2.0-105030816948,WOS:001699343000001,,export_54a1bd36-41a9-4277-a376-08dcc444e5bc_2026-10-06T080507.684203352.csv [derived S1u]; S1-2 result.txt
Scalable sub-meter mapping of woody vegetation and structures across California’s heterogeneous landscape using deep learning,Zhu Y.; Dixon D.J.; Jin Y.,2026,Remote Sensing of Environment,"The encroachment of human settlements into wildland areas has expanded the Wildland-Urban Interface (WUI), disrupting ecosystems and increasing wildfire risks. A systematic mapping of woody vegetation and building structures across the wildland-urban continuum is critical for fire risk and ecosystem service assessment, fuel management, conservation, and land use planning. The highly heterogeneous and dynamic nature of this landscape requires a fine-scale monitoring approach. Although machine learning and computer vision have advanced land cover classification using very high resolution imagery (VHR), most studies either focus on identifying only a particular object or a limited study area. We here developed a unified semantic segmentation deep learning model (U-Net) to map trees, shrubs, and building footprints at 0.6 m resolution using the open-source VHR multispectral imagery from the National Aerial Imaging Program (NAIP) for the state of California. A semi-automatic labeling process was adapted to generate a large set of labels for model training and testing with available aerial LiDAR surveys. The validation showed robust performance of the trained U-Net model in predicting canopy-scale trees and shrubs as well as buildings, achieving an overall accuracy of 87.1% and F1 scores of 83.1% for trees and 78.9% for shrubs across different years. Further evaluation demonstrated that this approach captured the fine-scale spatial arrangement of woody vegetation and buildings, and the temporal vegetation dynamics from selective logging, regrowth, and tree mortality following wildfire. The model’s scalability was also shown for county and statewide mapping. Given the availability of open-access NAIP imagery every 2–3 years over the continental US, our scalable approach provides a sub-meter monitoring tool and data to improve ecological and building assessment and fire simulation. These capabilities support adaptive land management to mitigate WUI fire risk and ultimately promote fire-safe communities and resilient ecosystems along the WUI-wildland gradient. © 2025 The Authors. Published by Elsevier Inc. This is an open access article under the CC BY license. http://creativecommons.org/licenses/by/4.0/",Aerial imagery; Deep learning; Defensible space; Fuel dynamics; Fuel mapping; Object detection; Segmentation; Wildland-Urban-Interface,California; United States; Aerial photography; Antennas; Ecosystems; Fires; Information management; Land use; Learning systems; Logging (forestry); Object recognition; Open source software; Open systems; Reforestation; Urban planning; Vegetation mapping; Aerial imagery; Deep learning; Defensible space; Fuel dynamics; Fuels mappings; Objects detection; Segmentation; Sub meter; Wildland urban interface; Woody vegetation; computer vision; detection method; ecosystem service; land management; land use planning; lidar; machine learning; mortality; satellite imagery; vegetation dynamics; wildfire; Object detection; URBAN; FIRE; MORTALITY; LANDFIRE; DROUGHT; IMAGE,10.1016/j.rse.2025.115091,Article,0,Scopus; Web of Science,2-s2.0-105023838119,WOS:001618439500001,,export_54a1bd36-41a9-4277-a376-08dcc444e5bc_2026-10-06T080507.684203352.csv [derived S1u]; S1-2 result.txt
Seismic Structural Response and Loss Estimation for Dense Urban Districts Using Neural Network Parameterized Gaussian Process,Choi B.; Yi S.-R.; Kim T.,2026,Earthquake Engineering and Structural Dynamics,"Earthquakes pose a major threat to urban areas, causing fatalities, injuries, and significant economic losses. This study proposes a Gaussian process parametrized by deep neural networks (DNN–GP) as an efficient surrogate for assessing seismic losses of building structures at a regional scale. The framework constructs a GP surrogate using three DNN models that predict the mean, standard deviation, and correlation of structural responses. These models are trained on a seismic demand database developed from a large number of dynamic analyses of structural systems, composed of nonlinear single-degree-of-freedom systems subjected to ground motions with various scaling factors. The DNN–GP model targets assessing an aggregated loss over a cluster of buildings within a limited spatial domain that are subjected to identical ground motion. A key feature of the proposed method is its ability to refine initial estimates from the component DNN models by incorporating reference points, localized nonlinear responses obtained from a selected subset of structures within the considered building portfolio. This study demonstrates the effectiveness of the surrogate model through two numerical studies: (1) prediction of seismic responses for a set of structural systems, and (2) estimation of seismic losses for a building cluster. The results show that the DNN–GP significantly reduces the need for exhaustive nonlinear simulations while maintaining accuracy and quantifying prediction uncertainty. This enables rapid, simulation-informed decision-making using the surrogate model for managing seismic risk and enhancing the resilience of urban infrastructure. © 2025 The Author(s). Earthquake Engineering & Structural Dynamics published by John Wiley & Sons Ltd.",deep learning; dynamic analysis; Gaussian process; metamodel; regional analysis; surrogate model,Buildings; Decision making; Earthquakes; Forecasting; Gaussian distribution; Gaussian noise (electronic); Losses; Nonlinear analysis; Nonlinear simulations; Regional planning; Seismic design; Seismic response; Structural analysis; Structural dynamics; Uncertainty analysis; Deep learning; Dynamics analysis; Gaussian Processes; Meta model; Neural-networks; Regional analysis; Seismic loss; Structural response; Structural systems; Surrogate modeling; artificial neural network; dynamic analysis; Gaussian method; machine learning; numerical model; parameterization; seismic response; structural response; surrogate method; urban area; Dynamic analysis; PLACEMENT,10.1002/eqe.70087,Article,2,Scopus; Web of Science,2-s2.0-105021937834,WOS:001615286800001,,export_54a1bd36-41a9-4277-a376-08dcc444e5bc_2026-10-06T080507.684203352.csv [derived S1u]; S1-2 result.txt
Statistical characterization and prediction of embodied carbon in reinforced concrete buildings for low-carbon design,Zhang F.; Wen B.; Niu D.; Li A.; Zhao Q.; Fang Z.; Lv Y.,2026,Case Studies in Construction Materials,"With the rapid expansion of the construction sector, reducing embodied carbon in reinforced concrete (RC) buildings has become an important issue for low-carbon development. However, practical benchmarks and reliable prediction tools at the structural level are still limited. This study presents an integrated approach combining life-cycle carbon accounting, statistical analysis, Monte Carlo simulation, and machine learning to evaluate embodied carbon emissions in RC buildings. A dataset of 124 buildings in Shaanxi Province is used to examine emission distributions and identify key influencing factors. The results show that most life-cycle stages approximately follow normal distributions, while the construction stage is better described by a lognormal distribution due to higher variability. The material production stage is the dominant source of embodied carbon, accounting for 90.09% of total emissions, with steel and concrete contributing 87.38%. Building floor area shows a strong correlation with total embodied carbon (R2 = 0.95), whereas structural type plays a key role in determining embodied carbon intensity. Based on the statistical results, embodied carbon intensity limits are proposed for different structural systems, including frame structures (471.316 kg CO2e/m2), shear wall structures (443.757 kg CO2e/m2), and frame–shear wall structures (423.724 kg CO2e/m2), providing practical benchmarks for low-carbon design. Among the tested models, the decision tree achieved the best performance (R2 = 0.885), indicating its suitability for rapid prediction. Overall, the proposed framework offers a quantitative basis for evaluating embodied carbon and supports decision-making in low-carbon RC building design. © 2026 Published by Elsevier Ltd. This is an open access article under the CC BY-NC-ND license. http://creativecommons.org/licenses/by-nc-nd/4.0/",Carbon emission limit; Embodied carbon; Life-cycle assessment; Machine learning; Reinforced concrete structures,Architectural design; Artificial life; Carbon; Carbon cycle; Carbon emissions; Concrete buildings; Concrete construction; Construction industry; Decision trees; Floors; Forecasting; Learning systems; Life cycle; Life cycle assessment; Machine learning; Normal distribution; Reinforced concrete; Structural design; Walls (structural partitions); Carbon accounting; Carbon emission limit; Carbon intensity; Embodied carbons; Emission limits; Low-carbon designs; Machine-learning; Reinforced concrete buildings; Reinforced concrete structures; Intelligent systems; CO2 EMISSIONS; CHINA,10.1016/j.cscm.2026.e06436,Article,0,Scopus; Web of Science,2-s2.0-105048090483,WOS:001858169700001,,export_54a1bd36-41a9-4277-a376-08dcc444e5bc_2026-10-06T080507.684203352.csv [derived S1u]; S1-2 result.txt
The geometry of loss: Spatial hierarchies and multiscale predictions of hurricane damage via urban form and water networks,Mc Shane C.; Leyk S.,2026,"Computers, Environment and Urban Systems","Understanding the relationship between the built environment (BE) and disaster impacts is critical for improving resilience and risk assessment in urban areas. This study investigates how the shape and organization of the BE is related to damage outcomes from Hurricane Harvey across multiple spatial scales and levels of the administrative hierarchy. Mixed Effects Random Forest (MERF) models incorporate distributional summaries of fractal dimension (FD) of the BE computed at the block group, tract, and county levels, combined with water network heterogeneity. These models assess whether hierarchically structured BE attributes can serve as reproducible, data-driven predictors of flood damage at the block group level within the Hurricane Harvey study region. The models perform consistently well across model specifications with county-level mean FD emerging as the dominant predictor measured by its feature importance, followed by tract- and block-group-level distributional features. The BE is organized around underlying structural dependencies, notably the water network, which further conditions damage severity through spatially heterogeneous waterway exposure. Random effects-only benchmarks, which retain the spatial grouping effects but omit all covariates, yield R2 ≈ 0 at every resolution, confirming that the predictive signal derives from BE and water network features rather than from spatial autocorrelation alone. Furthermore, the FD signal is robust to differences in building stock exposure across block groups. These findings demonstrate that the hierarchical organization of the BE constitutes a consistent predictor of flood damage susceptibility within the Hurricane Harvey study area and provides a methodological foundation for spatially structured damage prediction. © 2026 Elsevier Ltd",Built environment; Machine learning; Natural hazards; Risk; Spatial data; Urban,Autocorrelation; Finite difference method; Flood damage; Hurricanes; Learning systems; Random processes; Risk assessment; Risk management; Block group; Built environment; County level; Group level; Machine-learning; Natural hazard; Spatial data; Spatial hierarchy; Urban; Water networks; flood damage; hurricane; machine learning; prediction; risk assessment; spatial data; urban area; Fractal dimension; VULNERABILITY,10.1016/j.compenvurbsys.2026.102487,Article,0,Scopus; Web of Science,2-s2.0-105043706467,WOS:001820910500001,,export_54a1bd36-41a9-4277-a376-08dcc444e5bc_2026-10-06T080507.684203352.csv [derived S1u]; S1-2 result.txt
Towards Generative Twins: An AI Based Pipeline from Explicit 3D Reconstruction to Probabilistic Synthesis,Ashmawy M.K.; Akay B.; Balderrama A.,2026,Proceedings of the International Conference on Education and Research in Computer Aided Architectural Design in Europe,"Deploying digital twins across the broader building stock is constrained by a key bottleneck: high-quality 3D content from LiDAR or photogrammetry remains labor-intensive and difficult to scale. We introduce Generative Twins (GT), a workflow that shifts digital twin creation from explicit geometric reconstruction toward probabilistic 3D synthesis. The pipeline takes a single street-level façade photograph, corrects perspective distortion and removes occlusions, uses an instruction-conditioned multimodal image model to synthesise an isometric view of the building, and passes that view to an image-to-3D reconstruction model that leverages learned shape priors to produce a textured mesh without manual modelling. Three image to-3D platforms (Hitem3D, Hyper3D and Hunyuan3D 3.1) are compared on identical isometric inputs and assessed on architectural boundary clarity. We demonstrate GT through two applied cases: (i) reconstruction of ordinary residential streets in Detmold as stimuli for a virtual-reality study of multi sensory urban perception, and (ii) Green Editor, a design-exploration tool in which façade greenery is added or removed at the image layer before mesh generation. Together these cases position Generative Twins as a scalable pathway for the digitization of ordinary building stock, with emphasis on controllability, editability, and iterative design workflows. © 2026, Education and research in Computer Aided Architectural Design in Europe. All rights reserved.",Artificial Intelligence (AI); Digital Twins; Generative Design; Image-to-3D; Virtual Reality (VR),,10.52842/conf.ecaade.2026.1.619,Conference paper,0,Scopus,2-s2.0-105051185641,,,export_54a1bd36-41a9-4277-a376-08dcc444e5bc_2026-10-06T080507.684203352.csv [derived S1u]
Trans-SAC: Robust and Transferable Maximum Entropy Reinforcement Learning for Heat Pump Control,Huang Q.; Assmuth A.T.; Langner F.; Hagenmeyer V.; Schäfer B.,2026,E-Energy 2026 - Proceedings of the 17th ACM International Conference on Future and Sustainable Energy Systems,"Residential heating electrification through heat pumps is a cornerstone of building decarbonization, yet their potential for grid flexibility remains underutilized due to the difficulty of scaling control strategies across heterogeneous building stocks. Although reinforcement learning (RL) offers model-free adaptability, standard approaches often fail to scale, suffering from brittle policies that do not generalize across diverse thermal dynamics or discrete control actions that damage hardware. To address this, we introduce Trans-SAC (Transferable Soft Actor-Critic), a robust control framework designed to solve the ""cold start""problem in city-scale deployments. By leveraging maximum entropy RL, Trans-SAC optimizes a dynamic trade-off between reward and entropy, ensuring continuous, hardware-safe actuation. Unlike prior work limited to fixed temperature bands, we target a challenging time-varying comfort objective under dynamic pricing and rigorously evaluate SAC against model predictive control (MPC) baselines, deep Q-networks (DQN) and proximal policy optimization (PPO), across a dataset of ten heterogeneous residential buildings calibrated with real-world weather and price data. Our experiments reveal that while the standard feature-freezing technique accelerates training, they remain suboptimal due to physical mismatches in building envelopes, and independent learning remains prohibitively sample-inefficient. In contrast, Trans-SAC's full-network adaptation strategy successfully bridges this gap, enabling robust generalization and reducing the training time and significantly outperforming other transfer baselines. This establishes Trans-SAC as a viable and data-efficient blueprint for aggregating large-scale heat pump fleets into smart buildings.  © 2026 Copyright held by the owner/author(s).",Deep Reinforcement Learning; Heat Pump Control; Transfer Learning,Computer hardware; Costs; Deep learning; Deep reinforcement learning; Dynamics; Economics; Electric utilities; Heat pump systems; Housing; Intelligent buildings; Maximum entropy methods; Model predictive control; Predictive control systems; Pumps; Starting; Transfer learning; Actor critic; Decarbonisation; Heat pump control; Heat pumps; Maximum-entropy; Pump control; Reinforcement learnings; Residential heating; Scaling control; Transfer learning; Economic and social effects; Reinforcement learning,10.1145/3744255.3811723,Conference paper,0,Scopus,2-s2.0-105044909898,,,export_54a1bd36-41a9-4277-a376-08dcc444e5bc_2026-10-06T080507.684203352.csv [derived S1u]
Urban daylight model with open-source and GIS-based tools: A case study in Italy,Ghellere M.; Bellazzi A.; Salamone F.; Devitofrancesco A.; Danza L.,2026,Building and Environment,"This paper presents a detailed analysis of the daylighting performance of buildings in the centre of Catania, in southern Italy. The proposed methodology employs a set of ‘facade-room’ archetypes representing rooms with typical floor and window dimensions, adjacent to an external facade characterized by predefined features: orientation, sky view factor, presence of balconies, window to floor-ratio, building age, windows facing. These parameters are extracted from georeferenced datasets in QGIS, with geometries modelled in Blender and daylighting performance metrics calculated using the Radiance®-based VI-Suite plugin. The daylighting performance of each archetype is then linked to the corresponding building facades within QGIS, enabling rapid analysis of large urban areas. One hundred archetypes were defined and associated with 29′000 georeferenced facade planes. Focusing on the impact of urban densification on daylight, the study reveals an average Sky View Factor of 0.28 for the case study area, resulting in a 50% mean reduction in Useful Daylight Illuminance autonomy, a 40% decrease in Daylight Factor and a loss of 1’550 h of daylight compared to scenarios without buildings obstructions. Conversely, urban dense environment reduces the probability of excessive sunlight and reflects sunlight towards buildings increasing daylight autonomy. The proposed methodology enables the assessment of likely daylighting performance for individual rooms in urban buildings, storing these data within a GIS framework to support urban planning, property valuation and urban energy assessment. © 2026 The Author(s)",Building archetypes; Daylighting; GIS; Sky view factor; Urban densification,Catania [Catania (ADS)]; Catania [Sicily]; Italy; Sicily; Daylight simulation; Densification; Facades; Floors; Urban planning; Building archetype; Case-studies; Densifications; Open-source; Performance; Performance metrices; Performance of buildings; Sky view factor; Southern Italy; Urban densification; energy management; GIS; parameterization; performance assessment; urban planning; Daylighting; Geographic information systems; VALIDATION,10.1016/j.buildenv.2026.114971,Article,0,Scopus; Web of Science,2-s2.0-105045153074,WOS:001825087400001,,export_54a1bd36-41a9-4277-a376-08dcc444e5bc_2026-10-06T080507.684203352.csv [derived S1u]; S1-2 result.txt
Interpretable machine learning framework for rapid post-earthquake building safety assessment at a regional scale,Monirvaghefi Z.; Asgarian B.,2027,Reliability Engineering and System Safety,"Rapid post-disaster safety assessment of building stocks demands computational efficiency and interpretability, especially when sensing resources are limited. This research presents a novel framework for rapid classification of buildings into safety classes based on their states using limited sensing information. In order to construct the database, over 410,000 non-linear response history analyses were performed on 35 HAZUS-based building categories subjected to 222 ground motions. Based on performance metrics including accuracy, efficiency, stability, and interpretability, the most suitable classifier among those tested was the Random Forest algorithm. With the help of earthquake intensity measures, building descriptors, and partial roof response parameters, the developed framework achieved 94.6% overall accuracy and 93.9% recall in predicting severe damage states. The reliability of the proposed model was assessed by performing calibration analysis, feature importance ranking, sensitivity analysis, noise test, and interpreting Partial Dependence Plots. Generalization of the model was further validated using building safety classifications derived from the 2015 Nepal Gorkha earthquake dataset; despite missing roof response data, the reduced-feature Random Forest classifier achieved 92.1% Red-class recall on the internal dataset and 71.5% recall on the independent real-event dataset, illustrating that the framework has the capability for transferability to regional-scale assessments post-earthquake. Copyright © 2026. Published by Elsevier Ltd.",Machine Learning; Post-earthquake structural safety assessment; Rapid Post-earthquake screening; Roof-level response; Seismic damage classification,Buildings; Classification (of information); Computational efficiency; Damage detection; Disaster prevention; Disasters; Earthquake effects; Earthquake engineering; Learning systems; Machine learning; Random forests; Reliability analysis; Roofs; Sensitivity analysis; Structural analysis; Building safety; Damage classification; Machine-learning; Post-earthquake structural safety assessment; Rapid post-earthquake screening; Roof-level response; Safety assessments; Seismic damage; Seismic damage classification; Structural safety; Copyrights; DAMAGE; MODELS,10.1016/j.ress.2026.113149,Article,1,Scopus; Web of Science,2-s2.0-105044557580,WOS:001825837400001,,export_54a1bd36-41a9-4277-a376-08dcc444e5bc_2026-10-06T080507.684203352.csv [derived S1u]; S1-2 result.txt