Title,Authors,Year,Source title,Abstract,Author Keywords,Index Keywords,DOI,Document Type,Cited by,Database provenance,Scopus EID,WoS UT,IEEE Document Identifier,Source files
Exploration of urban deposits: Long-term prospects for resource and waste management,"Wittmer, D Lichtensteiger, T Wittmer, D",2007,Waste Management and Research,"Many materials currently in use are potentially available to become raw materials for future production if the materials are recycled instead of discarded as solid waste. However, the structure and life-expectancy of these secondary resources have not been sufficiently examined, and comprehensive methods for forecasting the availability of such materials are still lacking. This study presents a method for identifying anthropogenic material stocks in combination with the method of material flow analysis (MFA). The method was applied to copper in Switzerland as an example, with the focus on use in buildings. The exploration concept was a three-step process. First, a MFA identified the relevant stocks within the inventory of the region. Second, these stocks were inventoried through a building stock model and determination of key parameters that were defined by surveying selected buildings and from the literature. Third, the Study team developed a dynamic MFA model to describe the copper stocks and flows during the period 1900-2000. The results of the copper stock calculation (in kg capita(-1)) were: buildings 79 +/- 11, infrastructure 107 +/- 25, movables 34 +/- 9, landfills 50 +/- 12. The calibrated model enabled the study team to develop resource and waste management scenarios forecasting waste flows. It is shown that the conversion of buildings into other uses may affect the waste flows significantly.",Construction and demolition debris; Exploration method; Material flow analysis (MFA); Scenario analysis; Secondary resources; Urban deposits; Waste flow prediction; wmr 1166-9; construction and demolition debris; exploration method; material flow analysis (MFA); scenario analysis; secondary resources; urban deposits; waste flow prediction,"Algorithms; Cities; Conservation of Natural Resources; Construction Materials; Copper; Environmental Monitoring; Humans; Industrial Waste; Manufactured Materials; Models, Theoretical; Switzerland; Time Factors; Waste Management; Central Europe; Eurasia; Europe; Copper scrap; Forecasting; Land fill; Mathematical models; Solid wastes; Waste management; copper; debris flow; exploration; resource management; stock assessment; waste management; article; building industry; calculation; calibration; environmental parameters; flow measurement; forecasting; landfill; life expectancy; literature; priority journal; process development; recycling; solid waste; urban area; Exploration method; Material flow analysis; Scenario analysis; Waste flow prediction",10.1177/0734242X07079183,Article; Proceedings Paper,26,Scopus; Web of Science,2-s2.0-34249715296,WOS:000247266100006,,SCOPUS_S2-2.csv; S2-2 result.txt
Adaptive and high-precision grey forecasting model,Lin Y.-H.; Lee P.-C.; Chang T.-P.,2009,Expert Systems with Applications,"Although the grey forecasting model has been successfully employed in various fields and demonstrated promising results, literatures show its performance still could be improved. Therefore, a new model named EFGMm(1, 1) is proposed in this paper by eliminating the error term resulted from the traditional calculation of background value with an integration equation to substitute for such error term. In addition, Fourier series and exponential smooth technique have also been integrated into the new model to reduce the periodic and stochastic residual errors, respectively. An illustrative example of building material stock index is adopted for demonstration. Results show that the proposed model can increase the prediction accuracy, particularly when the system is instable. (C) 2008 Elsevier Ltd. All rights reserved.",Background value; Building material stock index; Exponential smooth technique; Fourier series; Grey forecasting model,Building materials; Buildings; Construction equipment; Electric currents; Forecasting; Fourier analysis; Fourier series; Harmonic analysis; Background value; Error terms; Exponential smooth technique; Grey forecasting model; High precision; Illustrative examples; New models; Prediction accuracies; Residual errors; Stochastic models; TIME-SERIES; PREDICTION; SYSTEM; IDENTIFICATION,10.1016/j.eswa.2008.12.009,Article,86,Scopus; Web of Science,2-s2.0-64049118704,WOS:000266086600007,,SCOPUS_S2-2.csv; S2-2 result.txt
"Stochastic Analysis and Forecasts of the Patterns of Speed, Acceleration, and Levels of Material Stock Accumulation in Society",Fishman T.; Schandl H.; Tanikawa H.,2016,Environmental Science and Technology,"The recent acceleration of urbanization and industrialization of many parts of the developing world, most notably in Asia, has resulted in a fast-increasing demand for and accumulation of construction materials in society. Despite the importance of physical stocks in society, the empirical assessment of total material stock of buildings and infrastructure and reasons for its growth have been underexplored in the sustainability literature. We propose an innovative approach for explaining material stock dynamics in society and create a country typology for stock accumulation trajectories using the ARIMA (Autoregressive Integrated Moving Average) methodology, a stochastic approach commonly used in business studies and economics to inspect and forecast time series. This enables us to create scenarios for future demand and accumulation of building materials in society, including uncertainty estimates. We find that the so-far overlooked aspect of acceleration trends of material stock accumulation holds the key to explaining material stock growth, and that despite tremendous variability in country characteristics, stock accumulation is limited to only four archetypal growth patterns. The ability of nations to change their pattern will be a determining factor for global sustainability. (Graph Presented). © 2016 American Chemical Society.",,"Asia; Commerce; Construction Materials; Humans; Japan; Models, Economic; Models, Theoretical; Stochastic Processes; United States; Urbanization; Building materials; Developing countries; Economics; Stochastic systems; Sustainable development; Auto-regressive integrated moving average; Empirical assessment; Global sustainability; Innovative approaches; Stochastic analysis; Stochastic approach; Stock accumulation; Uncertainty estimates; building construction; construction material; demand analysis; empirical analysis; forecasting method; future prospect; industrialization; infrastructure; stochasticity; sustainability; time series analysis; uncertainty analysis; urbanization; acceleration; Article; building material; controlled study; deceleration; developing country; economic development; forecasting; historical period; investment; population growth; socioeconomics; statistics; velocity; commercial phenomena; economic model; economics; human; Markov chain; statistics and numerical data; theoretical model; Uncertainty analysis; MATERIAL EFFICIENCY; CONSTRUCTION; TIME; METABOLISM; DEMOLITION; ECONOMY; JAPAN",10.1021/acs.est.5b05790,Article,89,Scopus; Web of Science,2-s2.0-84963876647,WOS:000373655800051,,SCOPUS_S2-2.csv; S2-2 result.txt
How important are realistic building lifespan assumptions for material stock and demolition waste accounts?,Miatto A.; Schandl H.; Tanikawa H.,2017,"Resources, Conservation and Recycling","Accurate assessments of construction materials stocked in the built environment have received increased attention in the Industrial Ecology literature over the past few years. Many recent models that estimate building material inflows, stock accumulation and end-of-life waste, however, rely on simplistic assumptions about the lifespan of built infrastructure. While several probability distributions have been proposed (normal, Weibull, log-normal, and so on) there is no agreement on which model is best suited for modelling the accumulation of building material stock at urban and national levels. In this study we introduce an analysis of the hazard rate of buildings and discuss alternative distribution functions to model lifespan, testing the fit of five commonly used distributions to real data from the cities of Nagoya (Japan), Wakayama (Japan), and Salford (UK). The results highlight how cities with fast replacement rates are overall best modelled by right-skewed distributions, but single cohort levels express independent behaviours based on their characteristics. We investigate the sensitivity of a top-down stock accumulation model to the choice of different distributions and input parameters uncertainties. The results show that different lifespan distribution functions result in very similar overall stock accumulation at the national level, but have large impacts on calculated demolition waste flows. Differences are more pronounced for cities and the choice of a certain distribution will significantly affect the calculation of the average lifetime. Our results suggest that top-down national material stock accounts have high reliability, and are only weakly affected by the choice of one distribution over another. For cities, it is beneficial to use a distribution based on the characteristics of the buildings analysed, with regard to density and building characteristics. Stock accumulation research would profit from future bottom-up research into building lifespans to validate top-down estimation procedures. Crown Copyright (C) 2017 Published by Elsevier B.V. All rights reserved.",Buildings; Demolition; Distribution; Lifespan analysis; Material stock analysis; MFA; Modelling,Aichi; Chubu; England; Honshu; Japan; Kinki; Nagoya; Salford [England]; Salford [Salford (DST)]; United Kingdom; Wakayama [Kinki]; Wakayama [Wakayama (PRF)]; Building materials; Buildings; Demolition; Distribution functions; Models; Building characteristics; Different distributions; Distribution; Estimation procedures; Industrial ecology; Life span; Right-skewed distributions; Stock analysis; building; demolition; modeling; spatial distribution; waste; behavior; calculation; city; lifespan; model; profit; reliability; uncertainty; Weibull distribution; MATERIAL FLOW-ANALYSIS; METABOLIC TRANSITION; DYNAMICS; RENOVATION; INDICATORS; TRENDS; CHINA; URBAN,10.1016/j.resconrec.2017.01.015,Article,126,Scopus; Web of Science,2-s2.0-85013152643,WOS:000401881300014,,SCOPUS_S2-2.csv; S2-2 result.txt
A Probabilistic Dynamic Material Flow Analysis Model for Chinese Urban Housing Stock,Cao Z.; Shen L.; Zhong S.; Liu L.; Kong H.; Sun Y.,2018,Journal of Industrial Ecology,"The stock-driven dynamic material flow analysis (MFA) model is one of the prevalent tools to investigate the evolution and related material metabolism of the building stock. There exists substantial uncertainty inherent to input parameters of the stock-driven dynamic building stock MFA model, which has not been comprehensively evaluated yet. In this study, a probabilistic, stock-driven dynamic MFA model is established and China's urban housing stock is selected as the empirical case. This probabilistic dynamic MFA model has the ability to depict the future evolution pathway of China's housing stock and capture uncertainties in its material stock, inflow, and outflow. By means of probabilistic methods, a detailed and transparent estimation of China's housing stock and its material metabolism behavior is presented. Under a scenario with a saturation level of the population, urbanization, and living space, the median value of the urban housing stock area, newly completed area, and demolished area would peak at around 49, 2.2, and 2.2 billion square meters, respectively. The corresponding material stock and flows are 79, 3.5, and 3.3 billion tonnes, respectively. Uncertainties regarding housing stock and its material stock and flows are non-negligible. Relative uncertainties of the material stock and flows are above 50%. The uncertainty importance analysis demonstrates that the material intensity and the total population are major contributions to the uncertainty. Policy makers in the housing sector should consider the material efficiency as an essential policy to mitigate material flows of the urban building stock and to lower the risk of policy failures. © 2017 by Yale University",China; dynamic MFA; housing stock; industrial ecology; probabilistic model; uncertainty analysis,China; Efficiency; Housing; Metabolism; Physiology; Housing stock; Industrial ecology; Material efficiency; Probabilistic dynamics; Probabilistic methods; Probabilistic modeling; Relative uncertainty; industrial ecology; material flow analysis; numerical model; policy making; uncertainty analysis; urban housing; urban policy; urban population; urbanization; Uncertainty analysis; NORWEGIAN DWELLING STOCK; TOTAL FERTILITY RATE; BUILDING STOCK; MATERIALS DEMAND; EMISSION FACTORS; ENERGY; CONSTRUCTION; UNCERTAINTY; PROJECTIONS; COUNTRIES,10.1111/jiec.12579,Article,66,Scopus; Web of Science,2-s2.0-85018534074,WOS:000429716700011,,SCOPUS_S2-2.csv; S2-2 result.txt
Materials in Germany’s domestic building stock: calculation model and uncertainties,Ortlepp R.; Gruhler K.; Schiller G.,2018,Building Research and Information,"Building stocks are the dominant consumers of resources within national economies. Correspondingly, there is high demand for improved knowledge of material stocks and flows in the built environment. Material flow analysis is well suited to meet this demand. Although numerous studies have been conducted on this topic over recent years, these frequently lack applicability and transferability due to insufficient documentation or treatment of uncertainties. A new approach is presented here to calculate material stocks and flows for domestic buildings using the example of multi-family housing (MFH) in Germany. The approach is critically examined to determine its validity. The calculation process involves four steps: (1) building types are classified according to building age; (2) highly specific material composition indicators (MCIs) are calculated for the respective building types; (3) the total material stock as well as inflows and outflows are derived from the total floor space of Germany’s MFH; and (4) validity tests are performed to quantify uncertainties. The main results are age-based MCIs for MFH, the total material mass as well as quantitative information on parameter- and model-related uncertainties. Conclusions are drawn on the validity of results, the scalability and applicability of the model and its implementation, along with potential model refinements. © 2016 Informa UK Limited, trading as Taylor & Francis Group.",age; bottom-up; building stock; circular economy; domestic buildings; Germany; material composition; material flow; resource efficiency; urban mining,Civil engineering; Construction; Bottom up; Building stocks; Circular economy; Domestic buildings; Germany; Material compositions; Material Flow; Resource efficiencies; Buildings; MATERIAL FLOW-ANALYSIS; DEMOLITION WASTE; LIFE-CYCLE; CONSTRUCTION; MANAGEMENT; JAPAN; TIME,10.1080/09613218.2016.1264121,Article,87,Scopus; Web of Science,2-s2.0-85006304256,WOS:000419336500002,,SCOPUS_S2-2.csv; S2-2 result.txt
Tracking Construction Material over Space and Time: Prospective and Geo-referenced Modeling of Building Stocks and Construction Material Flows,Heeren N.; Hellweg S.,2019,Journal of Industrial Ecology,"Construction material plays an increasingly important role in the environmental impacts of buildings. In order to investigate impacts of materials on a building level, we present a bottom-up building stock model that uses three-dimensional and geo-referenced building data to determine volumetric information of material stocks in Swiss residential buildings. We used a probabilistic modeling approach to calculate future material flows for the individual buildings. We investigated six scenarios with different assumptions concerning per-capita floor area, building stock turnover, and construction material. The Swiss building stock will undergo important structural changes by 2035. While this will lead to a reduced number in new constructions, material flows will increase. Total material inflow decreases by almost half while outflows double. In 2055, the total amount of material in- and outflows are almost equal, which represents an important opportunity to close construction material cycles. Total environmental impacts due to production and disposal of construction material remain relatively stable over time. The cumulated impact is slightly reduced for the wood-based scenario. The scenario with more insulation material leads to slightly higher material-related emissions. An increase in per-capita floor area or material turnover will lead to a considerable increase in impacts. The new modeling approach overcomes the limitations of previous bottom-up building models and allows for investigating building material flows and stocks in space and time. This supports the development of tailored strategies to reduce the material footprint and environmental impacts of buildings and settlements. © 2018 The Authors. Journal of Industrial Ecology, published by Wiley Periodicals, Inc., on behalf of Yale University.",building material; construction and demolition waste; geographic information systems (GIS); industrial ecology; life cycle assessment (LCA); material flow analysis (MFA),Construction; Demolition; Environmental impact; Floors; Geographic information systems; Life cycle; Waste disposal; Construction and demolition waste; Industrial ecology; Insulation materials; Life Cycle Assessment (LCA); Material flow analysis; New constructions; Probabilistic modeling; Residential building; building; construction material; environmental impact; GIS; industrial ecology; life cycle analysis; material flow analysis; stock assessment; tracking; Building materials; LIFE-CYCLE ASSESSMENT; ENVIRONMENTAL-IMPACT; DWELLING STOCK; LCA; RENOVATION; DYNAMICS; CONCRETE; SYSTEMS; ENERGY,10.1111/jiec.12739,Article,198,Scopus; Web of Science,2-s2.0-85043264886,WOS:000459917300019,,SCOPUS_S2-2.csv; S2-2 result.txt
Exploring the regional-scale potential of the use of wood products in non-residential buildings: A building permits-based quantitative approach,Cordier S.; Robichaud F.; Blanchet P.; Amor B.,2020,BioResources,"In the construction sector, wood products are gaining interest. Methods are necessary to quantify material use and evaluate their potential effects. When quantifying the building material consumption, many studies are limited to residential buildings due to the lack of data for non-residential buildings. This research aimed at investigating a methodology to account for non-residential building material consumption. A method to estimate the volume of wood products in the structures of the new non-residential buildings was presented. Then, projections of the estimation were suggested according to three scenarios (minimum, average, and maximum). Sensitivity analyses highlighted the parameters that present the greatest contribution to the scenarios. The relative importance of the estimation to the total harvesting of all wood markets was also assessed. Despite the high uncertainty in wood consumption for non-residential building structures, the estimation had a small weight on the total harvesting of the Quebec province. The results showed how and when the resource availability could be constrained depending on the assumptions. This method can serve for life cycle inventory for an environmental assessment or wood flow analysis, but more research on the material composition of the non-residential building archetypes is necessary. © 2020 North Carolina State University.",Building stock; Non-residential buildings; Structure; Wood building; Wood products,Buildings; Consumption; Estimation; Life Cycle; Quebec; Research; Structures; Wood Products; Building materials; Construction industry; Life cycle; Sensitivity analysis; Wood products; Construction sectors; Environmental assessment; Life Cycle Inventory; Material compositions; Material consumption; Quantitative approach; Residential building; Resource availability; Housing; CROSS-LAMINATED TIMBER; MATERIAL FLOW-ANALYSIS; MATERIALS DEMAND; CONSTRUCTION; QUANTIFICATION; MULTISTORY; STOCKS,10.15376/biores.15.1.787-813,Article,9,Scopus; Web of Science,2-s2.0-85088469769,WOS:000511129100058,,SCOPUS_S2-2.csv; S2-2 result.txt
Quantification of material stocks in existing buildings using secondary data—A case study for timber in a London Borough,Romero Perez de Tudela A.; Rose C.M.; Stegemann J.A.,2020,"Resources, Conservation and Recycling: X","The existing building stock represents a huge accumulation of physical resources: a material ‘reserve’ that could be mined in the future to improve resource efficiency. However, in the absence of systematically collected information about materials deposited in the built environment, the ability to manage and exploit them is limited. An approach to quantification of material stocks based on the use of secondary data from external research bodies, national statistics and a housing stock management database is used to estimate the timber stock in residential buildings constructed in the London Borough of Tower Hamlets before 1992. Results show a total timber accumulation of almost 67,000 tonnes across 68,000 dwellings, with a material intensity for timber between 20−34 kg/m2 of building floorspace (6.8–11.2 kg/m3 of gross building volume) for terraced houses and 5.4−11 kg/m2 (1.8–3.6 kg/m3) for flats and maisonettes. Generally, there is more timber in floors and roofs, and in older buildings. This method appears to be robust, as it results in comparable timber intensities to those determined using other methods in previous studies. It can be used for other materials and may be useful in other contexts where data is available (i.e., other scales, building types and materials), and capable of contributing to the growing understand of existing buildings as material banks. © 2019 The Author(s)",Circular economy; Lumber; Material flow analysis (MFA); Material intensity coefficient (MIC); Urban mining; Wood,England; London [England]; Tower Hamlets; United Kingdom; Housing; Lumber; Timber; Wood; Building stocks; Built environment; Circular economy; Material flow analysis; National statistics; Physical resources; Residential building; Resource efficiencies; building; concentration (composition); database; quantitative analysis; residential location; timber; urban design; wood; article; economic aspect; England; flow measurement; mining; Information management,10.1016/j.rcrx.2019.100027,Article,42,Scopus,2-s2.0-85076727807,,,SCOPUS_S2-2.csv
Developing non-residential building stock archetypes for LCI—a German case study of office and administration buildings,Buschka M.; Bischof J.; Meier-Dotzler C.; Lang W.,2021,International Journal of Life Cycle Assessment,"Purpose: To accomplish the national and international climate goals, building renovation and optimisation of their energy and resource efficiency are essential. Thus, reliable information on the building stock (BS) is necessary. Most previous building typologies are focussing on residential buildings and the operational phase. This paper shows the development of a methodology for generating non-residential building (NRB) typologies for life cycle inventory analysis (LCI) of building constructions. Hereby, archetypes of office, administration and department (OAD) buildings are developed, exemplarily for the German NRB stock. The methodology can further be utilised for quantity surveying of urban material stocks, related recycling scenarios and waste management. Furthermore, the exemplarily generated archetypes provide necessary information for the estimation of realistic refurbishment scenarios. Methods: Approaches for the development of NRB archetypes, the descriptions of associated building materials and the LCI of BS were analysed and integrated into a methodology. It provides a clear path on the classification in building usage categories and determination of relevant building parameters for conducting LCI studies. Its aim is the creation of NRB typologies, presenting construction materials and building geometry in a useful way for life-cycle assessments (LCA). To demonstrate the methodology’s usability, it is applied to a case study with the sample of 161 OAD buildings, provided by the German NRB database ENOB:dataNWG. In combination with relevant literature on BS archetypes and materials, a sample OAD building typology has been created. Results and discussion: Minimum data requirements for conducting simplified LCI calculation of BSs were identified by analysing existing LCA methods, like the German BNB system. Important clusters for developing NRB archetypes were determined: building usage category, building construction types and building age. These data gaps between required information for simplified LCA studies and available information in ENOB:dataNWG were identified, and solutions for closing these data gaps were proposed and tested. Since building archetypes must reflect the overall BS, uncertainties were discussed. The ENOB:dataNWG database was not completed at the time this paper was written, so comprehensive uncertainty analyses are important next steps. Conclusions: This methodology development forms the groundwork for creating LCI building typologies for simplified LCA studies. It shows practically how to deal with a BS database and illustrates which typical values can be chosen for closing data gaps. The methodology was tested on an exemplary sample of OAD buildings. Based on this case study, the methodology concept was proven useful for the generation of a NRB typology. © 2021, The Author(s).",Archetypes; Building material composition; Building typology; Life cycle assessment; Life cycle inventory; Methodology; Non-residential building stock; Office and administration buildings,architecture; Article; building; building industry; case study; classification; geometry; Germany; life cycle assessment; methodology; non residential building stock; office and administration building; recycling; urban area; REQUIREMENTS,10.1007/s11367-021-01963-5,Article,12,Scopus; Web of Science,2-s2.0-85115061434,WOS:000696753800001,,SCOPUS_S2-2.csv; S2-2 result.txt
Modelling of mineral construction and demolition waste dynamics through a combination of geospatial and image analysis,"Bogoviku, L Waldmann, D",2021,JOURNAL OF ENVIRONMENTAL MANAGEMENT,"As the construction sector is shifting towards circular economy models, the role of mineral construction materials as main waste fraction in terms of volumes is crucial. A characterization of this mineral stock, as well as the waste derived from it is decisive in ensuring the application of the best practices of circular economy. This paper describes a methodology for assessing the mineral building stock through a combination of geospatial and image analysis. By analysing old topographic maps, buildings are grouped according to their building age into different typologies and based on these maps the construction and demolition activity is evaluated. The mineral stock is assessed and estimations of the mineral construction and demolition waste (CDW) is generated for different stochastic scenarios. This methodology is applied exemplarily on the country of Luxembourg. It was found that the total mineral construction stock for Luxembourg is 276.75 Mt and has been growing at a rate of 20.81%-24.39% in the last 30 years. Furthermore, the study identified a mean age of the urban building stock of about 60 years and a typical maximum building lifetime of 122 years. Based on the stochastic projections the mineral CDW generated from the existing building stock is expected to be up to 226.9 Mt by 2100, while if future building scenarios are considered, it can be as high as 885.3 Mt. The annual CDW production is expected to be sufficient for a viable concrete recycling activity if regulations on the waste volume flows are made available.",Concrete recycling; Material stock quantification; Geospatial analysis; Circular economy; Construction and demolition waste (CDW),,10.1016/j.jenvman.2020.111879,Article,27,Web of Science,,WOS:000618049500001,,S2-2 result.txt
Bridging the gap - A database tool for BIM-based circularity assessment,Göswein V.; Carvalho S.; Lorena A.; Fernandes J.; Ferrão P.,2022,IOP Conference Series: Earth and Environmental Science,"The concept of circular economy attracts attention across sectors. Since construction materials are the single largest material stock and flow, there is a particular interest from research and policy to apply the circularity concept to buildings. Large quantities of construction and demolition waste end up in landfill, despite new EU legislation that requires a 70% recovery rate. There is a gap between this ambitious goal and the reality of the construction industry. Building Information Modelling (BIM) has the potential to improve building design and construction processes for an increased recovery of materials. However, insufficient data, inconsistent methods and interoperability issues inhibit BIM application to unfold its full potential in circularity assessments. This paper introduces the CirBIM database framework. It provides BIM users with the required robust data to improve the circularity throughout the building's life cycle: from the design phase throughout renovation activities to the end-of-life stage. The paper proposes a new workflow of building circularity assessment, describe the architecture of the new database tool, and recommends relevant data sources and information models to streamline data mining processes. The new database tool is exemplified through application to a case study building in Portugal, emphasizing the need for different metrics and the need of integration of the end-of-life scenarios in the building design stage. © 2022 Institute of Physics Publishing. All rights reserved.",BIM; building; circularity; database; LCA,,10.1088/1755-1315/1078/1/012099,Conference paper,16,Scopus,2-s2.0-85139095138,,,SCOPUS_S2-2.csv
Dataset for Urban Scale Building Stock Modelling: Identification and Review of Potential Data Collection Approaches,Pei W.Y.; Biljecki F.; Stouffs R.,2022,"ISPRS Annals of the Photogrammetry, Remote Sensing and Spatial Information Sciences","Construction materials play an important role in environmental impacts and make cities big resource consumers. To assess the sustainability of cities, the combined use of Life Cycle Assessment (LCA) and Material Flow Analysis (MFA) is considered effective to analyze construction material stock and flows. However, exhaustive data is required for such analyses, making LCA and MFA difficult to apply at the urban scale. Building information, the essential ingredient, is rarely available openly. Common approaches to gather the required data include both obtaining it directly from available datasets, e.g. open data from official sources, and indirectly generating data based on available data, e.g. using machine learning to fill the missing gaps. This research develops a data collection guideline for buildings' geometrical features, components and materials at the urban scale in the context of LCA and MFA. First, it identifies the basic steps of urban-scale building stock modelling and the list of data requirements. Second, the factors influencing the data collection are pointed out. In line with these guidelines, this research picks Singapore as a study area, reviewing the relevant authoritative open data sources and methodologies to estimate missing data. Finally, the suggestion on implementation of data collection are provided. When the data collection for urban scale stock modelling is limited by uncertain reality conditions, identifying and combining open datasets and data generation methods for data preparation is a necessity.  © 2022 W. Y. Pei et al.",Bottom-up Model; Building Material Stock; City Dataset; Data Standards; Urban Information Modelling,Building materials; Buildings; Data acquisition; Environmental impact; Open Data; Sustainable development; Bottom-up modeling; Building material stock; Buildings materials; City dataset; Data collection; Data standards; Information Modeling; Stock models; Urban information modeling; Urban scale; Life cycle,10.5194/isprs-annals-X-4-W2-2022-225-2022,Proceedings Paper,5,Scopus; Web of Science,2-s2.0-85141038909,WOS:000885095400030,,SCOPUS_S2-2.csv; S2-2 result.txt
Prediction of compressive strength of concrete at high heating conditions by using artificial neural network-based Bayesian regularization,Hadzima-Nyarko M.; Trinh S.H.,2022,Journal of Science and Transport Technology,"Cement concrete is the most commonly used material today for constructing residential or commercial buildings, industrial parks, or particular components such as tunnel slabs where there is a high risk of fire. This structure requires concrete to be subjected to high temperatures generated by fires. However, concrete under the influence of high temperature has very complex behavior states with deformations, physical and chemical changes as the temperature rises dramatically. In this study, an artificial neural network-based Bayesian regularization (ANN) model is proposed to predict the compressive strength of concrete. The database in this study includes 208 experimental results synthesized from laboratory experiments with 9 input variables related to temperature change and design material composition. The performance of the ANN model was evaluated using K-fold cross-validation and statistical criteria, including mean absolute error (MAE), root mean square error (RMSE), and coefficient of determination (R2). The results show that the proposed ANN model is a reasonable, highly accurate, and useful prediction tool for saving time and minimizing costly experiments. © 2022, University of Transport Technology. All rights reserved.",ANN; Bayesian regularization; compressive strength; K-fold cross-validation; Machine learning,,10.58845/jstt.utt.2022.en.2.1.9-20,Article,5,Scopus,2-s2.0-85141051762,,,SCOPUS_S2-2.csv
Semisupervised machine learning classification framework for material intensity parameters of residential buildings,Vilaysouk X.; Saypadith S.; Hashimoto S.,2022,Journal of Industrial Ecology,"The material intensity (MI) parameter plays an important role when determining amounts of material stocks, material inflows, and material outflows in material stock models. Recently, several studies have summarized MI parameter information for buildings from around the globe into a single database. Nevertheless, insufficiencies of building type information have led to difficulties when using MI data. This study used semisupervised machine learning to classify MI. An open database of MI parameters of buildings was used as input data for our semisupervised machine learning model. We used material composition data of MI as feature data fed into our machine learning (ML) model. Attribute information of those data points belongs to clusters obtained from the original database was used as information to discover building characteristics of buildings in each building of those clusters to assign building labels for data points of the original dataset. Experiment results revealed seven building clusters in the studied dataset. The probability density function of MI of three building clusters follows a Weibull distribution. The remaining clusters follow gamma and lognormal distributions. Building type labels inferred from the results are useful as additional attributes to the original dataset, providing a new dataset of MI that can be adapted easily for other studies when country-specific MI data are not available. A decision tree for finding appropriate MI parameters was also introduced. The classification model accuracy was 92.73%, which was achieved using only 201 data points. The proposed framework presents possibilities for application to other MI studies. This article met the requirements for a Gold-Gold JIE data openness badge described at http://jie.click/badges. © 2021 by Yale University.",conditional inference tree; industrial ecology; k-means; material stock model; residential buildings; semisupervised machine learning,Database systems; Decision trees; Gold; Machine learning; Probability density function; Weibull distribution; Attribute information; Building characteristics; Classification models; Intensity parameters; Log-normal distribution; Machine learning classification; Machine learning models; Material compositions; building; building construction; data set; machine learning; probability density function; supervised classification; Buildings; MATERIAL FLOW-ANALYSIS; K-MEANS; UNCERTAINTY; STOCKS; CHINA,10.1111/jiec.13174,Article,18,Scopus; Web of Science,2-s2.0-85111904000,WOS:000679907100001,,SCOPUS_S2-2.csv; S2-2 result.txt
Structural material demand and associated embodied carbon emissions of the United States building stock: 2020–2100,"Arehart J.H.; Pomponi F.; D'Amico B.; Srubar W.V., III",2022,"Resources, Conservation and Recycling","This study uses material flow analysis to estimate the material stocks and flows and associated upfront embodied carbon emissions for gravity building structural systems in the United States. Seven scenarios that align with the shared-socioeconomic pathways are conceptualized and used to estimate floor space and structural material demands through 2100. These scenarios consider aggressive, moderate, and low adoption rates of timber-based structural materials. Under all scenarios, total floor space is projected to increase to a maximum upper-bound of 202% (162,187 m2) between 2020 and 2100. The results indicate that the associated increase demand for structural materials cannot be met solely by urban mining of decommissioned buildings. Assuming present-day carbon emissions intensities of structural materials, the average upfront embodied carbon intensity for gravity superstructures in the building stock decreases from 49 kg CO2e/m2 in 2020 to 29 kg CO2e/m2 in 2100 under the scenario with aggressive adoption of timber-based systems. © 2022 Elsevier B.V.",building stock; Circular economy; Embodied carbon; Floor space; Material flow analysis; Structural systems,United States; Building materials; Buildings; Carbon; Floors; Building stocks; Building structural; Carbon emissions; Circular economy; Embodied carbons; Floor space; Material demands; Materials flow analysis; Stocks and flows; Structural systems; building construction; carbon emission; construction material; industrial ecology; material flow analysis; recycling; timber; Article; carbon emission; carbon storage; construction work and architectural phenomena; mathematical computing; mathematical model; mining; Monte Carlo method; socioeconomics; United States; Timber,10.1016/j.resconrec.2022.106583,Article,71,Scopus,2-s2.0-85135335264,,,SCOPUS_S2-2.csv
The effect of the COVID-19 epidemic on Moroccan sectoral indices: The entropy approach,Bouhlal F.; Sedra M.B.,2022,Investment Management and Financial Innovations,"The current study investigates the impact of the Coronavirus 2019 (COVID-19) pandemic on the volatility of Moroccan stock market sectoral indices. Shannon entropy with multiple estimators and Rényi entropy for different scales were calculated from February 1, 2019 to May 1, 2022, to measure volatility in the Banking, Oil and Gas, Construction and Building Materials, Beverage, Food Producers and Processors, Distributors, and Mining sector's indices. In this regard, this study uses three periods to quantify the uncertainty in Moroccan sectoral indices before, during, and after the first year of the COVID-19 pandemic in Morocco. The empirical results from Shannon and Rényi entropies indicated higher volatility during the COVID-19 pandemic for all sectoral indices except Oil and Gas. However, the consumer staples sectors have shown a form of resilience compared to other sectors. Indeed, the impact of COVID-19 on the consumer staples sectoral indices' volatilities was negligible compared to other sectors. In addition, investing in a portfolio composed of Mining or Construction and Building Materials stocks was risky due to the increased volatility before and during the epidemic. However, after the COVID-19 pandemic, the entropy level corresponding to all sectors has rearranged except the Beverage sector, which kept the lowest entropy during the three periods. Thus, it seems that the Beverage sector was a safe investment for the three periods. The findings are crucial for governments, businesses, private and public authorities, and investors to create recovery action plans for sensitive sectors and give investors trust to make smarter investment decisions. © The author(s) 2022. This publication is an open access article.",econophysics; return time series; Rényi entropy; Shannon entropy; volatility,,10.21511/imfi.19(4).2022.19,Article,4,Scopus,2-s2.0-85145214261,,,SCOPUS_S2-2.csv
What matters most to the material intensity coefficient of buildings? Random forest-based evidence from China,Zhang R.; Guo J.; Yang D.; Shirakawa H.; Shi F.; Tanikawa H.,2022,Journal of Industrial Ecology,"Material intensity coefficient (MIC) is vital for material stock accounting in the field of industrial ecology. However, the categorization of MIC varies across regions especially for buildings that diverge greatly along the history and space aspect, and acquisition of MIC data and building information have always been a challenge in related studies. In this study, the state-of-art ensemble model “Random Forest” was developed on Chinese buildings to identify the impact of four building attributes (building structure, construction year, use type, and region) on MIC, and these features’ importance was further assessed by considering variable correlations. The features’ importance and their individual effects on MIC were intuitively revealed by depicting the partial dependence plots. Finally, a set of hierarchical MIC values was estimated by integrating the order of four variables’ importance and a quick MIC calculator was provided. Results showed that building structure is the most influential attribute for MIC, followed by the construction year, use type, and region, successively. The RF-based MIC values allow researchers to apply it to material stock and flow analysis by choosing a specific building feature(s) in the MIC calculator, which is (are) available in building physical inventory data. This study provides a method that could help researchers locate key influencing variables and give insights into the comparability of MIC research across regions and play an important role in developing urban mining and circular economy strategies. © 2022 by the International Society for Industrial Ecology.",bottom-up material stock analysis; building material intensity; Chinese buildings; feature importance; industrial ecology; random forest,China; Buildings; Construction; Ecology; Mathematical instruments; Random forests; Bottom up; Bottom-up material stock analyse; Building material intensity; Buildings materials; Chinese building; Feature importance; Industrial ecology; Materials intensity; Stock analysis; bottom-up approach; building; emission inventory; industrial ecology; stock assessment; Decision trees; MATERIAL STOCK ANALYSIS; RESIDENTIAL BUILDINGS; ENVIRONMENTAL-IMPACT; MATERIALS DEMAND; CONSTRUCTION; MODEL; STEEL; METABOLISM; DEMOLITION; SOCIETY,10.1111/jiec.13332,Article,24,Scopus; Web of Science,2-s2.0-85139430897,WOS:000865472500001,,SCOPUS_S2-2.csv; S2-2 result.txt
Building feature-based machine learning regression to quantify urban material stocks: A Hong Kong study,Yuan L.; Lu W.; Xue F.; Li M.,2023,Journal of Industrial Ecology,"Urban material stock (UMS) represents elegant thinking by perceiving cities as a repository of construction materials that can be reused in the future, rather than a burdensome generator of construction and demolition waste. Many studies have attempted to quantify UMS but they often fall short in accuracy, primarily owing to the lack of proper quantification methods or good data available at a micro level. This research aims to develop a simple but satisfactory model for UMS quantification by focusing on individual buildings. Generally, it is a “bottom-up” approach that uses building features to proximate the material stocks of individual buildings. The research benefits from a set of valuable, “post-mortem” ground truth data related to 71 buildings that have been demolished in Hong Kong. By comparing a series of machine learning-based models, a multiple linear regression model with six building features, namely building type, building year, height, perimeter, total floor area, and total floor number, is found to yield a satisfactory estimate of building material stocks with a mean absolute percentage error of 9.1%, root-mean-square error of 474.13, and R-square of 0.93. The major contribution of this research is to predict a building's material stock based on several easy-to-obtain building features. The methodology of machine learning regression is novel. The model provides a useful reference for quantifying UMS in other regions. Future explorations are recommended to calibrate the model when data in these regions is available. © 2022 by the International Society for Industrial Ecology.",circular economy; construction materials; industrial ecology; machine learning regression; sustainable development; urban material stocks,China; Hong Kong; Demolition; Floors; Learning algorithms; Linear regression; Machine learning; Mean square error; Sustainable development; Buildings materials; Circular economy; Construction and demolition waste; Feature-based; Hong-kong; Industrial ecology; Machine learning regression; Machine-learning; Urban material stock; Urban materials; building; construction material; demolition; error correction; industrial ecology; machine learning; regression analysis; repository; sustainable development; urban economy; Building materials; MATERIAL FLOW-ANALYSIS; DEMOLITION WASTE; CONSTRUCTION; ACCUMULATION; GENERATION; DYNAMICS; ENERGY; JAPAN; TIME,10.1111/jiec.13348,Article,42,Scopus; Web of Science,2-s2.0-85145366524,WOS:000905951400001,,SCOPUS_S2-2.csv; S2-2 result.txt
Carbon emissions from accumulated stock of building materials in China,Liu T.; Zhao R.; Xie Z.; Xiao L.; Chen A.; Feng W.; You Z.; Feng M.; Li R.,2023,Building and Environment,"The stock of building materials has critical impact on sustainable development and on the reduction of the carbon emissions of the construction industry; however, the accumulated stock of building materials and its carbon emissions remain uncertain. To clarify the stock situation regarding existing buildings in China and provide reference material to support reduction of building–related carbon emissions, the accumulated building material stock and associated carbon emissions were visualized and quantified in this study based on building vector data of 33 cities and nighttime light data. In 2017, 8.8 Gt of building materials in 161.1 billion m3 of accumulated building stock produced emissions of 17.8 Gt CO2eq. Concrete and cement represented the main material types and the greatest sources of emissions. Notable disparities were found in material stock among different regions, determined primarily by factors such as areas of urban and rural construction land, population, GDP, and landform. Spatial visualization of material carbon emission intensity in China revealed a pattern of “higher in the southeast, lower in the north and midland,” and showed three aggregation modes. The results of this study could serve as scientific reference for new policies regarding low–carbon building, thereby promoting carbon emission reduction and sustainable utilization of resources in the construction industry. © 2023 Elsevier Ltd",Accumulated stock; Building materials; Carbon emissions; Material stock; Nighttime light,China; Building materials; Buildings; Carbon; Construction; Emission control; % reductions; Accumulated stock; Building stocks; Buildings materials; Buildings related carbon emissions; Carbon emissions; Material stock; Night time lights; Reference material; Vector data; carbon emission; construction material; emission control; light; nightglow; sustainable development; visualization; Construction industry; IN-USE STOCKS; MATERIAL FLOW-ANALYSIS; CO2 EMISSIONS; NIGHTTIME LIGHTS; MATERIALS DEMAND; ENERGY; CONSTRUCTION; CITY; METABOLISM; POPULATION,10.1016/j.buildenv.2023.110451,Article,39,Scopus; Web of Science,2-s2.0-85160754799,WOS:001014594500001,,SCOPUS_S2-2.csv; S2-2 result.txt
Correlation between building size and material intensity in residential buildings,Miatto A.; Fasanella Y.; Mainardi M.; Borin P.,2023,"Resources, Conservation and Recycling","Material stock analyses of buildings and infrastructure are proliferating in Industrial Ecology literature. One popular approach to calculating material stocks is multiplying the number of buildings present in the study area by their average material content, a parameter often termed material intensity. However, existing studies have primarily focused on tailoring material intensities to specific building typologies without exploring the variability of material intensities within a given typology. The present work addresses this knowledge gap by generating 3D models of five typical residential building archetypes based on Italian housing data. By randomizing their size and material components, we generate summary statistics that highlight the variance of material intensities. Results show a strong correlation between concrete usage and building size, while other materials exhibit significant variation across sizes and typologies. © 2023",BIM; Dynamo; Industrial ecology; Material intensity; Material stock; Revit,Architectural design; Ecology; BIM; Industrial ecology; Material content; Material stock; Materials intensity; Residential building; Revit; Stock analysis; Study areas; Tailoring materials; building; concrete; correlation; three-dimensional modeling; typology; article; ecology; housing; knowledge gap; Housing,10.1016/j.resconrec.2023.107093,Article,41,Scopus,2-s2.0-85163166080,,,SCOPUS_S2-2.csv
Estimating the material intensity of wooden residential houses in Finland,Nasiri B.; Kaasalainen T.; Hughes M.,2023,"Resources, Conservation and Recycling","Improving resource efficiency in the building sector is a significant challenge, largely due to a lack of knowledge about material usage in buildings. Material intensity (MI) quantifies materials used in buildings, normalized by floor area or volume. MIs serve as indices for material stock and flow models and as an inventory approach for assessing the environmental impact of the built environment. Therefore, this study aimed to determine MIs of Finnish wooden residential houses built between 1940 and 2010 due to the dominance of them in residential building stock and their demolition rates. Factors influencing MI and cross-country comparisons were also explored because they had not been explored enough in the literature. Results showed construction method, time cohort, floor area, design choices and footprint shape impacted MI. Accounting for variability of MI was recommended, particularly when using it for material stock and flow analysis. Data and method disparities restrict cross-country comparison of MI. © 2023 The Author(s)",Building material; Finland; Inventory data; Material intensity; Residential building,Finland; Floors; Housing; Buildings materials; Country comparisons; Finland; Floor areas; In-buildings; Inventory data; Materials intensity; Residential building; Residential house; Stocks and flows; construction material; construction method; demolition; housing conditions; inventory; residential mobility; Article; building industry; comparative study; construction and demolition waste; construction work and architectural phenomena; controlled study; environmental footprint; environmental impact; family; Finland; flow measurement; human; industry and industrial phenomena; material intensity; residential home; time; trend study; wood; Environmental impact,10.1016/j.resconrec.2023.107142,Article,15,Scopus,2-s2.0-85174898032,,,SCOPUS_S2-2.csv
"RASMI: Global ranges of building material intensities differentiated by region, structure, and function",Fishman T.; Mastrucci A.; Peled Y.; Saxe S.; van Ruijven B.,2024,Scientific Data,"The construction materials used in buildings have large and growing implications for global material flows and emissions. Material Intensity (MI) is a metric that measures the mass of construction materials per unit of a building’s floor area. MIs are used to model buildings’ materials and assess their resource use and environmental performance, critical to global climate commitments. However, MI data availability and quality are inconsistent, incomparable, and limited, especially for regions in the Global South. To address these challenges, we present the Regional Assessment of buildings’ Material Intensities (RASMI), a new dataset and accompanying method of comprehensive and consistent representative MI value ranges that embody the variability inherent in buildings. RASMI consists of 3072 MI ranges for 8 construction materials in 12 building structure and function types across 32 regions covering the entire world. The dataset is reproducible, traceable, and updatable, using synthetic data when required. It can be used for estimating historical and future material flows and emissions, assessing demolition waste and at-risk stocks, and evaluating urban mining potentials. © The Author(s) 2024.",,Construction Materials; article; building material; construction and demolition waste; data availability; global climate; mining; LIFE-CYCLE ASSESSMENT; GREENHOUSE-GAS EMISSIONS; MATERIAL FLOW-ANALYSIS; RESIDENTIAL BUILDINGS; EMBODIED ENERGY; MATERIAL STOCK; DEMOLITION WASTE; CO2 EMISSIONS; CONSTRUCTION MATERIALS; CARBON FOOTPRINT,10.1038/s41597-024-03190-7,Data paper,53,Scopus; Web of Science,2-s2.0-85191180142,WOS:001207235400004,,SCOPUS_S2-2.csv; S2-2 result.txt
A global spatialized approach to estimate residential building floor area and material stocks,Foong A.; Svintsov S.; Seydewitz T.; Holsten A.; Reck B.K.,2025,"Resources, Conservation and Recycling","A better understanding of the material stock in the built environment is needed to reduce its climate and environmental impacts while also improving its circularity. We introduce a comprehensive, globally consistent method to estimate residential floor area and material stock at a fine-scale spatial resolution, using the latest publicly available datasets on key building parameters and material intensity. Applying our validation analysis for a selected number of countries and subnational regions, we found that our floor area estimations underestimated official statistics by 30–40 %. Comparing our material stocks estimations with various definitions of building typologies and results from other studies, we found some degree of variation. These results highlight the need for more strengthened and concerted efforts in filling data and research gaps in various world regions. Overall, the presented approach allows for more rapid and regionally specific assessments of the material stocks and related impacts to inform policy directions. © 2025",Building materials; Building stock; Built environment; Floor area; Material intensity; Material stock,Apartment houses; Hotels; Motels; Shipbuilding materials; Structural metals; Tile; Building floors; Building stocks; Buildings materials; Built environment; Fine-scale; Floor areas; Floor materials; Material stock; Materials intensity; Residential building; building; comparative study; construction material; construction method; database; estimation method; model validation; spatial analysis; spatial resolution; typology; Article; built environment; climate; environmental impact; error; gross floor area; material intensity; policy; residential building floor; sensitivity analysis; stock assessment; subnational region; validation process; Houses,10.1016/j.resconrec.2025.108398,Article,1,Scopus,2-s2.0-105005749825,,,SCOPUS_S2-2.csv
"A Satellite-Driven Model for Monitoring Urban Material Metabolism, Embodied Emissions, and Carbonation",Nie Y.; Mao T.; Liu Y.; Chen Y.; Liu Y.; Chen W.-Q.,2025,Environmental Science and Technology,"Urban systems are central to global material consumption and carbon emissions. However, systematically understanding urban metabolism remains a challenge due to the reliance on aggregated, top-down data which fails to capture fine-scale urban dynamics. To address this challenge, we developed an integrated, bottom-up framework and reconstructed the 30-year metabolic history of Xiamen, China. Our approach leverages a custom machine learning workflow on multitemporal, open-source satellite imagery to create a dynamic 3D Building Dynamics (3D-BD) model. This model accurately maps key building attributes (footprint, height, type, and construction/demolition year), achieving an R2of 0.81 for height estimation and F1-scores of 0.89 and 0.81 for detecting construction and demolition years, respectively. This high-resolution database then drives a GIS-MFA and LCA model to quantify material stocks, flows, embodied emissions across key lifecycle stages, and the often-overlooked carbon sink from cement carbonation. Results for Xiamen revealed a 5-fold increase in building stock, with material inflows peaking in the early 2000s while demolition outflows steadily rise, signaling a shift to urban renewal. Over the study period, cement carbonation provided a significant, distributed carbon sink, offsetting an estimated 6.6% of the building stock’s total lifecycle embodied emissions. This transferable framework provides a more complete accounting of the urban carbon budget, offering a powerful tool for guiding sustainable planning and net-zero transitions. © 2025 American Chemical Society",building height; building stock; building vintage; carbonation; industrial ecology; life cycle assessment; material flow analysis; remote sensing; urban metabolism; urbanization,Carbon; China; Cities; Environmental Monitoring; Satellite Imagery; China; Fujian; Xiamen; 3D modeling; Budget control; Carbon; Cements; Demolition; Ecology; Life cycle; Metabolism; Physiology; Sustainable development; Urban planning; Zero-carbon; carbon; cement; Building height; Building stocks; Building vintage; Carbon sink; Embodied emissions; Industrial ecology; Materials flow analysis; Remote-sensing; Urban metabolisms; Urbanization; building construction; carbon emission; carbon sink; cement (construction material); industrial ecology; life cycle analysis; machine learning; material flow analysis; metabolism; remote sensing; satellite imagery; urban area; urbanization; Article; carbon dynamics; carbon emission; carbon sequestration; carbon sink; China; city planning; data base; data extraction; environmental monitoring; greenhouse gas emission; information processing; life cycle assessment; machine learning; random forest; satellite imagery; time series analysis; uncertainty; urban area; urban material metabolism; validity; city; satellite imagery; Carbonation; Remote sensing,10.1021/acs.est.5c03058,Article,1,Scopus,2-s2.0-105022699678,,,SCOPUS_S2-2.csv
Calibration of building material intensities by bill of quantity (BoQ): A China study,DONG L.; YUAN L.; GUO H.; LAU S.S.-Y.,2025,"Resources, Conservation and Recycling","Promoting circular economy within the building and construction sector requires precisely modelling the material stock and flow of buildings. This necessitates accurate quantification of material intensity coefficients (MICs, material mass per square meter of building area). Existing MICs are not sufficiently accurate and reliable because they were derived from empirical estimates relying on indirect references (e.g., construction drawings), rather than direct calculation based on actual material usage data. Benefiting from a BoQ (bill of quantity) dataset encompassing the actual material use statistics of 211 China's buildings, this research contributed more comprehensive and reliable intensities of 13 material types across 11 building cohorts, thereby enriching the MIC data pool. Crucially, this study revealed that previous MIC estimates exhibit systematic biases for multiple materials, while potential causes include omitting the material content of building foundations, mechanical and electrical (M&E) systems, and decorations. These findings contribute quantitative evidence to calibrating MICs. © 2025 Elsevier B.V.",Bill Of Quantity; Building materials; Circular economy; Material intensity coefficients; Material Stock and Flow Modelling,China; aluminum; calcium sulfate; concrete; plastic; steel; Bill of quantities; Building and construction; Buildings materials; Circular economy; Flow modelling; Material intensity coefficient; Material stock and flow modeling; Materials intensity; Stock models; Stocks and flows; calibration; circular economy; construction material; flow modeling; Article; bill of quantity; construction work; data analysis; economic aspect; electric potential; spatial analysis; structure analysis; MATERIAL STOCK ANALYSIS; DEMOLITION WASTE; CONSTRUCTION; TIME; DYNAMICS; IMPACTS; SOCIETY; DEMAND,10.1016/j.resconrec.2025.108316,Article,5,Scopus; Web of Science,2-s2.0-105002374085,WOS:001470290900001,,SCOPUS_S2-2.csv; S2-2 result.txt
CNN-Based Optimization of Paper Recycling through Automated Classification and Process Enhancement,G. Shasikanth; R. K. S; R. Jagadeesh Kannan; J. S. Kumar; M. Muthulekshmi; M. P,2025,2025 IEEE 6th Global Conference for Advancement in Technology (GCAT),"Enhancing paper recycling using automated sorting systems is crucial for increasing recycling rates and minimizing environmental impact. This research introduces a Convolutional Neural Network (CNN) methodology for the classification and optimization of the paper recycling process. We present a CNN model designed to identify and classify various types of paper trash, facilitating accurate sorting and reducing contamination. The data set comprises 10,000 images of diverse kinds of paper, including newspapers, cardboard, and office paper, sourced from an actual recycling centre. The model attained an accuracy of 94.5% in categorizing paper kinds, with a precision of 92.3% and a recall of 93.6%. The CNN-based approach exhibited a 30% enhancement in sorting speed relative to conventional human techniques. The automated system decreased contamination by 15%, resulting in superior output for recycling. The proposed method demonstrates substantial enhancements in operational efficiency and environmental sustainability, providing a scalable solution for paper recycling operations. These findings underscore the capacity of AI and machine learning (ML) to transform waste management and advance a circular economy.",Paper Recycling;Waste Management;Real-Time Monitoring;Image Classification;Recycling Efficiency,Waste management; Training; Accuracy; Scalability; Transforms; Recycling; Convolutional neural networks; Optimization; Contamination; Sorting,10.1109/GCAT66372.2025.11368502,IEEE Conferences,,IEEE Xplore,,,IEEE Conferences,IEEE_S2-2_merged_deduplicated_raw.csv
Dynamic life cycle assessment of buildings and building stocks – A review,Slavkovic K.; Stephan A.,2025,Renewable and Sustainable Energy Reviews,"Although life cycle assessment (LCA) as a method and framework has been extensively examined in the scientific literature, a new emphasis is put on integrating evolving spatiotemporal conditions of the analysed system, aiming to promote a more robust assessment through dynamic LCA. However, dynamic LCA methodologies remain inconsistent across multiple aspects, including on time-dependency, dynamic parameters, and links with other widely applied tools, such as material stocks and flows analysis or geographic information systems. Focusing on the four main phases of the LCA framework, this work presents a systematic review of the latest scientific literature reporting on prospective LCA modelling of buildings, while covering at least one dynamic parameter, such as the decarbonisation of the energy mix. First, this research presents the bibliometric structure of 64 published documents on the dynamic LCA of buildings, through four network visualisation maps. Then, it identifies a sample of 218 documents through the literature review method, and deeply analyses a sub-sample of 34 documents to systematise the emerging knowledge on dynamism in LCA as applied to buildings. We need a more comprehensive dynamic LCA modelling framework that can assess environmental performance of multiple building types, at a high level of spatial and temporal detail. Such framework should be able to integrate dynamic parameters in a simplified manner, and allow flexible time horizons and spatial scopes. Such framework should be able to quickly provide modelling results that may inform decision-making processes in finding solutions towards the challenges of resource depletion and climate change. © 2024 The Authors",Built environment; Dynamic parameter; Environmental impact; Environmental performance; Geographic information systems (GIS); Life cycle assessment (LCA); Material flow analysis (MFA); Modelling framework; Temporal evolution,Built environment; Dynamic parameters; Environmental performance; Geographic information; Geographic information system; Life cycle assessment; Material flow analyze; Materials flow analysis; Modelling framework; Temporal evolution; BIOGENIC CARBON; LCA; ENERGY; SUSTAINABILITY; CHALLENGES; POTENTIALS,10.1016/j.rser.2024.115262,Review,53,Scopus; Web of Science,2-s2.0-85215093997,WOS:001405468000001,,SCOPUS_S2-2.csv; S2-2 result.txt
Geometry-informed material intensity reveals considerable intra-archetype material variability of UK housing,Dai M.; Gillott C.; Jurczyk J.; Sun K.; Li X.; Liu G.; Densley Tingley D.,2025,"Resources, Conservation and Recycling","Building stock modelling underpins energy and environmental assessments of the built environment. Material Intensity (MI), representing material mass per unit dimension, is vital for bottom-up estimation of building material stocks. However, reliance on sparse or uniform MI data can lead to significant inaccuracies due to intra-archetype variability, often stemming from differing building morphologies. This paper develops a geometry-informed MI (GIMI) method to characterise MI variability using machine learning and morphology features, applied to four materials—brick, concrete, mortar, and stone—in Sheffield, UK. Results indicate that GIMI reduces potential material uncertainties by up to 18% compared to conventional unitary MIs. This approach enhances bottom-up building mass accounting, advancing a circular economy and low-carbon building sector. © 2025 Elsevier B.V.",Building material stocks; Circular economy; Machine learning; Material intensity; Urban sustainability,England; Sheffield [England]; United Kingdom; Apartment houses; Hotels; Masonry materials; Motels; Prestressed materials; Shipbuilding materials; Structural metals; Tile; Building material stock; Building stocks; Buildings materials; Circular economy; Energy assessment; Machine-learning; Material variability; Materials intensity; Stock models; Urban sustainability; building construction; carbon footprint; concrete; construction industry; environmental assessment; machine learning; mortar; sustainability; urban housing; accuracy; algorithm; Article; building; computer aided design; construction work; data analysis; geographic information system; geometry; image reconstruction; material intensity; material variability; materials science; measurement accuracy; multilayer perceptron; nonhuman; publication; socioeconomics; spatial analysis; Houses; MATERIAL STOCK; CONSTRUCTION; BUILDINGS; TIME,10.1016/j.resconrec.2025.108392,Article,2,Scopus; Web of Science,2-s2.0-105006814416,WOS:001504329500001,,SCOPUS_S2-2.csv; S2-2 result.txt
Greenhouse Gas Emissions and Decarbonization Potential of Global Fired Clay Brick Production,Olsson J.A.; Hafez H.; Miller S.A.; Scrivener K.L.,2025,Environmental Science and Technology,"Fired clay bricks (FCBs) are a dominant building material globally due to their low cost and simplicity of production, especially in low- and middle-income countries. With a projected rising housing demand, commensurate growth in brick demand is anticipated, the production of which could result in significant greenhouse gas (GHG) emissions. Robust models are needed to estimate brick demand and emissions to systematically address decarbonization pathways. Few sources report production values; hence, we present two novel proxy models: (i) a consumption prediction model, relying on country-specific clay extraction data, dynamic building stock modeling, and average material intensity use allowing for projections to 2050; and (ii) a GHG emissions model, using literature-based data and production technology-specific inputs. Based on these models, the current global FCB consumption is estimated as 2.18 Gt annually, resulting in approximately 500 million tCO2e (1% of current global GHG emissions). If unaddressed, this fraction could increase to 3.5–5% in 2050 considering a moderate SSP 2-4.5 climate change mitigation scenario. Consequently, we explored three potential decarbonization pathways: (i) improving energy efficiency; (ii) shifting production to best practices; and (iii) replacing half of FCB demand with hollow concrete blocks, resulting in 27%, 49%, and 51% reduction in GHG emissions, respectively. © 2025 The Authors. Published by American Chemical Society",Brick production; Decarbonization potential; Fired clay brick; Low-carbon construction; Material demand mapping; Low-carbonconstruction; Decarbonizationpotential,"Aluminum Silicates; Clay; Construction Materials; Greenhouse Effect; Greenhouse Gases; Models, Theoretical; Brick; Brickmaking; Concrete blocks; Kyoto Protocol; Low emission; carbon dioxide; aluminum silicate; 'current; Brick production; Buildings materials; Decarbonisation; Decarbonization potential; Fired-clay bricks; Greenhouse gas emissions; Low carbon constructions; Material demand mapping; Material demands; carbonization; climate change mitigation; greenhouse gas emission; housing; Note; predictive model; sensitivity analysis; building material; chemistry; clay; greenhouse effect; greenhouse gas; theoretical model; LIFE-CYCLE ASSESSMENT; ENERGY EFFICIENCY; CONSTRUCTION; BUILDINGS; SCENARIOS; IMPACTS",10.1021/acs.est.4c08994,Article,35,Scopus; Web of Science,2-s2.0-85215959539,WOS:001405330300001,,SCOPUS_S2-2.csv; S2-2 result.txt
Integrated BIM-GIS framework for holistic building stock assessment using 5D geo-modeling and digital twin concepts,Elshaboury N.; AlMetwaly W.M.; Hesham A.; Abbas A.,2025,Journal of Building Engineering,"Rapid urbanization has resulted in enormous quantities of demolition waste in recent years. Designing effective waste management strategies requires assessment of generated waste during the end-of-life stage of buildings; however, information on the quantity and composition of building stock is lacking. This paper presents a robust bottom-up approach using 5D geo-modeling and digital twin concepts to predict building stocks and analyze their spatial distribution by leveraging the capabilities of building information modeling (BIM) and geographic information system (GIS). The material intensity and composition are estimated based on on-site investigations, laser scanning to capture detailed building geometry, and a BIM model to represent building components digitally. Additionally, the spatial distribution of building stock is modeled based on a GIS model. The proposed approach is demonstrated and verified in a case study of 23 typical residential buildings in an Egyptian district. The proposed BIM-GIS framework is a potential game-changer in the architecture, engineering, and construction industry. It thereby promotes effective waste management strategies across various districts by assessing their building stock. © 2025 Elsevier Ltd",Building information modeling (BIM); Building stock; Demolition waste; Geographic information system (GIS); Urban mining; Waste estimation,Architectural design; Building components; Building Information Model; Construction industry; Geographic information systems; Geometry; Information management; Information systems; Information theory; Information use; Spatial distribution; Waste management; Building information modeling; Building Information Modelling; Building stocks; Demolition wastes; Geographic information; Geographic information system; System framework; Urban mining; Waste estimation; Waste management strategies; Demolition; DEMOLITION WASTE; CONSTRUCTION,10.1016/j.jobe.2025.113391,Article,6,Scopus; Web of Science,2-s2.0-105009887558,WOS:001529761700002,,SCOPUS_S2-2.csv; S2-2 result.txt
Integrating Noise Pollution into Life Cycle Assessment: A Comparative Framework for Concrete and Timber Floor Construction,Sultana R.; Khanam T.; Rashedi A.,2025,Sustainability (Switzerland),"Despite the well-documented health risks of noise pollution, its impact remains overlooked mainly in life cycle assessment (LCA). This study introduces a methodological innovation by integrating both traffic and construction noise into the LCA framework for concrete construction, providing a more holistic and realistic evaluation of environmental and health impacts. By combining building information modeling (BIM) with LCA, the method automates material quantification and assesses both environmental and noise-related health burdens. A key advancement is the inclusion of health-based indicators, such as annoyance and sleep disturbance, quantified through disability-adjusted life years (DALYs). Two scenarios are examined: (1) a comparative analysis of concrete versus timber flooring and (2) end-of-life options (reuse vs. landfill). The results reveal that concrete has up to 7.4 times greater environmental impact than timber, except in land use. When noise is included, its contribution ranges from 7–33% in low-density regions (Darwin) and 62–92% in high-density areas (NSW), underscoring the critical role of local context. Traffic noise emerged as the dominant source, while equipment-related noise was minimal (0.3–1.5% of total DALYs). Timber slightly reduced annoyance but showed similar sleep disturbance levels. Material reuse reduced midpoint environmental impacts by 67–99.78%. Sensitivity analysis confirmed that mitigation measures like double glazing can cut noise-related impacts by 2–10% in low-density settings and 31–45% in high-density settings, validating the robustness of this framework. Overall, this study establishes a foundation for integrating noise into LCA, supporting sustainable material choices, environmentally responsible construction, and health-centered policymaking, particularly in noise-sensitive urban development. © 2025 by the authors.",BIM; concrete; exposure–response relationship; life cycle assessment; noise impact; timber; exposure-response relationship,Australia; Darwin; New South Wales; Northern Territory; comparative study; concrete; construction material; environmental impact; health impact; life cycle analysis; noise pollution; policy making; sensitivity analysis; timber; urban development; GLOBAL WARMING MITIGATION; ROAD TRAFFIC NOISE; IMPACT ASSESSMENT; TRANSPORTATION NOISE; HEALTH IMPACTS; ANNOYANCE; EXPOSURE; LEVEL; PREDICTION; DAMAGES,10.3390/su17146514,Article,4,Scopus; Web of Science,2-s2.0-105011863468,WOS:001535961300001,,SCOPUS_S2-2.csv; S2-2 result.txt
Material intensity and embodied carbon of Korea's residential buildings over four decades,Moon E.-J.; Lim H.; Seo B.; Park J.,2025,"Resources, Conservation and Recycling","Assessing the material intensity of buildings, defined as material inputs per floor area or household, is crucial for decarbonizing building stock. To address the paucity of usable material intensity data, this study developed a structured database and conducted detailed assessments of material intensity and embodied carbon for residential buildings in Korea. The database covered 28 end-use types, 6 structural types, 14 functional elements, and 44 materials. Detailed bills of materials were collected from 79 samples, encompassing 158 multi-family apartments and 21 single-family houses built between 1985 and 2023. Our results indicated that buildings became more material intensive over time, attributed to increased use of concrete, steel, and other materials. In comparison, single-family houses showed higher material inputs per square meter or per household exhibiting significant variability. Furthermore, Korean multi-family apartments showed lower embodied carbon emissions compared to European counterparts, but higher annualized emissions due to shorter building lifetimes. © 2025 Elsevier B.V.",Embodied carbon; Korea; Material intensity; Multi-family apartment; Residential buildings; Single-family houses,Korea; calcium sulfate; carbon; concrete; Building stocks; De-carbonizing buildings; Embodied carbons; Floor areas; Intensity data; Materials intensity; Multi-family apartment; Residential building; Single-family house; building; carbon emission; residential development; Article; comparative study; documentation; educational status; government; greenhouse gas emission; health care policy; household; material intensity; materials handling; prevalence; residential area; simulation; temporal analysis; trend study; MATERIALS DEMAND; CONSTRUCTION,10.1016/j.resconrec.2025.108228,Article,4,Scopus; Web of Science,2-s2.0-86000569521,WOS:001445231300001,,SCOPUS_S2-2.csv; S2-2 result.txt
Pathways to a net zero building sector in Colombia: Insights from a circular economy perspective,Vélez-Henao J.A.; Pauliuk S.,2025,"Resources, Conservation and Recycling","The rapid urbanization and economic growth in Colombia have made the residential sector one of the largest energy and material consumers in the country. Circular economy (CE) strategies are a promising alternative to decouple the sector from resource depletion and climate change. The analysis shown here is based on the RECC model framework, a dynamic material flow analysis (dMFA) model. Our results suggest that by 2050 without CE strategies, residential building stock will reach 2.5 billion m2 and emit between 13 and 25 Mt CO2/yr, depending on whether carbon forest sequestration is included or not. A complete implementation of CE strategies and lower floor space can reduce 2020–2050 cumulative primary material production, waste generation, and GHG emissions by 48, 5, and 49 %, respectively. There is a potential to achieve net zero emissions by 2050 if, in addition to the measures mentioned above, more wood materials and forest sequestration are considered. © 2024 The Authors",Circular economy; Climate change mitigation; Material flow analysis; Material stocks; Residential sector; Resource efficiency,Colombia; copper; Buildings sector; Circular economy; Climate change mitigation; Colombia; Economic growths; Material stock; Materials flow analysis; Rapid urbanizations; Residential sectors; Resource efficiencies; carbon dioxide; carbon emission; carbon sequestration; climate change; economic growth; emission control; forest; green economy; greenhouse gas; material flow analysis; resource depletion; urbanization; anaerobic digestion; Article; building sector; calibration; carbon sequestration; circular economy; climate change; Colombia; consumer; dynamic material flow analysis; economic aspect; fabrication yield improvement; gas chromatography; greenhouse gas emission; health care cost; municipal solid waste; population density; productivity; public health; questionnaire; recycling; residential sector; resource efficiency; sensitivity analysis; urbanization; Low emission,10.1016/j.resconrec.2024.107971,Article,15,Scopus,2-s2.0-85206667223,,,SCOPUS_S2-2.csv
Prioritizing low-carbon materials and reducing material quantities to mitigate embodied GHG emissions in buildings,Tozan B.; Hoxha E.; Stapel E.B.; Birgisdóttir H.,2025,Sustainable Cities and Society,"As regulations for buildings become increasingly stringent, Life Cycle Assessment (LCA) is emerging as a key method of documenting and reducing embodied greenhouse gas emissions (GHGe). Mitigation strategies often focus on optimizing material quantities or substituting conventional materials with low-carbon alternatives. However, these approaches are typically applied in isolation and to specific building components. This study examines which mitigation strategies should be prioritized to reduce embodied GHGe at the whole-building level while ensuring compliance with regulatory limits for new construction in Denmark. Using data from 172 residential buildings and 1054 Environmental Product Declarations (EPDs) across 21 material categories, Monte Carlo Simulations were employed to generate LCAs by combining real buildings' material intensity coefficients (MICs) with EPD data. The results indicate a 66 % probability of compliance with the regulatory limit values for row houses and 64 % for multi-family buildings, but only 15 % for single-family homes. Sensitivity analyses across material categories identified key contributors to both total embodied emissions and variability, such as mineral boards and ready-mixed concrete. This highlights areas where mitigation efforts should be concentrated, either by selecting lower-impact materials or by reducing material quantities. The findings suggest that prioritizing reductions in material quantities may be the most effective approach, though low-carbon materials remain a crucial strategy. These results provide valuable insights for making informed material choices early in the design process and offer strategies for improving life cycle embodied GHGe in line with regulatory compliance for building projects. © 2025 The Authors",Environmental product declarations; Life cycle assessment; Limit values; Low-carbon materials; Material intensity coefficients; Monte carlo simulation,Denmark; Building components; Carbon; Carbon cycle; Carbon emissions; Ecodesign; Greenhouse gases; Intelligent buildings; Life cycle; Life cycle assessment; Low emission; Sensitivity analysis; Carbon material; Environmental product declarations; Greenhouse gas emissions; Limit values; Low carbon; Low-carbon material; Material intensity coefficient; Material quantities; Materials intensity; Monte Carlo's simulation; building; carbon emission; greenhouse gas; life cycle analysis; limit analysis; Monte Carlo analysis; sensitivity analysis; Regulatory compliance,10.1016/j.scs.2025.106770,Article,10,Scopus,2-s2.0-105015136351,,,SCOPUS_S2-2.csv
Validation of a building material stock model using demolition record data,Schmid C.; Krych K.; Hellweg S.,2025,Journal of Physics: Conference Series,"Building material stock studies can help to implement circular economy measures by identifying future availability of secondary material and by comparing the environmental impact of different circularity measures. However, the accuracy of these models is often uncertain due to limitations in data quality, granularity, and assumptions made during model development. Validation of building material stock models with additional empirical data is rare. Here, we address this gap by comparing the material amounts on the single building level predicted by an archetype- and component-based building material stock model from a previous study for a number of individual demolished buildings with the amounts recorded in demolition data for the same buildings submitted to city authorities. Our results show a good agreement between the model and demolition data for the total amount and for mineral materials, but not for metals, insulation materials and wood. The findings highlight the importance of further work validating existing building material stock models and warrant caution when using predictions of material amounts for specific materials on individual building level. © 2025 Institute of Physics Publishing. All rights reserved.",,Building materials; Environmental impact; Building levels; Buildings materials; Circular economy; Data assumption; Data granularity; Data quality; Empirical data; Model development; Secondary materials; Stock models; Demolition,10.1088/1742-6596/3140/15/152001,Proceedings Paper,0,Scopus; Web of Science,2-s2.0-105028310927,WOS:001686944400289,,SCOPUS_S2-2.csv; S2-2 result.txt
A layered dynamic material flow framework for modeling building renovations,Liu Q.; Lanau M.; Rootzén J.; Cao Z.; Johnsson F.,2026,Journal of Industrial Ecology,"Dynamic material flow analysis (dMFA) is widely used to study the material demands of residential building stocks. In most of the studies conducted to date, buildings are modeled as homogeneous units instead of a system of components. A limitation of this assumption is that the material flow dynamics from renovations cannot be fully captured. In this study, we develop a cohort-based, layered dMFA framework that explicitly links renovation lifetimes to structural lifetimes, while allowing for different building layers to be renovated independently. This framework tracks the temporal evolution of building cohorts and applies a lifetime convolution approach to ensure that renovation probabilities are conditional on building survival. Cohort-specific material intensities are further differentiated across structural, skin, and space layers. We apply the framework to residential buildings in Sweden using a unique set of building inventory and disaggregated material intensity data. Compared with conventional monolithic renovation models, the layered lifetime approach reduces the estimated renovated floor area by approximately 10%, with larger differences seen for older cohorts that are approaching demolition. These corrections translate into substantial changes in renovation-related material flows. The results demonstrate that neglecting lifetime interdependencies between building components and structures leads to inflated estimates of the demand for renovation. By conceptualizing buildings as systems that have components with interrelated lifetimes, this study advances dMFA methods for renovation modeling. © The Author(s) 2026.",Dynamic material flow analysis; Material stocks; Renovations; Residential buildings,Building components; Dynamic analysis; Building renovation; Dynamic material flow analyze; Dynamic materials; Material demands; Material Flow; Material stock; Materials flow analysis; Materials intensity; Renovation; Residential building; Housing; MATERIAL STOCK; LIFETIME,10.1007/s44498-026-00164-3,Article; Early Access,0,Scopus; Web of Science,2-s2.0-105047857281,WOS:001855197600001,,SCOPUS_S2-2.csv; S2-2 result.txt
Assessing the sensitivity of material-intensity-based building stock estimates to design parameters,Jia Y.; Feng C.,2026,Journal of Industrial Ecology,"Accurate estimates of building material stocks (BMS) are critical for advancing circular economy strategies. The widely used material intensity (MI) method applies fixed values per square meter and therefore overlooks variations introduced by architectural design. To assess the sensitivity of MI-based estimates to design parameters—a question difficult to address with real-world data—we developed an automated workflow that combines parametric modeling and deep learning to generate synthetic building datasets and calculate their component-based material stocks. We generated 48,600 residential buildings, all with a constant gross floor area (GFA) of 2,400 m2, while systematically varying footprint shape, corridor type, number of units, room layout, number of floors, and structural system configuration. Statistical analysis reveals that within this controlled design space, even under identical GFA, total material stock ranges from 758 to 2,888 m3. Multiple regression analysis shows that number of floors and structural system configuration exert the strongest influence, followed by footprint shape and number of units, while corridor type and room layout contribute only marginally. These results demonstrate how component-based approaches can be used to assess design-induced variability in MI-based estimates. The findings also provide guidance on when MI values may require design-specific refinement by considering dominant design parameters. © The Author(s) 2026.",Building material stock; Circular economy; Component-based method; Generative design; Material intensity; Parametric modeling,Architectural design; Building materials; Circular economy; Deep learning; Economics; Regression analysis; Structural analysis; Building material stock; Buildings materials; Component-based method; Design parameters; Floor systems; Generative design; Gross floor areas; Materials intensity; Parametric models; circular economy; construction material; detection method; material flow analysis; parameter estimation; regression analysis; Floors; NETWORK,10.1007/s44498-026-00138-5,Article,0,Scopus; Web of Science,2-s2.0-105045340259,WOS:001826172400001,,SCOPUS_S2-2.csv; S2-2 result.txt
BIM-BASED EARTHQUAKE RISK ANALYSIS: ASSESSING BUILDING DAMAGE AND ECONOMIC LOSS USING GEM TAXONOMY,Krama A.V.; Meilano I.; Suwardhi D.; Virtriana R.; Atmaja F.W.; Raharja R.; Qamilah N.; Trisyanti S.W.,2026,International Journal of GEOMATE,"This study presents a Building Information Modeling (BIM)-based approach for earthquake risk assessment that integrates the Global Earthquake Model (GEM) structural taxonomy to evaluate potential building damage and associated economic losses. The analysis focuses on four reinforced-concrete building complexes (a total of four buildings) at Institut Teknologi Bandung (ITB), West Java, which are located near the active Lembang Fault. Three-dimensional building exposure models were developed using BIM to represent key structural parameters, including building height, material composition, construction type, and floor configuration. These exposure models were combined with seismic hazard data characterized by peak ground acceleration (PGA) corresponding to a Mw 7.0 scenario earthquake to estimate damage probabilities using GEM-recommended fragility curves for comparable reinforced-concrete building typologies and associated vulnerability functions. The results indicate that approximately 30–40% (mean ≈ 35%) of the assessed buildings are expected to experience moderate damage under the selected earthquake scenario, with average direct economic losses ranging from USD 31,000 to USD 45,000 per building, reflecting uncertainties in fragility and vulnerability modeling. Overall, the proposed approach demonstrates the capability of BIM to enhance multi-dimensional exposure representation and to improve the accuracy of post-disaster economic loss estimation within the context of a limited campus-scale case study, thereby supporting resilience planning and risk informed decision making at the institutional level. Copyright © Int. J. of GEOMATE All rights reserved, including making copies, unless permission is obtained from the copyright proprietors.",3D exposure modeling; Building Information Modeling; Lembang Fault; Seismic Risk Assessmen; Seismic Risk Assessment,GLOBAL EXPOSURE MODEL; SEISMIC HAZARD; INDONESIA,10.21660/2026.139.5336,Article,0,Scopus; Web of Science,2-s2.0-105036661072,WOS:001737714500006,,SCOPUS_S2-2.csv; S2-2 result.txt
Circularity potential of plastic insulation: a material flow analysis of EPS and XPS in the Norwegian building stock,Lausselet C.; Hingorani R.; Moschetti R.,2026,Journal of Industrial Ecology,"The in- and outflows of expanded polystyrene (EPS) and extruded polystyrene (XPS) in the Norwegian residential and service building stock were estimated for the period from 1980 to 2050. Archetypes were selected to represent typical structures within each building type and age cohort. EPS and XPS material intensities were calculated based on construction details of relevant building components and assumptions about the presence of EPS and XPS in those components. Key findings include a comparison between model estimates and production data for EPS and XPS materials. Based on this comparison, a calibration of material intensities was carried out to improve the model's predictive accuracy, especially for future material flows. Material outflows resulting from demolition activities are significantly lower than inflows from new construction and renovation activities. Although material outflows have likely been somewhat underestimated, due to the exclusion of material outflows from renovation activities, the results indicate that future EPS/XPS demand in new construction and renovation cannot be met solely with recycled material from existing buildings. This also reflects the fact that large amounts of EPS/XPS were not introduced into the Norwegian building stock until after the 1980s. Therefore, it can be expected that material outflows will increase further in the future, which enhances the opportunities for circular use of EPS and XPS. © The Author(s) 2026.",EPS; Industrial ecology; MFA; Plastic insulation; Resource efficiency; XPS,Norway; Building components; Demolition; Building stocks; Expanded polystyrene; Extruded polystyrene(XPS); Industrial ecology; Materials flow analysis; Materials intensity; MFA; New constructions; Plastic insulation; Resource efficiencies; building; calibration; demolition; industrial ecology; insulation; material flow analysis; plastic waste; resource use; X-ray spectroscopy; Construction; ENERGY; MODEL; IMPACT,10.1007/s44498-026-00122-z,Article,0,Scopus; Web of Science,2-s2.0-105042617033,WOS:001800106000001,,SCOPUS_S2-2.csv; S2-2 result.txt
Estimating material intensity of mass timber products in contemporary tall timber buildings,Victorero F.; Bustamante W.,2026,Journal of Building Engineering,"Tall timber buildings are increasingly promoted as a low-carbon alternative to conventional construction systems; however, consistent quantitative data on the material intensity (MI) of mass timber products across new building typologies remain limited. Estimating MI is essential to improve understanding of material use in timber construction and to support assessments of environmental impacts and potential benefits. This study quantifies the material intensity of mass timber products in contemporary tall timber buildings using a statistically representative global sample. The novelty of the work lies in the aggregation of plan-based material quantities across multiple regions, building uses, and structural systems, enabling systematic cross-project comparison beyond single case studies. A representative sample of 56 projects was selected from a worldwide dataset of 301 tall timber buildings, stratified by continent, building use, and structural system. Material intensity was estimated for representative floor sections using architectural drawings, construction details, and project specifications, excluding non-structural elements. The results indicate an average MI of 132.8 kg/m2 for mass timber products (e.g., CLT or GLT, not equivalent to solid wood mass). Hybrid buildings exhibit lower timber MI values (123.0 kg/m2) than timber-only structures (173.3 kg/m2), while panel-based systems show higher MI than post-based configurations. These findings provide a first-order benchmark for material use in tall timber buildings and highlight their potential contribution to sustainable urban development through the substitution of carbon-intensive materials, while acknowledging methodological limitations related to reliance on project documentation and variability in product composition. © 2026 Elsevier Ltd",Mass timber products; Material intensity of wood; Tall timber buildings; Timber building typologies; Timber structures,Building materials; Carbon; Environmental impact; Sustainable development; Timber; Wood products; Wooden construction; Building typologies; Mass timber product; Material intensity of wood; Materials intensity; Tall timber building; Timber building typology; Timber buildings; Timber products; Timber structures; Wooden buildings; MATERIAL STOCK; TIME,10.1016/j.jobe.2026.115608,Article,0,Scopus; Web of Science,2-s2.0-105030047583,WOS:001693898400001,,SCOPUS_S2-2.csv; S2-2 result.txt
Material intensity variability-driven archetype classification for bottom-up modelling of building material stocks and flows,Dong L.; Yuan L.; Long W.; Lau S.S.-Y.,2026,"Resources, Conservation and Recycling","Material archetypes are essential to bottom-up building material stock-flow modelling, analogous to the role of energy archetypes in building stock energy modelling, for supporting circular construction. Using a bill-of-quantities dataset of 211 buildings in China, this study evaluates the effect of 13 non-collinear structural, morphological, semantic, socioeconomic, and geographic variables on building material intensity variability to identify key archetyping variables. Results indicate that structural and geographic variables exert the strongest effects on overall material intensity, while material-specific variability is governed by distinct variables. This study further identifies optimal archetyping variable combinations and suboptimal alternatives for accommodating varying data availability. Incorporating more than six variables tends to diminish archetyping due to the accumulation of minor yet inherent information redundancy among variables. These findings provide quantitative criteria for building material archetyping to reduce stock-flow modelling uncertainties, while offering valuable references for material-embodied energy and carbon archetype development. © 2025 Elsevier B.V.",Bottom-up modelling; Building material archetype; Circular construction; Material Intensity; Material Stock and Flow Analysis,China; Building materials; Buildings; Construction; Economics; Bottom-up modeling; Building material archetype; Buildings materials; Circular construction; Flow analysis; Material stock and flow analyze; Materials intensity; Stock analysis; Stock flows; Stocks and flows; bottom-up approach; construction material; material flow analysis; modeling; Article; classification; flow measurement; methodology; semantics; socioeconomics; Uncertainty analysis,10.1016/j.resconrec.2025.108751,Article,0,Scopus; Web of Science,2-s2.0-105024724320,WOS:001641582200001,,SCOPUS_S2-2.csv; S2-2 result.txt
Project-Level Embodied Carbon Prediction Across Building Design Stages Using a Machine Learning Framework,Wang Z.; Zhang L.; Pu M.,2026,Sustainability (Switzerland),"Rapid and reliable prediction of embodied carbon emissions is essential for supporting sustainable design decision-making and reducing the environmental impacts of building engineering projects. However, existing studies have mainly focused on single buildings, with limited attention to project-level prediction and variations in information availability across design stages. To address this gap, this study developed a machine learning framework for project-level embodied carbon prediction based on a dataset of 78 projects involving 426 individual buildings. Using project attributes, scale indicators, structural characteristics, material quantities, and construction-related information, nine machine learning models were developed for the schematic design stage and the construction drawing design stage. Two residual-corrected weighted ensemble models were further introduced to improve predictive performance. The results show that the Extra Trees–KNN residual-corrected weighted ensemble model achieved the best performance at the construction drawing design stage, with a test-set R2 of 0.949. SHAP analysis further revealed a stage-dependent shift in dominant drivers: gross floor area and land area dominated at the schematic design stage, whereas concrete and reinforcement quantities became the leading predictors at the construction drawing design stage. The proposed framework provides interpretable and stage-specific quantitative support for low-carbon design decision-making, thereby facilitating embodied carbon reduction and the transition toward a more sustainable built environment. © 2026 by the authors.",building engineering projects; design stage; embodied carbon emissions; machine learning; predictive model,building; carbon emission; data set; decision making; design; environmental impact; machine learning; reinforced concrete; sustainability; EMISSIONS,10.3390/su18157723,Article,0,Scopus; Web of Science,2-s2.0-105047056298,WOS:001847156800001,,SCOPUS_S2-2.csv; S2-2 result.txt
Research on Low Carbon During the Construction Design Process Based on BIM and Life Cycle Assessment,Pululu Jordan B.; Yang X.; Shi Y.; Wang S.; Cao X.; Zhang D.; Yang Y.; Peng H.,2026,Buildings,"Reducing embodied greenhouse gas emissions in the initial design phase is essential for attaining low-carbon buildings, as the highest potential for reduction exists prior to the finalization of construction decisions. While Building Information Modelling (BIM) and Life Cycle Assessment (LCA) have been progressively integrated for embodied carbon evaluation, current frameworks are predominantly deterministic, offer minimal uncertainty quantification, and seldom utilize machine-learning-assisted optimization to facilitate design decision-making. This paper presents an uncertainty-aware BIM–LCA methodology to solve these shortcomings, integrating automated quantity takeoff, probabilistic carbon assessment, and explainable machine-learning optimization. The proposed methodology integrates IFC-based BIM models, Bills of Quantities (BoQs), and regional life cycle inventory databases to conduct a cradle-to-grave embodied carbon assessment. Quantities produced from BIM were checked against BoQ data, and the uncertainty related to material quantities and emission factors was assessed by Monte Carlo simulation. A machine-learning surrogate model was created with 1200 design samples to facilitate swift optimization, and SHapley Additive exPlanations (SHAPs) were utilized to determine the most significant design factors. A mid-rise residential structure in Chongqing, China, encompassing a gross floor area of 9750.03 m2, was used as a case study. The baseline Global Warming Potential (GWP) was calculated as 514.29 ± 30.09 kgCO2e/m2 (A1–A5), with product-stage emissions (A1–A3) accounting for roughly 89.28% of total embodied carbon, predominantly from concrete and steel. Enhanced BIM maturity lowered uncertainty by roughly 20%. Optimization resulted in a 38.13% decrease in embodied carbon, reducing GWP to 318.21 kgCO2e/m2. SHAP research identified the percentage of material reuse and concrete composition as the primary factors influencing carbon reduction. The suggested framework offers a clear and replicable decision-support mechanism for low-carbon building design that accounts for uncertainty. © 2026 by the authors.",BIM-LCA integration; early-stage design; embodied carbon; net-zero buildings; parametric optimization; uncertainty analysis,Architectural design; Artificial life; Behavioral research; Building Information Model; Carbon; Carbon cycle; Concretes; Construction; Decision making; Decision support systems; Ecodesign; Greenhouse gases; Learning systems; Life cycle; Life cycle assessment; Machine learning; Monte Carlo methods; Optimization; Product design; Structural design; Zero-carbon; Building information modeling-life cycle assessment integration; Building Information Modelling; Early stage designs; Embodied carbons; Global warming potential; Machine-learning; Optimisations; Parametric optimization; Shapley; Uncertainty; Intelligent systems,10.3390/buildings16132653,Article,0,Scopus; Web of Science,2-s2.0-105044539498,WOS:001817790700001,,SCOPUS_S2-2.csv; S2-2 result.txt