Title,Authors,Year,Source title,Abstract,Author Keywords,Index Keywords,DOI,Document Type,Cited by,Database provenance,Scopus EID,WoS UT,IEEE Document Identifier,Source files
Service life analysis from field data on age distributions,Jernberg P.,1997,Materials and Structures/Materiaux et Constructions,"In survey investigations of building stocks for example, data on age distributions of construction details are often collected. What interests the material scientist, though, is not the age distribution but rather the service life distribution. Presented herein will be a renewal process model describing the relationship between such an age distribution found and the corresponding service life distribution being sought. The model comprises a phenomenological parameter to accommodate correlations between objects and the service life's determining factors. However, it is shown that, because of numerical ambiguity, the correlation parameter cannot be uniquely determined from an age distribution. Therefore, some additional information and data processing are required before the full advantage of this model can be realized. This somewhat difficult part has yet to be completed. Nevertheless, in its present form, the model does point out possible ranges of service life distribution parameters in terms of the correlation strength, thus providing uncertainties in the distribution parameters, which up until now have normally been overlooked when estimating the service lives of building materials. For wide service life distributions, it is shown that the possible parameter ranges will also be rather wide.",,Aging of materials; Mathematical models; Service life; Renewal process models; Structural analysis,10.1007/bf02498737,Article,0,Scopus; Web of Science,2-s2.0-0030622832,WOS:000080873100005,,SCOPUS_S3-1.csv; savedrecs.txt
Long-term coordination of timber production and consumption using a dynamic material and energy flow analysis,Müller D.B.; Bader H.-P.; Baccini P.,2004,Journal of Industrial Ecology,"A dynamic model for wood and energy flows is used to analyze regional timber management. The model combines a site-quality-dependent forest-growth module with modules forthe timber industry, timber products use, waste management and energy supply The model is calibrated with data of a Swiss lowland region for the period of 1900- 1997. Scenarios are developed for the period until 2100 in order to discuss possible future roles of domestic timber Model simulations show that, with present strategies, timber overproduction will further increase in the twenty-first century because of an increase in forest site quality in the second half of the twentieth century, among other reasons. The increase in building gross floor area of the region by a factor of 5 during the twentieth century coincides with a reduction of timber use in building construction by a factor of 4.5, from 90 kg/m2 to 20 kg/m 2. Increasing timber density in buildings could address overproduction; however a strategy of timber construction could not be accomplished with domestic timber alone. A balance of production and consumption on the present level could also be achieved in a scenario in which the present building stock is gradually exchanged during the twenty-first century with buildings that exclusively use a combination of solar panels on roofs and domestic firewood and used wood as heat-energy sources, These replacement buildings would have density typical of late twentieth-century buildings, and they would need to perform on a low-energy standard of not more than 130 MJ/m2/yr.",Dynamic modeling; Forest products industry; Integrated chain management; Materials flow analysis (MFA); Resource efficiency; Vintage effects,Construction; Energy Consumption; Forestry; Lumber; Production Engineering; Simulation; Sun Light; Waste Management; Computer simulation; Energy utilization; Forestry; Production engineering; Solar equipment; Waste management; Wooden construction; Energy supply; Solar panels; Timber industry; energy flow; modeling; timber industry; waste management; Timber,10.1162/1088198042442342,Article,70,Scopus,2-s2.0-8844220539,,,SCOPUS_S3-1.csv
A methodology of estimation to accumulated resources and dismantling materials from the existing building stock,Chia-Liang Weng; T. Yashiro,2005,"Proceedings - Fourth International Symposium on Environmentally Conscious Design and Inverse Manufacturing, Eco Design 2005","The purpose of this study is to develop a methodology for estimating the accumulated resources and dismantling materials from the existing building stock. As the first step, the concept of building-lifetime-parameter is introduced; the documentation of fix-property-tax is applied as a basic data to approach the actual number of existing buildings. Secondly, a ""basic unit"" of accumulated materials divided into different categories of building types is also adopted form current database. After the formation (structure-types, constructed year) of existing building stock is obtained, a precise estimation considering quantity and quality could be acquired. Based on this methodology developed, as a case study, simulations of 5 Japanese areas (all over Japan, Tokyo, Osaka, Fukuoka, Hokkaido) are applied and the effectiveness of this methodology is examined. © 2005 IEEE.",Accumulated resources; Dismantling materials; Existing building stock; Waste management; dismantling materials; accumulated resources; existing building stock; waste management,Database systems; Parameter estimation; Quality assurance; Waste management; Accumulated resources; Dismantling materials; Existing building stocks; Fix property tax; Resource allocation; Buildings; Cities and towns; Concrete; Databases; Documentation; Predictive models; Quality management; Resource management; Waste materials,10.1109/ECODIM.2005.1619363,Conference paper,0,Scopus; IEEE Xplore,2-s2.0-33947162395,,IEEE Conferences,SCOPUS_S3-1.csv; IEEE_S3-1_merged_deduplicated_raw.csv
A methodology of estimation to accumulated resources and dismantling materials from the existing building stock,"Weng, CL Yashiro, T",2005,"FOURTH INTERNATIONAL SYMPOSIUM ON ENVIRONMENTALLY CONSCIOUS DESIGN AND INVERSE MANUFACTURING, PROCEEDINGS","The purpose of this study is to develop a methodology for estimating the accumulated resources and dismantling materials from the existing building stock. As the first step, the concept of building-lifetime-parameter is introduced; the documentation of fix-property-tax is applied as a basic data to approach the actual number of existing buildings. Secondly, a ""basic unit"" of accumulated materials divided into different categories of building types is also adopted form current database. After the formation (structure-types, constructed year) of existing building stock is obtained, a precise estimation considering quantity and quality could be acquired Based on this methodology developed, as a case study, simulations of 5 Japanese areas (all over Japan, Tokyo, Osaka, Fukuoka, Hokkaido) are applied and the effectiveness of this methodology is examined.",dismantling materials; accumulated resources; existing building stock; waste management,,,Proceedings Paper,0,Web of Science,,WOS:000237192500166,,savedrecs.txt
Dynamic material flow analysis for Norway's dwelling stock,Bergsdal H.; Brattebø H.; Bohne R.A.; Müller D.B.,2007,Building Research and Information,"The architecture, engineering and construction industry is a major producer of waste, and a major consumer of primary materials. This study presents a method for analysing the dynamics of both floor area and material use in residential housing. The population's demand for housing represents the driver in the system, and the subsequent effects on stocks and flows of residential floor area and building materials in Norway are investigated from 1900 to the projected demands for 2100. Results show that knowledge about past activity levels is important in projecting future levels. Scenarios are applied to the input parameters in the dynamic model to investigate the impacts of changes in these, including variations in material usage (concrete and wood) and material density. All but one scenario suggest a continued increase in the residential housing stock, although at diminishing growth rates, and a substantial increase in demolition, renovation and construction activity in the last half of the present century.",Building stock; Demolition; Dwelling stock; Dynamic material flow analysis; Materials demand; Trends; Waste generation; building stock; demolition; dwelling stock; dynamic material flow analysis; materials demand; trends; waste generation,Construction industry; Demolition; Housing; Mathematical models; Population dynamics; Dwelling stocks; Dynamic material flow analysis; Materials demands; Waste generation; Materials science; DEMOLITION WASTES; CONSTRUCTION WASTE; MASS FLOWS; MANAGEMENT; ENERGY; MODEL,10.1080/09613210701287588,Article,159,Scopus; Web of Science,2-s2.0-34547348357,WOS:000248765600006,,SCOPUS_S3-1.csv; savedrecs.txt
Exploration of urban deposits: Long-term prospects for resource and waste management,"Wittmer, D Lichtensteiger, T Wittmer, D",2007,Waste Management and Research,"Many materials currently in use are potentially available to become raw materials for future production if the materials are recycled instead of discarded as solid waste. However, the structure and life-expectancy of these secondary resources have not been sufficiently examined, and comprehensive methods for forecasting the availability of such materials are still lacking. This study presents a method for identifying anthropogenic material stocks in combination with the method of material flow analysis (MFA). The method was applied to copper in Switzerland as an example, with the focus on use in buildings. The exploration concept was a three-step process. First, a MFA identified the relevant stocks within the inventory of the region. Second, these stocks were inventoried through a building stock model and determination of key parameters that were defined by surveying selected buildings and from the literature. Third, the Study team developed a dynamic MFA model to describe the copper stocks and flows during the period 1900-2000. The results of the copper stock calculation (in kg capita(-1)) were: buildings 79 +/- 11, infrastructure 107 +/- 25, movables 34 +/- 9, landfills 50 +/- 12. The calibrated model enabled the study team to develop resource and waste management scenarios forecasting waste flows. It is shown that the conversion of buildings into other uses may affect the waste flows significantly.",Construction and demolition debris; Exploration method; Material flow analysis (MFA); Scenario analysis; Secondary resources; Urban deposits; Waste flow prediction; wmr 1166-9; construction and demolition debris; exploration method; material flow analysis (MFA); scenario analysis; secondary resources; urban deposits; waste flow prediction,"Algorithms; Cities; Conservation of Natural Resources; Construction Materials; Copper; Environmental Monitoring; Humans; Industrial Waste; Manufactured Materials; Models, Theoretical; Switzerland; Time Factors; Waste Management; Central Europe; Eurasia; Europe; Copper scrap; Forecasting; Land fill; Mathematical models; Solid wastes; Waste management; copper; debris flow; exploration; resource management; stock assessment; waste management; article; building industry; calculation; calibration; environmental parameters; flow measurement; forecasting; landfill; life expectancy; literature; priority journal; process development; recycling; solid waste; urban area; Exploration method; Material flow analysis; Scenario analysis; Waste flow prediction",10.1177/0734242X07079183,Article; Proceedings Paper,26,Scopus; Web of Science,2-s2.0-34249715296,WOS:000247266100006,,SCOPUS_S3-1.csv; savedrecs.txt
Methodology for the survival analysis of urban building stocks,Bradley P.E.; Kohler N.,2007,Building Research and Information,"A new methodology is presented for estimating age distribution and survival functions of an urban building stock. This allows for a random sample of the undemolished stock together with a complete inventory count of the demolished part to create a Kaplan-Meier estimator for the survival function. This method can be applied to any building stock with difficult access to data. A demonstration of this method is applied to a sample of German urban stock and used to illustrate the data-collection process, the survival analysis and an estimate of the dynamics. Findings from this sample indicate a slower dynamic in the residential part in comparison with the non-residential part, which is related to seemingly different survival functions. Another finding is that the percentage of undemolished buildings seems much lower for older buildings than for the younger structures. Through a Weibull fit, little future change in this survival pattern is estimated. The estimates obtained in this preliminary study challenge many assumptions of service life, economic life and effective life time. It is found that the effective life time of building stocks is much higher than generally assumed, and possibly independent of their age. For recent buildings, the implication is whether the existing service life or economic life approaches are adequate to understand and plan for a potentially higher survival rate.",Age distribution; Building stock; Conservation; Demolition rate; Planning; Property management; Service life; Survival analysis; Urban fabric; age distribution; building stock; conservation; demolition rate; planning; property management; service life; survival analysis; urban fabric,Data acquisition; Demolition; Service life; Strategic planning; Urban planning; Age distribution; Building stocks; Demolition rate; Property management; Survival analysis; Urban fabric; Social aspects; ESTIMATING HOUSING MORTALITY; MASS FLOWS; ENERGY,10.1080/09613210701266939,Article,87,Scopus; Web of Science,2-s2.0-34249693537,WOS:000248765600004,,SCOPUS_S3-1.csv; savedrecs.txt
Technical options and strategies for decarbonizing UK housing,Lowe R.,2007,Building Research and Information,"The implications of some technical options for decarbonizing the UK domestic sector are explored. The main focus is on interactions between dwellings and the energy supply and conversion systems that support them, rather than on the detail of the dwelling stock. Synergies between the electricity supply system, intermediate energy-conversion systems and the dwelling envelope make it possible to achieve 60-70% reductions in CO2 emissions with plausible combinations of existing and/or emerging technologies. Sensitivity analysis shows that a halving of the carbon intensity of the UK electricity system, plausible improvements to dwelling envelopes, and extensive use of second law energy-conversion systems (typified by, but not restricted to, heat pumps and combined heat and power) to supply space and water heating render total CO2 emissions insensitive to demolition rates. As a result, increased demolition rates may be unnecessary to achieve deep cuts in carbon emissions from dwellings. Additional insights from this study are the strategic importance of decarbonizing the electricity system and the importance, in developing policy for this sector, of synergies between all components of the energy supply, distribution, conversion and end-use system.",Building stock; Carbon intensity; Climate change CO<sub>2</sub> reduction; Decarbonization; Demolition; Energy; Housing,Carbon dioxide; Climate change; Decarbonization; Electric power systems; Energy conservation; Housing; Sensitivity analysis; Building stocks; Carbon intensity; Dwelling envelopes; Urban planning,10.1080/09613210701238268,Article,88,Scopus,2-s2.0-34249711858,,,SCOPUS_S3-1.csv
"""Zero-Energy/Emission-Buildings""-terms, definitions and building practice",Voss K.; Kramp M.,2007,CESB 2007 PRAGUE International Conference - Central Europe Towards Sustainable Building,"Energy use in buildings worldwide accounts for a significant part of the primary energy use and the green house gas emissions. The ratio widely varies by country due to climate, population density, life style, building standard and use of renewable sources. Depending on the building energy standard and the fraction of the energy sources in use, buildings are more a direct (on site use of fossil fuels) or indirect source of emissions (site delivered electricity, district heating/cooling, building materials). Due to the long building lifetime energy use and emissions are dominated by the building stock. A large variety of measures to reduce energy use and emissions significantly is known and available on the market. In view of the climate change and resource shortage more is required than just increasing the energy efficiency of buildings. One vision in the current debate are so called ""zero-energy"" or ""zero-emission"" or ""zero-carbon"" buildings [1, 2, 3, 4].",Cogeneration; Emission trading; Energy credits; Life-cycle energy balance,Climate change; Commerce; Energy efficiency; Greenhouse gases; Intelligent buildings; Population statistics; Sustainable development; Building energy standards; Building standards; Cogeneration; Emission trading; Energy credits; Energy use in buildings; Population densities; Primary energy use; Building codes,,Conference paper,4,Scopus,2-s2.0-84902596811,,,SCOPUS_S3-1.csv
"Towards modelling of construction, renovation and demolition activities: Norway's dwelling stock, 1900-2100",Sartori I.; Bergsdal H.; Muller D.B.; Brattebø H.,2008,Building Research and Information,"The activities of construction, renovation and demolition related to the dwelling (housing) stock have a strong impact on both material and energy demands. A deeper understanding of the dynamics driving these activities is a precondition for a more consistent way to address material and energy demands. The method presented herein is based on a dynamic material flow analysis and is applied to the Norwegian dwelling stock. Input data to the model are population and socio-economic lifestyle indicators such as the average number of persons per dwelling and the average size of dwellings; these determine the size of the floor area stock. Parameters such as the lifetime of dwellings and renovation intervals complete the input set. Outputs of the model are the stock and flows of floor area for the period 1900-2100. Analysis of the renovation activity is given particular attention. Several scenarios are considered in order to test the model's sensitivity to input's uncertainties. Results are compared with statistical data, where the latter are available. The main conclusion is that in the coming decades renovation is likely to overtake construction as the major activity in the Norwegian residential sector.",Building stock; Construction; Demographics; Demolition; Forecasting; Housing; Material flow analysis; Norway; Renovation; Residential stock,Apartment houses; Buildings; Demolition; Floors; Materials handling; Population statistics; Sensitivity analysis; Average size; Building stock; Construction; Demographics; Dynamic material flow analysis; Energy demands; Floor areas; Forecasting; Input data; Input set; Material flow analysis; Norway; Renovation; Residential sectors; Residential stock; Socio-economic; Statistical data; Housing,10.1080/09613210802184312,Article,76,Scopus,2-s2.0-49549114046,,,SCOPUS_S3-1.csv
Housing stock shrinkage: Vacancy and demolition trends in Germany,Deilmann C.; Effenberger K.-H.; Banse J.,2009,Building Research and Information,"Although most discussions on building stocks assume a static or growing stock over time, this case study highlights the opposite condition of a shrinking population and its potential effects on the building stock. Scenarios to 2050 are presented for the housing stock in eastern and western Germany based on population projections. Due to long-term population decline, the prospect of increasing housing vacancies raises new questions for urban housing stock management, operation and maintenance strategies. In the first years of the new millennium, the demolition rate in eastern Germany increased to 0.5% of the existing stock per year. This rate may need to increase further over the next 40 years to keep the vacancy rate below an average of 15%, which could mean 20-25% in multiple-dwelling units. With 25 years' delay, western Germany will enter a similar development stream also due to population shrinkage. Spatial disparities of shrinking population patterns will require a critical revision of public policy. Reconciling environmental objectives to preserve old stocks, reduce demolition rates, and reduce material flows will need to be balanced with demographic, social and economic concerns. This will impact on the current interpretations of sustainable development and suggests that regional circumstances will need to be incorporated into the evolving definition.",Building stock; Demographics; Demolition; Germany; Material flow; Public policy; Shrinkage; Time; building stock; demographics; demolition; material flow; public policy; shrinkage; time,Demolition; Population dynamics; Public policy; Shrinkage; Strategic planning; Vacancies; Building stock; Demographics; Germany; Material flow; Time; Housing; NORWAY DWELLING STOCK; CHALLENGES,10.1080/09613210903166739,Article,40,Scopus; Web of Science,2-s2.0-70349640314,WOS:000269812100016,,SCOPUS_S3-1.csv; savedrecs.txt
Long-term building stock survival and intergenerational management: The role of institutional regimes,Hassler U.,2009,Building Research and Information,"Intergenerational value-management of the built environment requires preservation of both natural capital and man-made resources. A consequence is that buildings and infrastructure should be used as long as possible. Considering that built cultural heritage is mainly a 'non-renewable' capital, it affords a number of insights and lessons that can be more widely adapted to other parts of the built environment. The following key issues are discussed: long-term patterns and dynamics of the building stock; specific survival profiles for groups of buildings; strategies that have led to a long-term value preservation in the past; and robustness of former and existing strategies. Segments of the stock that could be used as a role model for the management of the entire stock are discussed as well as the possible contribution of public policy and institutional regimes to long-term value preservation. A related conceptual basis for an inventory of the built cultural heritage is presented in an appendix.",Building stock; Historic environments; Institutional regimes; Public policy; Sustainable management; Time; Value; Value preservation; building stock; historic environments; institutional regimes; public policy; sustainable management; time; value; value preservation,Buildings; Public policy; Societies and institutions; Sustainable development; Building stock; Historic environments; Institutional regimes; Sustainable management; Time; Value; Value preservation; Historic preservation,10.1080/09613210903189533,Article,43,Scopus; Web of Science,2-s2.0-70349804545,WOS:000269812100008,,SCOPUS_S3-1.csv; savedrecs.txt
Defining eco-efficiency solutions useful during maintenance activities of existing buildings,"Allione, C",2010,PORTUGAL SB10: SUSTAINABLE BUILDING AFFORDABLE TO ALL - LOW COST SUSTAINABLE SOLUTION,"This research is aimed at defining innovative guidelines and building components for introducing eco-efficiency principles into maintenance activities of real building stock. This goal is justified by the awareness that nowadays the building sector is one of the main responsible of the environmental burdens especially during its lifespan. This issue is true, in particular, in the Italian context where most of the existing buildings are generally out of date and not fit to minimize the energy consume. On these assumptions, adopting the Design by Components (DbC) approach, which has been conceived at DIPRADI for developing environmental-friendly industrial products, the study is going to transfer this approach also in the building sector in order to demonstrate that recurring on sustainable components maintenance and replacement is a direct strategy for improving the environmental performances of building lifespan and at the same time it is indirect way for improving the environmental performances of building life cycle.",,,,Proceedings Paper,0,Web of Science,,WOS:000397479400020,,savedrecs.txt
Dynamics of urban and rural housing stocks in China,Hu M.; Bergsdal H.; Van Der Voet E.; Huppes G.; Muller D.B.,2010,Building Research and Information,"The massive migration flows from rural to urban areas in China, combined with an expected decline in the total population over the next decades, leads to two important challenges for China's housing: the growth of its urban housing stock and the shrinkage of rural housing. The rural and urban housing systems in China were analyzed using a dynamic material flow analysis model for the period 1900-2100 for several scenarios assuming different development paths for population, urbanization, housing demand per capita, and building lifetime. The simulation results indicate that new housing construction is likely to decline for several decades due to the fast growth over the past 30 years and the expected increased longevity of dwellings. Such an oscillation of new construction activity would have significant implications for the construction industry, employment, raw material demand, and greenhouse gas emissions to produce the construction materials. Policy and practical options for mitigating the negative impacts are considered. © 2010 Taylor & Francis.",Building stocks; China; Construction demand; Dynamic material flow analysis; Housing stock; Longevity; Trends; Urbanization; building stocks; construction demand; dynamic material flow analysis; housing stock; longevity; trends; urbanization,Building materials; Construction industry; Gas emissions; Global warming; Greenhouse gases; Leakage (fluid); Pulsatile flow; Building stocks; Construction materials; Development path; Dynamic materials; Housing construction; Housing stock; Migration flows; Negative impacts; New construction; Per capita; Rural housing; Simulation result; Urban areas; Urban housing; Housing; MATERIAL FLOW-ANALYSIS; CONSTRUCTION; URBANIZATION; SUSTAINABILITY; CATALYST; REFORM,10.1080/09613211003729988,Article,121,Scopus; Web of Science,2-s2.0-77951595656,WOS:000277490900005,,SCOPUS_S3-1.csv; savedrecs.txt
Material flow analysis for reaching a sustainable model of the building sector,"Villarreal, LR Luque, GP Medrano, M Fabra, LFC Burgos, ACI",2010,PORTUGAL SB10: SUSTAINABLE BUILDING AFFORDABLE TO ALL - LOW COST SUSTAINABLE SOLUTION,"The construction industry, where building sector is included, consumes 50% of the natural resources, 40% of the energy and is responsible of 50% of the total wastes generated in Spain. To reach the required habitability standards we are consuming more materials than ever. This big volume of materials produces a big impact in the environment in all the life cycle of the materials, from cradle to grave. But there are physical limits in natural production of required resources as well as in the final sinks (air, water and soil). Required construction materials in buildings are subject to these physical limits which are gradually closer to saturation. Construction materials management in the building sector is a key point in order to preserve the environment. The final objective of this paper is to define a global strategy in the use of building materials to reduce the environmental impact of the building sector. This paper will focus on the development of a methodology of work to analyse the movement of building materials between the environment and the anthroposphere, taking as a basis the recently developed methodology of ""Material Flow Analysis"" (MFA). MFA is a systematic assessment of the flows and stock of materials within a system defined in space and time. It connects the sources, the pathways, and the intermediate and final sinks of a material. Because of the law of the conservation of matter, the results of an MFA can be controlled by a simple material balance comparing all inputs, stocks, and outputs of a process. This methodology allows getting indicators for reducing the environmental impacts of the building sector and check out the points where it is possible to reduce the material requirement. The analysis is focused on the flow of materials for building sector in the region of Lleida for the highly productive period from 2000 to 2008. Results show that building sector has to reach a stationary flow model by decreasing of the input flows through the reduction of the total material consumption, the low increase of the existing building stock and the decrease of the output flows (wastes to the soil, water and air). This model should be achieved taking measures from the beginning of the chain. Controlling the materials flows through the total system is more efficient than separating management of wastes from the management of production supply and consumption. Making of Lleida a locally self-sufficient region allows controlling the total flow of materials from cradle to grave and achieving measures to reducing the environmental impacts of the building sector.",,,,Proceedings Paper,0,Web of Science,,WOS:000397479400018,,savedrecs.txt
Historical energy analysis of the Norwegian dwelling stock,Sandberg N.H.; Bergsdal H.; Brattebø H.,2011,Building Research and Information,"The building sector is a big consumer of energy and is responsible for a considerable share of the greenhouse gas emissions within most developed countries. Based on the development in underlying drivers and using system analysis methods, the historical development in energy flows in the Norwegian residential building stock, the associated costs and greenhouse gas emissions are estimated. The results show that although a 39% decrease occurred in energy consumption per square metre in the use phase, the total energy consumption increased due to increased stock size. Further, the total energy consumption was substantially dominated by the use phase. The energy-related costs increase even more than energy consumption due to increased energy prices, but the greenhouse gas emissions decrease due to changes in the energy mix. The per-capita results follow the same trends as the aggregated results, whereas there have been larger improvements in the system on a per-square-metre basis. Based on underlying drivers, the model ensures inclusion of development trends that are not easily explained by the direct factors energy efficiency, energy mix and energy prices.Le secteur du batiment est un gros consommateur d'energie et est responsable d'une part considerable des emissions de gaz a effet de serre dans la plupart des pays developpes. n se basant sur l'evolution des facteurs sous-jacents et en utilisant des methodes d'analyse des systemes, sont estimes l'evolution historique des flux d'energie dans le parc bati residentiel norvegien, les couts qui s'y rapportent et les emissions de gaz a effet de serre. Les resultats montrent que, bien qu'une diminution de 39% soit intervenue dans la consommation d'energie par metre carre dans la phase d'utilisation, la consommation totale d'energie a augmente en raison de la taille accrue du parc. En outre, la consommation totale d'energie a ete fortement dominee par la phase d'utilisation. Les couts lies a l'energie augmentent encore plus que la consommation d'energie du fait de l'augmentation des prix de l'energie, mais les emissions de gaz a effet de serre diminuent en raison des changements intervenus dans le mix energetique. Les resultats par personne suivent les memes tendances que les resultats agreges, alors que des ameliorations plus importantes se sont produites dans le systeme sur la base du metre carre. En se basant sur les facteurs sous-jacents, le modele assure l'inclusion de tendances evolutives qui ne s'expliquent pas facilement par les facteurs directs d'efficacite energetique, de mix energetique et de prix de l'energie. Mots cles: parc bati, empreinte carbone, analyse des couts, parc de logements, analyse dynamique des flux de materiaux, empreinte economique, consommation d'energie, efficacite energetique, emissions de gaz a effet de serre.",building stock; carbon footprint; cost analysis; dwelling stock; dynamic material flow analysis; economic footprint; energy consumption; energy efficiency; greenhouse gas emissions,Apartment houses; Buildings; Cost accounting; Cost benefit analysis; Costs; Economic analysis; Energy conservation; Energy utilization; Gas emissions; Global warming; Greenhouse gases; Systems analysis; Building stocks; carbon footprint; cost analysis; dwelling stock; dynamic material flow analysis; Energy consumption; Energy efficiency; BUILDING STOCK; LIFE-CYCLE; CONSTRUCTION; RENOVATION; SECTOR; IMPACT,10.1080/09613218.2010.528186,Article,36,Scopus; Web of Science,2-s2.0-78650756594,WOS:000286821500001,,SCOPUS_S3-1.csv; savedrecs.txt
Analysis of energy and carbon flows in the future Norwegian dwelling stock,Sandberg N.H.; Bratteb H.,2012,Building Research and Information,"A dynamic analysis of future energy and carbon flows (2000-2050) is performed on the aggregated residential building stock in Norway. The basis for the analysis is a dynamic material flow analysis of floor areas and the main building materials. By adding energy intensity assumptions for space heating, water heating, domestic electrical appliances and embodied energy in construction materials, the future corresponding delivered energy demand is calculated. This forms the basis for life cycle estimation of the future direct and indirect greenhouse gas (GHG) emissions. The predicted demand for delivered energy in 2025 will increase by 24.0% and 12.5% above those for 2000 and 2010, respectively, and then remain stable towards 2050. Energy savings per unit of floor area are counterbalanced by growth in the building stock. The very high influence of energy technology assumptions within the electricity generation market is demonstrated, along with the large differences between using attributional and consequential life cycle assessment principles in the calculation of future emissions. Future electricity demand met by marginal power generation technologies in the European market will yield substantially higher GHG emissions. The simulations demonstrate the policy, strategy, and practical challenges in achieving significant long-term energy and GHG emission reductions from the residential building stock in a country with a rapidly growing population. © 2012 Copyright Taylor and Francis Group, LLC.",building sector; building stock; buildings; energy consumption; greenhouse gas emissions; material flow analysis; mitigation; Norway; CO2 reduction,Building materials; Carbon; Commerce; Domestic appliances; Emission control; Energy Intensity; Floors; Gas emissions; Greenhouse gases; Housing; Life cycle; Building stocks; Buildings sector; Carbon flow; Energy flow; Energy-consumption; Greenhouse gas emissions; Materials flow analysis; Mitigation; Norway; Residential building stocks; Energy utilization; BUILDING STOCK; RENOVATION; SAVINGS; SECTOR,10.1080/09613218.2012.655071,Article,44,Scopus; Web of Science,2-s2.0-84858163644,WOS:000301703500001,,SCOPUS_S3-1.csv; savedrecs.txt
A component based bottom-up building stock model for comprehensive environmental impact assessment and target control,Heeren N.; Jakob M.; Martius G.; Gross N.; Wallbaum H.,2013,Renewable and Sustainable Energy Reviews,"The building stock is one of the most important energy consumers worldwide. Therefore, a number of energy reduction targets and regulations exist for the construction sector. Different building stock models have been developed in order to investigate the potentials of energy-efficiency and changes in energy source in the building stock. However, these models often have important shortcomings, since they are single-issued and do not include the life cycle of buildings. Thus, we propose an innovative assessment methodology in the form of a life cycle-based building stock model (LC-Build). The building stock is clustered in building cohorts of similar construction and equipment characteristics in terms of type, construction period and building technology systems. The most important building components are assigned specific thermal transmittance values. Figures for diffusion and retrofit rate describe the development of the building stock fabric. Additionally, environmental impact from the energy supply side is taken into account. This approach facilitates the evaluation of the effectiveness of measures and their dynamics on the building stock, such as newer and more efficient technologies and practices related to energy policies and prices. Furthermore, the model has a direct relationship to the construction activity (energy-efficiency measures, substitution of fossil energy based heating systems) and fosters the comprehension of material flows, related environmental impact, and costs. The practicality of this approach is demonstrated by means of a case study in the city of Zurich in Switzerland. The results suggest that Zurich has a remarkable potential to reduce its greenhouse gas emissions from the building sector: 85% by 2050. The case study highlights the advantages of the proposed modeling approach. The LC-Build is a valuable tool to identify and test sustainable energy targets for building stocks, such as the European 20-20-20 target. (C) 2012 Elsevier Ltd. All rights reserved.",Bottom-up model; Building stock; Energy efficiency; Greenhouse gas emissions; Life cycle assessment; Sustainability targets,Buildings; Construction equipment; Construction industry; Energy efficiency; Energy policy; Environmental impact; Environmental impact assessments; Gas emissions; Greenhouse gases; Life cycle; Sustainable development; Building sectors; Building stocks; Building technologies; Component based; Construction activities; Construction period; Construction sectors; Efficient technology; Energy consumer; Energy reduction; Energy source; Energy supplies; Equipment characteristics; Fossil energy; Heating system; In-buildings; Innovative assessment; Life Cycle Assessment (LCA); Material Flow; Modeling approach; Sustainable energy; Switzerland; Thermal transmittance; Construction; HOUSEHOLD ENERGY-CONSUMPTION; LIFE-CYCLE ASSESSMENT; TECHNOLOGY DIFFUSION; NEURAL-NETWORK; LCA,10.1016/j.rser.2012.11.064,Review,110,Scopus; Web of Science,2-s2.0-84871817768,WOS:000316828300006,,SCOPUS_S3-1.csv; savedrecs.txt
Dynamicmaterial material flow analysis for PCBs in the Norwegian building stock,Bergsdal H.; Brattebø H.; Müller D.B.,2014,Building Research and Information,"Since their introduction in 1929, polychlorinated biphenyls (PCBs) have been used in a wide range of applications, mainly in industrialized countries. Although production of PCBs was largely banned in the 1970s, they are still present in various applications as well as in the environment where they remain a potential threat to animal and human health. PCBs were applied in different building materials in Norway in the period between 1950 and 1980. This study attempts to estimate the use for various applications in buildings, and to distinguish between residential and non-residential buildings. The results are combined with a dynamic material flow analysis (MFA) to estimate past and future stocks and flows of building-related PCBs in Norway. Results indicate that PCBs in the building stock peaked around 1980, and have since decreased as PCBs have been banned and efforts made to remove the substance from existing applications. However, considerable amounts remain in the building stock and will be released in smaller amounts for many more decades. While current legislation focuses mainly on the applications with short lifetimes, the handling of building applications with long lifetimes represent the main unresolved challenges of the future. © 2014 © 2014 Taylor & Francis.",building materials; building stocks; dynamic material flow analysis; polychlorinated biphenyls (PCBs); public health; stocks and flows; toxicity; waste flows,Building materials; Buildings; Health risks; Organic pollutants; Public health; Toxicity; Building stocks; Dynamic materials; Polychlorinated biphenyl (PCBs); Stocks and flows; Waste flows; Polychlorinated biphenyls; HISTORICAL EMISSION INVENTORY; NORWAY DWELLING STOCK; SOILS; CONTAMINATION; CONSTRUCTION; CONGENERS; SEALANTS,10.1080/09613218.2014.887898,Article,9,Scopus; Web of Science,2-s2.0-84896782548,WOS:000332198300008,,SCOPUS_S3-1.csv; savedrecs.txt
Environmental assessment of a precast concrete building stock in a time perspective,Hrabovszky-Horváth S.; Szalay Z.,2014,Environmental Engineering and Management Journal,"The sustainable refurbishment of the existing building stock is a key issue in achieving the ambitious long-term energy and environmental goals of the European Union. Europe has a vast building stock built with prefabricated reinforced concrete largepanel construction technology after World War II to decrease the general housing shortage, mostly in the Eastern-European countries and East Germany. This study focuses on the environmental evaluation of the retrofitting of the existing precast large-panel building stock in Hungary and provides a decision support tool for the architectural design process by identifying the largest environmental impacts. Different scenarios, including demolition/new construction and various refurbishment levels, were analyzed through life cycle assessment and considering the potential impacts throughout the building’s lifetime. The effect of building lifetime and calculation period on the environmental performance was evaluated in detail. The typology of the precast large-panel building stock was set up by grouping buildings according to their age, architecture and technical parameters. The methodology is demonstrated on a case study area: the Kelenföld housing estate in Budapest (Hungary) built in 1965-75 was chosen for the analysis. After assessing the environmental performance of the determined types, the mitigation potential of the housing estate was estimated. © 2014, Gh. Asachi Technical University of Iasi. All rights reserved.",Building typology; Concrete building; Life cycle assessment; Life time; Precautionary principle; Refurbishment scenarios; building typology; concrete building; life cycle assessment; life time; precautionary principle; refurbishment scenarios,,10.30638/eemj.2014.312,Article,13,Scopus; Web of Science,2-s2.0-84930221636,WOS:000347544700013,,SCOPUS_S3-1.csv; savedrecs.txt
Sensitivity analysis in long-term dynamic building stock modeling - Exploring the importance of uncertainty of input parameters in Norwegian segmented dwelling stock model,Sandberg N.H.; Sartori I.; Brattebø H.,2014,Energy and Buildings,"Models describing long-term development in energy consumption or greenhouse gas emissions from building stocks commonly model the underlying development in the building stock's size and composition using simple, linear trends. Uncertainty is rarely discussed. This study explores the importance of uncertainty in input parameters in a dynamic model for the Norwegian dwelling stock that is presented in a recent publication and provides valuable insights in expected future quantities of renovation activity and how different segments of the stock are subject to renovation. By use of a sensitivity analysis and a scenario analysis the present study focuses on how uncertainty in model input parameters affect the modeling results and the robustness of results and conclusions. The sensitivity analysis did not lead to unexpected changes in results, and showed the dynamic model being mostly sensitive to changes in population and dwellings' lifetime. Further scenarios with extreme input values for population and dwellings' lifetime were considered in order to investigate the consequences of low and high renovation options. Results prove that previous main conclusions still hold: renovation rates at levels necessary to achieve policy targets in energy and emission savings seem unrealistic to be achieved when modeling the 'natural' need for renovation. (C) 2014 Elsevier B.V. All rights reserved.",Dwelling stock; Dynamic material flow analysis; Renovation rate; Scenario analysis; Sensitivity analysis,Building stocks; Dwelling stock; Dynamic materials; Input parameter; Long term dynamics; Scenario analysis; Stock models; Sensitivity analysis; RENOVATION; ENERGY; FLOWS,10.1016/j.enbuild.2014.09.028,Article,38,Scopus; Web of Science,2-s2.0-84905442410,WOS:000348880900014,,SCOPUS_S3-1.csv; savedrecs.txt
Turkey's strategic energy efficiency plan - An ex ante impact assessment of the residential sector,Elsland R.; Divrak C.; Fleiter T.; Wietschel M.,2014,Energy Policy,"Turkey's energy demand has been growing by 4.5% per year over the last decade. As a reaction to this, the Turkish government has implemented the Strategic Energy Efficiency Plan (SEEP), which provides a guideline for energy efficiency policies in all sectors. The aim of this study is to analyse the potential of the SEEP on final energy demand in the Turkish residential sector until 2030. Three scenarios are developed based on a detailed bottom-up modelling approach using a vintage stock model to simulate the energy demand of heating systems and appliances. The results show a decreasing final energy demand in the reference scenario from about 944 PJ in 2008 to 843 PJ in 2030. This reflects a structural break, which is mainly caused by a high building demolition rate and low efficiency in the existing building stock. The SEEP achieves additional savings of around 111 PJ until 2030, while a scenario with even higher efficiency shows further savings of 91 PJ. Electricity demand increases in all scenarios - mainly due to growing ownership rates of appliances. The SEEP will achieve around 10 TWh of electricity savings in 2030 compared to the reference scenario, mainly through more ambitious end-use standards. (C) 2014 Elsevier Ltd. All rights reserved.",Bottom-up analysis; Impact assessment of policies; Residential sector Turkey,Turkey; Energy management; Housing; Bottom-up analysis; Electricity demands; Electricity saving; Energy efficiency policies; Higher efficiency; Impact assessments; Residential sectors; Turkish government; bottom-up approach; computer simulation; demand analysis; energy efficiency; energy policy; residential energy; electricity generation; policy analysis; policy implementation; Energy efficiency; COLONY OPTIMIZATION APPROACH; SWARM INTELLIGENCE; DEMAND; ALGORITHM; CONSUMPTION; PROJECTIONS,10.1016/j.enpol.2014.03.010,Article,15,Scopus; Web of Science,2-s2.0-84899990518,WOS:000336698500002,,SCOPUS_S3-1.csv; savedrecs.txt
A workflow for automatic quantification of structure and dynamic of the German building stock using official spatial data,Hartmann A.; Meinel G.; Hecht R.; Behnisch M.,2016,ISPRS International Journal of Geo-Information,"Knowledge of the German building stock is largely based on census data and annual construction statistics. Despite the wide range of statistical data, they are constrained in terms of temporal, thematic and spatial resolution, and hence do not satisfy all requirements of spatial planning and research. In this paper, we describe a new workflow for data integration that allows the quantification of the structure and dynamic of national building stocks by analyzing authoritative geodata. The proposed workflow has been developed, tested and demonstrated exemplarily for the whole country of Germany. We use nationwide and commonly available authoritative geodata products such as building footprint and address data derived from the real estate cadaster and land use information from the digital landscape model. The processing steps are (1) data preprocessing; (2) the calculation of building attributes; (3) semantic enrichment of the building using a classification tree; (4) the intersection with spatial units; and finally (5) the quantification and cartographic visualization of the building structure and dynamic. Applying the workflow to German authoritative geodata, it was possible to describe the entire building stock by 48 million polygons at different scale levels. Approximately one third of the total building stock are outbuildings. The methodological approach reveals that 62% of residential buildings are detached, 80% semi-detached and 20% terraced houses. The approach and the novel database will be very valuable for urban and energy modeling, material flow analysis, risk assessment and facility management.",Authoritative geodata; Building classification; Building stock; building stock; building classification; authoritative geodata,BUILT FORM; CLASSIFICATION; EXTRACTION; IMAGERY; FOOTPRINTS; QUALITY; ENGLAND,10.3390/ijgi5080142,Article,25,Scopus; Web of Science,2-s2.0-84994285787,WOS:000385531500016,,SCOPUS_S3-1.csv; savedrecs.txt
Building stock dynamics and its impacts on materials and energy demand in China,Hong L.; Zhou N.; Feng W.; Khanna N.; Fridley D.; Zhao Y.; Sandholt K.,2016,Energy Policy,"China hosts a large amount of building stocks, which is nearly 50 billion square meters. Moreover, annual new construction is growing fast, representing half of the world's total. The trend is expected to continue through the year 2050. Impressive demand for new residential and commercial construction, relative shorter average building lifetime, and higher material intensities have driven massive domestic production of energy intensive building materials such as cement and steel. This paper developed a bottom-up building stock turnover model to project the growths, retrofits and retirements of China's residential and commercial building floor space from 2010 to 2050. It also applied typical material intensities and energy intensities to estimate building materials demand and energy consumed to produce these building materials. By conducting scenario analyses of building lifetime, it identified significant potentials of building materials and energy demand conservation. This study underscored the importance of addressing building material efficiency, improving building lifetime and quality, and promoting compact urban development to reduce energy and environment consequences in China. (C) 2016 Elsevier Ltd. All rights reserved.",Annual new construction; Building floor space; Energy demand; Materials; Retrofit,China; Building materials; Buildings; Energy efficiency; Energy management; Floors; Historic preservation; Housing; Materials; Office buildings; Retrofitting; Urban growth; Building floors; Commercial building; Commercial construction; Energy and environment; Energy demands; Material efficiency; New constructions; Retrofit; architectural design; construction material; demand analysis; energy conservation; energy efficiency; energy use; Construction; CLIMATE-CHANGE; RENEWABLE ENERGY; CONSTRUCTION; EMISSIONS,10.1016/j.enpol.2016.03.024,Article,118,Scopus; Web of Science,2-s2.0-84962198226,WOS:000377725000007,,SCOPUS_S3-1.csv; savedrecs.txt
Dynamic building stock modelling: Application to 11 European countries to support the energy efficiency and retrofit ambitions of the EU,Sandberg N.H.; Sartori I.; Heidrich O.; Dawson R.; Dascalaki E.; Dimitriou S.; Vimm-r T.; Filippidou F.; Stegnar G.; Šijanec Zavrl M.; Brattebø H.,2016,Energy and Buildings,"A dynamic building stock model is applied to simulate the development of dwelling stocks in 11 European countries, over half of all European dwellings, between 1900 and 2050. The model uses time series of population and number of persons per dwelling, as well as demolition and renovation probability functions that have been derived for each country. The model performs well at simulating the long-term changes in dwelling stock composition and expected, annual renovation activities. Despite differences in data collection and reporting, the modelled future trends for construction, demolition and renovation activities lead to similar patterns emerging in all countries. The model estimates future renovation activity due to the stock's need for maintenance as a result of ageing. The simulations show only minor future increases in the renovation rates across all 11 countries to between 0.6-1.6%, falling short of the 2.5-3.0% renovation rates that are assumed in many decarbonisation scenarios. Despite this, 78% of all dwellings could benefit from energy efficiency measures by 2050, either as they are constructed (31%) or undergo deep renovation (47%). However, as no more than one deep renovation cycle is likely on this timeframe, it is crucial to install the most energy efficient measures available at these opportunities. (C) 2016 The Authors. Published by Elsevier B.V. This is an open access article under the CC BY-NC-ND license.",Comparative analysis; Dwelling stock; Dynamic modelling; Energy efficiency; Europe; Housing; Renovation,Buildings; Demolition; Dynamic models; Housing; Comparative analysis; Dwelling stock; Efficiency measure; Europe; European Countries; Probability functions; Renovation; Stock composition; Energy efficiency; NORWEGIAN DWELLING STOCK; RESIDENTIAL BUILDINGS; RENOVATION; NORWAY; CARBON; CONSTRUCTION; STRATEGIES; FLOWS,10.1016/j.enbuild.2016.05.100,Article,178,Scopus; Web of Science,2-s2.0-84993945094,WOS:000388153500004,,SCOPUS_S3-1.csv; savedrecs.txt
Dynamic building stock modelling: General algorithm and exemplification for Norway,Sartori I.; Sandberg N.H.; Brattebø H.,2016,Energy and Buildings,"This paper presents a model based on dynamic material flow analysis, general in its principles and applied to the dwelling stock of Norway for exemplification. The algorithm at the core of the model is presented in the form of a pseudo-code and is described in detail. The driving force in the model is a population's need for housing and the necessary input are retrievable from national statistics on population, often dating back to around 1800, and its prognoses up to 2050 or beyond. Technical parameters such as the dwellings' lifetime and the renovation cycles are expressed by probability functions. Outputs of the model are the flows of construction, demolition and renovation; analysis of the renovation activity is given particular attention. The model shows how the renovation rates are a result of the need for maintenance of an ageing stock, and provides quantitative estimates of the present and future natural renovation rates, i.e. without specific incentives. The paper shows how to validate the model against statistics and other data sources, and how to use the model's future projections on construction, demolition and renovation activities in scenario based analyses of dwelling stocks' energy demand and greenhouse gases emissions. (C) 2016 The Author(s). Published by Elsevier B.V. This is an open access article under the CC BY-NC-ND license.",Building stock model; Dwelling stock; Dynamic material flow analysis; Renovation rate,Demolition; Greenhouse gases; Housing; Building stocks; Dwelling stock; Dynamic materials; Greenhouse gases emissions; National statistics; Probability functions; Quantitative estimates; Scenario-based analysis; Population statistics; NORWEGIAN DWELLING STOCK; MATERIAL FLOW-ANALYSIS; ENERGY; CONSTRUCTION; RENOVATION,10.1016/j.enbuild.2016.05.098,Article,78,Scopus; Web of Science,2-s2.0-84978828166,WOS:000388153500003,,SCOPUS_S3-1.csv; savedrecs.txt
Dynamic type-cohort-time approach for the analysis of energy reductions strategies in the building stock,Vásquez F.; Løvik A.N.; Sandberg N.H.; Müller D.B.,2016,Energy and Buildings,"While many countries have set ambitious targets for reducing energy use and GHG (greenhouse gas) emissions, it remains highly uncertain whether the policies introduced will be suitable to reach these targets at the specified times. Models used to inform building policies often do not account for the different boundary conditions related to socio-economic development, climate, composition and age structure of the existing building stock, and lifetime expectancy, which hinders effective strategy development and realistic target setting. This study presents a dynamic Type-Cohort-Time (TCT) stock-driven modelling approach that considers demographic aspects, lifestyle-related issues, and building-specific characteristics. Case studies were conducted for the dwelling stocks in Germany and the Czech Republic, two countries with different boundary conditions, but that are sheltered under the same European energy reduction policies and goals. The effects of the policies on nearly zero energy buildings and increased renovation rates were tested. The results showed that current regulations are sufficient to achieve the 20% energy efficiency goal by 2020, but not to reach the 2050 energy and GHG-emission goals. The scenarios further demonstrate that the same policies on renovation and construction in different countries lead to different energy reduction levels. Accordingly, country-specific policies and measures are suggested. (C) 2015 Elsevier B.V. All rights reserved.",Building stock; Czech Republic; Dynamic material flow analysis MFA; Germany; Nearly zero energy buildings NZEB; Renovation; Residential sector; Stock dynamics; Type-Cohort-Time TCT; Vacancy,Boundary conditions; Climate models; Economics; Energy efficiency; Energy utilization; Gas emissions; Greenhouse gases; Housing; Vacancies; Building stocks; Czech Republic; Dynamic materials; Germany; Renovation; Residential sectors; Stock dynamics; Type-Cohort-Time TCT; Zero energy building (ZEB); Buildings; MATERIAL FLOW-ANALYSIS; LONG-TERM; RESIDENTIAL BUILDINGS; CO2 EMISSIONS; HEATING ENERGY; DWELLING STOCK; NEURAL-NETWORK; CONSUMPTION; MODEL; SECTOR,10.1016/j.enbuild.2015.11.018,Article,78,Scopus; Web of Science,2-s2.0-84948441390,WOS:000369191100004,,SCOPUS_S3-1.csv; savedrecs.txt
Material stocks in Germany's non-domestic buildings: a new quantification method,Ortlepp R.; Gruhler K.; Schiller G.,2016,Building Research and Information,"The building sector consumes large quantities of resources and generates high levels of construction and demolition (C&D) waste. From an ‘urban mining’ perspective, the building stock can be seen as a repository of natural resources. In order to manage this repository, evidence is needed on its quantity and dynamics. Although data exist for domestic buildings, little evidence exists for non-domestic buildings. A new method is presented to quantify the material stock of non-domestic buildings – based on the German building stock. The quantification process involves three steps: (1) material composition indicators (MCIs) are calculated with respect to various building types; (2) the country's total floor space is estimated and disaggregated; and (3) the total material stock is calculated. The main results are MCIs and the floor space for both domestic and non-domestic stocks, as well as the material mass in total. In Germany the total material mass of non-domestic buildings is approximately 6.8 billion tonnes, accounting for 44% of the entire building stock. The method can be adapted and validated for use in other countries. These results will assist both policy-makers and the construction industry to understand the potential for moving toward a more circular economy. © 2015 Informa UK Limited, trading as Taylor & Francis Group.",building stock; fixed assets; material composition indicators; material flow; non-domestic buildings; resource efficiency; urban mining,Construction industry; Floors; Building stocks; Fixed assets; Material compositions; Material Flow; Non-domestic buildings; Resource efficiencies; Buildings,10.1080/09613218.2016.1112096,Article,103,Scopus,2-s2.0-84947229163,,,SCOPUS_S3-1.csv
Temperature response functions for residential energy demand - A review of models,Fazeli R.; Ruth M.; Davidsdottir B.,2016,Urban Climate,"Climate is a major influence on residential energy demand and energy demand patterns. A better understanding of the link between climate and energy demand responses is crucial to improve energy forecasting outcomes and to evaluate the potential of climate change adaptation strategies. This paper reviews models of residential energy demand to temperature. We classify the models used in papers published in peer-reviewed journals and observe that the credibility of energy demand projections hinges in part on the assumption that the shape and type of the temperature response function is stationary. The evidence of acclimatization to warmer conditions may oppose this assumption. While the studies reviewed here only tested the impact of changes in the temperature thresholds and the shape of temperature response functions, a comprehensive understanding of changes in energy demand patterns and climate adaptation potentials requires knowledge of building stock turnover rates and associated changes in technology and behavioral responses of building occupants. These are not yet part of the standard repertoire of temperature-based demand models. (C) 2016 Elsevier B.V. All rights reserved.",Adaptation; Climate impacts; Heating degree days; Residential energy demand; Temperature response function,NATURAL-GAS CONSUMPTION; CLIMATE-CHANGE; ELECTRICITY DEMAND; ECONOMETRIC-ANALYSIS; IMPACTS; WEATHER; LOAD; ADAPTATION; BUILDINGS; METHODOLOGY,10.1016/j.uclim.2016.01.001,Article,70,Scopus; Web of Science,2-s2.0-84954271565,WOS:000409149500004,,SCOPUS_S3-1.csv; savedrecs.txt
How important are realistic building lifespan assumptions for material stock and demolition waste accounts?,Miatto A.; Schandl H.; Tanikawa H.,2017,"Resources, Conservation and Recycling","Accurate assessments of construction materials stocked in the built environment have received increased attention in the Industrial Ecology literature over the past few years. Many recent models that estimate building material inflows, stock accumulation and end-of-life waste, however, rely on simplistic assumptions about the lifespan of built infrastructure. While several probability distributions have been proposed (normal, Weibull, log-normal, and so on) there is no agreement on which model is best suited for modelling the accumulation of building material stock at urban and national levels. In this study we introduce an analysis of the hazard rate of buildings and discuss alternative distribution functions to model lifespan, testing the fit of five commonly used distributions to real data from the cities of Nagoya (Japan), Wakayama (Japan), and Salford (UK). The results highlight how cities with fast replacement rates are overall best modelled by right-skewed distributions, but single cohort levels express independent behaviours based on their characteristics. We investigate the sensitivity of a top-down stock accumulation model to the choice of different distributions and input parameters uncertainties. The results show that different lifespan distribution functions result in very similar overall stock accumulation at the national level, but have large impacts on calculated demolition waste flows. Differences are more pronounced for cities and the choice of a certain distribution will significantly affect the calculation of the average lifetime. Our results suggest that top-down national material stock accounts have high reliability, and are only weakly affected by the choice of one distribution over another. For cities, it is beneficial to use a distribution based on the characteristics of the buildings analysed, with regard to density and building characteristics. Stock accumulation research would profit from future bottom-up research into building lifespans to validate top-down estimation procedures. Crown Copyright (C) 2017 Published by Elsevier B.V. All rights reserved.",Buildings; Demolition; Distribution; Lifespan analysis; Material stock analysis; MFA; Modelling,Aichi; Chubu; England; Honshu; Japan; Kinki; Nagoya; Salford [England]; Salford [Salford (DST)]; United Kingdom; Wakayama [Kinki]; Wakayama [Wakayama (PRF)]; Building materials; Buildings; Demolition; Distribution functions; Models; Building characteristics; Different distributions; Distribution; Estimation procedures; Industrial ecology; Life span; Right-skewed distributions; Stock analysis; building; demolition; modeling; spatial distribution; waste; behavior; calculation; city; lifespan; model; profit; reliability; uncertainty; Weibull distribution; MATERIAL FLOW-ANALYSIS; METABOLIC TRANSITION; DYNAMICS; RENOVATION; INDICATORS; TRENDS; CHINA; URBAN,10.1016/j.resconrec.2017.01.015,Article,126,Scopus; Web of Science,2-s2.0-85013152643,WOS:000401881300014,,SCOPUS_S3-1.csv; savedrecs.txt
Quantification of future availabilities of recovered wood from Austrian residential buildings,Kalcher J.; Praxmarer G.; Teischinger A.,2017,"Resources, Conservation and Recycling","In recent years, recovered wood that arises from the demolition of buildings has become a demanded raw material for the production of particleboards and energy. Similarly, several statistics and studies have demonstrated that timber was an important building material during the so-called ""Wilhelminian time"" and that its use has been increasing since the 1980s. We therefore assume that a considerable volume of timber is contained in the Austrian building stock that serves as a potential raw material. A central question that needs to be addressed in this context is what volumes of timber can be expected to arise from the demolition of residential buildings in the coming years. To answer this question, a generic dynamic material flow analysis model presented by Muller, (2005) is adapted to data available on the Austrian building stock and the timber contained. With the help of this model, different scenarios on the development of the timber contained in the Austrian building stock and its input and output flows are developed and presented for the years 2012-2100. The standard scenario shows that (1) the volume of timber stored in the building stock will increase steadily from approx. 32 M m(3) to approx. 50 M m(3), and (2) the input of timber follows a wavelike behaviour within the frame of approx. 550,000 to approx. 750,000 m(3)/a. Furthermore, (3) the output of timber will increase slightly during the first two thirds of the period considered and indicates a steeper increase for the remaining period, subsequently rising from approx. 350,000 m(3) to approx. 650,000 m(3) in 2100. (C) 2016 Elsevier B.V. All rights reserved.",Building stock; Demolition waste; Material flow analysis; Recovered wood; Secondary resources; Timber construction,Austria; Demolition; Housing; Recovery; Timber; Wooden construction; Building stocks; Demolition wastes; Material flow analysis; Secondary resources; Timber construction; building; demolition; material flow analysis; timber; waste; wood; Article; building industry; building material; dynamic material flow analysis model; futurology; information processing; nonbiological model; quantitative analysis; recycling; residential area; volume; Buildings,10.1016/j.resconrec.2016.09.001,Article,46,Scopus; Web of Science,2-s2.0-85028256403,WOS:000403635900014,,SCOPUS_S3-1.csv; savedrecs.txt
Reconstitution of the dynamics of an urban building stock,Aksözen M.; Hassler U.; Kohler N.,2017,Building Research and Information,"What are the patterns and influences on the lifespan of the building stock? This paper presents (1) the reconstitution of an urban building stock composed of more than 60 000 buildings, (2) the analysis of the development of this stock over a period of 180 years (constructions and demolitions), and (3) the analysis of building mortality patterns and reasons for demolition resulting from historic decisions and regimes. A method to reconstitute the stock from different data sources is presented. The mortality models take into account not only the present demolition rates and the age distribution of the ‘survivors' but also the disappeared buildings. The main results are new insights into the lifespan behaviour of buildings according to their period of construction (cohorts) as well as the reasons for demolition. The demolitions do not show specific explanation patterns, but changing influences of the construction activities over time. The average demolition age of all buildings in Zurich, Switzerland, decreased from over 200 years to fewer than 70 years. A total of 18 000 buildings have been demolished over the 180-year period. The presented methods and results can be integrated in multidimensional geographical information systems (GIS) as comprehensive planning, scenario and regulatory tools. © 2016 Informa UK Limited, trading as Taylor & Francis Group.",age; building stock; cities; data collection; demolition; lifespan; lifetime; longitudinal analysis; planning; stock dynamics; urban dynamics,Construction industry; Demolition; Geographic information systems; Planning; Building stocks; cities; Data collection; Life span; lifetime; Longitudinal analysis; Stock dynamics; Urban dynamics; Buildings; NORWAY DWELLING STOCK; CONSTRUCTION; RENOVATION; MORTALITY,10.1080/09613218.2016.1152040,Article,54,Scopus; Web of Science,2-s2.0-84962050652,WOS:000395584500001,,SCOPUS_S3-1.csv; savedrecs.txt
Urban Mining: Visualizing the Availability of Construction Materials for Re-use in Future Cities,A. Von Richthofen; W. Zeng; S. Asada; R. Burkhard; F. Heisel; S. M. Arisona; S. Schubiger,2017,2017 21st International Conference Information Visualisation (IV),"This paper presents a method and case study to visualize the urban stock of materials and its availability for use in building future cities. Re-using material from existing buildings for new buildings can be seen as a source for construction materials in times of depleting natural resources. The authors explain the concept of ""urban mining"" and the challenges, such as ""How much resources are available in a city? Today? In the near future?"" We explore what data are needed to answer the questions, and then discuss how to best visualize the data in an effective and intuitive way. We apply the concept to an exemplary real-world district in Singapore that is in transformation. Then, we discuss features of a visual tool prototype and explain the thinking behind the design, e.g., how the spatial and temporal dimensions can be presented. Lastly, we conclude the paper with an outlook of future challenges. The paper presents a multi-disciplinary approach with researchers from computer science, architecture, graphic design and material science, and contributes to the discussion of how to visualize knowledge and plan sustainable future cities.",urban mining;visual analytics;knowledge visualization;information visualization;future cities;sustainable cities,Data visualization; Urban areas; Tools; Prototypes; Concrete; Geometry,10.1109/iV.2017.34,IEEE Conferences,7,IEEE Xplore,,,IEEE Conferences,IEEE_S3-1_merged_deduplicated_raw.csv
A Probabilistic Dynamic Material Flow Analysis Model for Chinese Urban Housing Stock,Cao Z.; Shen L.; Zhong S.; Liu L.; Kong H.; Sun Y.,2018,Journal of Industrial Ecology,"The stock-driven dynamic material flow analysis (MFA) model is one of the prevalent tools to investigate the evolution and related material metabolism of the building stock. There exists substantial uncertainty inherent to input parameters of the stock-driven dynamic building stock MFA model, which has not been comprehensively evaluated yet. In this study, a probabilistic, stock-driven dynamic MFA model is established and China's urban housing stock is selected as the empirical case. This probabilistic dynamic MFA model has the ability to depict the future evolution pathway of China's housing stock and capture uncertainties in its material stock, inflow, and outflow. By means of probabilistic methods, a detailed and transparent estimation of China's housing stock and its material metabolism behavior is presented. Under a scenario with a saturation level of the population, urbanization, and living space, the median value of the urban housing stock area, newly completed area, and demolished area would peak at around 49, 2.2, and 2.2 billion square meters, respectively. The corresponding material stock and flows are 79, 3.5, and 3.3 billion tonnes, respectively. Uncertainties regarding housing stock and its material stock and flows are non-negligible. Relative uncertainties of the material stock and flows are above 50%. The uncertainty importance analysis demonstrates that the material intensity and the total population are major contributions to the uncertainty. Policy makers in the housing sector should consider the material efficiency as an essential policy to mitigate material flows of the urban building stock and to lower the risk of policy failures. © 2017 by Yale University",China; dynamic MFA; housing stock; industrial ecology; probabilistic model; uncertainty analysis,China; Efficiency; Housing; Metabolism; Physiology; Housing stock; Industrial ecology; Material efficiency; Probabilistic dynamics; Probabilistic methods; Probabilistic modeling; Relative uncertainty; industrial ecology; material flow analysis; numerical model; policy making; uncertainty analysis; urban housing; urban policy; urban population; urbanization; Uncertainty analysis; NORWEGIAN DWELLING STOCK; TOTAL FERTILITY RATE; BUILDING STOCK; MATERIALS DEMAND; EMISSION FACTORS; ENERGY; CONSTRUCTION; UNCERTAINTY; PROJECTIONS; COUNTRIES,10.1111/jiec.12579,Article,66,Scopus; Web of Science,2-s2.0-85018534074,WOS:000429716700011,,SCOPUS_S3-1.csv; savedrecs.txt
Evaluation of Modeling Approaches to Determine End-of-Life Flows Associated with Buildings: A Viennese Case Study on Wood and Contaminants,Džubur N.; Laner D.,2018,Journal of Industrial Ecology,"Dynamic material flow analysis enables the forecasting of secondary raw material potential for waste volumes in future periods, by assessing past, present, and future stocks and flows of materials in the anthroposphere. Analyses of waste streams of buildings stocks are uncertain with respect to data and model structure. Wood construction in Viennese buildings serve as a case study to compare different modeling approaches for determining end-of-life (EoL) wood and corresponding contaminant flows (lead, chlorine, and polycyclic aromatic hydrocarbons). A delayed input and a leaching stock modeling approach are used to determine wood stocks and flows from 1950 until 2100. Cross-checking with independent estimates and sensitivity analyses are used to evaluate the results’ plausibility. In the situation of the given data in the present case study, the delay approach is a better choice for historical observations of EoL wood and for analyses at a substance level. It has some major drawbacks for future predictions at the goods level, though, as the durability of a large number of historical buildings with considerably higher wood content is not reflected in the model. The wood content parameter differs strongly for the building periods and has therefore the highest influence on the results. Based on this knowledge, general recommendations can be derived for analyses on waste flows of buildings at a goods and substance level. © 2017 by Yale University",building stock modeling; contaminants; dynamic material flow analysis (MFA); end-of-life wood; industrial ecology; uncertainty analysis,Viet Nam; Buildings; Impurities; Polycyclic aromatic hydrocarbons; Raw materials; Sensitivity analysis; Waste management; Wood; Wooden construction; Building stocks; Dynamic materials; End of lives; Future predictions; Historical buildings; Historical observation; Industrial ecology; Secondary Raw Materials; historic building; industrial ecology; leaching; material flow analysis; modeling; pollutant; uncertainty analysis; wood; Uncertainty analysis; NORWAY DWELLING STOCK; CONSTRUCTION; DEMOLITION; RENOVATION; DYNAMICS; CYCLES; CHINA,10.1111/jiec.12654,Article,16,Scopus; Web of Science,2-s2.0-85029437298,WOS:000444953600015,,SCOPUS_S3-1.csv; savedrecs.txt
Towards a more circular construction sector: Estimating and spatialising current and future non-structural material replacement flows to maintain urban building stocks,Stephan A.; Athanassiadis A.,2018,"Resources, Conservation and Recycling","Humans are extracting and consuming unprecedented quantities of materials from the earth's crust. The construction sector and the built environment are major drivers of this consumption which is concentrated in cities. This paper proposes a framework to quantify, spatialise and estimate future material replacement flows to maintain urban building stocks. It uses a dynamic, stock-driven, and bottom-up model applied to the City of Melbourne, Australia to evaluate the status of its current material stock as well as estimated replacements of non-structural materials from 2018 to 2030. The model offers a high level of detail and characterises individual materials within construction assemblies for each of the 13 075 buildings modelled. Results show that plasterboard (7 175 t), carpet (7 116 t), timber (6 097 t) and ceramics (3 500 t) have the highest average annual replacement rate over the studied time period. Overall, replacing non-structural materials resulted in a significant flow of 26 kt/annum, 36 kg/(capita·annum) or 721 t/(km2·annum). These figures were found to be compatible with official waste statistics. Results include maps depicting which material quantities are estimated to be replaced in each building, as well as an age pyramid of materials, representing the accumulation of materials in the stock, according to their service lives. The proposed model can inform decision-making for a more circular construction sector. © 2017 Elsevier B.V.",Life cycle assessment; Maintenance; Material flow analysis; Melbourne; Urban metabolism; Urban mining,Australia; Melbourne; Victoria [Australia]; Construction industry; Decision making; Structural geology; 'current; Building stocks; Construction sectors; Life cycle assessment; Materials flow analysis; Melbourne; Non-structural materials; Urban buildings; Urban metabolisms; Urban mining; bottom-up approach; construction industry; construction material; decision making; life cycle analysis; material flow analysis; mining; resource use; urban area; age distribution; Australia; ceramics; decision making; flow measurement; human; life cycle assessment; metabolism; mining; statistics; Life cycle,10.1016/j.resconrec.2017.09.022,Article,212,Scopus,2-s2.0-85033407226,,,SCOPUS_S3-1.csv
"5th Applied Energy Symposium: Low Carbon Cities and Urban Energy Systems, CUE 2019",,2019,Energy Proceedings,The proceedings contain 79 papers. The special focus in this conference is on Low Carbon Cities and Urban Energy Systems. The topics include: LIFE CYCLE POLLUTION AND CLIMATE IMPACT FROM URBAN POWER SYSTEMS: A CASE STUDY OF FOUR MUNICIPALITIES IN CHINA; DEVELOPMENT OF A FRAMEWORK FOR DETERMINING THE OPTIMAL WINDOW SIZE FOR MAXIMIZING OCCUPANT PSYCHOLOGICAL SATISFACTION AND BUILDING ENERGY PERFORMANCE; ECONOMIC ANALYSIS OF DIFFERENT BUSINESS MODELS FOR ENERGY PROSUMERS: FOCUSING ON THE ROOFTOP SOLAR PV SYSTEM; OPERATION PLANNING FOR RESIDENTIAL BATTERY ENERGY STORAGE SYSTEM WITH THE PHOTOVOLTAIC SYSTEM IN TERMS OF LIFE-CYCLE COST; APPLYING BAYESIAN MODEL AVERAGING TO CHARACTERISE URBAN RESIDENTIAL STOCK TURNOVER DYNAMICS; LOW CARBON CITIES AND URBAN ENERGY SYSTEMS Editorial of Proceedings of The 5th Applied Energy Symposium: Low Carbon Cities & Urban Energy Systems (CUE 2019); A NOVEL HYBRID AIR-CONDITIONING SYSTEM COMBINED WITH SEA SPRAY AEROSOL REMOVAL DRIVEN BY LOW TEMPERATURE HEAT SOURCE; AN IMPROVED FAST DEMAND RESPONSE STRATEGY OF BUILDING HVAC SYSTEM WITH LOW COST MEASUREMENT SENSORS FOR SMART GRID APPLICATIONS; A REVIEW OF SMART ENERGY AND INTEGRATED ENERGY SERVICE BUSINESS MODEL; DEMAND RESPONSE FROM A PEER-TO-PEER ENERGY TRADING COMMUNITY; AN OPTIMIZED SYSTEM OF A COMBINED TRANS-CRITICAL CO2 REFRIGERATION AND MULTI EFFECT DESALINATION SYSTEM; GAME THEORY BASED OPTIMAL BATTERY POWER FLOW MANAGEMENT IN A PEER-TO-PEER ENERGY SHARING NETWORK; A NOVEL FAULT DIAGNOSIS METHOD FOR PV ARRAYS USING EXTREME GRADIENT BOOSTING CLASSIFIER; A NEW MODELING METHOD FOR PHOTOVOLTAIC MODULES BASED ON EXTREME LEARNING MACHINE AND I-V CURVES; CHINA'S PASSENGER TRANSPORT ENERGY DEMAND AND CO2 EMISSION SCENARIO ANALYSIS.,,,,Conference review,0,Scopus,2-s2.0-85203006797,,,SCOPUS_S3-1.csv
A spatial analysis of material stock accumulation and demolition waste potential of buildings: A case study of Padua,Miatto A.; Schandl H.; Forlin L.; Ronzani F.; Borin P.; Giordano A.; Tanikawa H.,2019,"Resources, Conservation and Recycling","This research employed a spatially explicit analysis to calculate the total material stock and demolition waste flows for Padua, a medium sized Italian city, for the period 1902–2007. The analysis of maps and aerial photographs allowed for the calculation of building lifespan, which grew until the second half of the twentieth century, but had a sharp decline during the 1990’s caused by a wave of urban renewal triggered by policies to improve the energy efficiency and remove asbestos from buildings. A detailed investigation of historical construction technologies allowed for the creation of a material inventory database by building typology and construction period, which was then used to calculate the total stock of buildings of Padua. Our results show that the historical city centre remained practically unaltered over the past century, and that most of the expansion happened at the city periphery. From 1902 to 2007 the stock of building materials grew from 134 to 209 tonnes per capita, and is expected to further increase to 222 tonnes per capita by 2030. We also implemented a model to estimate the waste potential from demolition activities using the total stock and expected lifespan as input parameters. We estimate that waste flows accounted for 985 kg per capita in 2007 and are expected to raise to 1.9 tonnes per capita in 2030. These results are informative for urban planners, especially those involved in fast urbanising regions (e.g. China, India), who can use these results as a benchmark of future stocks and waste flows. © 2018",Lifespan analysis; Material intensity; Material stock; Spatial analysis; Urban metabolism; Waste potential,Italy; Padova; Padua; Veneto; Antennas; Asbestos; Construction; Demolition; Image enhancement; Spatial variables measurement; asbestos; Building typologies; Construction period; Historical construction; Life span; Material inventories; Spatial analysis; Spatially explicit; Urban metabolisms; accumulation; building; construction industry; demolition; future prospect; spatial analysis; urban planning; waste disposal; waste management; Article; chemical composition; construction and demolition waste; controlled study; environment; environmental policy; geographic distribution; industrial waste; material composition; material stock; residential area; urban area; urbanization; waste potential; Energy efficiency; LIFE-CYCLE ASSESSMENT; SERVICE LIFE; DWELLING STOCK; URBAN; CONSTRUCTION; METHODOLOGY; GENERATION; TIME,10.1016/j.resconrec.2018.12.011,Article,133,Scopus; Web of Science,2-s2.0-85058557396,WOS:000457659400025,,SCOPUS_S3-1.csv; savedrecs.txt
"An Integrated Material Flows, Stakeholders and Policies Approach to Identify and Exploit Regional Resource Potentials",Volk R.; Müller R.; Reinhardt J.; Schultmann F.,2019,Ecological Economics,"Material flows in the construction and demolition (C&D) sector remain high in many countries. But, their changes or reductions are essential for successful circular economies. Existing material flow analyses do not cover regional characteristics, stakeholders and impacts of policy measures and interactions. We contribute a new, unprecedented way of integrating regional building and infrastructure material stock and flow modelling with stakeholders, policy measures, their impacts and mutual interactions. Stakeholders are considered with their objectives, influences, interactions, willingness to act, to cooperate or contribute to resource conservation. 31 policy measures are crystallized from literature and evaluated in two surveys regarding their expected impact, their bundling and temporal effects. The integrated bottom-up simulation model was tested for the federal state of Baden-Württemberg (Germany). The results show that until 2030 net stock piling can be expected and secondary raw materials from building stock will be sufficient to supply future recycling concrete production until 2030. Most effective policy measures are additional cost/taxes on primary resources, increased disposal fees and curriculae adaption. Bundling these leads to a combined RESPOT of 30.8%. The results are useful for political decision makers, educational institutions, disposal site operators as well as primary and secondary raw material extraction industries. © 2019 Elsevier B.V.",Construction and Demolition Sector; Material Flow Analysis; Policy Recommendations; Reduced Environmental Impact; Resource Efficiency; Stakeholder Analysis; Stakeholder Model,Baden-Wurttemberg; Germany; decision making; environmental impact; environmental policy; flow modeling; integrated approach; material flow analysis; model; resource use; stakeholder; CONSTRUCTION WASTE MANAGEMENT; DEMOLITION WASTE; BUILDING STOCK; URBAN CONSTRUCTION; GENERATION; CHINA; MODEL; IDENTIFICATION; SCENARIOS; DEMAND,10.1016/j.ecolecon.2019.03.020,Article,36,Scopus; Web of Science,2-s2.0-85064385268,WOS:000470049700030,,SCOPUS_S3-1.csv; savedrecs.txt
APPLYING BAYESIAN MODEL AVERAGING TO CHARACTERISE URBAN RESIDENTIAL STOCK TURNOVER DYNAMICS,Zhou W.; O’Neill E.; Moncaster A.; Reiner D.; Guthrie P.,2019,Energy Proceedings,"Building stock is a key determinant in building energy modelling and policy analysis. However, official statistics on total floor area of urban residential stock in China only exist up to 2006. Previous studies estimating Chinese urban residential stock size and energy use made various questionable methodological assumptions and only produced deterministic results. This paper presents a Bayesian approach to characterise the stock turnover dynamics and estimate stock size uncertainties. Firstly, a probabilistic dynamic model is developed to describe the building aging and demolition process governed by a hazard function specified by a parametric survival model. Secondly, with each of five candidate parametric survival models, the dynamic model is simulated through Markov Chain Monte Carlo (MCMC)to obtain posterior distributions of model-specific parameters, estimate marginal likelihood, and make predictions on stock size. Finally, Bayesian Model Averaging (BMA) is applied to create a model ensemble that combines the model-specific posterior predictive distributions of the stock evolution pathway in proportion to posterior model probabilities. This Bayesian modelling framework, and its results in the form of probability distributions of annual total stock and age-specific sub stocks, can provide a solid basis for further modelling and analysis of policy trade-offs across embodied-versus-operational energy consumption and carbon emissions of buildings in the context of sector ide transition towards decarbonising buildings. © 2019 CUE.",Bayesian Model Averaging; building stock; embodied energy; lifetime distribution; Markov Chain Monte Carlo; operational energy,,10.46855/energy-proceedings-6785,Conference paper,0,Scopus,2-s2.0-85203001949,,,SCOPUS_S3-1.csv
China's building stock estimation and energy intensity analysis,Huo T.; Cai W.; Ren H.; Feng W.; Zhu M.; Lang N.; Gao J.,2019,Journal of Cleaner Production,"Reliable and objective data regarding building stock is essential for predicting and analyzing energy demand and carbon emission. However, China's building stock data is lacking. This study proposes a set of China building floor space estimation method (CBFSM) based on the improved building stock turnover model. Then it measures China's building stocks by vintage and type from 2000 to 2015, as well as building energy intensity (national level and provincial level) and energy-efficient buildings. Results showed that total building stocks increased significantly, rising from 35.2 billion m(2) in 2000 to 63.6 billion m2 in 2015, with the average growth rate 4.0%. The deviations were well below 10% by comparing with China Population Census, which validated the reliability of CBFSM and the results. As for energy intensity, urban dwellings and rural dwellings showed relatively stable and increasing trend respectively. The commercial building energy intensity saw a downward trend during ""12th Five Year Plan"" period. This indicated the effectiveness of building energy efficiency work for commercial buildings since 2005.38.6 billion m(2) residential dwellings and 5.7 billion m(2) commercial buildings still need to be retrofitted in future. CBFSM can overcome shortages in previous studies. It can also provide Chinese government with technical support and data evidence to promote the building energy efficiency work. (C) 2018 Elsevier Ltd. All rights reserved.",Building energy consumption; Building stock; China; Commercial building; Provincial building energy intensity; Residential building,Energy policy; Energy utilization; Housing; Office buildings; Building energy; Building energy consumption; Building stocks; China; Commercial building; Residential building; Energy efficiency; MATERIAL FLOW-ANALYSIS; EMISSIONS; CONSUMPTION; DYNAMICS; SECTOR; OUTLOOK; URBAN,10.1016/j.jclepro.2018.10.060,Article,111,Scopus; Web of Science,2-s2.0-85056190173,WOS:000451105200067,,SCOPUS_S3-1.csv; savedrecs.txt
Dynamic Assessment of Construction Materials in Urban Building Stocks: A Critical Review,Göswein V.; Silvestre J.D.; Habert G.; Freire F.,2019,Environmental Science and Technology,"There is a lack of understanding on the different types of dynamics of building stocks, in real life and in models. Moreover, there is now a particular interest in the embodied impacts of construction materials, since with the increasing efficiency of buildings operation, embodied impacts gain more importance in the overall building life cycle. This critical review wants to advance the understanding of the type of dynamics, methods, and tools used. The well-known IPAT equation is adapted for building stocks and three dynamics are defined: Spatial, evolutionary temporal, and spatial-cohort dynamic. A framework is defined that can help researchers choose a method, tool, and dynamics of input parameters depending on their research goal, case study, and data. Moreover, generally valid conclusions are drawn, including MFA is useful to model spatially dynamic material flows; GIS is needed to include spatial dynamics. Retrofit, compared to construction and demolition, is understudied and usually analyzed through top-down methods. Material intensity and emission intensity are rarely modeled in a dynamic way. Overall, scholars seem to perform increasingly data intensive and complex studies tailored to a specific case study. However, there are big differences in the quality depending on the dynamic of input parameters. © 2019 American Chemical Society.",,Construction Materials; Building materials; Buildings; Dynamics; Life cycle; Building life cycle; Construction and demolition; Dynamic assessment; Dynamic materials; Emission intensity; Spatial dynamics; Top-down methods; Urban buildings; assessment method; building; construction material; efficiency measurement; GIS; literature review; urban area; built environment; dynamics; environmental sustainability; geographic information system; greenhouse gas; land use; life cycle; Review; building material; Construction; LIFE-CYCLE ASSESSMENT; MATERIAL FLOW-ANALYSIS; END-OF-LIFE; DEMOLITION WASTE; ENERGY ANALYSIS; ASSESSMENT LCA; BUILT ENVIRONMENT; DWELLING STOCK; METABOLISM; CITY,10.1021/acs.est.9b01952,Review,64,Scopus; Web of Science,2-s2.0-85071787551,WOS:000484644500003,,SCOPUS_S3-1.csv; savedrecs.txt
Dynamic modeling of stock and flow in an urban residential building system: A case study of Beijing,Shoujuan T.; Lixiao Z.; Yan H.; Qiance L.; Yupcng L.; Ji H.,2019,Shengtai Xuebao,"Accumulation and renovation of ground buildings are the typical characteristics and inevitable results of the urbanization process. The resources and environmental pressure associated with energy and material flows between the urban building system and hinterland environment make building system a hot issue in the field of urban metabolism research. Systematic modeling of urban building flow-stock dynamics and related resources and environmental response are of great significance for macro-management such as urban spatial planning, urban resource management, and waste disposal. Using Beijing as the case city, we established a dynamic model for stock and flow of the urban residential building system with the STELLA modeling platform. The dynamic interval between the demand for steel and amount of demolition waste generated under different management scenarios was quantitatively simulated. The simulation results are as follows; ( 1 ) In the baseline scenario, the construction flow of residential buildings in Beijing increased rapidly, reaching a peak of 30.24 million m"" in 2005; the demolition flow will peak in around 2057, with a demolition floor area of 20.73 million m"". The highest value of the urban residential building stock will appear around 2075 , with an area of 751 million m∗. ( 2) If the per capita floor area reaches 45 m"", the total steel demand will increase by 32.52 million tons in the next SI years (2019- 2100) ; if the lifespan of residential buildings is prolonged to the design lifetime, the total steel demand will decrease by 30.23 million tons in the same period. (3) In the baseline scenario, large-area scenario, and long lifespan scenario, the peak value of demolition waste is 0.029 billion tons, 0.039 billion tons, and 0.020 billion tons, respectively. These results shed light for policy makers to take prompt action and improve reuse and treatment levels of building demolition waste in the future. © 2019 Science Press. All Rights Reserved.",Residential buildings; Stella; Stock-flow; System dynamics model; Urban metabolism,Beijing [China]; China; building; environmental response; policy making; spatial planning; urban planning; urban population; urbanization,10.5846/stxb201809131977,Article,8,Scopus,2-s2.0-85063331564,,,SCOPUS_S3-1.csv
Estimating lifetimes and stock turnover dynamics of urban residential buildings in China,Zhou W.; Moncaster A.; Reiner D.M.; Guthrie P.,2019,Sustainability (Switzerland),"Building lifetime and stock turnover are both key determinants in modelling building energy and carbon. However in China, aside from anecdotal claims that urban residential buildings are generally short-lived, there are no recent official statistics, and empirical data are extremely limited. We present a system dynamics model where survival analysis is used to characterise the dynamic interplay between new construction, aging, and demolition of residential buildings in urban China. The uncertainties associated with building lifetime were represented using aWeibull distribution, whose shape and scale parameters were calibrated based on official statistics on floor area up to 2006. The calibratedWeibull lifetime distribution allowed us to estimate the dynamic stock turnover of Chinese urban residential buildings for 2007 to 2017. We find that the average lifetime of urban residential buildings was around 34 years, and the overall residential stock size reached 23.7 billion m2 in 2017. The resultant age-specific sub-stocks provide a baseline for the overall stock, which-along with the calibratedWeibull lifetime distribution-can be used in further modelling and for analysis of policies to reduce the whole-life embodied and operational energy and CO2 emissions in Chinese residential buildings. © 2019 by the authors.",Building stock; Lifetime distribution; Survival analysis; System dynamics; building stock; survival analysis; lifetime distribution; system dynamics,building; carbon emission; demolition; estimation method; modeling; urban area; ENERGY DEMAND; CO2 EMISSIONS; LONG-TERM; DEMOLITION; CONSTRUCTION; SCENARIOS; OUTLOOK; SECTOR; IMPACT; FLOWS,10.3390/su11133720,Article,35,Scopus; Web of Science,2-s2.0-85068700775,WOS:000477051900210,,SCOPUS_S3-1.csv; savedrecs.txt
Estimating urban residential building-related energy consumption and energy intensity in China based on improved building stock turnover model,Huo T.; Ren H.; Cai W.,2019,Science of the Total Environment,"Accurate estimation of urban residential building-related energy consumption (URBEC) and energy intensity per unit floor area at the national level has significant implications for the analysis of carbon emission peaks. However, reliable data on China's building floor space (BFS) are lacking, resulting in unclear energy intensity levels. This study proposes a China BFS estimation method (CBFSEM) based on improved building stock turnover model. Using CBFSEM, it estimates the BFS of historic urban dwelling stock, the demolished and newly built dwelling from 2000 to 2015. It then estimates the corresponding energy consumption and intensity based on the obtained urban residential BFS data. Results showed that total URBEC in China increased dramatically from 217.1 Mtce in 2000 to 417.2 Mtce in 2015 with an average annual growth rate of 4.45%. China's total dwelling stock almost doubled, from 10.6 billion m(2) in 2000 to 27.4 billion m(2) in 2015 with an annual growth rate of 6.56%. The operational energy consumption accounted for approximately 70% of total URBEC and the buildingmaterial production energy intensity was the highest in total URBEC, >60 kgce/m(2). A comparison with the China Population Census showed that the deviations were well below 8%, which indicated the reliability of the CBFSEM and the estimated results. In general, this study fills the gap in available data and addresses the shortage of estimationmethods for BFS and energy intensity. It also provides the government with technical support and scientific evidence to promote building energy efficiency. (C) 2018 Elsevier B.V. All rights reserved.",Building energy consumption; Building energy intensity; Building stock turnover model; China; Urban residential building-related energy consumption,China; Energy conservation; Energy efficiency; Estimation; Floors; Growth rate; Housing; Building energy; Building energy consumption; Building stocks; Urban residential buildings; comparative study; construction material; energy efficiency; energy use; estimation method; growth rate; residential location; urban area; analytic method; Article; building; conceptual framework; energy; energy yield; government regulation; mathematical computing; physical parameters; population research; population size; priority journal; reliability; residential home; urban population; validation process; Energy utilization; LIFE-CYCLE ENERGY; USE STEEL STOCK; CARBON EMISSIONS; CO2 EMISSIONS; CONSTRUCTION; SECTOR; IMPACT,10.1016/j.scitotenv.2018.09.008,Article,128,Scopus; Web of Science,2-s2.0-85053015025,WOS:000447092700045,,SCOPUS_S3-1.csv; savedrecs.txt
Integrating Dynamic Material Flow Analysis and Computable General Equilibrium Models for Both Mass and Monetary Balances in Prospective Modeling: A Case for the Chinese Building Sector,Cao Z.; Liu G.; Zhong S.; Dai H.; Pauliuk S.,2019,Environmental Science and Technology,"                             Integrated Assessment Models based on Computable General Equilibrium (IAM/CGE) and dynamic Material Flow Analysis (dynamic MFA) are two most widely used prospective model families to assess large-scale and long-term socioeconomic metabolism (SEM) and inform sustainable SEM transition. The latter approach could complement the former by a more explicit understanding of service provision, in-use stocks, and material cycles in a mass balanced framework. In this paper, we demonstrated this by integrating the dynamic MFA and CGE model approaches for the Chinese building sector from 2012 to 2030. Our results revealed the impacts of building stock dynamics on sectoral and economy-wide CO                             2                              emissions: lower service saturation levels and later saturation time of building stock development could free up investment on buildings and accumulatively save up to 25.4 Gt in embodied CO                             2                              emissions of the building construction sector, representing a 2.7-fold of 2012 countrywide CO                             2                              emissions. However, the save-ups are partly compensated by an increase of embodied CO                             2                              emissions in the other sectors due to economy-wide rebound effect (ca. 18.8 Gt or about 74%). The integrated model we developed could help ensure both mass and monetary balances, explore rebound effects in prospective modeling, and thus better understand the economy-wide consequences of infrastructure development.                          © 2018 American Chemical Society.",,Prospective Studies; China; Buildings; Carbon dioxide; Construction industry; Economics; Investments; carbon dioxide; Building construction; Computable general equilibrium; Computable general equilibrium model; Infrastructure development; Integrated assessment models; Integrated modeling; Service provisions; Socioeconomic metabolisms; building construction; carbon emission; economic conditions; environmental economics; infrastructural development; numerical model; Article; carbon footprint; computable general equilibrium; conceptual framework; dynamic material flow analysis; dynamics; economic development; flow measurement; human; mathematical model; rebound; scanning electron microscopy; simulation; prospective study; Economic and social effects; IN-USE STOCKS; ENVIRONMENTAL IMPACTS; INDUSTRIAL ECOLOGY; ALUMINUM; CONSUMPTION; EMISSIONS; ECONOMY; FUTURE; METABOLISM; EVOLUTION,10.1021/acs.est.8b03633,Article,40,Scopus; Web of Science,2-s2.0-85058889571,WOS:000455076600024,,SCOPUS_S3-1.csv; savedrecs.txt
Residential building material stocks and component-level circularity: The case of Singapore,Arora M.; Raspall F.; Cheah L.; Silva A.,2019,Journal of Cleaner Production,"                             The residential built environment plays a crucial role in supporting many human activities. In urban areas however, high-rise residential buildings require significant investment of material resources, which are stacked for a long time over the building's lifetime. Assessing the Material Stock (MS) of buildings has been the focus of several studies for insights into in-use materials and their potential availability as secondary resources. The study of material circularity, or the potential to reuse materials emerging from end-of-life buildings, has so far been mostly limited to metals. This study argues that material stock analysis at individual material or material categories e.g. mineral, or metals, need to be complemented with building component stock estimations to enhance the potential for secondary resource recovery. Based on a bottom-up stock analysis approach, we estimate both the material and component stock of public housing developments in the city-state of Singapore and associated annual in- and out-flows. Results show that public housing in this city, which accommodates over 80 percent of its residents, accounts for 125.7 million tons of non-metallic minerals, 6.52 million tons of steel, 6.45 million windows, 8.61 million doors, 1.97 million toilet accessories, 15.33 million lighting fixtures, 0.99 million kitchen accessories (such as cookstove, kitchen cabinets) and 52.54 million m                             2                              of tiles. The average stock of materials for these residential buildings is estimated at 27.4 tons of non-metallic minerals per capita and 1.4 tons of steel per capita. The average annual inflow of materials has been estimated to be 1.94 million tons for concrete and 0.1 million tons of steel, with a considerably low outflow of 0.31 million tons concrete and 0.02 million tons of steel, implying growth in these material stocks. This study provides a methodological approach to quantify building material and component stock and flows, which can be used by policy makers, urban planners and designers to consider responsible resource consumption. In particular, material and component stock estimations like that reported in this study contribute towards component-level circularity in the built environment.                          © 2019 Elsevier Ltd",Built environment; Circular economy; Material flow analysis; Urban metabolism,Building components; Concretes; Economics; Kitchens; Metal analysis; Metal recovery; Metals; Minerals; Secondary recovery; Tall buildings; Built environment; Circular economy; End-of-life buildings; High rise residential building; Material flow analysis; Methodological approach; Resource consumption; Urban metabolisms; Housing,10.1016/j.jclepro.2019.01.199,Article,97,Scopus,2-s2.0-85060475648,,,SCOPUS_S3-1.csv
Towards inclusive urban building energy models: Incorporating slum-dwellers and informal settlements (IN-UBEMs),Janda K.B.; Johnson C.; Lemaire X.; Fennell P.; Tomei J.,2019,Eceee Summer Study Proceedings,"Urban building energy models (UBEMs) are emerging as a data-driven method for predicting energy consumption and assessing the impacts of policies aimed at reducing carbon emissions in cities. To date, the majority of these models have been developed for cities in the global north where urbanisation rates are relatively slow, the building stock turnover is low and data are relatively easy to obtain. As their use expands, they are being applied in faster-growing urban areas in the global south, where considerable investment is planned in capital infrastructure. This paper focuses on slums, which include populations that are hard to reach, underserved by current energy systems, and largely absent from UBEMs. It asks: what are the social, economic, and environmental implications of excluding slum dwellers and informal settlements from UBEMs used for policy development? If existing UBEMs do not adequately capture the needs of low-income urban residents, then planning decisions based on these models risk both carbon lock-in and deepening poverty for already marginalised groups. To redress these problems, this paper considers three key questions: • How informal settlements and low-income groups have been represented in UBEMs to date and the potential implications of their exclusion • The politics, norms and behaviours of energy supply and demand within informal settlements • What issues should be explored to integrate these marginalized housing groups within UBEMs. In conclusion, it calls for additional social science research to reduce the impacts of exclusion and to co-produce new methodologies with energy modellers. Future steps include fostering ongoing engagement with both expert and non-expert populations to facilitate citizen participation in evidence-based planning decisions. © 2019 European Council for an Energy Efficient Economy. All rights reserved.",Cities; Energy model; Equity; Inclusion; Urban planning,Carbon; Economics; Energy efficiency; Energy utilization; Housing; Investments; Building energy model; City; Data-driven methods; Energy; Energy model; Energy-consumption; Equity; Informal settlements; Low incomes; Urban buildings; Urban planning,,Conference paper,10,Scopus,2-s2.0-85085195924,,,SCOPUS_S3-1.csv
Tracking Construction Material over Space and Time: Prospective and Geo-referenced Modeling of Building Stocks and Construction Material Flows,Heeren N.; Hellweg S.,2019,Journal of Industrial Ecology,"Construction material plays an increasingly important role in the environmental impacts of buildings. In order to investigate impacts of materials on a building level, we present a bottom-up building stock model that uses three-dimensional and geo-referenced building data to determine volumetric information of material stocks in Swiss residential buildings. We used a probabilistic modeling approach to calculate future material flows for the individual buildings. We investigated six scenarios with different assumptions concerning per-capita floor area, building stock turnover, and construction material. The Swiss building stock will undergo important structural changes by 2035. While this will lead to a reduced number in new constructions, material flows will increase. Total material inflow decreases by almost half while outflows double. In 2055, the total amount of material in- and outflows are almost equal, which represents an important opportunity to close construction material cycles. Total environmental impacts due to production and disposal of construction material remain relatively stable over time. The cumulated impact is slightly reduced for the wood-based scenario. The scenario with more insulation material leads to slightly higher material-related emissions. An increase in per-capita floor area or material turnover will lead to a considerable increase in impacts. The new modeling approach overcomes the limitations of previous bottom-up building models and allows for investigating building material flows and stocks in space and time. This supports the development of tailored strategies to reduce the material footprint and environmental impacts of buildings and settlements. © 2018 The Authors. Journal of Industrial Ecology, published by Wiley Periodicals, Inc., on behalf of Yale University.",building material; construction and demolition waste; geographic information systems (GIS); industrial ecology; life cycle assessment (LCA); material flow analysis (MFA),Construction; Demolition; Environmental impact; Floors; Geographic information systems; Life cycle; Waste disposal; Construction and demolition waste; Industrial ecology; Insulation materials; Life Cycle Assessment (LCA); Material flow analysis; New constructions; Probabilistic modeling; Residential building; building; construction material; environmental impact; GIS; industrial ecology; life cycle analysis; material flow analysis; stock assessment; tracking; Building materials; LIFE-CYCLE ASSESSMENT; ENVIRONMENTAL-IMPACT; DWELLING STOCK; LCA; RENOVATION; DYNAMICS; CONCRETE; SYSTEMS; ENERGY,10.1111/jiec.12739,Article,198,Scopus; Web of Science,2-s2.0-85043264886,WOS:000459917300019,,SCOPUS_S3-1.csv; savedrecs.txt
Unravelling the mystery of Chinese building lifetime: A calibration and verification based on dynamic material flow analysis,Cao Z.; Liu G.; Duan H.; Xi F.; Liu G.; Yang W.,2019,Applied Energy,"Building lifetime is a crucial parameter for modelling building stock's turnovers and related dynamics of embodied and operational energy demand. However, it is poorly characterized and often based on assumptions (especially for developing countries such as China), because no or few empirical data are available. Here we combined a top-down dynamic material flow analysis method with bottom-up information (i.e., age profile of residential building stock, per capita residential floor area, and population) to calibrate the lifetimes of Chinese buildings from 1950 to 2015. We contrasted the top-down estimates with existing literature and primary data from on-site surveys to verify the plausibility of calibrated building lifetimes. We found an overall downward trend of building lifetimes during 1950–1989 and a gradual climb-up since 1990s. However, the present Chinese building lifetime appears still far below the design lifetime (50 years). Up to 2015, the floor areas of Chinese building stock has reached an enormous level of 64.7 billion m2; on the per capita basis, it has reached 30.5 and 15.7 m2 for residential and non-residential use, respectively. The yearly demolished floor areas have reached at a level of 1.6 billion m2. The improved building lifetimes can enhance our understanding of building stock's turnovers and vintage-based energy performance and thus help better characterize life cycle energy demand of building stocks and beyond. To further the use of the calibrated building lifetimes, modelers and data users should also be aware of the variable building lifetimes and have a structured overview of data sources and their inconsistency. © 2019 Elsevier Ltd",Building lifetime; Building stock; Calibration; China; Dynamic material flow analysis; Verification,China; Calibration; Developing countries; Energy management; Floors; Life cycle; Verification; Building stocks; Calibration and verification; Crucial parameters; Dynamic materials; Energy performance; Life cycle energies; Residential building stocks; architectural design; building; calibration; material flow analysis; performance assessment; Housing; ENERGY EFFICIENCY; MATERIALS DEMAND; CYCLE ASSESSMENT; CO2 EMISSIONS; STOCK; CONSTRUCTION; URBAN; DEMOLITION; SECTOR; MANAGEMENT,10.1016/j.apenergy.2019.01.106,Article,86,Scopus; Web of Science,2-s2.0-85060279154,WOS:000461262300035,,SCOPUS_S3-1.csv; savedrecs.txt
Building stock energy modelling in the UK: the 3DStock method and the London Building Stock Model,Steadman P.; Evans S.; Liddiard R.; Godoy-Shimizu D.; Ruyssevelt P.; Humphrey D.,2020,Buildings and Cities,"A brief history is provided of models of energy use in the UK building stock, with the focus on the non-domestic sector. This history leads to an account of the development, since 2009, of the 3DStock method for modelling complete building stocks, both domestic and non-domestic. The paper explains how 3DStock models are built and the data sources used. Special emphasis is placed on the relationship of premises (the floorspace occupied by organisations) to buildings. Energy use may be metered at the level of premises, buildings or groups of buildings. Representing the patterns in which premises relate to buildings is therefore crucial to the modelling process, and in particular to the precise measurement of energy intensities. Applications of 3DStock models in building science and policy tools are reviewed, including the London Building Stock Model (LBSM), delivered to the Greater London Authority (GLA) in 2020. This ‘digital twin’ can be used for the monitoring, simulation and analysis of the building stock. Implications for research and policy are discussed, particularly for energy epidemiology, density, high-rise buildings, retrofit potential, energy-use intensity and benchmarking. Data are in place to extend 3DStock modelling to the whole of England and Wales. Policy and practice relevance The models can be used to assess energy demand in large numbers of buildings in relation to a range of variables, including built form, age, construction and activities. Poorly performing buildings can be identified, and the potential for retrofit—including renewable technology installations—evaluated using the same variables plus information contained in Energy Performance Certificates (EPCs). Policies for addressing fuel poverty can be evaluated by making links to confidential socioeconomic data on occupants. In conjunction with a dynamic building energy-simulation tool, scenarios can be investigated for retrofit, the potential for renewables and issues in demand-side management. Additional uses are in the precise measurements of density and of the three-dimensional character of the urban fabric. There could be applications in public health, the modelling of indoor and outdoor air pollution, and the tracking of material flows. 3DStock models might also be integrated with digital twins of infrastructure systems and networks. © 2020 The Author(s).",big data; building stock; built form; cities; digital twin; energy model; geospatial; London; urban data,,10.5334/bc.52,Article,49,Scopus,2-s2.0-85110817250,,,SCOPUS_S3-1.csv
Developing a generic System Dynamics model for building stock transformation towards energy efficiency and low-carbon development,Zhou W.; Moncaster A.; Reiner D.M.; Guthrie P.,2020,Energy and Buildings,"Promoting the decarbonisation of buildings requires effective policy measures. An integral part of policy design is ex-ante evaluation of possible policy options and effects. System Dynamics, one of a range of potential modelling paradigms, emphasises the dynamic complexity arising from stock-and-flow structures, feedbacks, non-linearities and time lags of the system in question. It is therefore well placed to model building stock turnover dynamics and the associated energy use and carbon emissions, in order to conduct scenario analysis for policy evaluation. Previous efforts to employ System Dynamics based models in buildings in various national contexts are found to have some common fundamental structural and behavioural limitations. We present an improved formulation that includes both building stock dis aggregation and dynamics of energy-related retrofits. The model is characterised by greater transparency facilitating reproducibility and further improvements, high structural and functional flexibility for either extensions or reductions depending upon needs, and high generality and adaptability in diverse applications. It can be used as a stand-alone model or as part of a larger model for policy evaluation and scenario analysis exploring the transformation of building stock from improving energy efficiency and shifting towards low-carbon development. (c) 2020 Elsevier B.V. All rights reserved.",Aging chain; Building stock; Disaggregation; Energy retrofit; System Dynamics,Buildings; Carbon; Petroleum reservoir evaluation; System theory; Carbon emissions; Diverse applications; Dynamic complexity; Ex ante evaluation; Low-carbon development; Policy evaluation; Reproducibilities; Scenario analysis; Energy efficiency; CONSUMPTION,10.1016/j.enbuild.2020.110246,Article,32,Scopus; Web of Science,2-s2.0-85087428180,WOS:000571218800004,,SCOPUS_S3-1.csv; savedrecs.txt
Dynamic life cycle assessment of straw-based renovation: A case study from a Portuguese neighbourhood,Göswein V.; Pittau F.; Silvestre J.D.; Freire F.; Habert G.,2020,IOP Conference Series: Earth and Environmental Science,"Action is needed to mitigate climate change. As the building sector is one of the main contributors to energy consumption, renovation of existing buildings is a key strategy. However, for a drastic greenhouse gas emissions (GHG) reduction, sensible material solutions are required. Bio-based products seem to be a promising alternative thanks to carbon sequestration in the new biomass, which needs to be regrown for substitution. The conventional life cycle assessment (LCA) framework seems unsuited to model temporal emissions and carbon uptake of such solutions. Dynamic LCA (DLCA), which models temporal aspects, is more appropriate to evaluate the environmental performance of bio-based products. Moreover, the different dynamic drivers of urban building stocks should be included to allow for informed material choices. A new methodology is proposed, integrating DLCA with material flow analysis (MFA) considering a dynamic renovation rate. The global warming potential over time of the thermal retrofit of a Lisbon neighbourhood with a straw-based technology is assessed. The results highlight the importance of the end of life scenario, greatly influencing the results in the mid- to long term. Increased renovation rates can yield higher carbon storage benefits. However, if accompanied by technological solutions that rely on carbon intensive materials, e.g. finishing, this can lead to increased embodied carbon emissions in the transition period. © 2020 Institute of Physics Publishing. All rights reserved.",,Energy utilization; Environmental impact; Environmental management; Forestry; Gas emissions; Global warming; Greenhouse gases; Sustainable development; Bio-based products; Carbon sequestration; Environmental performance; Global warming potential; Life Cycle Assessment (LCA); Material flow analysis; Technological solution; Transition period; Life cycle,10.1088/1755-1315/588/4/042054,Conference paper,13,Scopus,2-s2.0-85097176418,,,SCOPUS_S3-1.csv
Energy and economic analysis of environmental upgrading of existing office buildings,Nguyen D.M.; Ding G.; Runeson G.,2020,Construction Economics and Building,"Over many decades, buildings have been recognised as a significant area contributing to the negative impacts on the environment over their lifecycle, accelerating climate change. In return, climate change also impacts on buildings with extreme heatwaves occurring more frequently and raising the earth’s temperature. The operation phase is the most extended period over a building’s lifespan. In this period, office buildings consume most energy and emit the highest amount of greenhouse gas pollution into the environment. Building upgrading to improve energy efficiency seems to be the best way to cut pollution as the existing building stock is massive. The paper presents an economic analysis of energy efficiency upgrade of buildings with a focus of office buildings. The paper identifies upgrading activities that are commonly undertaken to upgrade energy efficiency of office buildings and a case study of three office buildings in Sydney, Australia has been used to analyse the results. The upgrading activities can improve the energy performance of the case study buildings from 3 stars to 5 stars NABERS energy rating in compliance with the mandatory requirement in the Australian government’s energy policy. With the potential increase in energy price, energy efficiency upgrading will become more affordable, but currently, most of them, except solar panels and motion sensors show a negative return and would not be undertaken if they did not also contribute to higher rental income and an increased life span of the building. The upgrading discussed in the paper represent a potentially attractive alternative to demolition and building anew. © 2020 by the author(s).",Economic analysis; Energy efficiency; Energy upgrading; Existing office buildings; Upgrading activities,,10.5130/AJCEB.v20i4.7239,Article,5,Scopus,2-s2.0-85097422718,,,SCOPUS_S3-1.csv
Forecasting urban residential stock turnover dynamics using system dynamics and Bayesian model averaging,Zhou W.; O'Neill E.; Moncaster A.; Reiner D.M.; Guthrie P.,2020,Applied Energy,"Knowing the size of building stock is perhaps the most basic determinant in assessing energy use in buildings. However, official statistics on urban residential stock for many countries are piecemeal at best. Previous studies estimating stock size and energy use make various debateable methodological assumptions and only produce deterministic results. This paper presents a Bayesian approach to characterise stock turnover dynamics and estimate stock size uncertainties, applied here to China. Firstly, a probabilistic dynamic building stock turnover model is developed to describe the building aging and demolition process, governed by a hazard function specified by a parametric survival model. Secondly, using five candidate parametric survival models, the building stock turnover model is simulated through Markov Chain Monte Carlo to obtain posterior distributions of model-specific parameters, estimate marginal likelihood, and make predictions of stock size. Thirdly, Bayesian Model Averaging is applied to create a model ensemble that combines model-specific posterior predictive distributions of the recent historical stock evolution pathway in proportion to posterior model probabilities. Finally, the Bayesian Model Averaging model ensemble is extended to forecast future trajectories of residential stock development through 2100. The modelling results suggest that the total stock in China will peak around 2065, at between 42.4 and 50.1 billion m2. This Bayesian modelling framework produces probability distributions of annual total stock, age-specific substocks, annual new buildings and annual demolition rates. This can support future analysis of policy trade-offs across embodied-versus-operational energy consumption, in the context of sector-wide decarbonisation. © 2020 Elsevier Ltd",Bayesian model averaging; Building stock; China; Embodied energy; Lifetime distribution; Markov Chain Monte Carlo; Operational energy; System dynamics,China; Bayesian networks; Demolition; Economic and social effects; Energy policy; Energy utilization; Forecasting; Housing; Markov chains; Uncertainty analysis; Bayesian model averaging; Energy use in buildings; Markov Chain Monte-Carlo; Model probabilities; Official Statistics; Posterior distributions; Predictive distributions; Probabilistic dynamics; Bayesian analysis; demand-side management; demolition; energy efficiency; energy planning; forecasting method; residential energy; survival; Probability distributions; MATERIALS DEMAND; BUILDINGS; CONSTRUCTION; DEMOLITION; ENERGY; FLOWS,10.1016/j.apenergy.2020.115388,Article,19,Scopus; Web of Science,2-s2.0-85086582554,WOS:000565603800006,,SCOPUS_S3-1.csv; savedrecs.txt
Improving residential building efficiency with membranes over façades: The Mediterranean context,Cortiços N.D.,2020,Journal of Building Engineering,"In the EU-28, only 3% of the residential building stock is rated “A” on energy efficiency (EPDB; and according to EU guidelines and targets to 2050, renovation shall achieve 80% and the replacement the other 20%, which represent a 90% cut in GHG emissions considering 1990s values. In 2016, EU-28 households accounted for 24.5% of the total (final) energy consumed: 79.2% for indoor and water heating (94.1% from petroleum derivatives), and 0.3% for cooling (100% electric sources). The latter indicator has a potential increase of up to 8.7%, based on households' electricity consumption in 2015, 785 tWh/a, considering Global Warming predictions and air-conditioning market growth, supported by technological improvements and consequent technological price-cutting, stable economic growth, and low-rate fares. The research proposes the application of tensile membranes backed by mineral panels to wrap residential buildings. It adds a semi-opaque ventilated façade solution to the external cavity wall, mimicking traditional membranes used to shade sun-exposed streets in Southern Europe. This architectonic solution intends the renovation of “energetically” dated and degraded urban areas by seeking new environments and integration with newer urbanizations. The goal of this approach is to increase the residential stock efficiency by reducing the energy expenditure, GHG emissions, and maintenance operations while improving comfort and building lifespan. The proposed solution presents reliable economic results, as assessed by the Profitability Indicator (Energy Savings minus Investment), over a 30-year span: favoring inland and continental coastal cities and improving average performance by 62.23%. From a strictly financial perspective, the performance of the solution is modest at the islands’ seaside. © 2020 Elsevier Ltd",Building renovation; Energy savings; GHG emissions; Residential stock; Tensile membranes,Air conditioning; Economics; Global warming; Greenhouse gases; Heating; Housing; Investments; Economic growths; Electricity-consumption; Energy expenditure; Maintenance operations; Residential building; Residential building stocks; Residential stock; Technological improvements; Energy efficiency; ENERGY PERFORMANCE; VENTILATED FACADE; EXISTING BUILDINGS; SECTOR,10.1016/j.jobe.2020.101421,Article,21,Scopus; Web of Science,2-s2.0-85091631546,WOS:000588052000015,,SCOPUS_S3-1.csv; savedrecs.txt
"Low energy architecture and low carbon cities: Exploring links, scales, and environmental impacts",Pomponi F.; D’amico B.,2020,Sustainability (Switzerland),"Projected population growth and urbanization rates will create a huge demand for new buildings and put an unprecedented pressure on the natural environment and its limited resources. Architectural design has often focused on passive or low-energy approaches to reduce the energy consumption of buildings but it is evident that a more holistic, whole-life based mindset is imperative. On another scale, the movement for, and global initiatives around, low carbon cities promise to deliver the built environment of tomorrow, in harmony with the natural boundary of our planet, the societal needs of its human habitants, and the required growth for economic prosperity. However, cities are made up of individual buildings and this intimate relationship is often poorly understood and under-researched. This multi-scale problem (materials, buildings, and cities) requires plural, trans-disciplinary, and creative ways to develop a range of viable solutions. The unknown about our built environment is vast: the articles in this special issue aim to contribute to the ongoing global efforts to ensure our built environments will be fit for the challenges of our time. © 2020 by the authors. Licensee MDPI, Basel, Switzerland.",Building lifetime; Building stock; Carbon flux; Low carbon cities; Low energy buildings; Shelter; Sustainability transitions; low carbon cities; low energy buildings; sustainability transitions; shelter; building stock; building lifetime; carbon flux,BUILT ENVIRONMENT; CIRCULAR ECONOMY; SUSTAINABILITY,10.3390/su12219189,Editorial Material,6,Scopus; Web of Science,2-s2.0-85095691433,WOS:000589305000001,,SCOPUS_S3-1.csv; savedrecs.txt
Modelling global material stocks and flows for residential and service sector buildings towards 2050,Deetman S.; Marinova S.; van der Voet E.; van Vuuren D.P.; Edelenbosch O.; Heijungs R.,2020,Journal of Cleaner Production,"Residential buildings and service sector buildings have an important contribution to climate change, directly via energy use in these buildings and indirectly through construction activities and the production and disposal of buildings materials. In this paper, we introduce a model that looks at total global building stock for 26 regions between 1970 and 2050 and calculates the floor space and building materials both in new buildings and in demolished buildings. For residential buildings, we build upon the work of Marinova et al. (2019, this issue), who used a building material database to come up with scenarios for materials in the residential building stock. This paper adds two things. First, we introduce a new regression-based model for service building floor space, recognizing 4 different types of service-related buildings. Secondly, we use a dynamic stock model, based on lifetime distributions found in literature, to calculate the construction (inflow) and demolition (outflow) of building floor space for both residential and service-related purposes. We combine this with data from the building material database to come up with scenarios for the annual demand for construction materials worldwide as well as an estimation of the availability of waste materials after building demolition towards 2050. The model can thus be used to assess the potential for closing the material cycles in the construction sector, while distinguishing urban and rural areas explicitly. The results show that demand for construction materials will continue to increase in most regions, even in developed countries. Global demand for steel and cement for the building sector is estimated to be 769 Mt/yr and 11.9 Gt/yr respectively, by the end of the modelling period. This represents a respective growth of 31% and 14% compared to today. Drivers behind this are an expected growth of global residential building stock of about 50%, and a growth of about 150% in the building stock for services. Our model projects that by 2050, only 55% of construction-related demand for copper, wood and steel could potentially be covered by recycled building materials. For other materials the availability of scrap may be higher, reaching up to 71% of new demand in the case of aluminium. This means that in most regions urban mining cannot cover the growing demand for construction materials. (C) 2019 Published by Elsevier Ltd.",Building materials; Circular economy; Dynamic stock modelling; Floor space demand; Scenario assessment,Climate change; Construction; Construction industry; Demolition; Energy utilization; Floors; Housing; Scrap metal reprocessing; Circular economy; Construction activities; Floor space; Life-time distribution; Regression-based model; Residential building stocks; Scenario assessment; Service sector buildings; Building materials; IN-USE STOCKS; LIFE-CYCLE; CONSTRUCTION MATERIALS; ENERGY USE; ENVIRONMENTAL-IMPACT; CO2 EMISSIONS; STEEL; IRON; DYNAMICS; CHINA,10.1016/j.jclepro.2019.118658,Article,212,Scopus; Web of Science,2-s2.0-85074442416,WOS:000503739400084,,SCOPUS_S3-1.csv; savedrecs.txt
Pathways toward a carbon-neutral Swiss residential building stock,Roca-Puigròs M.; Billy R.G.; Gerber A.; Wäger P.; Müller D.B.,2020,Buildings and Cities,"Current policies to reduce energy consumption and CO2 emissions associated with buildings focus on technological developments such as energy efficiency, renovation rates and renewable energies. While technological developments are effective at mitigating climate change, the omission of lifestyle changes such as lower floor area per capita and indoor temperatures as well as disruptive measures (e.g. replacement of highly energy-consuming buildings) leave untapped potential for further savings. A dynamic stock-driven model is presented that quantifies direct energy consumption and direct CO2 emissions associated with the use phase of Swiss residential buildings. Eleven scenarios involving technological developments, lifestyle changes and disruptive measures are evaluated against relevant goals (Paris Agreement, Energy Strategy 2050 and 2000-Watt Society). Disruptive measures are modelled with a new combined lifetime-leaching approach. The scenario analysis indicates that the main leverage points for energy savings reside in lifestyle changes, whereas emission reductions can be highly levered by technological developments. Reaching all the goals is possible, but requires ambitious strategies. This study provides a basis for expanding the portfolio of climate change mitigation strategies for the residential building sector, although further research is needed to understand social, cultural and economic aspects, and indirect (embodied) emissions. Policy relevance Switzerland currently applies two policies in the building sector to reach the climate goals (Energy Strategy 2050, Paris Agreement and 2000-Watt Society). This study shows: (1) current policies (a CO2 levy on fossil fuels for heating and the Buildings Program subsidising renewable energies and energy-efficient renovations) are effective at lowering energy consumption and CO2 emissions, but insufficient to meet any of the goals; (2) reaching the Energy Strategy 2050 and Paris Agreement requires an extension of current policies and a complete phase-out of fossil fuels by 2050; and (3) achieving the 2000-Watt Society requires the measures described above, households heating only areas inside dwellings up to 20°C, and one of these three measures: (a) households living with 41 instead of 47 m2/cap, (b) increasing the renovation rate from 1.3% to 3.0%, and (c) replacing buildings consuming > 140 kWh/m2/yr. Further evaluations including social, cultural and economic aspects, and indirect energy consumption and embodied emissions are needed. © 2020 The Author(s).",building stock; climate change; combined lifetime-leaching approach; dynamic material flow analysis (MFA); mitigation strategies; scenario analysis; Switzerland; combined lifetime -leaching approach; dynamic material flow; analysis (MFA),ENERGY DEMAND; EMISSIONS; IMPACT; MODEL; PERFORMANCE; REDUCTIONS,10.5334/bc.61,Article,24,Scopus; Web of Science,2-s2.0-85117411469,WOS:001208106700002,,SCOPUS_S3-1.csv; savedrecs.txt
The co-evolution of business models and public policies in transitions - A system dynamics perspective,Kliem D.; Hügel K.; Scheidegger A.,2020,IOP Conference Series: Earth and Environmental Science,"The role of the construction and building sector as parts of national metabolism is prominent in national sustainability agendas. Growing building stocks require continuous input of concrete, containing natural resources, such as gravel and cement. The output of construction demolition waste and excavation materials constitutes a major material flow that is either recovered or disposed. This study simulates the dynamic interactions between the gravel sector and its governing public policies. We find that public policies and business strategies co-evolve towards lock-ins, creating barriers in the mineral construction material industry towards sustainable production and consumption practices. We find that the low-price elasticity of mineral construction materials requires nation-wide policy interventions to reduce the demand for land and improve material efficiency. Thereby, a significant contribution to SDG 11 and SDG 12 is possible. © 2020 Institute of Physics Publishing. All rights reserved.",,Building materials; Demolition; Gravel; Mineral industry; Public policy; Building sectors; Business strategy; Demolition wastes; Dynamic interaction; Excavation materials; Material efficiency; Policy intervention; Sustainable production; Sustainable development,10.1088/1755-1315/588/4/042031,Conference paper,3,Scopus,2-s2.0-85097134941,,,SCOPUS_S3-1.csv
A stochastic dynamic building stock model for determining long-term district heating demand under future climate change,Hietaharju P.; Pulkkinen J.; Ruusunen M.; Louis J.-N.,2021,Applied Energy,"District heating networks will face major changes on the demand side resulting from future demographic change, building energy efficiency improvements and climate change in cities. A stochastic dynamic building stock model was developed to investigate the impact of climate change and renovation strategies on district heat demand. The model was applied to a representative city in Finland comprising 3880 real buildings with hourly-resolution data, for which heat demand scenarios for buildings were simulated up to 2050 using results from global and regional climate change models. The novel stochastic dynamic building stock model utilises the real building stock as a basis and considers demolition, construction of new buildings and renovation of existing buildings. It is used in the precised dynamic heat demand model (mean MAPE 7.7%) to calculate the future heat demand. Model outputs indicated that early adoption of building renovation will decrease long-term energy consumption by 3% for every 0.5% increase in the renovation rate by 2050. Increasing the yearly renovation rate from the current 1% to 3% could reduce the district heat demand by 22% (range 19–28%). Early adoption of building renovation could reduce the relative peak load by 50% compared with late adoption. Climate change will reduce the overall heat demand for district heating but will increase the annual relative daily variation from 3.6% to 4.5%, meaning that the peaks in heat demand will be more visible. © 2021 The Author(s)",2050 strategy; District heating; Energy efficiency; Morphing technique; Renovation strategy; Stock driven model,Finland; Buildings; Climate change; Climate models; District heating; Energy utilization; Stochastic models; Stochastic systems; 2050 strategy; Building renovation; Building stocks; Energy; Heat demands; Morphing techniques; Renovation strategy; Stochastic dynamics; Stock driven model; Stock models; climate change; energy efficiency; future prospect; heating; long-term change; numerical model; stochasticity; Energy efficiency; RESIDENTIAL BUILDINGS; DWELLING STOCK; ENERGY DEMAND; WEATHER DATA; PERFORMANCE; RENOVATION; EMISSIONS; FINLAND,10.1016/j.apenergy.2021.116962,Article,33,Scopus; Web of Science,2-s2.0-85105850361,WOS:000663600100010,,SCOPUS_S3-1.csv; savedrecs.txt
Building stock dynamics and the impact of construction bubble and bust on employment in China,"Liu, QC Liu, LT Liu, XJ Li, SG Liu, G",2021,JOURNAL OF INDUSTRIAL ECOLOGY,"The rapid urbanization and building boom in China in the past decades provided not only massive residential and nonresidential floor space, but also millions of jobs especially for migrants from rural areas. However, such high-speed growth of building stocks is not expected to continue forever and its dynamics, especially declining, may affect the job market of the construction sector and further China's social stability. Here, we extended a dynamic material flow analysis (dMFA) model that characterized the building stocks and flows to forecast the province-level direct labor demand in construction, installation, and decoration in mainland China from 1950 to 2050. We show that as China's per capita building stocks start to saturate in the next decades, building inflow will decrease with a speed of 2.6-2.7 billion m(2)/year, corresponding to a decrease of direct construction employment by 2-3 million by 2050. The flow of migrant workers from Central South and Southwestern China to construction in the Southeastern coast of China will remain until 2050. Our results exemplify the usefulness of dMFA for labor demand forecasting and call for proper governmental plans and policies in advance to train migrant workers for new labor markets and potential re-employment in face of the construction bubble and bust.",building stock; China; construction sector; dynamic material flow analysis; industrial ecology; labor demand forecasting,MATERIAL FLOW-ANALYSIS; MANPOWER DEMAND; DEMOLITION; WASTE; MODEL,10.1111/jiec.13182,Article,17,Web of Science,,WOS:000685485000001,,savedrecs.txt
Determining the retrofit viability of Vancouver’s single-detached homes: an expert elicitation,McCarty J.; Scott A.; Rysanek A.,2021,Buildings and Cities,"The reduction in energy and emissions from the building sector can come from improved standards for new construction and retrofits to existing buildings. The retrofit viability for single-detached homes in Vancouver, Canada, is examined in terms of the key drivers and barriers involving economic and social forces. Local experts considered the likelihood of retrofits occurring to several archetypal dwellings that were synthesized from local building data and homeowner characteristics. The survey results (n = 56) raised less known but potentially significant issues regarding energy-efficiency retrofits in Vancouver. Domestic fuel switching, from fossil fuel energy services to electricity, is likely the most desirable future mechanism for decarbonizing homes. However, many of the respondents identified that Vancouver’s real estate market has a significant negative influence on retrofitting due to high land values, which results in a high demolition rate of existing homes. Only 46% of responses returned a view that an existing home would remain standing by 2050. In addition, 41% of responses expressed a doubt that the dwelling, whether existing or new, would achieve carbon neutrality by 2050. Both issues confront the City of Vancouver’s current emissions reduction planning, which has targeted near-complete decarbonization of the residential building stock by 2050. POLICY RELEVANCE New construction is expected to account for only 30% of the greenhouse gas emissions reduction in Vancouver’s building sector. The potential for deep retrofits of single detached houses appear to be unlikely due to current real estate market conditions involving several perceived disincentives, e.g. low financial payback, poor knowledge, transaction costs, and the opportunity cost of new construction. If the widespread retrofit of single detached houses is a goal for cities that have high land-to-building value ratios, then the alteration of current market conditions is necessary. A basket of coordinated policy measures can be deployed to counter current market forces and reduce the demolition of existing homes. Such measures could include retrofit and planning codes, energy labelling, innovative finance, and public education. © 2021 The Author(s).",Canada; expert elicitation; greenhouse gas (GHG) emissions; homeowners; real estate market; residential; retrofit; single-detached homes,ENERGY-EFFICIENT RETROFIT; DECISION-MAKING; FUTURE; INVESTMENTS; HOMEOWNERS; IMPACT; HEURISTICS; JUDGMENTS; CLIMATE; DESIGN,10.5334/bc.85,Article,9,Scopus; Web of Science,2-s2.0-85122430772,WOS:001208384900007,,SCOPUS_S3-1.csv; savedrecs.txt
Environmental modelling of building stocks – An integrated review of life cycle-based assessment models to support EU policy making,Röck M.; Baldereschi E.; Verellen E.; Passer A.; Sala S.; Allacker K.,2021,Renewable and Sustainable Energy Reviews,"Various environmental challenges, particularly the rising severity of the impacts of climate change, require a systematic shift in and decarbonization of the global economy. Due to their high environmental impacts, buildings and construction have a special role in decarbonization. Environmental modelling of building stock dynamics can help policy makers and inform decision making. This study presents a systematic review of both the latest scientific literature on environmental modelling of building stocks and related EU policy initiatives. Our findings illuminate the strengths and limitations of existing approaches as well as the potential of such modelling and the required directions for future development to provide effective policy support. Based on the assessment of 104 scientific papers, our study shortlisted and analysed 22 environmental building stock modelling approaches. While promising, these show various limitations on their effectiveness in supporting decarbonization efforts while avoiding burden shifting. Future building stock models should offer extended system boundaries and comprehensive life cycle assessment, improved hotspot analysis and impact monitoring across spatiotemporal scales. A long-term perspective on the entire building stock covering climate and other environmental impacts is needed, as outlined in the latest standards. By linking existing studies to related EU policy objectives, we identify various studies that investigate scenarios and strategies relevant to EU policy makers and highlight research gaps. Future research should enable comprehensive environmental assessment of building stocks across scales and emphasize the monitoring of multiple environmental impacts of building stock development to ensure compliance with environmental targets and minimization of trade-offs. © 2021 The Authors",Adaptation; Built environment; Embodied carbon; Embodied impacts; Energy retrofit; Environmental impacts; Environmental policy; European green deal; Life cycle analysis; Life cycle assessment (LCA); Material flow analysis; Mitigation; Policy support; Renovation wave; Scenario analysis; Spatial and temporal dynamics; Systematic literature review,Buildings; Carbon; Climate change; Decarbonization; Decision making; Economic and social effects; Environmental impact; Environmental protection; Public policy; Adaptation; Built environment; Embodied carbons; Embodied impact; Energy retrofit; Environmental policy; European green deal; Life cycle analysis; Life cycle assessment; Materials flow analysis; Mitigation; Policy support; Renovation wave; Scenarios analysis; Spatial dynamics; Systematic literature review; Temporal dynamics; Life cycle,10.1016/j.rser.2021.111550,Review,108,Scopus,2-s2.0-85112810474,,,SCOPUS_S3-1.csv
Framework to Develop Time- and Voltage-Dependent Building Load Profiles Using Polynomial Load Models,A. Parker; M. A. Alkrch; K. James; A. Almaghrebi; M. A. Alahmad,2021,IEEE Access,"The power consumption of buildings over the course of each minute, hour, day and season plays a major role in how this load influences the Electric Power System voltage and frequency, and vice versa. This consumption is based on the building’s load component types, efficiencies, and how they consume power and react to changes in real time. Due to this complexity, standard full-building load models are typically voltage-invariant. This paper proposes a novel framework to transform these voltage-invariant building load models into fully time- and voltage-dependent load profiles using available data on the voltage sensitivity of individual load components. While a voltage-dependent building model could theoretically be generated from static load models of every component in a building, this approach faces two challenges: first, load models representing all load components are impractical to develop for all possible load component types; second, building energy consumption is never measured or modeled at the individual component level. The proposed framework compiles available component data in the form of static ZIP load model parameters, and maps them into the end use categories utilized by standard building modeling programs. The voltage sensitivity of each end use category is then bounded by the extrema of the component models within it. This framework is applied to a load profile case study representing the aggregate U.S. residential building stock. In addition to the minimum/maximum conditions, a load profile based on typical load composition and weighted ZIP parameters is generated for the same building stock. The results show that for a 10% drop in voltage, using the least sensitive ZIP parameters, active power is expected to be 3% to 14% lower than nominal, depending on the season and time of day. Using the most sensitive ZIP parameters, the active power is expected to be 9% to 20% lower than nominal, also depending on the season and time of day.",Load model;load component;ZIP parameters;load profile;energy consumption,Load modeling; Buildings; Object oriented modeling; Analytical models; Voltage; Data models; Mathematical model,10.1109/ACCESS.2021.3112937,IEEE Journals,15,IEEE Xplore,,,IEEE Journals,IEEE_S3-1_merged_deduplicated_raw.csv
"Influence of material choice, renovation rate, and electricity grid to achieve a Paris Agreement-compatible building stock: A Portuguese case study",Göswein V.; Silvestre J.D.; Sousa Monteiro C.; Habert G.; Freire F.; Pittau F.,2021,Building and Environment,"The thermal retrofit of buildings plays a key role to limit global warming. However, the spatial and temporal dynamics of urban-scale renovation are not well understood. This paper proposes a new methodology that is based on a bottom-up building stock model. It links dynamic Material Flow Analysis with dynamic Life Cycle Assessment to include the temporal dynamics of emissions and renovation activity, and the spatial dynamics of the building stock. Alternative renovation scenarios for a Lisbon neighborhood are analyzed over the next 100 years. Thee scenarios include renovation rates, electricity grid transformation and material choice: Conventional renovation systems are compared to bio-based systems (using cork, wood and straw). A need-based prioritization of poorly insulated buildings is suggested and the effect of different energy grid transitions analyzed. The results show that bio-based systems, especially made with fast-rotation biomass, are beneficial regarding radiative forcing. The straw- and wood-based system (“TES”), combined with an increased renovation rate, result in a cumulative radiative forcing of −45.4 * 10−8 kW/m2 for embodied impacts in 2050, compared to 3.5* 10−8 kW/m2 with a conventional system and a business-as-usual renovation rate. A fast and radical transition of the energy grid is crucial to meet the carbon budget to limit global warming to 2 °C. © 2021 The Authors",Bottom-up; Cork; Dynamic LCA; Renovation; Straw; Timber,France; Ile de France; Paris; Portugal; Ville de Paris; Ochroma pyramidale; Atmospheric radiation; Budget control; Buildings; Dynamics; Electric power transmission networks; Global warming; Straw; Wood; Bio-based; Bottom up; Building stocks; Cork; Dynamic LCA; Electricity grids; Material choice; Renovation; Spatial dynamics; Temporal dynamics; building; electricity generation; energy efficiency; global warming; life cycle analysis; material flow analysis; neighborhood; straw; timber; Life cycle; BIOGENIC CARBON; ENERGY; MODEL; LCA; INSULATION; RELEVANCE; RETROFIT; CRADLE; SINK,10.1016/j.buildenv.2021.107773,Article,57,Scopus; Web of Science,2-s2.0-85102412820,WOS:000639158200002,,SCOPUS_S3-1.csv; savedrecs.txt
Investigating the spatiotemporal variability and driving factors of China’s building embodied carbon emissions,Bai J.; Qu J.,2021,Environmental Science and Pollution Research,"Rapid and large scale construction activities consume significant resources and make impacts on the environment. To support policy for emission reduction and route of low-carbon society development, this paper estimated building stocks and building embodied carbon emissions (BECEs) in China’s 31 provinces from 1997 to 2016 by material flow analysis (MFA). Furthermore, global and local Moran’s indices were employed to investigate the geographical clustering patterns, and temporal and spatial decomposition models were proposed to identify the driving forces. The results reveal the total BECEs has boomed from 9.67 billion tons in 1997 to 28.99 billion tons in 2016. BECEs in 31 provinces have experienced consistent increase but obvious differences in growth rate, and are spatially inclined to decrease from eastern coastal regions to western inland regions. The change of spatial agglomeration pattern is complex and variable. It presents that a long and narrow “H-L agglomeration” is located in the two northernmost provinces and the other 29 provinces enforce a sequence arrangement with an order of “H–H”, “L–H”, “H–L”, and “L–L” from east to west. Temporal decomposition results show that investment scale, economic level, and population density are the main driving forces for the increase of BECEs from both national and provincial levels, while the main reasons for the decrease are technical level and return on investment. Spatial decomposition results demonstrate that population density and provincial area are the main driving forces for the difference between provincial and national average, and others cause the difference among provinces. © 2021, The Author(s), under exclusive licence to Springer-Verlag GmbH, DE part of Springer Nature.",Building; Driving forces decomposition analysis; Embodied carbon emissions; Spatial and temporal distribution,Carbon; Carbon Dioxide; China; Investments; Population Density; Matthiola; carbon; carbon dioxide; agglomeration; carbon emission; decomposition analysis; economic conditions; environmental economics; material flow analysis; spatiotemporal analysis; investment; population density; DECOMPOSITION ANALYSIS; CO2 EMISSIONS; MATERIALS DEMAND; STOCK DYNAMICS; ENERGY DEMAND; LIFE-CYCLE; CONSTRUCTION; PERFORMANCE; MODEL,10.1007/s11356-020-11971-x,Article,17,Scopus; Web of Science,2-s2.0-85098783062,WOS:000604878400005,,SCOPUS_S3-1.csv; savedrecs.txt
Large potentials for energy saving and greenhouse gas emission reductions from large-scale deployment of zero emission building technologies in a national building stock,Sandberg N.H.; Næss J.S.; Brattebø H.; Andresen I.; Gustavsen A.,2021,Energy Policy,"High energy and material demand in the building sector causes large greenhouse gas (GHG) emissions. This sector needs large-scale technological improvements in the transition to a future low-emission society. Extensive research is carried out on highly energy-efficient and zero emission buildings (ZEB), but the new technologies slowly penetrate the market. Until now, no bottom-up studies have applied a dynamic building stock energy model at the national level to quantify effects of a large-scale ZEB introduction. Using the RE-BUILDS 2.0 model, we explore and extensively discuss the aggregated potential for energy and GHG emission savings in the Norwegian building stock towards 2050. A Baseline scenario is compared with two ZEB scenarios assuming introduction of the ZEB definition and ZEB technologies applied in the future new built and renovated buildings, with an increased ambition level over time. The results reveal a large potential for energy and GHG emission savings of ZEB deployment towards 2050. Hence, stricter future regulations and practice will have important aggregated effects. Due to the long lifetime of buildings and potential lock-in effects, it is urgent that ZEB policies are implemented if the climate change mitigation potential of the Norwegian building stock is going to be reached. © 2020 The Authors",Dynamic building stock modelling; Energy saving potential; GHG emission saving potential; Scenario analysis; ZEB transition; Zero emission building technologies,Norway; Air pollution; Buildings; Climate change; Emission control; Energy efficiency; Greenhouse gases; Building stocks; Building technologies; Dynamic building stock modeling; Energy savings potential; Greenhouse gas emission saving potential; Greenhouse gas emissions; Scenarios analysis; Zero emission building technology; Zero emission building transition; Zero emission buildings; building; emission control; energy conservation; environmental economics; greenhouse gas; scenario analysis; Gas emissions; RENOVATION; SCENARIO; DEMAND; FUTURE; HOUSES; MODEL; COST,10.1016/j.enpol.2020.112114,Article,87,Scopus; Web of Science,2-s2.0-85102243976,WOS:000636054400003,,SCOPUS_S3-1.csv; savedrecs.txt
"Material flows and GHG emissions from housing stock evolution in US counties, 2020–60",Berrill P.; Hertwich E.G.,2021,Buildings and Cities,"The evolution of housing stocks determines demand for construction materials and energy, and associated emissions of greenhouse gasses (GHGs). The contribution of construction to building life-cycle emissions is growing as buildings become more energy efficient and the energy supply decarbonizes. A housing stock model is developed for counties in the United States using dynamic vacancy rates which endogenously influence stock out-and inflows. Stocks of three house types and 10 construction cohorts are projected for all contiguous US counties for the period 2020–60. Inflows and outflows of construction materials are then estimated along with GHG emissions associated with material production and construction activities in scenarios defined by stock turnover rates, population share by house type, and floor area characteristics of new houses. The results provide new insights into the drivers of construction-related emissions at local and national levels, and identify opportunities for their reduction. Demolition material flows grow in relation to construction material flows over the analysis period. Increasing the stock turnover rate increases future floor area per person, material requirements, and emissions from construction. Scenarios with reduced floor area and more multifamily homes in new construction have lower floor area growth, material requirements, and emissions from construction. POLICY RELEVANCE Housing construction constitutes an important share of annual residential GHG emissions in the US. The characteristics of new construction also influence residential energy use over longer time periods. Increasing the share of multifamily housing in construction and reducing the average size of new single-family homes by eliminating very large homes are two strategies that can reliably and substantially reduce the environmental burdens of new construction. These same strategies would limit or, if combined, reverse the growth of residential floor area per person, enabling reductions of energy-related emissions. Policymakers can therefore reduce residential sector emissions in the short and long terms by encouraging the supply of multifamily homes and smaller housing typologies, and limiting construction of large homes. © 2021 The Author(s).",building stock; construction demand; embodied GHG emissions; floor area; housing; material flow; resource efficiency; US; vacancy,,10.5334/bc.126,Article,43,Scopus,2-s2.0-105012138423,,,SCOPUS_S3-1.csv
Modelling of mineral construction and demolition waste dynamics through a combination of geospatial and image analysis,"Bogoviku, L Waldmann, D",2021,JOURNAL OF ENVIRONMENTAL MANAGEMENT,"As the construction sector is shifting towards circular economy models, the role of mineral construction materials as main waste fraction in terms of volumes is crucial. A characterization of this mineral stock, as well as the waste derived from it is decisive in ensuring the application of the best practices of circular economy. This paper describes a methodology for assessing the mineral building stock through a combination of geospatial and image analysis. By analysing old topographic maps, buildings are grouped according to their building age into different typologies and based on these maps the construction and demolition activity is evaluated. The mineral stock is assessed and estimations of the mineral construction and demolition waste (CDW) is generated for different stochastic scenarios. This methodology is applied exemplarily on the country of Luxembourg. It was found that the total mineral construction stock for Luxembourg is 276.75 Mt and has been growing at a rate of 20.81%-24.39% in the last 30 years. Furthermore, the study identified a mean age of the urban building stock of about 60 years and a typical maximum building lifetime of 122 years. Based on the stochastic projections the mineral CDW generated from the existing building stock is expected to be up to 226.9 Mt by 2100, while if future building scenarios are considered, it can be as high as 885.3 Mt. The annual CDW production is expected to be sufficient for a viable concrete recycling activity if regulations on the waste volume flows are made available.",Concrete recycling; Material stock quantification; Geospatial analysis; Circular economy; Construction and demolition waste (CDW),,10.1016/j.jenvman.2020.111879,Article,28,Web of Science,,WOS:000618049500001,,savedrecs.txt
Optimal building retrofit pathways considering stock dynamics and climate change impacts,Streicher K.N.; Berger M.; Panos E.; Narula K.; Soini M.C.; Patel M.K.,2021,Energy Policy,"Deep energy retrofit across the European building stock would require decades during which boundary conditions will change. This study identifies a range of retrofit pathways, using a dynamic stock model, a bottom-up energy model and an optimization model for different climate scenarios. We consider 1.1 million different retrofit options in the Swiss residential building stock for different economic/environmental objectives until 2060. Despite the replacement of old by new buildings, energy demand and greenhouse gas (GHG) emissions in the reference scenario without deep energy retrofitting are likely to decrease by only about 25%, while accounting for investments of 2–3 billion CHF/a. Partial energy retrofitting or an investment-minimized pathway are neither cost-effective nor sufficient to get close to the net zero targets. In contrast, the highest GHG-saving pathway leads to very high emission reduction of 90%, but requires investment cost of 9 billion CHF/a, which leads to specific cost of 180 CHF/t CO2eq. The cost-optimal pathway shows moderate trade-offs for investment cost and could reach GHG savings of 77% with specific cost of −140 CHF/t CO2eq. Hence, early and deep energy retrofit is cost-effective and allows deep GHG emission reductions by making full use of the synergies between GHG and cost savings. © 2021 The Authors",Climate change scenarios; Deep energy retrofit pathways; Dynamic building stock model; Energy efficiency; Indicator-based optimization,Europe; Switzerland; Indicator indicator; Climate change; Climate models; Cost effectiveness; Cost reduction; Economic and social effects; Emission control; Gas emissions; Greenhouse gases; Retrofitting; Building retrofits; Climate change impact; Climate scenarios; Emission reduction; Energy retrofit; Investment costs; Optimization modeling; Residential building stocks; architectural design; boundary condition; climate change; climate effect; cost-benefit analysis; emission control; emission inventory; energy efficiency; environmental economics; greenhouse gas; optimization; trade-off; Investments; ENERGY EFFICIENCY; SCENARIOS; DEMAND; MODEL; POLICIES; TARGETS; SAVINGS; SECTOR; LEVEL,10.1016/j.enpol.2021.112220,Article,56,Scopus; Web of Science,2-s2.0-85101747280,WOS:000636054400022,,SCOPUS_S3-1.csv; savedrecs.txt
Recycling potential in building energy renovation: A prospective study of the Dutch residential building stock up to 2050,Zhang C.; Hu M.; Sprecher B.; Yang X.; Zhong X.; Li C.; Tukker A.,2021,Journal of Cleaner Production,"Building energy and construction and demolition waste (CDW) are highly relevant but intertwined issues for the transition towards a carbon-neutral and circular built environment. Ongoing energy renovation uses an increasing number of emerging materials that pose a challenge for recycling. As a response, a novel technological system has been proposed to recycle CDW (including insulation mineral wool and lightweight concrete) for the manufacture of prefabricated concrete elements (PCEs) for use as fa & ccedil;ades for new (PCE-new) and retrofitting existing (PCE-refurbs) buildings. To explore how this novel system can improve recycling potential as part of building energy renovation efforts, the Dutch residential building stock was selected as a case study. Using a dynamic material flow analysis, we explore the supply-demand balance of secondary raw materials made from CDW (including normal-weight and lightweight concrete, glass, insulation mineral wool, and steel) and the secondary raw materials required for manufacturing PCEs in building energy renovation for the period 2015e2050. Our findings show that with advanced recycling technology, the secondary raw materials recovered from normal-weight concrete waste, glass waste, insulation mineral wool waste, and steel scrap will be more than sufficient to support the manufacturing of PCE-new walls, implying the possibility of closed-loop construction. However, for emerging materials such as lightweight concrete, the related waste will not be sufficient in the near future to meet the raw material demand for large-scale refurbishment with PCE-refurbs. Therefore, the Dutch case shows that the novel technology system offers a promising solution to CDW management problems in building energy renovation, but primary raw materials will still be needed for the increased use of emerging materials such as lightweight concrete. (c) 2021 The Author(s). Published by Elsevier Ltd. This is an open access article under the CC BY license (http://creativecommons.org/licenses/by/4.0/).",Building stock; Construction and demolition waste (CDW); Energy renovation; Material flow analysis (MFA); Prefabricated concrete element (PCE); Recycling,Demolition; Glass; Housing; Mineral wool; Minerals; Raw materials; Wool; Yarn; Building energy; Building stocks; Concrete elements; Construction and demolition waste; Emerging materials; Energy renovation; In-buildings; Material flow analyse; Prefabricated concrete element; Recycling; DEMOLITION WASTE MANAGEMENT; MATERIAL FLOW-ANALYSIS; CONSTRUCTION WASTE; CONCRETE; GENERATION; EFFICIENCY; PREFABRICATION; CYCLE,10.1016/j.jclepro.2021.126835,Article,44,Scopus; Web of Science,2-s2.0-85103950882,WOS:000646601400008,,SCOPUS_S3-1.csv; savedrecs.txt
"Stocks and flows of buildings: Analysis of existing, demolished, and constructed buildings in Tampere, Finland, 2000–2018",Huuhka S.; Kolkwitz M.,2021,Journal of Industrial Ecology,"Research has identified cities as potential urban mines for recovering secondary construction materials. Studies typically focus on stocks or flows of bulk materials on high abstraction levels. To enable a shift of focus toward higher levels of circular economy, such as waste minimization, there is a need for a more detailed understanding of the dynamics that contribute to the waste flows, building replacement in particular. This paper examines the characteristics and location of the stocks and flows of buildings, both residential and non-residential, in the city of Tampere, Finland, over the last 20 years. Statistical and geographical analyses are performed on the building stock, new construction, and demolition in Tampere to unveil patterns pertaining to stock change and building replacement. The study shows that these patterns vary significantly between buildings of different function. Spatially confined redevelopment areas within the city structure, that is, brownfields and grayfields, whose industrial and commercial functions yield to housing and mixed residential–commercial use, make up major arenas for replacement. Policy-making tshould acknowledge that urban planning stirs these waste flows and incorporate their conscious prevention and management on its agenda. © 2021 The Authors. Journal of Industrial Ecology published by Wiley Periodicals LLC on behalf of Yale University.",buildings; cities; industrial ecology; material flow analysis (MFA); urban metabolism; urban planning,Finland; Pirkanmaa; Tampere; Matthiola; Conservation; Housing; Waste management; Abstraction level; Building stocks; Bulk materials; Circular economy; Geographical analysis; New constructions; Stocks and flows; Waste minimization; building construction; demolition; housing; redevelopment; urban planning; Building materials,10.1111/jiec.13107,Article,32,Scopus,2-s2.0-85100707262,,,SCOPUS_S3-1.csv
"System dynamics modeling for construction material flows of urban residential building: A case study of Beijing, China",Tang S.; Zhang L.; Hao Y.; Chang Y.; Liu G.; Liu Q.; Li X.,2021,"Resources, Conservation and Recycling","Rapid urbanization and population agglomeration in cities result in massive construction and replacement of building stock with unceasing material flows that interact with the environment. The large quantities of material consumption and induced construction and demolition (C&D) waste have already led to severe resource and environmental problems in China. In this study, a system dynamic model under STELLA platform, was developed to simulate the urban residential building flow changes and related steel demand as well as C&D waste generation for the city of Beijing from 1949 to 2100. Results show that the residential building flows and related stocks of Beijing city will largely vary under different scenarios. The baseline scenario witnessed the construction flow peak in 2010 and projects that the building stock will saturate in 2059 with a total building floor area of 8.79E+8 m2, and the largest demolition activity is expected in 2079 with a demolished floor area of 1.65E+7 m2. Overall cyclical dynamics are observed for construction and demolition flows under middle and long-lifetime scenarios, but not prominent for short-lifetime scenarios. If effective urban mining strategies are implemented, up to 70% of future primary steel demand could be satisfied by recycled steel from C&D waste for baseline scenario. The results obtained in this study illustrate the significant resource and environmental saving potential of prolonging the building lifetime and strengthening recycling practices, and highlight the great need of effective policy intervention for waste management infrastructures planning in advance. © 2020 Elsevier B.V.",C&D waste; Construction flow; STELLA; System dynamics model; Urban residential buildings,Beijing [Beijing (ADS)]; Beijing [China]; China; Matthiola; Building materials; Demolition; Floors; Housing; Recycling; Waste management; Construction and demolition; Environmental problems; Management infrastructure; Material consumption; Residential building; System dynamic models; System dynamics model; Urban residential buildings; building; material flow analysis; residential location; urban area; urbanization; waste management; Beijing Urban Residential Building Flow Model; city planning; construction and demolition waste; environmental impact; environmental monitoring; environmental policy; iron and steel industry; mathematical model; population dynamics; recycling; residential home; supplier-induced demand; Construction; MATERIAL STOCK; ENERGY; DEMOLITION; CONSUMPTION; EMISSIONS; STEEL; CITY,10.1016/j.resconrec.2020.105298,Article,48,Scopus; Web of Science,2-s2.0-85097057283,WOS:000657289000038,,SCOPUS_S3-1.csv; savedrecs.txt
Temporal analysis of the material flows and embodied greenhouse gas emissions of a neighborhood building stock,Lausselet C.; Urrego J.P.F.; Resch E.; Brattebø H.,2021,Journal of Industrial Ecology,"Low-energy building standards shift environmental impacts from the operational to the embodied emissions, making material efficiency (ME) important for climate mitigation. To help quantify the mitigation potential of ME strategies, we developed a model that simulates the temporal material flows and greenhouse gas embodied emissions (GEEs) of the material use in the construction and renovation activities of a neighborhood by combining life-cycle assessment with dynamic material-flow analysis methods. We applied our model on a “zero emission neighborhood” project, under development from 2019 to 2080 and found an average material use of 1,049 kg/m2, an in-use material stock of 43 metric tons/cap, and GEEs of 294 kgCO2e/m2. Although 52% of the total GEEs are caused by material use during initial construction, the remaining 48% are due to material replacements in a larger timeframe of 45 years. Hence, it is urgent to act now and design for ME over the whole service life of buildings. GEEs occurring far into the future will, however, have a reduced intensity because of future technology improvements, which we found to have a mitigation potential of 20%. A combination of ME strategies at different points in time will best mitigate overall GEEs. In the planning phase, encouraging thresholds on floor area per inhabitant can be set, materials with low GEEs must be chosen, and the buildings should be designed for ME and in a way that allows for re-use of elements. Over time, good maintenance of buildings will postpone the renovation needs and extend the building lifetime. This article met the requirements for a gold-gold JIE data openness badge described at http://jie.click/badges. © 2020 The Authors. Journal of Industrial Ecology published by Wiley Periodicals LLC on behalf of Yale University",building material; circular economy; decision support; industrial ecology; life cycle assessment (LCA); material efficiency,Building codes; Buildings; Ecodesign; Environmental impact; Gas emissions; Greenhouse gases; Life cycle; Climate mitigations; Dynamic materials; Embodied emissions; Future technologies; Life Cycle Assessment (LCA); Low energy buildings; Material efficiency; Temporal analysis; emission; emission inventory; environmental impact assessment; greenhouse gas; life cycle analysis; material flow analysis; mitigation; neighborhood; strategic approach; temporal analysis; Energy efficiency; LIFE-CYCLE ASSESSMENT; BUILT ENVIRONMENT; ENERGY DEMAND; MATERIAL EFFICIENCY; MODEL; IMPACT; METABOLISM; STRATEGIES; EVOLUTION; SCENARIO,10.1111/jiec.13049,Article,101,Scopus; Web of Science,2-s2.0-85087736008,WOS:000546708900001,,SCOPUS_S3-1.csv; savedrecs.txt
"Urban development and sustainability challenges chronicled by a century of construction material flows and stocks in Tiexi, China",Guo J.; Fishman T.; Wang Y.; Miatto A.; Wuyts W.; Zheng L.; Wang H.; Tanikawa H.,2021,Journal of Industrial Ecology,"Construction materials are considerable forces of global environmental impacts, but their dynamics vis-à-vis urban development are poorly documented, in part because their long lifespans require elusive and sometimes nonexistent decade-long high-resolution data. This study analyzes the construction material flow and stock trends that shaped and were shaped by the development, decline, and renewal of the Tiexi district of Shenyang, a microcosm of China's urban transformations since the early 20th century. Chronicling building-by-building the material flows and stock accumulations involved in the buildup of this area, we shed light on the physical resource context of its socioeconomic history. We find that 42 million tonnes of construction materials were needed to develop the Tiexi district from 1910 to 2018, and 18 million tonnes of material outflows were generated by end-of-life building demolition. However, over 55% of inflows and 93% of outflows occurred since 2002 during a complete redevelopment of the district. Only small portions of end-of-life materials could have been reused or recycled because of temporal and typological mismatches of supply and demand and technical limitations. Our analysis reveals a dramatic decrease in median building lifetimes to as low as 6 years in the early 21st century. These findings contribute to the discussion of long-term environmental efficiency and sustainability of societal development through construction and reflect on the challenges of urban renewal processes not only in China but also in other developing and developed countries that lost (or may lose) their traditional economic base and restructure their urban forms. This article met the requirements for a Silver/Silver JIE data openness badge described at http://jie.click/badges. © 2020 by Yale University",circular economy; construction and demolition; material stock and flow accounting; sustainability; urban renewal; urban socioeconomic metabolism,China; Liaoning; Shenyang; Tiexi; Matthiola; Economics; Environmental impact; Sustainable development; Urban growth; Developed countries; End-of-life buildings; Environmental efficiency; Global environmental impacts; High resolution data; Physical resources; Stock accumulation; Technical limitations; demolition; life cycle analysis; material flow analysis; socioeconomic status; sustainable development; typology; urban development; Building materials,10.1111/jiec.13054,Article,43,Scopus,2-s2.0-85088454774,,,SCOPUS_S3-1.csv
"Urban mining in buildings for a circular economy: Planning, process and feasibility prospects",Arora M.; Raspall F.; Fearnley L.; Silva A.,2021,"Resources, Conservation and Recycling","The construction industry remains under immense pressure to reduce its material and climate related impacts. Increasing material demand and reduced building lifetimes have therefore motivated efforts for urban mining in buildings. Even though urban mining has been projected as a crucial measure for improving resource efficiency, its adoption as a practice in the construction industry remains at a very symbolic stage. Upscaling secondary resource recovery and reuse in the construction sector requires further efforts to understand urban mining feasibility from the perspective of project timelines, salvage time, skills and costs. Hence, this study develops an empirical research approach to measure urban mining feasibility and applies it to demolition-ready urban residential buildings stock in Singapore with semi-skilled construction workers. It develops indicators for urban mining feasibility based on planning stages, process change, behavioural practices and reuse-driven economic considerations. Based on urban mining of over 350 building components from 34 categories, results show an average of 1 to 12 min recovery time with an estimated urban mining cost from S$0.8 to S$9 per building component. Further, regulatory requirements for demolition permits can provide sufficient time for urban mining without affecting project timelines. Even though the mining skills of workers seem important, results highlights significant improvement in mining skills based on repeated salvage of specific building components. Results also provide robust evidence of reuse-driven urban mining feasibility in the case under study with significant prospects for embodied carbon savings. Overall, urban mining of buildings can contribute to net-zero targets and climate mitigation efforts with greater multi-stakeholder involvement and market push for reuse in the construction sector. © 2021",Decarbonisation; Deconstruction; Material efficiency; Net zero targets; Reuse; Secondary resources,Singapore [Singapore (NTN)]; Singapore [Southeast Asia]; Trachinotus falcatus; Construction industry; Decarbonization; Demolition; Circular economy; Construction sectors; Decarbonisation; Deconstruction; In-buildings; Material efficiency; Net zero target; Planning process; Reuse; Secondary resources; building; carbon emission; construction industry; economic system; emission control; environmental economics; feasibility study; recycling; Article; construction and demolition waste; construction work; construction worker; cost effectiveness analysis; economic aspect; environmental impact; environmental planning; human; life cycle assessment; mining; process design; Singapore; urban area; Efficiency; DECONSTRUCTION; DESIGN; REUSE; DEMOLITION; WASTE; CONSTRUCTION; PRODUCTS; FLOWS; COST,10.1016/j.resconrec.2021.105754,Article,91,Scopus; Web of Science,2-s2.0-85108836990,WOS:000672683700014,,SCOPUS_S3-1.csv; savedrecs.txt
A bottom-up dynamic building stock model for residential energy transition: A case study for the Netherlands,Yang X.; Hu M.; Tukker A.; Zhang C.; Huo T.; Steubing B.,2022,Applied Energy,"The building sector plays a key role in energy transition and carbon reduction while capturing the dynamic characteristics (e.g. materials, energy performance, and environmental impact) of building stock is a great challenge during the gradual process. This study presents a bottom-up dynamic building stock model that links dynamic material flow analysis with building energy modeling. The environmental impact of material and energy requirements is assessed by considering future electricity mix. The model is applied to evaluate the pathways to the climate-neutral energy supply of residential building stock in the Netherlands by 2050. Results show that space heating demand decreases by about 2/3 by 2050, while the energy for hot water increases to 92% of space heating demand. 80% of public grid electricity for appliances and lighting can be potentially substituted if rooftop photovoltaic (PV) systems are installed on 50% of renovated buildings and all the new buildings. Greenhouse gas (GHG) emissions of operational energy are reduced by approximately 60–90%, depending on the electricity mix. Annual GHG emissions from material production are not as important as those related to operational energy. Insulation materials account for a large proportion of the carbon footprint of material production. The model has a high spatial and temporal resolution and can be linked with local energy source availability (e.g. buildings or neighborhoods) to provide more accurate support for policymaking. © 2021 The Author(s)",Bottom-up; Carbon emissions; Climate change; Dynamic building stock model; Energy transition; Geographic information system (GIS); Life cycle assessment (LCA); Material flow analysis (MFA),Netherlands; Carbon footprint; Climate models; Emission control; Gas emissions; Geographic information systems; Greenhouse gases; Housing; Life cycle; Space heating; Bottom up; Building stocks; Carbon emissions; Dynamic building stock model; Energy transitions; Geographic information system; Life cycle assessment; Material flow analyse; Materials flow analysis; Stock models; carbon footprint; electricity; environmental impact; greenhouse effect; greenhouse gas; material flow analysis; policy making; residential energy; spatiotemporal analysis; Climate change; SUPPORT; DEMAND; POLICY,10.1016/j.apenergy.2021.118060,Article,68,Scopus; Web of Science,2-s2.0-85117402724,WOS:000711979700005,,SCOPUS_S3-1.csv; savedrecs.txt
A simulation-based bottom-up approach for analysing the evolution of residential buildings’ material stocks and environmental impacts – A case study of Inner Melbourne,Li S.; Rismanchi B.; Aye L.,2022,Applied Energy,"The building sector is material-intensive and responsible for embodied energy and greenhouse gas (GHG) emissions. Comprehensively analysing the evolution of material stocks (MSs) and associated environmental impacts in the building sector can support better decision-making on material management and energy conservation. However, there is a gap in the literature to evaluate the spatial patterns and dynamics of residential building stocks systematically and comprehensively. A simulation-based bottom-up approach is proposed to systematically analyse the spatiotemporal evolution of residential buildings’ MSs and their environmental impacts at initial and replacement stages with a high resolution. Notably, the development of the material intensity dataset is essential for analysing MSs in the building sector. The proposed innovative approach links different building characteristic factors for developing a specific material intensity dataset. The approach is demonstrated for Inner Melbourne, which has more than 260,000 residential buildings. The results illustrate the spatially and temporally explicit MSs, embodied energy and GHG emissions in the case study area. The initial spatial maps visualise that large quantities of MSs, embodied energy and GHG emissions are located in areas with clusters of houses or apartments. The replacement maps indicate the locations with large replacement material outflows where a cluster of historic buildings exist. The temporal analysis shows that the residential buildings’ MSs in Inner Melbourne have increased by a factor of 9.6 over the past 120 years, reaching 27,488 kt in 2019. The growth rate has accelerated since 1990, particularly in areas (e.g. Melbourne CBD, Docklands, Southbank and South Yarra) with a large number of apartments have been built during this period. The high resolution of the results shows the benefits of the proposed simulation-based bottom-up approach compared to the traditional approach. This result is significant as it provides new insights for evidence-based decision-making on material management and energy conservation towards a more circular construction. © 2022",Circular construction sector; Embodied energy; Embodied GHG emissions; Material stock; Residential building; Simulation-based bottom-up approach; Spatiotemporal analysis,Australia; Melbourne; Victoria [Australia]; Apartment houses; Decision making; Energy conservation; Environmental impact; Gas emissions; Greenhouse gases; Growth rate; Bottom up approach; Circular construction sector; Construction sectors; Embodied energy; Embodied greenhouse gas emission; Greenhouse gas emissions; Material stock; Residential building; Simulation-based bottom-up approach; Spatiotemporal analysis; bottom-up approach; building; energy conservation; environmental impact; greenhouse gas; growth rate; Construction industry; EMBODIED ENERGY; FLOWS; TIME,10.1016/j.apenergy.2022.118941,Article,20,Scopus; Web of Science,2-s2.0-85127135700,WOS:000793751600001,,SCOPUS_S3-1.csv; savedrecs.txt
Assessing the potential of decarbonizing China's building construction by 2060 and synergy with industry sector,Zhang Y.; Hu S.; Guo F.; Mastrucci A.; Zhang S.; Yang Z.; Yan D.,2022,Journal of Cleaner Production,"Embodied carbon emissions of the building sector constitute the majority of carbon emissions. The selection of a building stock development pathway, construction mode, and synergy between the building construction and industry sectors will greatly influence the future embodied carbon emissions in China's building sector. The main purpose of this study is to analyze the carbon emission related to China's building construction under different path choices, to provide quantitative support for policy makers, helping to realize low-carbon development in China's construction sector. So, we developed the China Building Construction Model to illustrate the relationship between building stock, material stock, and embodied carbon emissions. The results show that controlling the total building stock at a reasonable level, extending the building lifetime by avoiding the buildings' early demolition, and encouraging building retrofitting can significantly reduce the material demand of construction as well as the carbon intensity of the production of building materials. Over 70% of the reduction in carbon emissions can be realized through these measures by 2060. Moreover, low carbon development depends on recycling and increased efficiency in producing building materials; this way, embodied carbon emissions can be reduced by nearly 50% by 2060. © 2022",Building stock development pathways; Building stock dynamics; China; Embodied carbon emissions; Material demand,Building materials; Carbon; Construction; Construction industry; Building stock development pathway; Building stock dynamic; Building stocks; Carbon emissions; China; Embodied carbon emission; Embodied carbons; Material demands; Stock dynamics; Buildings; MATERIALS DEMAND; CO2 EMISSIONS; STEEL; DEMOLITION; STOCK; IRON; CONSERVATION; DYNAMICS; IMPACTS; URBAN,10.1016/j.jclepro.2022.132086,Article,105,Scopus; Web of Science,2-s2.0-85129501612,WOS:000799876100001,,SCOPUS_S3-1.csv; savedrecs.txt
ESTIMATING THE DEMOLITION PROBABILITY OF BUILDINGS USING A BOTTOM-UP APPROACH,Barakat B.; Srour I.; Srour J.,2022,Proceedings of International Structural Engineering and Construction,"The sources and quantities of construction and demolition waste (CDW) are a major source of uncertainty hindering the optimization of the reverse-logistics network design for this waste stream. This study proposes a bottom-up approach that can be used to forecast the quantities of demolition waste (DW) in a specific region. The proposed method scans each building in a region to determine its age, height, composition and other relevant factors. Given the individual building parameters along with the neighborhood and regional market conditions in which the building is situated, each building is assigned a probability of demolition. The study then describes the methodology by which these individual probabilities are aggregated, along with the anticipated waste from each building, in order to obtain an overall estimation of demolition waste in a region. The main factors constituting this probability are the age at the building level, location or surroundings at the neighborhood level, and the overall market conditions at the regional level. This method is applied in the city of Beirut as a case study. The findings of this study will help in the estimation and mapping of demolition waste generation for any specific year of forecast. The suggested framework can also help decision-makers in optimizing the selection of capacities and locations of CDW treatment facilities to reduce both costs incurred and environmental impacts. © 2022 ISEC Press.",Building stock dynamics; Cumulative hazard rate; Lifespan analysis; Waste generation rate; Waste management,,10.14455/ISEC.2022.9(1).FAM-05,Conference paper,1,Scopus,2-s2.0-85136153620,,,SCOPUS_S3-1.csv
"Key strategies for decarbonizing the residential building stock: Results from a spatiotemporal model for Leiden, the Netherlands",Yang X.; Hu M.; Zhang C.; Steubing B.,2022,"Resources, Conservation and Recycling","Decarbonizing the building stock plays an important role in realizing climate change mitigation targets. To compare the decarbonization potential of different strategies, this study presents a spatiotemporal bottom-up dynamic building stock model that integrates material flow analysis, building energy modeling, and life cycle assessment. It can simulate future building stock evolution at the component level and track the associated material flows, energy demand and generation, and GHG emissions with the consideration of both endogenous factors (e.g. building energy efficiency upgrade) and exogenous factors (e.g. policies, occupant behavior, and climate scenarios). The model is applied in the residential building stock of Leiden, a municipality in the Netherlands. Results show that annual GHG emissions are reduced by about 40% under the reference scenario while annual GHG emissions can be reduced by about 90% under the ambitious scenario where all the decarbonization strategies are simultaneously implemented. Natural-gas-free heat transition and renewable electricity supply are the most effective strategies, respectively reducing the annual GHG emissions in 2050 by an additional 21% and 19% more than the reference scenario. Rooftop PV, green lifestyle, and wood construction have similar decarbonization potential (about 10%). Surplus electricity can be generated if rooftop PV systems are installed as much as possible. The decarbonization potential of demolition waste recycling is much smaller than other strategies. The model can support policymakers in assessing the decarbonization potential of different policy scenarios and prioritizing decarbonization strategies in advance. © 2022 The Author(s)",Building stock model; Circular economy; Climate change; Energy transition; Life cycle assessment; Material flow analysis,Leiden; Netherlands; South Holland; Climate change; Climate models; Decarbonization; Demolition; Energy efficiency; Gas emissions; Greenhouse gases; Housing; Building stock model; Building stocks; Circular economy; Decarbonisation; Decarbonising; Energy transitions; GHG emission; GHGs emissions; Materials flow analysis; Stock models; climate change; economics; environmental economics; life cycle analysis; lifestyle; material flow analysis; Article; carbonization; construction and demolition waste; controlled study; energy resource; environmental impact; environmental policy; flow measurement; greenhouse gas emission; life cycle assessment; recycling; spatiotemporal analysis; Life cycle; LIFE-CYCLE ASSESSMENT; CARBON; EMISSIONS,10.1016/j.resconrec.2022.106388,Article,52,Scopus; Web of Science,2-s2.0-85129629606,WOS:000798121400006,,SCOPUS_S3-1.csv; savedrecs.txt
Lifetimes of buildings in Japan,Kayo C.; Tonosaki M.,2022,"Resources, Conservation and Recycling","Ascertaining the lifetime distribution of a nation's buildings is critical for estimating their stock/flow. This work is the first study to use the latest data on building stocks and inflows to identify the lifetime function and half-life of all wooden and non-wooden buildings existing in Japan from 1964 to 2020. The log-normal distribution of wooden buildings proved to be the most suitable lifetime function, with a half-life of 38 years in 1964, 56 years between 1965 and 1996, and 63 years between 1997 and 2020. On the contrary, the log-normal distribution resembling exponential distribution was the most suitable for non-wooden buildings, with a half-life of 22 years in 1964, 33 years between 1965 and 1990, and 52 years between 1991 and 2020. It is important that future research uses these lifetime functions to explore future predictions of building stock/flow and implement measures to effectively mitigate environmental impacts such as climate change. © 2022 The Author(s)",Exponential distribution; Half-life; Lifetime function; Log-normal distribution; Non-wooden building; Wooden building; Non -wooden building,Japan; Climate change; Normal distribution; Wooden buildings; Building stocks; Exponential distributions; Future predictions; Half lives; Life-time distribution; Lifetime functions; Log-normal distribution; Non-wooden building; Research use; Stock flows; building; climate change; construction material; environmental impact; prediction; research work; article; half life time; normal distribution; Environmental impact; MATERIAL STOCK; LIFE-SPAN; CARBON; TIME; WOOD; PRODUCTS,10.1016/j.resconrec.2022.106504,Article,28,Scopus; Web of Science,2-s2.0-85133469145,WOS:000830162000009,,SCOPUS_S3-1.csv; savedrecs.txt
METHODS FOR TREATING CONSTRUCTION WASTE AS RESOURCES FROM A SUSTAINABLE DEVELOPMENT PERSPECTIVE,You Y.; Chew B.C.,2022,Environmental Engineering and Management Journal,"The amount of new construction and demolition activities of building projects has reached an unprecedented level, and the resulting construction waste has a significant impact on the country's society and economy. In this study, a dynamic material flow model of construction waste is proposed. The area estimation method is introduced to calculate the production of three kinds of construction waste. The relationship between construction waste flow and building stock is determined, and the impact of different waste treatment technologies on the environment is quantified by coupling relationship. The results show that the output of waste concrete, brick, wood and steel will reach the maximum in 2049. Acid rain and global warming caused by two treatment methods of construction waste steel and building waste wood are more serious. © 2022 Gheorghe Asachi Technical University of Iasi, Romania. All rights reserved.",construction waste; dynamic material flow model; garbage disposal; output,,10.30638/eemj.2022.017,Article,14,Scopus,2-s2.0-85132723474,,,SCOPUS_S3-1.csv
METHODS FOR TREATING CONSTRUCTION WASTE AS RESOURCES FROM A SUSTAINABLE DEVELOPMENT PERSPECTIVE,"You, Y Cheong, CB",2022,ENVIRONMENTAL ENGINEERING AND MANAGEMENT JOURNAL,"The amount of new construction and demolition activities of building projects has reached an unprecedented level, and the resulting construction waste has a significant impact on the country's society and economy. In this study, a dynamic material flow model of construction waste is proposed. The area estimation method is introduced to calculate the production of three kinds of construction waste. The relationship between construction waste flow and building stock is determined, and the impact of different waste treatment technologies on the environment is quantified by coupling relationship. The results show that the output of waste concrete, brick, wood and steel will reach the maximum in 2049. Acid rain and global warming caused by two treatment methods of construction waste steel and building waste wood are more serious.",construction waste; dynamic material flow model; output; garbage disposal,GREENHOUSE-GAS EMISSIONS; OPTIMIZATION; HYDROCHAR; DESIGN,,Article,12,Web of Science,,WOS:000779958800001,,savedrecs.txt
Modelling Chinese Urban Residential Stock Turnover Uncertainties Using System Dynamics and Bayesian Statistical Inference,Zhou W.; O’Neill E.; Moncaster A.; Reiner D.M.; Guthrie P.,2022,Sustainable Development Goals Series,"Building stock turnover is one of the key determinants in building energy modelling and policy analysis. Building lifetime is integral to the dynamics of stock turnover. However in China, despite anecdotal claims that urban residential buildings are generally short-lived, there are no official statistics on building lifetime, and empirical data is extremely limited. Official statistics on total floor area of Chinese urban residential stock only exist up to 2006. This paper presents a Bayesian approach to estimate Chinese urban residential building lifetime and characterise the overall stock turnover dynamics for the period of 2007 to 2017. Firstly, the building stock evolution process is described by a system dynamics model in which survival analysis is used to characterise the dynamic interplay between new construction, aging, and demolition of buildings. The uncertainties associated with building lifetime are represented using a Weibull distribution. Secondly, based on this model and official statistics on urban residential floor area up to 2006, a Bayesian probabilistic model is developed to simulate the posterior distribution of Weibull parameters through Markov Chain Monte Carlo (MCMC) technique. As a result, the distribution of building lifetime unconditional on the Weibull parameters is obtained. Further, the posterior distributions of Weibull parameters, along with official statistics on annual new construction, enable the estimate of stock turnover in the form of posterior predictive distribution for the period of 2007 to 2017. This Bayesian modelling framework, and its results in the form of probability distributions of annual total stock and underlying age-specific sub-stocks, can provide the basis for further modelling and analysing policy trade-offs of embodied-versus-operational energy consumption and carbon emissions of buildings in the context of sector-wide decarbonisation. © The Author(s), under exclusive license to Springer Nature Singapore Pte Ltd. 2022.",Bayesian inference; Building lifetime uncertainty; Building stock; Embodied energy; Markov Chain Monte Carlo; Operational energy; Policy trade-offs; Stock turnover; System dynamics,,10.1007/978-981-16-8352-7_14,Book chapter,0,Scopus,2-s2.0-85195152220,,,SCOPUS_S3-1.csv
Modelling future trends of annual embodied energy of urban residential building stock in China,Zhou W.; Moncaster A.; O'Neill E.; Reiner D.M.; Wang X.; Guthrie P.,2022,Energy Policy,"China is the largest driver of growth in the global building sector. The longstanding construction boom across China has generated a massive flow of materials with significant associated embodied energy consumption and carbon emissions. Despite the serious implications for global emissions, there exist a very limited number of macro-level studies on embodied energy of Chinese buildings, with even fewer exploring future scenarios. There is therefore little in the way of an evidence base to offer policy makers. We develop a probabilistic model to forecast the possible trajectories of embodied energy of residential buildings over the medium to long term in the Chinese urban context. Our results provide clear evidence to substantiate the importance of embodied energy of new construction, which we find to be over 0.3 times the operational energy of existing stock between 2010 and 2018. If current trajectories are followed, embodied energy is likely to peak around 2027, with a 95% credible interval ranging from 87 to 283 Mtce (61 to 198 Mtoe) and a mean of 170 Mtce (119 Mtoe). We show that building lifetime has a substantial impact on future annual and cumulative embodied energy. Our findings reinforce the need to take a whole-life perspective to formulate policies addressing building energy as part of China's efforts to meet the announced overarching target of achieving carbon neutrality by 2060. © 2022 Elsevier Ltd",Dynamic stock turnover; Embodied energy; Material intensity; Policy implications; Probabilistic model; Urban residential buildings,China; Carbon; Housing; Public policy; Buildings sector; Dynamic stock turnover; Embodied energy; Future trends; Materials intensity; Policy implications; Probabilistic models; Residential building stocks; Stock turnover; Urban residential buildings; electricity supply; energy policy; multistorey building; numerical model; policy implementation; probability; trend analysis; Energy utilization,10.1016/j.enpol.2022.112932,Article,29,Scopus,2-s2.0-85127513527,,,SCOPUS_S3-1.csv
Operational and embodied emissions associated with urban neighbourhood densification strategies,Allan J.; Eggimann S.; Wagner M.; Ho Y.N.; Züger M.; Schneider U.; Orehounig K.,2022,Energy and Buildings,"Urban densification increases the number of people living in urban areas and is hypothesized to be a more efficient use of available land than urban sprawl. The objective of this study was to quantify the operational and embodied emissions created as a result of densification. A ‘Business as usual’ and a ‘Concentrated’ densification strategy were investigated. When densifying at the neighbourhood level, existing buildings can either be replaced or extended to accommodate the additional inhabitants. The densification strategies were applied to two reference urban design neighbourhoods in Switzerland. The ‘Typical’ approach assumed that all the buildings were demolished and rebuilt and the ‘Preserve-existing’ approach involved the extension of existing buildings as much as possible. Construction material choice and modification of the built form were the sources of embodied emissions considered for each strategy. Urban building energy modelling was used to calculate the emissions incurred by heating the buildings and the embodied emissions were calculated using building standards. The operational performance was simulated assuming both a gas boiler and an electric heat pump to determine the influence of the heating system type on the operational emissions. This study found that savings of approximately 30% in embodied emissions can be achieved by extending the existing building stock rather than rebuilding. However, these savings represent a relatively small percentage of the total emissions incurred throughout a building's lifetime and the savings further diminish in the concentrated densification strategies. © 2022 The Author(s)",Densification; Embodied emissions; Operational emissions; UBEM,Building materials; Buildings; Gas emissions; Historic preservation; Urban growth; Business-as-usual; Densifications; Embodied emissions; Number of peoples; Operational emission; UBEM; Urban areas; Urban neighborhood; Urban sprawl; Densification,10.1016/j.enbuild.2022.112482,Article,11,Scopus,2-s2.0-85139344436,,,SCOPUS_S3-1.csv
Quantification of the carbon emission of urban residential buildings: The case of the Greater Bay Area cities in China,Geng J.; Wang J.; Huang J.; Zhou D.; Bai J.; Wang J.; Zhang H.; Duan H.; Zhang W.,2022,Environmental Impact Assessment Review,"Building sector plays a significant role in China's ambitous climate targets to peak carbon emissions (CEs) by 2030 and to realize carbon neutral by 2060. However, studies in characterizing the CEs of urban residential buildings from life-cycle perspective at regional level are still limited, especially for the Guangdong-Hong Kong-Macao Greater Bay Area (GBA) in China. Here, life cycle assessment method and improved building stock turnover model were employed to quantify the annual CEs of urban residential buildings (including materialization CEs of the newly-built urban residential buildings, operational CEs of the existing urban residential buildings, and CEs generated from the demolition of the existing urban residential buildings) in GBA cities from 2000 to 2018. The results show that the total CEs increased dramatically from 44.5 Mt. CO2 e in 2000 to 75.1 Mt. CO2 e in 2018 with an annual growth rate by approximately 3%. The CEs from operation stage accounted for around 70%, and recycling building wastes could reduce 7.5% emissions. Compared with other bay areas globally, the operational CEs of urban residential building in GBA became the highest since 2014. Therefore, climate actions in energy saving and emission mitigation are required. Based on scenario analysis, we estimated that Huizhou city can reach the peak target by 2020 if taking some effective measures. These emission findings could provide data references and suggestions for the low-carbon development path for urban residential buildings in GBA and other global cities. © 2022",Carbon emissions; Carbon peak; Greater Bay Area; Life cycle assessment; Urban residential building,Bay; China; Guangdong; Hong Kong; Huizhou; Macau; Somalia; Carbon; Carbon dioxide; Energy conservation; Growth rate; Housing; Bay areas; Buildings sector; Carbon emissions; Carbon neutrals; Carbon peaks; Climate targets; Great bay area; Life cycle perspectives; Regional levels; Urban residential buildings; assessment method; building; carbon emission; life cycle analysis; Life cycle; DEMOLITION WASTE MANAGEMENT; LIFE-CYCLE ASSESSMENT; CO2 EMISSIONS; ENERGY-CONSUMPTION; ENVIRONMENTAL IMPACTS; CONSTRUCTION WASTE; DIOXIDE EMISSIONS; SECTOR; STOCK; GENERATION,10.1016/j.eiar.2022.106775,Article,81,Scopus; Web of Science,2-s2.0-85126515327,WOS:000918948700001,,SCOPUS_S3-1.csv; savedrecs.txt
The dynamic stock-flow and driving force analysis of the building metal and non-metal resources at a city scale: An empirical study in Macao,Long Y.; Li Z.; Song Q.; Cai K.; Tan Q.; Yang G.,2022,Circular Economy,"The construction industry is often seen as one of the most dynamic sectors, referring to large resource consumption and waste generation, and has grown rapidly in the last few decades. Under the background of ""Zero Waste City,"" it will be essential to understand the metabolic stock-flow process and the driving forces of urban building resources. By combining the top-down and bottom-up methods, this study establishes a dynamic material flow analysis (MFA) model to clarify the stock and flow characteristics, driving forces, and future trends of urban building resources in Macao China. The result shows that the total material stock increased from 14.13 million metric tons (Mt) in 1999 to 32.75 Mt in 2018, with an average annual growth rate of 4.29%. In 2018, metal resources accounted for 10.73% of the total building stock (steel and aluminum resources accounted for 10.30% and 0.43%, respectively), and nonmetal resources accounted for 89.27%. The construction demolition waste (CD&W) increased from 0.02 Mt in 1999 to 0.69 Mt in 2018. Among metal materials, steel and aluminum accounted for 7.11% and 0.4%, respectively. The demolition quantity of metal resources increased from 1.6 kilotons (kt) in 1999 to 51.8 kt in 2018 (an average annual increase of 1.59%) and peaked at 95.2 kt in 2007. The IPAT (I-environment impact; P-population factor; A-social affluence factor; T-technology factor) method results show that the economy and population are always the driving force for urban building resources stock in Macao China. The scenario analysis shows that, by 2035, the maximum stock of urban building materials in Macao will reach 65.19 Mt, about twice in 2018. The results are expected to provide a theoretical basis for establishing scientific resource management and recycling systems for urban buildings. (c) 2022 The Author(s). Published by Elsevier B.V. on behalf of Tsinghua University Press. This is an open access article under the CC BY-NC-ND license (http://creativecommons.org/licenses/by-nc-nd/4.0/).",Driving forces; Macao; Material flow analysis (MFA); Metal and non-metal materials; Stock-flow analysis; Urban buildings,Aluminum; Demolition; Metal analysis; Driving forces; Flow analysis; Macao; Material flow analyse; Materials flow analysis; Metal and non-metal material; Metals materials; Non-metals; Stock flows; Stock-flow analyse; Urban buildings; Construction industry; WASTE MANAGEMENT; CIRCULAR ECONOMY; DEMOLITION WASTE; CONSTRUCTION; CHINA; FUTURE; SYSTEM; JAPAN,10.1016/j.cec.2022.100004,Article,14,Scopus; Web of Science,2-s2.0-85153099827,WOS:001555058900007,,SCOPUS_S3-1.csv; savedrecs.txt
Urban mining potential to reduce primary material use and carbon emissions in the Dutch residential building sector,Yang X.; Hu M.; Zhang C.; Steubing B.,2022,"Resources, Conservation and Recycling","Urban mining is regarded as an important strategy to replace primary raw materials in the building sector. This study presents a bottom-up dynamic building stock model to explore the potential of urban mining to reduce primary material consumption and greenhouse gas (GHG) emissions in the residential building sector of the Netherlands. The model builds upon geo-referenced individual buildings, making it possible to analyze the spatiotemporal pattern of material supply from demolition and material demand for construction and renovation. The main results can be summarized as three points. (1) Urban mining cannot meet future material demand due to the new construction caused by population increase and its limited ability to supply the required kinds and amounts of materials. Therefore, large amounts of primary materials still have to be consumed in the future. (2) The generation of demolition wastes and the requirement for materials will be mainly concentrated in the big cities (e.g. Amsterdam, Rotterdam, and The Hague). (3) The GHG emission reduction potential of urban mining is very small and is not as large as the transition to a greener electricity mix. Recycling together with a greener electricity mix would reduce annual GHG emissions by about 40% in 2050 compared to 2020. This study provides a tool to link future material inflows and outflows in space and time. It further helps to assess the performance of strategies aimed at closing the material loops and reducing GHG emissions in the building sector. © 2022 The Author(s)",Construction and demolition waste (CDW); Dynamic building stock model; Geographical information system (GIS); Life cycle assessment (LCA); Material flow analysis (MFA); Urban mining,Netherlands; Carbon; Construction; Demolition; Emission control; Gas emissions; Geographic information systems; Greenhouse gases; Housing; Building stocks; Construction and demolition waste; Dynamic building stock model; Geographical information system; Life cycle assessment; Material flow analyse; Materials flow analysis; Stock models; Urban mining; building construction; carbon emission; emission control; GIS; life cycle analysis; material flow analysis; recycling; residential development; resource use; urban development; waste management; article; city; construction and demolition waste; electricity; flow measurement; geographic information system; life cycle assessment; mining; Life cycle; MATERIAL FLOW-ANALYSIS; DEMOLITION WASTE MANAGEMENT; LIFE-CYCLE ASSESSMENT; MATERIAL STOCK; CONSTRUCTION; DYNAMICS; TIME,10.1016/j.resconrec.2022.106215,Article,58,Scopus; Web of Science,2-s2.0-85123780045,WOS:000767896600002,,SCOPUS_S3-1.csv; savedrecs.txt
"A Data Processing Methodology to Analyze Construction and Demolition Dynamics in the European Metropolis of Lille, France","Simba, CM Lemelin, E Masson, E Senouci, A Maherzi, W Lopes, J",2023,Buildings,"In the absence of industry data, organisms, and researchers leverage free and available data, specifically building and demolition permits. Geospatial processing is essential to integrate information from various files into a single GIS layer containing all relevant attributes for analysis. This article proposes a Geographic Information System (GIS) processing model aimed at monitoring construction and demolition dynamics in the European metropolis of Lille to quantify the urban production of mineral waste from buildings. Author methodology is based on that that the deposit potential can be analyzed using the observation of the spatiotemporal dynamics of building and demolition permits. The results demonstrate that combining construction and demolition (C&D) permits with other GIS layers allows us to produce data to quantify demolition surfaces per year in a given French area. The applicability of this methodology extends to all French regions, providing insights into the impact of crises on deconstruction activities and C&D waste generation. The study focuses on C&D French public data bases (French government and European Metropolis of Lille) attributed to the region (area) of the European Metropolis of Lille (MEL) between 2013 and 2022. Some data for 2022 were incomplete due to ongoing treatment, emphasizing the importance of understanding the dynamics of demolition rates or surfaces to identify data gaps or errors. Historical trajectories of C&D permits were quantified and analyzed, revealing over 21,000 permits granted from 2013 to 2022, categorized by site type (new construction, rehabilitations, prior declarations, and demolitions). Construction sites during this period covered approximately 3,345,948 m2, constituting 20% of the MEL’s building stock, while demolition sites amounted to 1,977,911 m2, equivalent to 5% of the total area of buildings in the metropolis. Employing GIS allowed for a spatial analysis, visualizing data by municipality, urban fabric, and year. The analysis highlighted territories with high and low potential for demolition and construction, as well as the most impacted urban fabrics and dynamic periods. The article discusses potential crisis impacts (e.g., COVID-19 or economic downturns) and the implications of incomplete data. Finally, the study demonstrates how these findings can be utilized to quantify C&D waste, leveraging GIS and the production rate calculation method (GRC). © 2023 by the authors.",construction and demolition permits; geospatial processing; GIS; MEL; spatial analysis; urban fabric; waste quantification; worksite,LIFE-CYCLE ASSESSMENT; MATERIAL STOCKS; WASTE; BUILDINGS; GIS,10.3390/buildings13102671,Article,7,Scopus; Web of Science,2-s2.0-85175024367,WOS:001094053500001,,SCOPUS_S3-1.csv; savedrecs.txt
Building for Climate Change: Examining the Environmental Impacts of the Built Environment,Mannan M.; Al-Ghamdi S.G.,2023,Sustainable Cities in a Changing Climate: Enhancing Urban Resilience,"The growth of building stock worldwide has resulted in significant material usage and adverse environmental consequences, particularly in the context of climate change. Surprisingly, more than one-third of global energy consumption and carbon emissions can be attributed to the construction and operation of residential and commercial structures. To effectively mitigate climate change, it is crucial to examine buildings across their entire life cycle, considering not only their operational energy consumption and associated carbon emissions but also the embodied aspect. Mitigating building-related emissions necessitates the utilization of low-embodied carbon materials, implementing strategies for reducing, reusing, and recovering construction materials, improving design and construction efficiency, exploring carbon sequestration techniques, and extending building lifespans. This chapter offers a comprehensive analysis of the impact of the built environment on climate change, emphasizing the significance of addressing both embodied and operational carbon emissions. By highlighting the interdependence between buildings and climate change, it advocates for a holistic approach to assessing environmental impact. The objective is to provide guidance to policymakers, architects, and other stakeholders in developing and implementing sustainable practices that align with global climate change mitigation objectives. Through the integration of sustainable strategies into building design, construction, and operation, the chapter aims to foster a more sustainable and resilient built environment. © 2024 John Wiley & Sons Ltd. Published 2024 by John Wiley & Sons Ltd.",carbon emissions; climate change mitigation; embodied carbon; operational carbon; sustainable building practices,,10.1002/9781394201532.ch4,Book chapter,5,Scopus,2-s2.0-85183274743,,,SCOPUS_S3-1.csv
Development of a dynamic building stock model for smart energy transition decision support: university campus stock case study,Kourgiozou V.; Al-Saegh S.; Korolija I.; Dowson M.; Commin A.; Tang R.; Rovas D.; Mumovic D.,2023,Building Simulation Conference Proceedings,"University campuses present a unique opportunity for decarbonisation through intelligence integration for smart-energy campuses. So far, the evidence-base for smart energy campuses focuses on building-level demonstrations or archetypal approaches and the university campus stock lacks a common assessment framework to characterise and evaluate smart-energy transition pathways. This paper presents a methodological framework that leverages automated computational methods (3DStock, SimStock) to produce building-by-building dynamic thermal models. The modelling method can benefit the evaluation of smart-energy campus and decarbonisation strategies and simulate the dynamics of complex HVAC under demand-response where data availability is more granular. Instead of using archetypal approaches to represent the heterogeneity of building stocks, this work developed an automated building-by-building stock modelling approach based on a case study. HVAC systems are also modelled based on information from Display Energy Certificates. Model calibration is performed at stock level against actual data from Building Monitoring Systems and operational energy performance data following the CIBSE TM63 protocol. Geometry checks showed that 63% of the models matched actual geometry sufficiently, whereas energy use intensity was overestimated by around 35% across the campus in the baseline partially calibrated building models. For a typology, initial comparisons with a fully calibrated model signified lighting, cooling and heating setpoints as potential factors. A major advantage of the method is that it can be flexibly used depending on the data granularity available and, therefore, eliminates a significant barrier that Urban Energy Modelling presents in terms of data availability. © 2023 IBPSA.All rights reserved.",,Decarbonization; Decision support systems; HVAC; Building stocks; Case-studies; Data availability; Decarbonisation; Decision supports; Energy transitions; Intelligence integration; Smart energies; Stock models; University campus; Buildings,10.26868/25222708.2023.1686,Conference paper,1,Scopus,2-s2.0-85179518828,,,SCOPUS_S3-1.csv
Development of bottom-up model to estimate dynamic carbon emission for city-scale buildings,Yang J.; Deng Z.; Guo S.; Chen Y.,2023,Applied Energy,"The building sector plays a key role in achieving the goal of carbon neutrality while understanding the carbon emission trend of building stock at the city-level is challenging. This study develops a bottom-up model based on the dynamic material flow principle and urban building energy models. Combined with scenario analysis, this model can be used to predict the dynamic development of the size, composition, energy consumption and carbon emissions of building stock in city-level by 2060. Take Changsha as a case study. Five scenarios were set: baseline scenario, less building stock (LBS) scenario, advanced building standard (ABS) scenario, low power emission factor (LPEF) scenario and synergistic emission reduction (SER) scenario, which consider the reduction potential of the building stock size, power emission factors, building energy standards, and their combinations. The result shows that decreasing power emission factors, controlling the building stock size and improving building energy efficiency standards can reduce carbon emissions by 28.29%, 13.38% and 17.49% in 2060, respectively. When the above three measures are implemented simultaneously, the carbon emissions can be reduced by 47.90% and peak before 2030. Therefore, achieving carbon neutrality in the building sector requires a multi-sectoral effort. © 2022 Elsevier Ltd",Bottom-up; Carbon emissions; Carbon reduction potential; Dynamic building stock model; Scenario analysis,Changsha; China; Hunan; Buildings; Carbon; Emission control; Energy efficiency; Bottom up; Bottom-up modeling; Building stocks; Carbon emissions; Carbon reduction potentials; Dynamic building stock model; Emission factors; Power emission; Scenarios analysis; Stock models; building; building construction; carbon emission; carbon footprint; energy efficiency; power generation; standard (regulation); Energy utilization; CO2 EMISSIONS; LIFE-CYCLE; SCENARIO ANALYSIS; STOCK DYNAMICS; ENERGY DEMAND; CHINA; SECTOR; METHODOLOGY; LEVEL,10.1016/j.apenergy.2022.120410,Article,122,Scopus; Web of Science,2-s2.0-85145825928,WOS:000992005300001,,SCOPUS_S3-1.csv; savedrecs.txt
Embodied greenhouse gas emissions in structural materials for the German residential building stock — Quantification and mitigation scenarios,Hingorani R.; Dittrich N.; Köhler J.; Müller D.B.,2023,Building and Environment,"Embodied emissions in construction materials make a relevant contribution to carbon emissions worldwide. While this has been broadly recognised, only little attention has been paid to the role of load-bearing structures in this regard, and if so, mainly limited to assessments of individual structures. For analysing the global warming impact of engineering structures in a wider context, dynamic material flow analysis is deployed in this study. The future stocks and flows of structural materials and their associated embodied emissions in German residential buildings are quantified based on a mass-balance consistent multi-layer model, which relates the stocks in use, their inputs, outputs and determinants, such as the building lifetime, the population or the useful building floor area per capita. A scenario analysis under combination of different emission mitigation measures is performed, among them a gradual replacement of the comparatively large masonry structure stock share by timber structures, and a general downsizing of structural material quantities. The results show that when applied to a realistic extent, such measures could contribute with about 4% to 8% to the German average target mitigation rate required for achieving emission neutrality in 2045. © 2023 The Author(s)",Building structures; Climate change mitigation; Embodied carbon; Material efficiency; Material flow analysis; Resource efficiency,Carbon; Efficiency; Gas emissions; Global warming; Greenhouse gases; Housing; Structural analysis; Building structure; Carbon emissions; Climate change mitigation; Embodied carbons; Embodied emissions; Greenhouse gas emissions; Material efficiency; Materials flow analysis; Residential building stocks; Resource efficiencies; building; carbon emission; climate change; greenhouse gas; material flow analysis; resource management; scenario analysis; Building materials,10.1016/j.buildenv.2023.110830,Article,26,Scopus,2-s2.0-85171855626,,,SCOPUS_S3-1.csv
How can C&D waste recycling do a carbon emission contribution for construction industry in Japan city?,Zhao Q.; Gao W.; Su Y.; Wang T.; Wang J.,2023,Energy and Buildings,"Japan has made a legislative commitment to achieve carbon neutrality by 2050. The construction industry in Japan contributes 30% of the carbon emissions and is the key sector for achieving carbon neutrality. Building abandonment and vacancy has become an urgent problem in Japan. However, less attention has been paid to the carbon emissions of building demolition, especially the recycling of Construction and Demolition (C&D) waste. This study clarifies the flow of C&D waste and accounts for the carbon emission of C&D waste disposal by Life Cycle Assessment and IPCC method. The contribution of C&D waste recycling to carbon emission reduction under three scenarios (Baseline scenario, Large area scenario, Long lifespan scenario) is predicted by modeling the building stock flow. The results show that in Kitakyushu, a decarbonization pioneer region, the disposal of C&D waste will generate 35,896 tons of CO2 in 2019, and the recycled products could reduce emissions by 7,845 tons for the construction industry. Disposing of concrete and steel is the major source of carbon emissions of 94.1%, recycling of steel is the biggest driver of emissions reduction. Kitakyushu will soon face rapid growth in C&D waste, contributing to a 1.9–6.8% carbon reduction in the construction industry. From a material cycle perspective, a reasonable building stock and an extended building lifespan are more conducive to achieving carbon neutrality. © 2023",Building stock and flow; C&D waste recycle; Carbon emissions; Construction industry,Carbon; Construction; Demolition; Emission control; Life cycle; Recycling; Waste disposal; Building stock and flow; Building stocks; Carbon emissions; Carbon neutralities; Construction and demolition waste; Construction and demolition waste recycle; Lifespans; Stocks and flows; Waste recycle; Wastes recycling; Construction industry; DEMOLITION WASTE; DYNAMIC MATERIAL; RESIDENTIAL BUILDINGS; ENVIRONMENTAL-IMPACT; FLOW; MANAGEMENT; URBAN; STOCK; LIFE,10.1016/j.enbuild.2023.113538,Article,52,Scopus; Web of Science,2-s2.0-85172265567,WOS:001100649800001,,SCOPUS_S3-1.csv; savedrecs.txt
How changes in urban morphology translate into urban metabolisms of building stocks: A framework for spatiotemporal material flow analysis and a case study,Kolkwitz M.; Luotonen E.; Huuhka S.,2023,Environment and Planning B: Urban Analytics and City Science,"Anthropogenic stocks are increasingly seen as potential reserves for secondary resources, which has led to a rapid development in research of urban metabolic systems. With regard to buildings and their associated material stocks and flows, one of the most critical shortcomings in the state-of-the-art is the knowledge gap for drivers, dynamics, patterns and linkages that affect the urban metabolism. This paper is premised on the idea that urban planning stirs up these material flows, so it should also adopt their sustainable management on its agenda. It presents an approach that highlights the intertwined nature of changing urban morphology and building material stocks and flows in space and time. An analytical framework, based on the principles of material flow analysis, is provided for an integrated, spatiotemporal study of urban morphology and urban metabolism of buildings, using building and plot data as the input and identifying internal processes of the urban metabolism as the output. The identified processes include greenfield development, infill construction, building replacement and shrinkage, each of which can be expected to have tangible yet very different material and environmental consequences in the form of embodied materials and CO2. The use of the framework is demonstrated with a case study in the Finnish city of Vantaa in 2000–2018. The case study shows patterns pertaining to a growing city unrestricted by geographic or historic factors, manifested as vast greenfield developments and replacement of a notably young building stock. As sustainability may soon call into question both these strategies, uncovering the material consequences of a city’s past urban (re)development strategies lay the foundation for using the presented approach proactively in planning support, in pursuit of more circular economy-based and low carbon cities. © The Author(s) 2022.",Built environment; cities; sustainability; time-space analysis; urban morphology,Finland; Uusimaa; Vantaa; analytical framework; material flow analysis; spatiotemporal analysis; sustainability; sustainable development; urban morphology; urban planning; ACCUMULATION,10.1177/23998083221140892,Article,18,Scopus; Web of Science,2-s2.0-85142763857,WOS:000890344000001,,SCOPUS_S3-1.csv; savedrecs.txt
Modeling carbon emission trend in China's building sector to year 2060,You K.; Ren H.; Cai W.; Huang R.; Li Y.,2023,"Resources, Conservation and Recycling","Mitigating carbon emissions of China's building sector can significantly contribute toward realizing China's climate goals of achieving carbon peak and carbon neutrality. To understand the carbon emission trend and tap the potential of emission mitigation, this study developed an innovative carbon emissions simulation model that considers climate area, building type and end-use service, and quantifies technique renovation by building metabolism. The results of this study represent China's building sector need to adopt stronger strategies to realize the carbon peak goal. To further conduct deep decarbonization and achieve carbon neutrality, the collective efforts of overall society will lead to the achievement of 64.51% carbon emission mitigation in 2060, decarbonization of electricity generation (47.85%), building stock regulation (M9: 14.24%, 0.14 BtCO2), and residential green behavior guidance (M10: 13.68%, 0.13 BtCO2) contribute the top three carbon abatement. Moreover, our results indicate that carbon capture, utilization, and storage techniques must be employed to realize the “last mile” of China building neutrality. Overall, this study provided a valuable reference and emission quantification tool for setting specific carbon emission mitigation goals. © 2022",Building sector; Building stock turnover model; Carbon emission mitigation; Carbon neutrality; Carbon peak; Scenario simulation,Buildings; Carbon capture; Climate models; Taps; carbon; Building stock turnover model; Building stocks; Buildings sector; Carbon emission mitigation; Carbon emissions; Carbon neutralities; Carbon peaks; Emissions mitigation; Scenario simulations; Stock turnover; Turnover models; carbon emission; carbon sequestration; computer simulation; electricity generation; emission control; modeling; trend analysis; air pollution control; Article; building industry; building type; carbon capture; carbon neutrality; carbon storage; carbon utilization; chemical modification; China; climate; controlled study; decarbonization; electricity; environmental parameters; environmental protection; process model; residential green behavior; trend study; Decarbonization; CO2 EMISSIONS; SCENARIO ANALYSIS; ENERGY; SYSTEM,10.1016/j.resconrec.2022.106679,Article,146,Scopus; Web of Science,2-s2.0-85138382478,WOS:000861835500003,,SCOPUS_S3-1.csv; savedrecs.txt
Multiscale pattern analysis of building replacements in Zurich from 2000 to 2019,Ye J.; Fivet C.,2023,Journal of Physics: Conference Series,"Building replacement (BR) - i.e., the demolition of existing structures and subsequent construction of new buildings on the same site - is often understood as a necessary urban planning strategy despite significant environmental implications regarding solid waste generation, raw material depletion, and embodied greenhouse gas emissions. Besides, BR may also be considered an effective form of urban mining. Yet it has not been adequately studied in academic literature. Current studies often adopt a simplified 'black box' approach that overlooks the intricate internal mechanisms and fails to capture the interconnected material flows within the building stock. To address these gaps, this paper utilizes descriptive statistics and bipartite graph analysis to examine the transformation patterns of BR across three spatial scales in the city of Zurich. The analysis encompasses 1,018 replacement projects involving 6,115 building units from 2000 to 2019. By comparing the characteristics of demolished and newly constructed groups, the study reveals insights into the dynamic nature of BR. From a broader perspective, the combination of the various heterogeneous BR-related findings in this paper highlights the need to evaluate the application of circular economy principles to large building stocks with a more nuanced understanding of building stock dynamics over time. © 2023 Institute of Physics Publishing. All rights reserved.",,Gas emissions; Greenhouse gases; Mining; Urban growth; 'current; Academic literature; Black box approach; Building stocks; Environmental implications; Existing structure; Greenhouse gas emissions; Pattern analysis; Solid waste generation; Urban Planning Strategies; Buildings,10.1088/1742-6596/2600/17/172004,Conference paper,0,Scopus,2-s2.0-85180147869,,,SCOPUS_S3-1.csv
The Extent to Which Hemp Insulation Materials Can Be Used in Canadian Residential Buildings,Liu C.H.J.; Pomponi F.; D’Amico B.,2023,Sustainability (Switzerland),"The embodied carbon of building materials is a significant contributor to greenhouse gas (GHG) emissions. Hemp is widely acknowledged as the most used vegetal insulation in building and construction due to its comparable thermal properties and better environmental performance than that of mainstream insulation materials (MIMs). However, the application of hemp insulation materials (HIMs) in Canada is still in its infancy. Canada is currently the largest hemp oil and seed producer in the world. Most recent research on hemp in Canada has focused on the impact of legalising marijuana and the popularisation of hemp health products and cannabidiol (CBD). There is a lack of studies addressing the holistic impact of hemp in reducing emissions in Canadian residential buildings. This paper exams the feasibility of large-scale hemp cultivation in Canada and the suitability of HIMs for Canadian private dwellings. Material flow analysis (MFA) and life cycle assessment (LCA) were applied to evaluate different levels of carbon mitigation over time produced by HIM substitution. The results show that Canada has sufficient farmland and perfect geographic location and weather to implement large-scale hemp cultivation. HIM substitution can be accomplished for 81% of Canadian residential buildings. Full HIM substitution fulfilled through 5% hemp fibre insulation (HF) and 95% hempcrete (HC) will mitigate 101% of the GHG emissions caused by existing MIMs and contribute up to a 7.38% reduction in emissions to achieve the net zero emissions target by 2050. © 2023 by the authors.",Canadian residential building stock; hemp building and construction; life cycle assessment; material substitution; thermal insulation,,10.3390/su151914471,Article,7,Scopus,2-s2.0-85174200164,,,SCOPUS_S3-1.csv
A dynamic model for estimating the long-term need for repairs and renovations in residential buildings,Kurvinen A.; Huovari J.; Lahtinen M.; Sen T.; Saari A.,2024,Building Research and Information,"Reaching sustainability targets requires a holistic understanding of the different dimensions of residential building stock development. This paper aims to provide a solid and transparent approach for modelling residential building stock development with a focus on the long-term need for repairs and renovations. The modelling approach is based on Dynamic Material Flow Analysis (MFA) and the model is constructed using comprehensive Finnish statistics. Still, it is widely applicable to different geographical locations and modifiable for various purposes. The main contributions to the previous literature are the incorporation of empirical building mortality analysis and rehabilitation degree model in the MFA modelling framework. The model is demonstrated by modelling the development of Finnish residential building stock from 2020 to 2050. The annual average need for renovation from 2020 to 2050 is 4.1 million residential square metres (1.8% percent of the entire housing stock), equalling to annual investments of some 7.8 billion euros. However, the results revealed notable geographical differences between municipality categories. The results also suggest that the proportion of renovations in the total construction market is increasing while the volume of new housing construction is decreasing. The modelled results are in line with the Finnish Long-Term Renovation Strategy 2020–2050. © 2024 The Author(s). Published by Informa UK Limited, trading as Taylor & Francis Group.",construction; demolition; dynamic material flow analysis; Finland; renovation; Residential building stock,Demolition; Housing; Dynamic material flow analyse; Dynamic materials; Dynamics models; Finland; Finnish; Materials flow analysis; Modeling approach; Renovation; Residential building; Residential building stocks; Construction; MATERIAL FLOW-ANALYSIS; CONSTRUCTION DEMAND; DWELLING STOCK; URBAN; EMISSIONS; VACANCY,10.1080/09613218.2024.2306371,Article,6,Scopus; Web of Science,2-s2.0-85183925491,WOS:001152151600001,,SCOPUS_S3-1.csv; savedrecs.txt
A dynamic modelling approach to explore zero emission building stock opportunities towards 2050 – Case study of a university campus,Nord N.; Tereshchenko T.; Woszczek A.; Næss J.S.; Sandberg N.H.; Pahlavan H.M.; Brattebø H.,2024,Energy and Buildings,"The building sector has a significant influence on energy use and environmental impact. When observing a university campus, reduction of energy use is a complex issue due to the variety of building types, usage, building construction age, and different implementation of improvement measures. To investigate how energy efficiency measures on a single building may influence the entire campus, a combination of building energy simulation and a scenario-based aggregation method using dynamic material flow analysis principles was implemented. This study investigated possible energy efficiency measures at a university campus in Trondheim, Norway. Scenario analysis was used to identify the most critical factors for future development and to evaluate to what extent the campus might develop towards a net zero-emission campus during the period 2017–2050. Four scenarios were introduced including two aspects: renovation of the existing building stock and changes in campus energy supply systems. The results on energy efficiency packages highlighted that saving potentials were highly dependent on the construction period of the buildings. The package combining envelope renovation and operation improvements showed the highest savings. The findings indicated that advanced renovation, including extensive use of heat pumps, might be the most promising strategy for reducing energy demand by 26 %. © 2024 The Author(s)",District heating; Energy use; Low energy buildings; Zero emission neighborhood,Clean energy; Zero energy buildings; Building stocks; Dynamic modeling approach; Efficiency measure; Energy; Energy use; Low energy buildings; Neighbourhood; University campus; Zero emission; Zero emission neighborhood; Green buildings; ENERGY-CONSUMPTION; RENOVATION; HEAT,10.1016/j.enbuild.2024.115024,Article,8,Scopus; Web of Science,2-s2.0-85208475950,WOS:001355485700001,,SCOPUS_S3-1.csv; savedrecs.txt
A review of building digital twins to improve energy efficiency in the building operational stage,Cespedes-Cubides A.S.; Jradi M.,2024,Energy Informatics,"The majority of Europe’s building stock consists of facilities built before 2001, presenting a substantial opportunity for energy efficiency improvements during their operation and maintenance phase. Digitalizing these buildings with digital twin technology can significantly enhance their energy efficiency. Reviewing the applications and trends of digital twins in this context is beneficial to understand the current state of the art and the specific challenges encountered when applying this technology to older buildings. This study focuses on the application of digital twins in building operations and maintenance (O & M), emphasizing energy efficiency throughout the building lifetime. A systematic process to select 21 pertinent use-case studies was performed, complemented by an analysis of six enterprise-level digital twin solutions. This was followed by an overview of general characteristics, thematic classification, detailed individual study analyses, and a comparison of digital twin solutions with commercial tools. Five main applications of digital twins were identified and examined: component monitoring, anomaly detection, operational optimization, predictive maintenance and simulation of alternative scenarios. The paper highlights challenges like the reliance on Building Information Modeling (BIM) and the need for robust data acquisition systems. These limitations hinder the implementation of digital twins, in particular in existing buildings with no digital information available. It concludes with future research directions emphasizing the development of methods not solely reliant on BIM data, integration challenges, and potential enhancements through AI and machine learning applications. © The Author(s) 2024.",Building Information Modeling (BIM); Digital twin; Energy efficiency; Energy Modeling; IoT system; Maintenance; Operation,Anomaly detection; Architectural design; Data acquisition; Information theory; Internet of things; Maintenance; 'current; Building information modeling; Building Information Modelling; Building stocks; Energy efficiency improvements; Energy model; IoT system; Operation; Operational stages; Operations and maintenance; Energy efficiency,10.1186/s42162-024-00313-7,Review,177,Scopus,2-s2.0-85186127265,,,SCOPUS_S3-1.csv
An interlinked dynamic model of timber and carbon stocks in Japan's wooden houses and plantation forests,Yamashita N.; Fishman T.; Kayo C.; Tanikawa H.,2024,Sustainable Production and Consumption,"Carbon absorption in growing trees is an important element of a carbon-neutral society, and the long-term storage of carbon stocks is a crucial sustainability challenge. Previous studies have focused on either live-biomass carbon stocks in plantation forests or anthropogenic carbon stocks in man-made objects. For a comprehensive nature-based climate solution, an analytical framework, dataset, and scenario setup for modeling the interrelationship between timber supply and demand are required. This study developed an interlinked material flow analysis model in which the timber demand for wooden houses is connected with timber supply from managed plantation forestry. We demonstrate the model by quantifying both live-biomass and anthropogenic carbon stocks and their potentials in Japan. We compared multiple scenario-runs of the model for wooden house demands estimated by population change with varying combinations of house types, structures, and lifespans. Our results show that carbon stocks will reach a maximum amount of 1.1 billion t-C by 2050 in a scenario of high demand for wooden detached houses with lifespan extensions. On the other hand, we also found that the aging of plantation forests and their reduced carbon-stocking capacities appear inevitable in any scenario owing to the limited demand for timber. Notably, despite the widely different settings of the various scenarios, our results exhibited narrow variances in future potential carbon storage in Japan. This can be explained by the unique population characteristics and building demographics of Japan. These counterintuitive findings highlight the need for interrelated modeling of the forestry and construction sectors. Our model and its scope are versatile and applicable to other case study areas, estimation periods, and target materials. © 2024 The Authors",Building lifespan; Construction materials; Material stock flow analysis; Scenario analysis; Socioeconomic metabolism; Timber consumption,Anthropogenic; Carbon capture and storage; Building lifespan; Carbon stocks; Flow analysis; Lifespans; Material stock flow analyze; Scenarios analysis; Socioeconomic metabolisms; Stock flows; Timber consumption; Wooden house; Carbon sequestration,10.1016/j.spc.2024.11.003,Article,9,Scopus,2-s2.0-85208768848,,,SCOPUS_S3-1.csv
"Assessing environmental impacts of utilizing recycled concrete waste from the technosphere: a case study of a cement industry in West Java, Indonesia",Kristanto J.; Aryapratama R.; Ibrahim M.A.A.; Anasstasia T.T.; Azis M.M.; Kalza A.L.; Lestianingrum E.; Hendranata B.,2024,Journal of Material Cycles and Waste Management,"Cement industries generate massive amounts of greenhouse gas (GHG) emissions. As a fast-growing economy in Southeast Asia, Indonesia consumed more than 62 Mtons of cement in 2020. To cut down the impacts from extensive resource extraction and GHG emissions from cement industries, utilizing secondary raw materials such as concrete is an option to simultaneously reduce the limestone requirement at cement plants. This study aims to estimate yearly concrete waste flow from residential building stocks and the environmental impacts of utilizing those concrete waste in a cement-producing region in West Java, Indonesia by combining dynamic material flow analysis, stock modeling, and life cycle assessment (LCA). We found Cirebon Regency’s residential buildings would accumulate 46.2 Mtons concrete stocks by 2050. The estimated concrete waste from demolished residential buildings in Cirebon would reach up to 2 Mtons by 2050 depending on building lifetimes. At the baseline scenario, environmental impacts per ton cement are 647.35 kg CO2 eq. of Global Warming Potential (GWP), 90.25 kg C deficit of Land Use (LU), and 4,707.24 MJ of Cumulative Energy Demand (CED). By utilizing 1 Mtons of recycled concrete, the cement production facility would decrease those values by up to 5.42 kg CO2 eq./ton cement, 0.09 kg C deficit/ton cement, and 0.43 MJ/ton cement, respectively. Our results help inform decision-makers to formulate policy options on utilizing concrete waste to reduce cement production environmental impacts. © The Author(s), under exclusive licence to Springer Nature Japan KK, part of Springer Nature 2024.",Calcination; Cement; Concrete waste; Dynamic stock modeling; Life cycle assessment,Carbon dioxide; Cements; Decision making; Economics; Environmental impact; Gas emissions; Global warming; Greenhouse gases; Housing; Land use; Lime; Recycling; Cement production; Concrete wastes; Dynamic stock modeling; Greenhouse gas emissions; Indonesia; Life cycle assessment; Recycled concretes; Residential building; Stock models; West javas; Life cycle; RESIDENTIAL BUILDINGS; DEMOLITION WASTE; CARBON; STOCKS; DYNAMICS; ENERGY; URBAN,10.1007/s10163-024-02042-1,Article,6,Scopus; Web of Science,2-s2.0-85200210494,WOS:001282680500001,,SCOPUS_S3-1.csv; savedrecs.txt
Assessing the prospective environmental impacts and circularity potentials of building stocks: An open-source model from Austria (PULSE-AT),Alaux N.; Schwark B.; Hörmann M.; Ruschi Mendes Saade M.; Passer A.,2024,Journal of Industrial Ecology,"Building stock models can provide information on the current and future environmental impacts of buildings. Therefore, these models are useful tools for identifying trajectories that are compatible with the objectives of the Paris Agreement. However, the models often lack detail, which can lead to underestimations of the actual impacts of national building stocks, resulting in misinformed decision-making. This study presents the steps needed to create an archetype-based bottom-up building stock model that uses Python and Brightway2. Prospective environmental assessments, including circularity assessments, can be performed by combining life cycle assessment (LCA) with material flow analysis (MFA). An important facet of this model is that it supports the development of a practical and easily reproducible method for the high-precision modeling of a building stock. This model is open source, is readily adaptable to other countries, and does not require programming knowledge. This combined LCA-MFA method can be used to assess the potential to reduce greenhouse gas (GHG) emissions from the Austrian building stock in five future scenarios involving sufficiency, energy, material, and design-related measures. The results show different reduction potentials for embodied and operational GHG emissions depending on the set of measures taken. In all scenarios, mineral and synthetic materials contribute the most to embodied GHG emissions. Finally, the issue of validating building stock models is addressed, and numerous cross-evaluations are proposed to ensure the reliability of results. © 2024 The Author(s). Journal of Industrial Ecology published by Wiley Periodicals LLC on behalf of International Society for Industrial Ecology.",building stock model; carbon reduction strategy; circular economy; industrial ecology; material flow analysis (MFA); prospective life cycle assessment (LCA),Austria; Carbon capture and utilization; Carbon sequestration; Environmental impact assessments; Greenhouse gas emissions; Life cycle assessment; Low emission; Zero-carbon; Building stock model; Building stocks; Carbon reduction; Carbon reduction strategy; Circular economy; Industrial ecology; Material flow analyze; Materials flow analysis; Prospective life cycle assessment; Prospectives; Reduction strategy; Stock models; building; decision making; economic structure; emission control; environmental impact; greenhouse gas; industrial ecology; life cycle analysis; material flow analysis; strategic approach; EUROPEAN COUNTRIES,10.1111/jiec.13558,Article,26,Scopus; Web of Science,2-s2.0-85204060319,WOS:001382110900001,,SCOPUS_S3-1.csv; savedrecs.txt
Challenges and opportunities in the global net-zero building sector,Ma M.; Zhou N.; Feng W.; Yan J.,2024,Cell Reports Sustainability,"Buildings worldwide, which represent the final piece to be addressed in the transition to carbon neutrality, require a multisectoral, comprehensive strategy for decarbonization. We provide an overview of the current global status and features of carbon emissions associated with buildings, then outline pathways and steps to achieving carbon neutrality by mid-century. By synergizing technical innovation, encompassing advanced building technologies and renewable energy solutions, with robust financial support mechanisms, we can expedite the widespread adoption of building electrification and energy system decarbonization. This integrated approach stands as the most practical and effective strategy for decarbonizing building operations. Vital measures for reducing embodied carbon include constraining the building stock growth, decarbonizing materials, and extending building lifetimes. We emphasize the importance of raising awareness of building carbon emissions among governments, residents, and other stakeholders. Understanding the challenges and the urgent need for action is crucial to achieving carbon neutrality in the building sector. © 2024",building decarbonization strategy; carbon neutrality; clean construction; decarbonized materials; end-use efficiency; GLOBE database; renewable power integration,CARBON-DIOXIDE EMISSIONS; ENERGY EFFICIENCY; CHINA; DECARBONIZATION; CONSTRUCTION; TRANSITION; WASTE,10.1016/j.crsus.2024.100154,Article,120,Scopus; Web of Science,2-s2.0-85203130981,WOS:001552548200005,,SCOPUS_S3-1.csv; savedrecs.txt
"Development of a framework to forecast the urban residential building CO2 emission trend and reduction potential to 2060: A case study of Jiangxi province, China",Tang S.; Leng W.; Liu G.; Li Y.; Xue Z.; Shi L.,2024,Journal of Environmental Management,"Investigating the CO2 abatement potential of urban residential building from systematic perspective is essential to reach the urban carbon neutrality target. However, previous studies on building CO2 emission trend forecasting were mainly focused on the building operational phase. In this study, a new framework that includes four building stages under a system dynamic model is developed to simulate urban residential building carbon emission changes and the related reduction potentials under three scenarios in Jiangxi Province up to 2060. Results showed that the overall process carbon emission dynamic had already peaked in 2014 under the three scenarios, with a peak value of 38.52 Mt. It then fell to 9.56 Mt in 2060 under the baseline (BAU) scenario. More importantly, seven carbon abatement measures were adopted during four building activities in this study, and the total carbon reduction was not the sum of the carbon reduction potential of the individual measures. Some carbon abatement strategies displayed synergistic effects such as low-carbon electrification where the combination of electrification and clean energy power generation was the largest contributor to reduced carbon emissions during building operation as a comprehensive carbon reduction measure. By contrast, extending a building's lifetime restrained the carbon abatement potential during the demolition stage, and it inhibited the carbon emission reduction by 24.84 Mt. These results highlight the significant need for effective policy interventions for clean production and the need to improve prefabricated building proportions, promote electrification, improve energy efficiency, strengthen recycling practices, and extend building lifetimes to promote decarbonization of urban residential building system development. © 2023 Elsevier Ltd",Carbon abatement strategies; CO<sub>2</sub> emission peak; Forecasting framework; System dynamics model; Urban residential buildings; CO2 emission peak,Carbon; Carbon Dioxide; China; Forecasting; Recycling; Jiangxi; Carbon dioxide; Electric utilities; Emission control; Housing; carbon; carbon dioxide; Carbon abatement; Carbon abatement strategy; Carbon emissions; CO 2 emission; CO2 emission peak; Emission peaks; Emissions trends; Forecasting framework; System dynamics modelling; Urban residential buildings; building; carbon balance; carbon emission; electrification; emission control; forecasting method; power generation; reduction; residential location; Article; carbon dioxide emission; carbon footprint; carbon neutrality; case study; construction and demolition waste; direct current; energy consumption; forecasting; recycling; simulation; Energy efficiency; SECTOR; DECARBONIZATION; METHODOLOGY; SCENARIOS; DYNAMICS,10.1016/j.jenvman.2023.119399,Article,24,Scopus; Web of Science,2-s2.0-85178666709,WOS:001133544900001,,SCOPUS_S3-1.csv; savedrecs.txt
Environmental consequences of shifting to timber construction: The case of Denmark,Hansen R.N.; Eliassen J.L.; Schmidt J.; Andersen C.E.; Weidema B.P.; Birgisdóttir H.; Hoxha E.,2024,Sustainable Production and Consumption,"Many life cycle assessments (LCA) studies on wooden buildings show potential to decarbonise the building industry, though often neglecting to consider the systemic changes of such a shift at the building stock scale. This study applies a consequential LCA to evaluate the transition from conventional construction to increased wood-based construction in Denmark from 2022 to 2050. The assessment models a material flow analysis of the two construction scenarios, incorporating an area forecast and case buildings. By that, we assessed suppliers' capacity to likely meet the demand for wood, steel, and concrete, employed an input-output model to enhance completeness and country representativeness for other materials' markets, and considered the competition for land by indirect land use change. We implemented a dynamic IPCC-based assessment of GHG-emissions concurrently with a carbon forest model to anticipate the relationship between the delayed carbon storage resulting from using wood in buildings and forest regrowth management. The findings indicate wood construction is the most climate-friendly option for multifamily houses. In contrast, single-family houses (SFH) and office buildings (OB) exhibit the lowest climate impacts in the conventional scenario. The SFH result could be credible due to the sizable GWP impact gap between construction scenarios despite uncertainties related to the weight proportion of sedum roofs. The less conclusive OB findings relate to the substantial steel quantities in the wood case buildings, requiring further investigation. Generally, metals, cement-based- and biobased materials demonstrate the largest climate impact among the material categories. Across all three building typologies, the change to timber construction increased the impact on nature occupation (biodiversity). In conclusion, this study emphasises the need for further research on forest management model inputs, land use change approaches, potential steel suppliers' impact, and a broader array of case studies. It is because these are influential factors in facilitating informed decision-making of the increased implementation of wood in buildings. As the first study to integrate these modelling characteristics, it contributes to the research gap concerning geographical circumstances, forestry, and markets relevant to decision support for increased wood utilisation in Europe's building industry. © 2024 The Authors",Consequential life cycle assessment; Dynamic LCA; Forest modelling; Indirect land use change; Material flow analysis; System thinking,Biodiversity; Commerce; Construction industry; Decision making; Decision support systems; Forestry; Greenhouse gases; Land use; Systems thinking; Timber; Wooden buildings; Building industry; Consequential life-cycle assessment; Denmark; Dynamic life cycle assessment; Forest modelling; In-buildings; Indirect land-use changes; Materials flow analysis; System thinkings; Timber construction; Life cycle; SUSTAINABILITY ASSESSMENT; BIOGENIC CARBON; LCA; BUILDINGS; REFURBISHMENT; EMISSIONS; BIOENERGY; ZEALAND; CONTEXT; STORAGE,10.1016/j.spc.2024.02.014,Article,45,Scopus; Web of Science,2-s2.0-85185401699,WOS:001196627700001,,SCOPUS_S3-1.csv; savedrecs.txt
Estimation of global building stocks by 2070: Unlocking renovation potential,Zhang S.; Ma M.; Zhou N.; Yan J.; Feng W.; Yan R.; You K.; Zhang J.; Ke J.,2024,Nexus,"Buildings produce one-third of carbon emissions globally; however, the absence of data regarding global floorspace poses challenges in advancing building carbon neutrality. We compile the measured building stocks for 14 major economies and apply our global building stock model (GLOBUS) to evaluate future trends in stock turnover. Based on a scenario not considering renovation, by 2070, the building stock in developed economies will be ∼1.4 times that of 2020 (100 billion m2); in developing economies, it is expected to be 2.2 times that of 2020 (313 billion m2). Based on a techno-economic potential scenario, however, stocks in developed economies will decline to approximately 0.8 times the 2020 level, while stocks in developing economies will increase to nearly twice the 2020 level due to their having fewer buildings currently. Overall, GLOBUS provides a way to calculate the global building stock, helping scientists, engineers, and policymakers conduct a range of investigations across various future scenarios. © 2024 The Author(s)",building renovation; building stock turnover; building sufficiency; global building floorspace; GLOBUS model; new construction,,10.1016/j.ynexs.2024.100019,Article,41,Scopus,2-s2.0-105013326384,,,SCOPUS_S3-1.csv
Fabric energy efficiency in housing retrofit: the role of whole-life operational and embodied carbon emissions,Zune M.; Arbabi H.; Tingley D.D.,2024,"PLEA 2024: (Re)Thinking Resilience - Proceedings of 37th PLEA Conference, Sustainable Architecture and Urban Design, the Book of Proceedings","UK housing decarbonisation through retrofit faces massive challenges to be consistent with 2050 Zero Carbon targets, considering the large proportion of inefficient building stock. As the design for fabric-energy-efficiency and the demand for energy consumption from modern lifestyle increases, its trade-off with the embodied carbon investment and the unintended consequences from a high-performance building envelope becomes increasingly important. We developed a model which considered both building performance metrics and existing UK Energy Performance Certificates (EPCs) metrics to investigate long-term quality and acceptability of retrofits, i.e., overheating mitigation and ventilation improvement, considering a 20- and 50-year building lifespan. The model combines energy demand assessment, indoor environmental assessment, the Future Homes Standard and EPC’s cost-energy-carbon metric. A dynamic simulation study for seven predominant built forms in the South Yorkshire housing stock was designed to investigate deep retrofit results under predicted future climate conditions in the 2030s, 2050s and 2080s. The study focused on whole-life emissions from operational and embodied carbon over different timescales whilst considering a healthy indoor environment in buildings. The findings present an efficient way of combining building performance metrics and EPC metrics in a housing retrofit model that aids decision-making for homeowners, stakeholders and policymakers. © Copyright by Fundacja PLEA 2024 Conference, Wrocław 2024.",Domestic retrofit; Energy efficiency; Energy Performance Certificate; Housing stock; Retrofit metrics,Carbon; Carbon Economy; Decision making; Economic and social effects; Energy utilization; Green buildings; Housing; Intelligent buildings; Investments; Retrofitting; Zero-carbon; Building performance; Domestic retrofit; Embodied carbons; Energy; Energy efficiency in housing; Energy performance; Energy performance certificate; Housing stock; Performance metrices; Retrofit metric; Energy efficiency,,Proceedings Paper,0,Scopus; Web of Science,2-s2.0-105023689709,WOS:001789255500158,,SCOPUS_S3-1.csv; savedrecs.txt
Heating electrification in cold climates: Invest in grid flexibility,Knittel T.; Palmer-Wilson K.; McPherson M.; Wild P.; Rowe A.,2024,Applied Energy,"One strategy to significantly reduce greenhouse gas emissions in end-use sectors such as building heat is to switch from fossil fuels to electricity. To date, electricity consumption follows a regular and predictable pattern; however, electrifying building heat, which is driven by ambient temperature, causes this pattern to change. Previous work has not fully addressed the implications of building heat electrification on the timing and magnitude of peak demands and on flexibility requirements of the electricity grid. In this work, a high-resolution heating demand model, featuring building stock turnover forecasts, is developed, and applied to British Columbia. The study determines energy, capacity, and flexibility requirements by computing regional energy load profiles for space and water heat. Six scenarios were developed to examine the decarbonization potential in the residential and commercial building sector, considering increased heat pump adoption, building envelope energy efficiency improvements, and the implementation of building energy codes. With an emphasis on building stock improvements, 90% heat pump penetration results in only 6% increase in electrical energy even with an annual population growth rate of 1.1%; however, this scenario leads to a 37% increase in peak electricity demand. Over the time-period considered, building energy codes and retrofit rates contribute relatively little to achieving net-zero emissions in the buildings sector, while building heat electrification has significant impacts on future flexibility requirements of the electricity grid. © 2023",Building stock turnover; Energy efficiency; Forecasting load profiles; Heat and electricity demand; Peak demand,British Columbia; Canada; Electric loads; Electric power utilization; Electric utilities; Fossil fuels; Gas emissions; Greenhouse gases; Heat pump systems; Office buildings; Population statistics; Building stock turnover; Building stocks; Electricity demands; Electricity grids; Forecasting load profile; Heat and electricity; Heat demands; Load profiles; Peak demand; Stock turnover; demand analysis; electrification; energy efficiency; forecasting method; fuel consumption; greenhouse gas; heating; Energy efficiency; ENERGY DEMAND; BUILDING STOCK; PUMP; CONSUMPTION; SIMULATION; MODEL; SCALE; AGGREGATION; STRATEGIES; EFFICIENCY,10.1016/j.apenergy.2023.122333,Article,26,Scopus; Web of Science,2-s2.0-85181734365,WOS:001127092900001,,SCOPUS_S3-1.csv; savedrecs.txt
High-Resolution Mapping of Urban Residential Building Stock Using Multisource Geographic Data,Shen L.; Wang L.; Yang Q.; Ma M.,2024,Buildings,"The rapid pace of urbanization and the increasing concentration of populations in urban areas have generated a substantial demand for architectural structures, resulting in a significant increase in building stock and continuous material flows that interact with the environment. This study emphasizes the importance of high-spatial-resolution mapping of residential building stock for effective urban-construction resource management, planning, and waste management. Focusing on Xi’an as a case study, the research develops a comprehensive framework for mapping urban residential building stock by integrating diverse data dimensions, including temporal, spatial, network, and multi-attribute aspects. The findings indicate that between 1990 and 2020, approximately 4758 residential communities were established in central Xi’an. The analysis of seven key residential construction materials revealed that the building stock escalated from 1.53 million tons to 731.12 million tons, with a steady spatial expansion of material distribution. The study attributes this growth to factors such as population increase, economic advancement, and policy initiatives, which, in turn, have driven the demand for residential building materials and reinforced the interdependence between urban expansion and residential construction development. Remarkably, from 1990 to 2020, the population surged by 2.1-fold, the economy by 66-fold, and the stock of residential building materials by 477-fold, indicating that the growth rate of material stock consistently outpaced that of both population and economic growth. Over the past three decades, the rapid expansion of residential buildings has led to the encroachment of urban ecological spaces by concrete structures. The methodology proposed in this study for quantifying building material offers valuable insights for policymakers and urban and environmental planners to foster responsible resource consumption and supports component-level circularity in the built environment. © 2024 by the authors.",material stock; multisource integration; spatialization method; sustainability,Data integration; Housing; Mapping; Population statistics; Urban growth; Waste management; Building stocks; Buildings materials; Material stock; Multi-source integrations; Residential building; Residential building stocks; Residential construction; Spatialization; Spatialization method; Urban residential buildings; Sustainable development; MATERIAL FLOW-ANALYSIS; LIFE-CYCLE ASSESSMENT; NIGHTTIME LIGHT DATA; ENVIRONMENTAL-IMPACT; DYNAMIC MATERIAL; WASTE MANAGEMENT; OF-LIFE; CONSTRUCTION; METABOLISM; DEMOLITION,10.3390/buildings14051266,Article,7,Scopus; Web of Science,2-s2.0-85194504060,WOS:001232919500001,,SCOPUS_S3-1.csv; savedrecs.txt
Multiscale spatiotemporal characterisation of embodied environmental performance of building structures in Geneva from 1850 to 2018,Fivet C.; De Wolf C.; Menny T.; Vanbutsele S.; Stephan A.,2024,Cleaner Environmental Systems,"Load-bearing systems in buildings, significant in material use and embodied greenhouse gas emissions (EGHGE), have lacked detailed analysis on their environmental and functional relationships over time and space. This study evaluates the environmental impacts of building structures in Geneva, Switzerland, considering factors like material usage, EGHGE, and urban development. A new method using a similarity-weighted function projects environmental impacts onto a GIS-based building stock, analysing 48 archetypal and 84,477 stock buildings built from 1850 to 2018. Results show a 37% reduction in structural volume per floor area and a 10% increase in mass over time. Buildings predating the masonry-to-concrete transition would produce 7% more EGHGE if constructed today. Multi-residential buildings emit 14% less EGHGE than single homes. A new indicator amortizes upfront environmental effects over a building's lifespan, aiding in historical comparisons of building stocks. This approach underscores the need for spatial-temporal environmental impact mapping to understand sustainable urban development dynamics. © 2024 The Authors",Building stock modelling; Carbon footprint; Construction history; Embodied greenhouse gas emissions; Load-bearing systems; Urban planning,Buildings; Emission control; Environmental management; Gas emissions; Greenhouse gases; Urban growth; Building stock modeling; Building stocks; Building structure; Construction history; Embodied greenhouse gas emission; Environmental performance; Greenhouse gas emissions; Load-bearing systems; Spatiotemporal characterization; Stock models; Carbon footprint,10.1016/j.cesys.2024.100194,Article,18,Scopus,2-s2.0-85194106486,,,SCOPUS_S3-1.csv
Prediction of embodied GHG emissions of building materials in Shanghai,Long Y.; Cui H.; Lu Z.; Huang B.; Wang X.; Dou Y.,2024,Carbon Footprints,"The construction sector stands as a fundamental component of urban development, providing indispensable spaces and infrastructure critical to societal demands. However, the consumption of considerable building materials engenders a significant environmental footprint, mainly from the exploitation, manufacturing, and processing. Characterizing the dynamic changes in a city’s future building development and material demand is crucial for achieving the goal of carbon neutrality. As an international metropolis, Shanghai faces challenges, including limited land and resources, high population density, and rapid building renewal rates. Understanding building renewal patterns and developing potential urban mineral resources will help alleviate resource shortages, achieve sustainable use of building materials, and meet carbon reduction goals. Taking Shanghai as a case study, this research applies material flow analysis alongside the carbon emission factor method to forecast the consumption of building materials and the associated embodied carbon emissions within the city. The study meticulously quantifies the evolving patterns of building material consumption and embodied carbon emissions from 2023 to 2060. The results indicate that Shanghai's civil building stock area will undergo incremental growth, attaining a pinnacle in 2030 before embarking downward. In contrast, the scope of new construction and demolition within the urban fabric will follow an ascending trend throughout the same period. Regarding material consumption, gravel, cement, and bricks are identified as the predominant components, accounting for 58%, 18%, and 15% of the total material inflow, respectively. Embodied carbon emissions from Shanghai’s civil buildings are anticipated to rise steadily, mirroring the pattern of material consumption. Notably, emissions from residential buildings are expected to experience a slight decline from 2023 to 2028, ultimately reaching 5.43 Million metric tons (Mt) in 2060. The insights garnered from this research are instrumental in deepening the comprehension of urban development dynamics and the intricacies of resource management. © The Author(s) 2024.",Building material stock; embodied carbon emissions; material flow analysis; Shanghai,MATERIAL FLOW-ANALYSIS,10.20517/cf.2024.12,Article,5,Scopus; Web of Science,2-s2.0-105008989301,WOS:001716054200001,,SCOPUS_S3-1.csv; savedrecs.txt
Research on Inventory Management Optimization Strategy in Supply Chain Based on Deep Reinforcement Learning,X. Chen; C. Zheng; M. Liu,2024,"2024 5th International Conference on Computer Vision, Image and Deep Learning (CVIDL)","At present, the market environment is increasingly complex and changing, and the traditional inventory management strategy is difficult to adapt to the changes in the supply chain. For this reason, firstly, this paper proposes a management optimization framework applicable to supply chain inventory control based on deep reinforcement learning theory. The framework is able to learn the optimal strategy through an end-to-end neural network. Secondly, multiple mechanisms are introduced to enhance the training efficiency and stability, so that it can better adapt to the complexity and variability of the supply chain. Finally, simulation experiments are carried out in multi-species and multi-warehouses, and the results show that the framework can significantly outperform the traditional heuristic and linear planning methods in terms of total cost, out-of-stock rate, inventory turnover, etc., and exhibits superior adaptability and robustness.",supply chain management;inventory optimization;Deep Reinforcement Learning,Training; Costs; Uncertainty; Supply chains; Inventory management; Deep reinforcement learning; Stability analysis,10.1109/CVIDL62147.2024.10603641,IEEE Conferences,3,IEEE Xplore,,,IEEE Conferences,IEEE_S3-1_merged_deduplicated_raw.csv
Retrofitting of the Italian precast industrial building stock. LCA analysis as decision-making tool,Ciacci C.; Bazzocchi F.,2024,Journal of Cleaner Production,"The challenging European goal concerns the achievement of a carbon-free economy by 2050 must necessarily consider the improvement of the construction sector along with the redevelopment of the existing buildings. In fact, according to a European report concerning existing buildings, 80% of the built environment will remain the same by 2050. Nowadays buildings are responsible for 30% of the global final energy consumption and 37% of global energy and process emissions. As regards industrial buildings, they account for 33% of global final energy demand. The research aims to define some effective retrofitting measures to be applied in the existing Italian industrial facilities to improve their both energy and environmental performance. Several redevelopment scenarios and their possible combinations related to external envelope technological solutions and systems are analysed. The different interventions are applied to an existing Italian industrial building chosen as a case study and are compared by Life Cycle Assessment (LCA) analysis considering different environmental indexes (GWP, AP, PERT and PENRT). The calculation of the primary energy demand is also performed. Phase B6 accounts for about 80% of the whole environmental impact calculated considering 20 years as building lifetime. The redevelopment scenarios that foresee the intervention on the external envelope are the most impactful ones in terms of the production phase (A1-A3). Those related to the existing roof are characterised by a significant impact due to the demolition, disposal and landfill of finishing panels made of asbestos. The configurations that include the substitution of the existing heating system with an air-to-air heat pump coupled with renewables to produce electrical energy on-site are the most advantageous ones. The latter make the industrial building carbon-zero thanks to the considerable amount of surplus electrical energy produced on-site. In this case, phase D mostly recovers the environmental impact of the whole life cycle considering the different indexes. © 2024 The Authors",Carbon payback period; Industrial buildings; LCA; retrofitting interventions; Sustainable buildings,Carbon capture and utilization; Carbon sequestration; Green buildings; Retrofitting; Building stocks; Carbon payback period; Electrical energy; Final energy; Industrial buildings; Life cycle assessment analysis; Payback periods; Pre-cast; Retrofitting intervention; Sustainable building; Zero-carbon,10.1016/j.jclepro.2024.143933,Article,10,Scopus,2-s2.0-85206285929,,,SCOPUS_S3-1.csv
Techniques and tools for integrating building material stock analysis and life cycle assessment at the urban scale: A systematic literature review,Pei W.; Biljecki F.; Stouffs R.,2024,Building and Environment,"The urban building stock has a high demand for materials and energy, exerting tremendous pressure on natural resources. A current research trend is to integrate Building Material Stock (BMS) analysis with Life Cycle Assessment (LCA) to evaluate energy use, material stock/flows, and related environmental performance associated with the life cycle of building stocks. Compared with urban building energy modelling (UBEM), material-related analysis is a relatively new topic. Some studies applied new techniques and tools to improve the modelling and the dynamic evolution of the BMS system. However, there is a lack of comprehensive review studies summarising the recent publications on these applications. Therefore, this study conducts a comprehensive literature review, primarily focusing on examining the tools and techniques employed for integrating “BMS-LCA” at the urban scale. This review includes 99 articles chosen from a pool of 557 related papers (in the recent decade), systematically retrieved from Scopus and Web of Science, along with additional manual searches. Through a comprehensive bibliometric and content-based synthesis analysis of selected literature, this paper synthesises the techniques/tools used for effectively completing various analysis phases of “BMS-LCA”, including data collection and processing, stock modelling and analysis, and result evaluations. Key findings highlight the significance of integrating artificial intelligence and geospatial technology in optimising data collection, machine learning and data-driven models in enhancing building stock aggregation and classification, and innovative application of relevant LCA software and databases in facilitating BMS's LCA, etc. This review provides a valuable reference for researchers in future investigations, as it identifies novel ways of applying techniques/tools and opportunities for methodology improvement in the urban-level “BMS-LCA” study. © 2024 Elsevier Ltd",Building stock modelling; Material flow analysis; Material stock quantification; Systematic literature review,Application programs; Artificial intelligence; Classification (of information); Data acquisition; Data handling; Environmental management; Building stock modeling; Building stocks; Buildings materials; Material stock quantification; Materials flow analysis; Stock analysis; Stock models; Systematic literature review; Techniques and tools; Urban scale; construction material; future prospect; integrated approach; life cycle analysis; literature review; material flow analysis; performance assessment; quantitative analysis; research work; urban area; Life cycle,10.1016/j.buildenv.2024.111741,Review,30,Scopus,2-s2.0-85197251848,,,SCOPUS_S3-1.csv
Temporally dynamic environmental impact assessment of a building stock: Coupling MFA and LCA,Ohms P.K.; Horup L.H.; Gummidi S.R.B.; Ryberg M.; Laurent A.; Liu G.,2024,"Resources, Conservation and Recycling","In this study, MFA and LCA are coupled in a prospective analysis of the environmental impact of a building stock at a Danish university campus. The existing buildings are mapped and future growth is identified to create a dynamic LCA inventory. The prospective model is applied in a case study to determine the accumulated environmental impacts associated with the growth of the campus building stock from 2023 to 2050. The findings indicate that the national decarbonization of electricity and heat supply from 2023 to 2035 will deliver notable impact reductions, however the reduction in the overall impact of the building stock by 2050 will be counteracted by growth in new buildings and potential renovation activities. If decarbonization continues post-2035, impact will decrease for particularly global warming potential. The results allow identification of environmental impact hotspots, both spatially and temporally. This supports the development of mitigation strategies to reduce environmental impacts. © 2023",Building stocks; Dynamic assessment; Life cycle assessment; Material flow analysis; Prospective analysis,article; controlled study; electricity; environmental impact; environmental impact assessment; flow measurement; global warming potential; life cycle; life cycle assessment; mitigation; nonhuman; LIFE-CYCLE ASSESSMENT,10.1016/j.resconrec.2023.107340,Article,28,Scopus; Web of Science,2-s2.0-85184721519,WOS:001153755600001,,SCOPUS_S3-1.csv; savedrecs.txt
Tradeoffs and synergy between material cycles and greenhouse gas emissions: Opportunities in a rapidly growing housing stock,Igdalov S.; Fishman T.; Blass V.,2024,Journal of Industrial Ecology,"Management of building materials’ stocks and flows is a major opportunity for circularity and de-carbonization. We examine the relationship between material consumption and associated greenhouse gas (GHG) emissions under different scenarios in Israel, a developed country with an already high population density that expects tremendous growth in its housing stock by 2050. We created scenarios of varying housing unit sizes and additional material efficiency practices: fabrication yield, lifetime extension, material substitution, recycling, and their combination, resulting in 18 scenarios. In each scenario, the material flows and stocks needed to supply the housing demand and the resulting life-cycle GHG emissions are quantified. No single material efficiency practice achieves a reduction in all indicators, suggesting a potential conflict between circular economy and decarbonization policies: The material substitution scenario allows for the biggest reduction in material consumption (12%–40% concrete reduction and 15%–51% steel reduction in 2050 compared with the baseline), while the recycling scenario achieves the biggest reduction in GHG emissions (22%–43% reduction in 2050 compared with the baseline). In the long-term, the life-extension scenario reduces most demolition waste. These findings can help policymakers and stakeholders consider the impacts of raw materials consumption and implement this knowledge in light of their priorities in policy packages. The results suggest a narrow window of opportunity within the next decade to influence material consumption and emissions to 2050. The findings could also shed light on the sustainability trajectories of other countries with similarly rapidly developing building stock, which have received little attention in this field. © 2024 The Author(s). Journal of Industrial Ecology published by Wiley Periodicals LLC on behalf of International Society for Industrial Ecology.",circular economy; dynamic material flows and stocks; material use; residential buildings; scenarios; societal metabolism,Low emission; % reductions; Circular economy; Dynamic material flow and stock; Dynamic materials; Greenhouse gas emissions; Material Flow; Material use; Residential building; Scenario; Societal metabolism; concrete; demolition; greenhouse gas; scenario analysis; stakeholder; substitution; sustainability; trade-off; Greenhouse gas emissions,10.1111/jiec.13576,Article,4,Scopus,2-s2.0-85207891135,,,SCOPUS_S3-1.csv
Undoing the lock-in of suburban sprawl: Towards an integrated modelling of materials and emissions in buildings and vehicles,Pérez-Sánchez L.À.; Fishman T.; Behrens P.,2024,Journal of Cleaner Production,"Suburban sprawl emerged during the 20th century alongside the widespread ownership of cars. This type of low-density housing generates enduring car dependency due to the long lifetimes of buildings. A more sustainable mobility system would require a deep transformation to densify urban forms and thus foster proximity of homes, work, and services. Here we explore the evolution of long-lived residential building stocks and the potential for breaking of this lock-in by selective demolishing of detached houses to densify urban forms. We assess impacts on land use, material demand and stocks, and greenhouse gas emissions. We use a novel dynamic, Material Flow Analysis (MFA) model applied to a Swedish case study that accounts for the co-relations of building stock and car fleets through residential density. The model includes different municipality types and we explore three different speeds for the change in urban form. An accelerated densification requires more bulk materials in construction but fewer scarcer materials in cars. However, the up-front emissions of accelerated densification construction are only compensated by mobility savings in the long-term, by 2100. Emissions trends for the three scenarios are far from the urgent decarbonisation necessary. However, the denser final built environments may have social benefits and can free up significant land. © 2024 The Authors",Committed emissions; Industrial ecology; Material flow analysis; Path dependency; Urban density; Urban form,Gas emissions; Housing; Industrial emissions; Land use; Locks (fasteners); Committed emission; Densifications; Industrial ecology; Integrated modeling; Lock-in; Materials flow analysis; Path dependency; Suburban sprawls; Urban density; Urban form; Greenhouse gases; LIFE-CYCLE ASSESSMENT; ENERGY USE; MOBILITY; CONSUMPTION; COUNTRIES; IMPACT; TRAVEL; STEEL,10.1016/j.jclepro.2024.141954,Article,9,Scopus; Web of Science,2-s2.0-85189936178,WOS:001226618800001,,SCOPUS_S3-1.csv; savedrecs.txt
Urban embodied carbon assessment: methodology and insights from analyzing over a million buildings in Chicago,Ghorbany S.; Hu M.,2024,Carbon Management,"Confronting climate change, this study quantifies the embodied carbon emissions from the building sector—an overlooked yet significant contributor to urban carbon emissions. Through a novel empirical framework, the embodied carbon of Chicago’s building stock was assessed and visualized, providing a scalable template for other cities with comparable datasets. The analysis encompasses 1,010,840 buildings and identifies 157 architectural archetypes. This methodology facilitates the granular evaluation of embodied carbon, guiding strategic urban carbon mitigation planning. establishes visual analytics tools for informed policymaking. The geospatially resolved findings identify emissions-intensive zones showing that majority of emissions are concentrated in specific archetypes and geographic areas, delivering actionable data for urban development stakeholders. The findings reveal that increasing the building lifespan to 80 years with a 20% reduction in building sizes can decrease carbon emissions to one-third of the current value. The research harnesses the Excel 3D Map tool for emissions visualization, offering an intuitive understanding of urban emissions’ spatial dynamics and highlighting key areas for intervention. Furthermore, a sensitivity analysis explores the repercussions of end-life thresholds and building sizes on projected emissions. This multifaceted approach enhances the capacity for data-driven, low-carbon urban planning, paving the way for cities to align with global decarbonization goals and laying the groundwork for a versatile embodied carbon assessment methodology. This study contributes to the existing literature by creating a transferable framework for measuring embodied carbon in building stocks, providing detailed geo-accurate data for urban planners and policymakers, and offering benchmarks and visualizations for assessing and understanding embodied carbon performance and mitigation in urban environments, exemplified by the city of Chicago. © 2024 The Author(s). Published by Informa UK Limited, trading as Taylor & Francis Group.",building stock; construction emissions; construction environmental impact assessment; Life cycle embodied carbon assessment; sustainable built environment,Benchmarking; Carbon; Climate change; Environmental impact assessments; Gas emissions; Life cycle; Sensitivity analysis; Three dimensional computer graphics; Urban growth; Visualization; Assessment methodologies; Building stocks; Built environment; Carbon emissions; Chicago; Construction emission; Construction environmental impact assessment; Embodied carbons; Life cycle embodied carbon assessment; Sustainable build environment; Buildings; BUILT ENVIRONMENT; STOCK; SIMULATION; EMISSIONS; DEMAND,10.1080/17583004.2024.2382993,Article,17,Scopus; Web of Science,2-s2.0-85199879574,WOS:001277756800001,,SCOPUS_S3-1.csv; savedrecs.txt
AN ANALYSIS OF REGIONAL BUILDING STOCKS FOR MATERIAL FLOW ASSESSMENT; [EINE ANALYSE REGIONALER GEBÄUDEBESTÄNDE ZUR BEWERTUNG DES MATERIALFLUSSES],Gong S.; Brasseur A.; Courard L.; Teller J.,2025,gis.Science - Die Zeitschrift fur Geoinformatik,"This study develops a GIS-based framework to create a high-resolution building inventory for Wallonia, Belgium, addressing a critical data gap for regional material flow assessment. Key methodological innovations include the use of LiDAR to estimate building volume, a jointness analysis to supplement missing building typologies, and a spatial matching technique to identify demolished structures, collectively addressing common data scarcity issues. The resulting inventory identified 1.43 million residential buildings. The detected trend in demolition activity aligns with official statistics, validating the methodology’s ability to capture meaningful stock dynamics at a regional scale. This work demonstrates that a spatially explicit inventory is a foundational and transferable tool for quantifying material stocks and determining construction and demolition volume, providing a critical evidence base for regional circular economy strategies. © 2025 VDE Verlag GmbH. All rights reserved.",circular economy; construction and demolition waste; GIS; material flow assessment; Regional building inventory,Belgium; Wallonia; building; circular economy; demolition; emission inventory; GIS; industrial waste; lidar; material flow analysis; residential location,10.14627/gis.Science.2025.4.1,Article,0,Scopus,2-s2.0-105025239109,,,SCOPUS_S3-1.csv
AutoBPS-carbon: A tool to estimate multi-year dynamic embodied and operational carbon emissions in the building sector,"Yang, JJ Wang, ZY Li, GC Wu, CJ Liu, FY Chen, YX",2025,Journal of Building Engineering,"The development of building stock is a dynamic process, including demolition, renovation, and construction. Considering these changes, analyzing urban building carbon emission pathways and reduction potential by urban building energy modeling (UBEM) can provide a more accurate depiction of emission trajectories and carbon reduction strategies for different building types. However, the complexity of the modeling process has limited its application. Within this background, this research develops AutoBPS-Carbon, a tool to estimate the dynamic development of embodied and operational carbon emissions in urban buildings. The tool integrates three core modules: the dynamic building stock module, the urban building energy module, and the embodied and operational carbon module, based on material flow analysis, UBEM and life cycle assessment, respectively. These modules evaluate the long-term development of building stock, energy consumption and carbon emissions. EnergyPlus serves as the energy simulation engine of AutoBPS-Carbon. 539,119 existing buildings in Shanghai were selected as the case study to demonstrate the functionality of AutoBPS-Carbon. Six scenarios were established to assess the reduction potential of four categories of carbon reduction policies: controlling building stock, developing green construction, enhancing building energy efficiency, and increasing renewable energy utilization, which involved nine specific policies. Results showed that implementing all policies could reduce total carbon emissions in 2060 from 39.56 million tCO2 to 5.02 million tCO2, indicating the need for coordinated efforts among multiple departments to achieve decarbonization in the building sector. AutoBPS-Carbon can provide a generic framework for evaluating carbon emissions and reduction strategies in urban buildings, supporting decision-making for sustainable urban development. © 2025 Elsevier Ltd",AutoBPS; Carbon emission reduction; Dynamic building stock modeling; Scenario analysis; Urban building energy modeling,Carbon capture and utilization; Carbon sequestration; AutoBPS; Building energy model; Building stocks; Carbon emissions; Carbon emissions reductions; Dynamic building stock modeling; Scenarios analysis; Stock models; Urban building energy modeling; Urban buildings; Zero-carbon,10.1016/j.jobe.2025.111942,Article,13,Scopus; Web of Science,2-s2.0-85216491122,WOS:001421666100001,,SCOPUS_S3-1.csv; savedrecs.txt
Can We Store More than We Emit? Storage Potential of Carbon-Negative Materials in the Context of Urban Spatio-temporal Development,Meshkinkiya M.; Schlueter A.,2025,IOP Conference Series: Earth and Environmental Science,"Urban populations are growing, and the need for new space is inevitable. In addition, demolishing and reconstructing existing buildings are common aspects of urban development. New construction results in additional material flows and increased embodied emissions in urban areas. Carbon-negative materials have been introduced as a solution to decarbonize building embodied emissions, as they remove more carbon dioxide from the atmosphere than they emit during production. Top-down material flow studies tackle urban greenhouse gas reduction via building stock models, while bottom-up studies focus on embodied emissions in retrofits. There is a research gap in understanding the contributions to embodied emissions of new buildings at an urban scale. This study assesses new buildings' emissions and carbon storage potential based on the spatiotemporal development of the Zurich district, which is committed to net zero by 2040. The environmental impacts of the district have been assessed using different construction material scenarios, either focusing on conventional, low-carbon, or negative-carbon materials. The scenarios are established as Urban Building Energy Models using the City Energy Analyst to calculate embodied emissions using building and construction archetypes. We demonstrate that achieving net zero emissions is not feasible for the studied district when using conventional materials. As undeveloped land is limited, increasing density through higher buildings also increases the carbon storage potential, allowing for storing the same amount of carbon as in mid-rise buildings while using only half the footprint area. The highest potential for carbon storage is observed when using biochar-concrete as a carbon-negative material in building structures, which allows for storing seven times the amount of emissions as compared to using a timber structure. Due to their long lifespan, biochar in structural elements provides a long-term carbon sink as compared to the short-term storage potential of insulation in other components, such as external walls. © Published under licence by IOP Publishing Ltd.",,,10.1088/1755-1315/1554/1/012109,Conference paper,0,Scopus,2-s2.0-105027153564,,,SCOPUS_S3-1.csv
Changing climate in Italian cities and Italian building regulations: Analysis focused on future climate change scenarios,Berti K.; Bienvenido-Huertas D.; Rubio-Bellido C.; Romero-Recuero I.,2025,Urban Climate,"Nowadays, the comfort conditions need to be assured throughout buildings lifetime. The building stock is not designed to cope with the climate variations expected in the coming decades. In this context, the climate classification used by countries to define the climate differences among the various areas of the country is of great relevance. This study analyses the climate classification of Italy under both current and future climate change scenarios. The aim is to show the obsolescence of the current climate classification regarding climate change by adapting the degree-day methodology to the climate data of the RCP 2.6, RCP 4.5, and RCP 8.5 scenarios in 2050 and 2100. The research shows that the degree-day variations predicted for the coming decades could totally change the configuration of the Italian climate zoning. By maintaining the current climate zoning in future scenarios, most municipalities would move at least one climate zone below, encouraging the thermal inefficiency of Italy's building stock in the coming decades and therefore, increasing the risk of energy poverty in the country. © 2024",Climate change; Climate classification; Climate zones; Degree days; Energy demand; Italy,,10.1016/j.uclim.2025.102408,Article,8,Scopus,2-s2.0-105001964159,,,SCOPUS_S3-1.csv
Development of a dynamic bottom-up model for city-scale residential building stock to estimate greenhouse gas emissions,Yu Z.; Wu J.; Sun Z.,2025,"Environment, Development and Sustainability","Urban residential areas significantly contribute to global greenhouse gas (GHG) emissions. However, conventional projection models rely heavily on economic indicators and lack spatial detail, limiting their relevance for local policy planning. This study develops a dynamic bottom-up model that integrates geographic information systems (GIS), material flow analysis (MFA), and life cycle assessment (LCA) to project residential building GHG emissions. The framework includes the Urban residential building floor space model (URBFSM) for estimating stock and material flows, and the urban residential building energy model (URBEM) for simulating operational energy use based on 15 archetype buildings defined by type and construction period. Applied to Wellington City, New Zealand, the model covers 78 suburbs and projects emissions from 2023 to 2050 under five policy scenarios. The model provides outputs at the suburb level and can also resolve emissions at the block level with a spatial resolution of 0.3 km × 0.3 km. Results show that a combined strategy could reduce total GHG emissions by 42.36% compared to business-as-usual, including an 8.47% reduction from improved concrete standards, 7.28% from enhanced building performance, and 29.84% from electricity grid decarbonization. It is intended to support policymakers and urban planners in designing and implementing targeted GHG reduction strategies. © The Author(s), under exclusive licence to Springer Nature B.V. 2026.",Archetype; Building energy consumption; GHG emissions; GIS; Urban building energy modeling,,10.1007/s10668-025-07160-w,Article,2,Scopus,2-s2.0-105026492654,,,SCOPUS_S3-1.csv
Does climate change significantly impact the benefits of existing building energy-saving retrofit? evidence from a parametric study,"Ma, DY Li, YX Li, XD",2025,Energy and Buildings,"The existing building stock is substantial, with high energy consumption, making building energy retrofitting a key strategy for the construction industry's response to climate change. However, the significance of climate change as a dynamic factor influencing the effectiveness of retrofit strategies, and its implications for retrofit decision-making, remain inadequately defined. This study aims to establish an analytical framework for assessing the impact of climate change on retrofit benefits, comparing its influence with that of other factors in terms of magnitude and significance. The framework incorporates building energy consumption and economic indicators related to retrofitting. A weather data downscaling approach, based on Morphing, is employed to generate weather data for the years 2020, 2050, and 2080, derived from the IPCC's A2 emission scenario. A set of 12 building models was developed with a 10-story office located in different climate zones with various retrofitting schemes. To account for the relative impacts of multiple factors, a model library of 144 models was constructed, considering the effects of building lifespan, discount rate variations, price fluctuations, and climate change. These models were subjected to energy consumption simulations, as well as cost and net present value calculations. Sensitivity analysis and inter-group difference tests revealed that climate change significantly impacts the energy-saving retrofit benefits of buildings, with variations across different climate zones. The findings provide evidence for incorporating climate change factors into future building retrofitting and offer valuable insights for the development of building energy retrofit decision-making models. © 2025",Building retrofit; Climate change; Retrofit benefit; Sensitivity analysis,Buildings; Climate change; Climate models; Decision making; Energy conservation; Energy economics; Energy utilization; Retrofitting; Building energy; Building energy saving; Building retrofits; Building stocks; Dynamic factors; High energy consumption; Parametric study; Retrofit benefit; Sensitivity analyzes; Weather data; Sensitivity analysis; MULTIOBJECTIVE OPTIMIZATION; ENVIRONMENTAL BENEFITS; RESIDENTIAL BUILDINGS; DECISION-MAKING; CONSUMPTION; MODEL; COST; ENVELOPE; SYSTEMS; ZONES,10.1016/j.enbuild.2025.116130,Article,8,Scopus; Web of Science,2-s2.0-105010428006,WOS:001539077400001,,SCOPUS_S3-1.csv; savedrecs.txt
Dynamic life cycle assessment of building stocks: a systematic review,Elnour M.; Trigaux D.; Allacker K.,2025,Renewable and Sustainable Energy Reviews,"The considerable environmental impact of the building sector on resource use and emissions drives the need for comprehensive environmental impact assessments to support sustainability efforts. As buildings become operationally more efficient, the environmental impacts of construction materials become more important. Incorporating spatiotemporal dynamics into building stock modelling can enhance assessment accuracy, informing policymakers on strategies to mitigate environmental impacts. This systematic review analyses recent scientific literature on environmental modelling, focusing on life cycle assessment and material flow analysis studies of building stocks, their impact assessments, and associated spatiotemporal dynamics. The review identified 27 relevant studies, from which information was extracted on various aspects such as study goals, scope, methodologies, and impact categories. The selected studies were also analysed for spatiotemporal dynamics inclusion, identifying 17 dynamic parameters further grouped into five categories. The dynamic parameters were investigated for the methods and data sources used to predict their temporal evolution or spatial distribution. The results revealed a shift towards large-scale and data-driven modelling, assessing macro-level changes in the building stock. The study identified several limitations related to building stock modelling practices, such as the need for clearly defined modelling methods, consideration of various impact categories, and uncertainty analysis. The findings on dynamic parameters identified common approaches when modelling building stock changes, potentially aiding in establishing standardised methods for dynamic building stock modelling, thus improving consistency and comparability between studies. Further research is needed to investigate the impact of chosen approaches on results and examine the interconnected nature of these parameters. © 2025",Building stock modelling; Built environment; Dynamic building stock; Embodied impacts; Life cycle assessment (LCA); Material flow analysis; Spatial and temporal dynamics,Architectural design; Effluents; Particulate emissions; Structural metals; Tile; Building stock modeling; Building stocks; Built environment; Dynamic building stock; Embodied impact; Life cycle assessment; Materials flow analysis; Spatial dynamics; Stock models; Temporal dynamics; Shipbuilding materials; URBAN; LCA; ARCHETYPES; IMPACTS; FLOWS,10.1016/j.rser.2025.115682,Review,8,Scopus; Web of Science,2-s2.0-105004724524,WOS:001491238400003,,SCOPUS_S3-1.csv; savedrecs.txt
Dynamic life cycle assessment of buildings and building stocks – A review,Slavkovic K.; Stephan A.,2025,Renewable and Sustainable Energy Reviews,"Although life cycle assessment (LCA) as a method and framework has been extensively examined in the scientific literature, a new emphasis is put on integrating evolving spatiotemporal conditions of the analysed system, aiming to promote a more robust assessment through dynamic LCA. However, dynamic LCA methodologies remain inconsistent across multiple aspects, including on time-dependency, dynamic parameters, and links with other widely applied tools, such as material stocks and flows analysis or geographic information systems. Focusing on the four main phases of the LCA framework, this work presents a systematic review of the latest scientific literature reporting on prospective LCA modelling of buildings, while covering at least one dynamic parameter, such as the decarbonisation of the energy mix. First, this research presents the bibliometric structure of 64 published documents on the dynamic LCA of buildings, through four network visualisation maps. Then, it identifies a sample of 218 documents through the literature review method, and deeply analyses a sub-sample of 34 documents to systematise the emerging knowledge on dynamism in LCA as applied to buildings. We need a more comprehensive dynamic LCA modelling framework that can assess environmental performance of multiple building types, at a high level of spatial and temporal detail. Such framework should be able to integrate dynamic parameters in a simplified manner, and allow flexible time horizons and spatial scopes. Such framework should be able to quickly provide modelling results that may inform decision-making processes in finding solutions towards the challenges of resource depletion and climate change. © 2024 The Authors",Built environment; Dynamic parameter; Environmental impact; Environmental performance; Geographic information systems (GIS); Life cycle assessment (LCA); Material flow analysis (MFA); Modelling framework; Temporal evolution,Built environment; Dynamic parameters; Environmental performance; Geographic information; Geographic information system; Life cycle assessment; Material flow analyze; Materials flow analysis; Modelling framework; Temporal evolution,10.1016/j.rser.2024.115262,Review,53,Scopus,2-s2.0-85215093997,,,SCOPUS_S3-1.csv
Greenhouse Gas Emissions and Decarbonization Potential of Global Fired Clay Brick Production,Olsson J.A.; Hafez H.; Miller S.A.; Scrivener K.L.,2025,Environmental Science and Technology,"Fired clay bricks (FCBs) are a dominant building material globally due to their low cost and simplicity of production, especially in low- and middle-income countries. With a projected rising housing demand, commensurate growth in brick demand is anticipated, the production of which could result in significant greenhouse gas (GHG) emissions. Robust models are needed to estimate brick demand and emissions to systematically address decarbonization pathways. Few sources report production values; hence, we present two novel proxy models: (i) a consumption prediction model, relying on country-specific clay extraction data, dynamic building stock modeling, and average material intensity use allowing for projections to 2050; and (ii) a GHG emissions model, using literature-based data and production technology-specific inputs. Based on these models, the current global FCB consumption is estimated as 2.18 Gt annually, resulting in approximately 500 million tCO2e (1% of current global GHG emissions). If unaddressed, this fraction could increase to 3.5–5% in 2050 considering a moderate SSP 2-4.5 climate change mitigation scenario. Consequently, we explored three potential decarbonization pathways: (i) improving energy efficiency; (ii) shifting production to best practices; and (iii) replacing half of FCB demand with hollow concrete blocks, resulting in 27%, 49%, and 51% reduction in GHG emissions, respectively. © 2025 The Authors. Published by American Chemical Society",Brick production; Decarbonization potential; Fired clay brick; Low-carbon construction; Material demand mapping,"Aluminum Silicates; Clay; Construction Materials; Greenhouse Effect; Greenhouse Gases; Models, Theoretical; Brick; Brickmaking; Concrete blocks; Kyoto Protocol; Low emission; carbon dioxide; aluminum silicate; 'current; Brick production; Buildings materials; Decarbonisation; Decarbonization potential; Fired-clay bricks; Greenhouse gas emissions; Low carbon constructions; Material demand mapping; Material demands; carbonization; climate change mitigation; greenhouse gas emission; housing; Note; predictive model; sensitivity analysis; building material; chemistry; clay; greenhouse effect; greenhouse gas; theoretical model; Greenhouse gas emissions",10.1021/acs.est.4c08994,Note,35,Scopus,2-s2.0-85215959539,,,SCOPUS_S3-1.csv
Intelligent Archetype-Based Framework for Reducing Urban Embodied Carbon and Retrofit Costs,Ghorbany S.; Hu M.; Yao S.; Sisk M.; Wang C.,2025,Lecture Notes in Networks and Systems,"As global cities accelerate efforts to achieve climate goals, addressing embodied carbon—the emissions embedded in construction materials and processes—has become an urgent yet underexplored challenge. This research proposes a robust, scalable, and data-driven framework to minimize embodied carbon across urban building stocks in the United States. We employed a bottom-up, archetype-based modeling approach combined with a constrained greedy heuristic algorithm to analyze 200,000 buildings in New York and Phoenix, each representing distinct urban typologies. Results show that fewer than 20% of archetypes are responsible for over 80% of total embodied emissions and construction costs, highlighting the effectiveness of targeted retrofit strategies. Our optimization achieved up to 72% reductions in costs and 75% reductions in emissions without altering architectural identities. Moreover, temporal analysis suggests that optimized material flows often correspond with historical infrastructure investment cycles and economic downturns, indicating a potential role for such strategies in bolstering urban economic resilience. We introduce the concept of an “optimization core”—a critical subset of building types whose strategic retrofitting unlocks substantial cost and carbon savings while enhancing flexibility in urban planning. © The Author(s), under exclusive license to Springer Nature Switzerland AG 2025.",Embodied Carbon; Intelligent Systems; Optimization Algorithms; Sustainable Cities; Urban Retrofit,Building materials; Carbon; Carbon Economy; Cost reduction; Economic analysis; Heuristic algorithms; Investments; Optimization; Retrofitting; Sustainable city; Urban planning; % reductions; Data driven; Embodied carbons; Global cities; Materials and process; Optimisations; Optimization algorithms; Sustainable cities; Urban buildings; Urban retrofit; Intelligent systems,10.1007/978-3-032-11524-9_16,Conference paper,1,Scopus,2-s2.0-105027940625,,,SCOPUS_S3-1.csv
Lifetimes of demolished buildings in US and European cities,Berglund-Brown J.; Dobie I.; Hewitt J.; De Wolf C.; Ochsendorf J.,2025,Buildings and Cities,"Building lifetime is a useful metric that serves as an input for many analyses, including property valuation, life-cycle assessment, material flow analysis and building stock analysis. Additionally, building lifetime is essential for the adoption of circular economy principles and retrofitting in construction, which ultimately will help reduce greenhouse gas emissions in the built environment. Yet, limited end-of-life building data and a focus on the design lifetimes of buildings means estimates for actual building lifetimes are outdated, not empirically based or else not compared across regions. By first sourcing and cleaning an extensive dataset of approximately 15,000 demolished buildings, this paper conducts a statistical analysis to: empirically estimate average building lifetimes in nine US and four European cities; analyse trends in building lifetimes across a number of design variables; and understand building obsolescence by applying techniques from survival analysis to buildings. An average lifetime of 71 years was found across all buildings, with a standard deviation (SD) of 28. Significant differences in lifetimes of use types were identified, with residential buildings lasting the longest. Age of the city did not appear to influence the survivorship of demolished buildings, but current and past demolition trends could. © 2025 The Author(s).",building data; building lifespan; building longevity; building stock; demolition; demolition rate; obsolescence; survival analysis,MATERIAL STOCK; MORTALITY; FLOWS,10.5334/bc.588,Article,2,Scopus; Web of Science,2-s2.0-105026808384,WOS:001643162500006,,SCOPUS_S3-1.csv; savedrecs.txt
live (a) little: GHG emissions from residential building materials for all 400 counties and cities of Germany until 2050,Napiontek J.; Fishman T.; Pichler P.-P.; Heintz J.; Weisz H.,2025,"Resources, Conservation and Recycling","Germany is trying to solve the housing crisis in many of its cities with new construction. At the same time it is trying to meet its greenhouse gas emissions commitments under the Paris Agreement. This study examines how measures to tackle the housing crisis affect the climate crisis by looking at whether material emissions from the construction sector are in line with Germany's decarbonization targets. We project material demand and associated emissions from 2024 to 2050 using dynamic material flow analysis of a novel high-resolution building stock model based on synthetic population microdata. The model incorporates technological improvements in building design and material efficiency, finding that these fall short of carbon neutrality targets in 2045 and beyond. A reduction in per capita floor area is required to meet the targets. The high spatial resolution of this study allows the identification of reduction hotspots within Germany's 400 cities and counties, emphasizing the need for location-specific policy for national goals. © 2025 The Authors",Built environment; Cities; Industrial ecology; Material stocks; Scenarios; Synthetic population,Germany; Low emission; carbon dioxide; % reductions; Buildings materials; Built environment; City; GHG emission; GHGs emissions; Industrial ecology; Material stock; Scenario; Synthetic populations; architectural design; construction material; efficiency measurement; emission inventory; greenhouse gas; policy approach; pollution incidence; recycling; residential location; spatial resolution; targeting; Article; chemical modification; climate change; decarbonization; demographics; economic development; economics; environmental impact; flow measurement; German Democratic Republic; greenhouse effect; greenhouse gas emission; housing; human; life cycle; population growth; random forest; shared socioeconomic pathway; social status; sociology; Greenhouse gas emissions; GREENHOUSE-GAS EMISSIONS; MATERIAL EFFICIENCY; ENERGY DEMAND; HOUSE SIZE; MITIGATION,10.1016/j.resconrec.2024.108117,Article,14,Scopus; Web of Science,2-s2.0-85214337856,WOS:001399767400001,,SCOPUS_S3-1.csv; savedrecs.txt
Mapping nationwide material stock turnover: High-resolution spatial analysis of building material stock and flow patterns across Japan 2003–2020,Nagata S.; Hasegawa M.; Fishman T.; Shirakawa H.; Tanikawa H.,2025,Journal of Industrial Ecology,"Understanding the dynamics of building material stocks and flows, including the turnover processes of building stock, is important for promoting sustainable resource use in cities. This study provides high-resolution, integrated mapping of building material stocks and flows across various cities and regions in Japan, offering a detailed view of the country's spatial material metabolism. This research combines bottom-up estimates of material stocks and flows with spatial analysis using material metabolism indicators, examining how patterns of material stock turnover vary across Japan. Spatial variations in material stock turnover highlight regional factors that influence stock–flow dynamics and offer insights into local resource use and policy development tailored to specific regional contexts. In this study, the national stock turnover rate in 2020 is estimated to be 1.16%/year for inflow and 0.64%/year for outflow, with more active metabolism observed in the central areas of large metropolitan regions and lower levels in low-density rural areas. Additionally, distinct patterns of material metabolism were observed across districts, associated with redevelopment and urban sprawl. This study illustrates how spatially detailed approaches can support the analysis of stock–flow dynamics across the country and contribute to the development of sustainable resource use strategies tailored to local conditions. © 2025 The Author(s). Journal of Industrial Ecology published by Wiley Periodicals LLC on behalf of International Society for Industrial Ecology.",built environment; industrial ecology; material stock turnover rate; material stocks; spatial analysis; urban metabolism,Japan; Building materials; Dynamics; Ecology; Metabolism; Physiology; Spatial variables measurement; Sustainable building; Sustainable development; Buildings materials; Built environment; Industrial ecology; Material stock; Material stock turnover rate; Spatial analysis; Stock turnover; Stocks and flows; Turnover rate; Urban metabolisms; construction material; industrial ecology; material flow analysis; spatial analysis; spatial resolution; spatial variation; sustainable development; turnover; Mapping,10.1111/jiec.70100,Article,1,Scopus,2-s2.0-105016182761,,,SCOPUS_S3-1.csv
Material intensity and embodied carbon of Korea's residential buildings over four decades,Moon E.-J.; Lim H.; Seo B.; Park J.,2025,"Resources, Conservation and Recycling","Assessing the material intensity of buildings, defined as material inputs per floor area or household, is crucial for decarbonizing building stock. To address the paucity of usable material intensity data, this study developed a structured database and conducted detailed assessments of material intensity and embodied carbon for residential buildings in Korea. The database covered 28 end-use types, 6 structural types, 14 functional elements, and 44 materials. Detailed bills of materials were collected from 79 samples, encompassing 158 multi-family apartments and 21 single-family houses built between 1985 and 2023. Our results indicated that buildings became more material intensive over time, attributed to increased use of concrete, steel, and other materials. In comparison, single-family houses showed higher material inputs per square meter or per household exhibiting significant variability. Furthermore, Korean multi-family apartments showed lower embodied carbon emissions compared to European counterparts, but higher annualized emissions due to shorter building lifetimes. © 2025 Elsevier B.V.",Embodied carbon; Korea; Material intensity; Multi-family apartment; Residential buildings; Single-family houses,Korea; calcium sulfate; carbon; concrete; Building stocks; De-carbonizing buildings; Embodied carbons; Floor areas; Intensity data; Materials intensity; Multi-family apartment; Residential building; Single-family house; building; carbon emission; residential development; Article; comparative study; documentation; educational status; government; greenhouse gas emission; health care policy; household; material intensity; materials handling; prevalence; residential area; simulation; temporal analysis; trend study; MATERIALS DEMAND; CONSTRUCTION,10.1016/j.resconrec.2025.108228,Article,4,Scopus; Web of Science,2-s2.0-86000569521,WOS:001445231300001,,SCOPUS_S3-1.csv; savedrecs.txt
Material metabolism and spatial distribution characteristics of urban residential buildings in Chongqing based on dynamic material flow analysis and 4D-GIS approaches; [基于动态物质流与 4D-GIS 的重庆城镇住宅物质代谢与空间分布特征研究],Fan M.; Gao X.,2025,Huanjing Kexue Xuebao / Acta Scientiae Circumstantiae,Building materials form the physical foundation of cities，yet their extensive use，accumulation，and disposal pose significant challenges to urban resource and waste management. Understanding their temporal dynamics and spatial distribution is critical for guiding urban planning and enhancing resource management resilience. To investigate the material metabolism and spatial distribution of urban residential buildings，promote resource-efficient urban development，and alleviate construction and demolition（C&D）waste management pressures，this study uses Chongqing as a case study. We developed a dynamic material flow model for urban residential buildings and a 4D-GIS model for the main urban area，cross-validating both approaches. The results showed that material stock of Chongqing’s urban residential buildings is growing rapidly，projected to peak at 2.55 billion tons in 2040，with sand and gravel comprising ~70%. Steel-concrete structures have largely replaced brick-concrete as the dominant form. The building material demand for new urban residential buildings peaks twice，in 2016（110 million t·a-1）and 2080（35.48 million t·a-1），with C&D waste peaking in 2077（58.35 million t·a-1）. An 80% recycling rate could fully meet residential material demands. The 4D-GIS analysis shows significant variation in residential stock across Chongqing’s main urban districts，with Yubei District highest at 130 million tons，displaying a pronounced spatial agglomeration effect. The error margin between dynamic material flow and 4D-GIS results is within ±30%，confirming their complementarity. This study provides a scientific foundation for Chongqing’s long-term construction resource management and low-carbon urban planning. © 2025 Science Press. All rights reserved.,4D-GIS; dynamic flow analysis; material metabolism; residential building stock,China; Chongqing; agglomeration; building; GIS; material flow analysis; metabolism; recycling; resource management; spatial distribution; urban area; urban planning,10.13671/j.hjkxxb.2025.0285,Article,0,Scopus,2-s2.0-105029120036,,,SCOPUS_S3-1.csv
"Material stocks and flows embedded in residential buildings: A spatially explicit and temporally dynamic bottom-up study of Vantaa, Finland",Kolkwitz M.,2025,"Resources, Conservation and Recycling","Resource extraction to facilitate urban growth exerts significant environmental pressure. Formulating targeted Circular Economy strategies to reduce cities’ primary material consumption requires knowledge of existing urban building stocks and the most resource-intensive spatial patterns of construction and demolition. This paper presents a spatially explicit and temporally dynamic study of Vantaa, Finland. The research targets the city's residential building stock, the embedded materials, and their development between 2000 and 2018. Over the study period, material inflows of 4.0 Mt correspond to an increase in the per capita material stock by 14.3 %. This development was catalyzed by the ongoing densification of material stock clusters and the resurgence of blocks of flats. Overall, three spatial patterns are distinguished by variations in population growth, material flows, residential floor area, and housing typology. In conclusion, spatial distinctions in urban building and material stock development call for location-specific circular approaches to mitigate cities’ environmental footprints. © 2025 The Author(s)",Building stock research; Circular economy; Construction and demolition; Material flow analysis; Residential buildings; Spatial Research,Finland; Uusimaa; Vantaa; Population statistics; Building stock research; Building stocks; Circular economy; Construction and demolition; Materials flow analysis; Residential building; Spatial research; Spatially explicit; Urban buildings; bottom-up approach; building; construction; demolition; material flow analysis; research work; spatiotemporal analysis; sustainability; article; catalysis; economic aspect; environmental footprint; flow measurement; housing; human; pharmacology; population growth; Demolition; URBAN METABOLISM; SPACE,10.1016/j.resconrec.2025.108157,Article,4,Scopus; Web of Science,2-s2.0-85216558952,WOS:001419653500001,,SCOPUS_S3-1.csv; savedrecs.txt
Mitigating or Pushing? Unravelling the dual impact of lifetime on the CO2 Emissions from China's Urban Residential Building sector,Cai W.; Tian P.; You K.; Yu Y.; Li Y.,2025,Building and Environment,"Reducing carbon emissions from urban residential buildings is essential for China's carbon peaking and neutrality targets. The lifetime plays a critical role in buildings’ decarbonization effort. On the one hand, extending lifetime decreases the demand for new buildings, reducing material-related emissions. On the other hand, fewer new and demolished buildings also reduce the adoption of advanced building envelope techniques, increasing operation emissions. However, few studies quantify the lifetime of buildings across built year and provinces and assess its impact on building-related CO2 emissions. This study proposed a novel method to evaluate building lifetime based on the building stock turnover model, and further estimates the average lifetime of urban residential buildings in different provinces and built year. Meanwhile, we quantified material-related emissions and heating (cooling) load intensity and explored the dual impact of changing lifetime on Chinese provincial urban residential building sectors. The main results indicate: (1) The average lifetime of urban residential buildings in China is 45.6 years. The newer the buildings, the longer lifetime; (2) Extending building lifetime decreases material-related emissions and increases operation emissions. Net impact equals to increasing operational emission minus decreasing material-related emissions by extending building lifetime. High heating demand causes that provinces in the cold and severe cold zone have positive net impact. On contrary, the provinces in other climate zones have a negative net impact. This study provides critical insights into optimizing building design and future stock to minimize building-related carbon emissions. © 2025 Elsevier Ltd",Building lifetime; Material-related carbon emissions; Operational carbon emissions; Stock turnover model; Urban residential buildings,China; Apartment houses; Architectural design; Hotels; Motels; Structural metals; Building lifetime; Carbon emissions; Material-related carbon emission; Net impact; Operational carbon emission; Stock turnover; Stock turnover model; Turnover models; Urban residential buildings; architectural design; carbon dioxide; carbon emission; emission inventory; future prospect; housing project; pollution monitoring; quantitative analysis; residential location; targeting; urban housing; Houses; STOCK DYNAMICS; DECARBONIZATION; CONSTRUCTION; DEMOLITION; DEMAND,10.1016/j.buildenv.2025.113236,Article,6,Scopus; Web of Science,2-s2.0-105006881395,WOS:001502942000001,,SCOPUS_S3-1.csv; savedrecs.txt
Parameters influencing the prospective life cycle emissions of the Austrian building stock: a global sensitivity analysis,Alaux N.; Schwark B.; Scherz M.; Ruschi Mendes Saade M.; Passer A.,2025,Sustainable Production and Consumption,"Environmental building stock models have increasingly been developed to inform local policies. However, identifying and quantifying all relevant parameters for such large-scale modelling remains a challenge. This study identifies key dynamic parameters used to project life cycle greenhouse gas (GHG) emissions of the Austrian building stock through 2050, while also analyzing their systemic interactions. Both operational GHG emissions from energy consumption in buildings and embodied GHG emissions from new constructions, renovations and demolitions are included. The Morris screening analysis and the Sobol global sensitivity analysis are applied to a building stock model that combines dynamic material flow analysis with prospective life cycle assessment. The two sensitivity analysis methods produce different rankings of the most influential parameters, underscoring the need to combine them for a more comprehensive analysis. In addition to energy-related parameters, the average living area per person also emerges as one of the most influential parameters, emphasizing the importance of incorporating efficient use of space into current policies. The study also evaluates the impact of the rate at which each parameter will evolve by 2050. For instance, if GHG reduction measures are implemented slowly, reducing personal heating consumption or changing construction material production will have a greater impact than changing heating systems. However, if heating system upgrades can be quickly implemented, they would have a greater effect than the other two measures. This suggests that prioritizing GHG reduction strategies should also take into account the speed at which these measures can be deployed. Additional research is necessary to enhance the application of systems thinking in building stock models. © 2025 The Authors",Behavioural change; Building stock model; Carbon reduction strategy; Embodied greenhouse gas emissions; Prospective life cycle assessment; Sufficiency measure,Carbon emissions; Kyoto Protocol; Low emission; Shipbuilding materials; Behavioral changes; Building stock model; Building stocks; Carbon reduction; Carbon reduction strategy; Embodied greenhouse gas emission; Greenhouse gas emissions; Prospective life cycle assessment; Prospectives; Reduction strategy; Stock models; Sufficiency measure; DWELLING STOCK; MODEL; CONVERGENCE; SUPPORT; LCA,10.1016/j.spc.2025.04.024,Article,3,Scopus; Web of Science,2-s2.0-105004393805,WOS:001509166800001,,SCOPUS_S3-1.csv; savedrecs.txt
Pathways to a net zero building sector in Colombia: Insights from a circular economy perspective,Vélez-Henao J.A.; Pauliuk S.,2025,"Resources, Conservation and Recycling","The rapid urbanization and economic growth in Colombia have made the residential sector one of the largest energy and material consumers in the country. Circular economy (CE) strategies are a promising alternative to decouple the sector from resource depletion and climate change. The analysis shown here is based on the RECC model framework, a dynamic material flow analysis (dMFA) model. Our results suggest that by 2050 without CE strategies, residential building stock will reach 2.5 billion m2 and emit between 13 and 25 Mt CO2/yr, depending on whether carbon forest sequestration is included or not. A complete implementation of CE strategies and lower floor space can reduce 2020–2050 cumulative primary material production, waste generation, and GHG emissions by 48, 5, and 49 %, respectively. There is a potential to achieve net zero emissions by 2050 if, in addition to the measures mentioned above, more wood materials and forest sequestration are considered. © 2024 The Authors",Circular economy; Climate change mitigation; Material flow analysis; Material stocks; Residential sector; Resource efficiency,Colombia; copper; Buildings sector; Circular economy; Climate change mitigation; Economic growths; Material stock; Materials flow analysis; Rapid urbanizations; Residential sectors; Resource efficiencies; carbon dioxide; carbon emission; carbon sequestration; climate change; economic growth; emission control; forest; green economy; greenhouse gas; material flow analysis; resource depletion; urbanization; anaerobic digestion; Article; building sector; calibration; circular economy; consumer; dynamic material flow analysis; economic aspect; fabrication yield improvement; gas chromatography; greenhouse gas emission; health care cost; municipal solid waste; population density; productivity; public health; questionnaire; recycling; residential sector; resource efficiency; sensitivity analysis; Low emission; EMISSIONS; ENERGY,10.1016/j.resconrec.2024.107971,Article,15,Scopus; Web of Science,2-s2.0-85206667223,WOS:001339945500001,,SCOPUS_S3-1.csv; savedrecs.txt
Potential for biogenic carbon storage towards a net-zero built environment in Switzerland,Priore Y.D.; Schulthess L.; Delmenico S.; Rinquet L.; Habert G.; Jusselme T.,2025,Sustainable Production and Consumption,"The built environment is a major contributor to global greenhouse gas (GHG) emissions, posing challenges for achieving net-zero targets by 2050. This study examines the potential of an increased use of biobased materials in the Swiss residential building stock to mitigate emissions while increasing biogenic carbon storage. Using a Python-based building stock model, the study evaluates the effectiveness of increasing the share of biobased materials in both renovations and new constructions under different scenarios compared to climate goals. Results indicate that renovations will become the dominant driver of building stock emissions and biogenic carbon storage potential by 2050. While new construction activities will decline due to demographic trends, renovations will contribute nearly four times more to GHG emissions than new buildings. Nevertheless, new constructions are more effective at storing biogenic carbon, achieving a biogenic-to-emissions ratio of 300 % by 2050, compared to 176 % for renovations. By mid-century, the yearly biogenic carbon storage in buildings could reach 2.5 Mt. CO₂, approaching a balance with yearly GHG embodied emissions. However, even in the most optimistic scenario, increasing biobased material use alone reduces cumulative emissions by only 5–8 % compared to business as usual, underscoring the need for additional emission reduction strategies, including decarbonizing material production and reducing construction activities. The long-term analysis reveals that biogenic carbon storage potential is constrained by demolition rates (assuming full re-emission at the end of life), with a higher demolition rate accelerating carbon turnover and limiting storage capacity. A cumulative maximum biogenic carbon stock of 300–400 Mt. CO₂ is projected in the long-term, surpassing Switzerland's expected cumulative net emissions removals by 2050 by 6 times. This study highlights the built environment's potential as a long-term carbon reservoir and emphasizes the necessity of targeted renovation strategies, regulatory policies, and material production improvements to achieve climate goals effectively. © 2025 The Authors",Biobased materials; Biogenic carbon storage; Building Stock; Carbon targets; GHG emissions,Carbon; Carbon capture and storage; Carbon emissions; Construction; Demolition; Emission control; Gas emissions; Greenhouse gases; Low emission; Population statistics; Storage (materials); Zero-carbon; Bio-based materials; Biogenic carbon storage; Biogenics; Building stocks; Built environment; Carbon storage; Carbon targets; Greenhouse gas emissions; New constructions; Switzerland; Construction industry; EMISSIONS; BIOENERGY; LIFE,10.1016/j.spc.2025.08.019,Article,1,Scopus; Web of Science,2-s2.0-105014104605,WOS:001562588600001,,SCOPUS_S3-1.csv; savedrecs.txt
Preserving buildings: emission reductions from circular economy strategies in Austria,Alaux N.; Kulmer V.; Vogel J.; Passer A.,2025,Buildings and Cities,"Buildings exert substantial pressure on global resources and contribute significantly to waste and greenhouse gas (GHG) emissions. With ambitious targets like Austria's aim for climate neutrality before 2050, assessing the large-scale potential of circular economy strategies is essential for policymaking. However, previous studies at the national level lack details about building components and materials. Using an integrated material flow analysis and prospective life cycle assessment model, three measures are assessed for reducing the embodied GHG emissions of Austria's building stock by 2050: extending building lifespans through renovation, reusing components and recycling materials. Renovation offers the most robust potential, consistently reducing cumulative embodied GHG emissions by 13-15% across all future scenarios. Component reuse provides a more modest 5-8% reduction, with its effectiveness limited by a material mismatch between existing and future buildings, especially under alternative construction scenarios. The potential of recycling is highly variable (3-10%), performing best with a decarbonised energy mix but showing minimal benefit if future construction shifts to low-impact materials. Further work is needed to analyse potential trade-offs from these strategies, such as the impact of lifespan extension or component reuse on the energy efficiency of buildings. POLICY RELEVANCE Clear guidance is provided to policymakers for reducing embodied GHG emissions in the building sector. Building on the European Union's energy-focused renovation wave, the results call for a complementary 'preservation-driven' renovation effort. Extending the lifespan of existing buildings proves the most reliable circular economy strategy for reducing embodied emissions, delivering consistent benefits across future scenarios. Policy incentives should therefore go beyond improving energy efficiency to also preserve and adapt buildings that are economically underperforming or lack aesthetic appeal. Such measures would establish both energy-and preservation-driven renovation as the foundation of Austria's path to a climate-neutral building stock, supported by component reuse and material recycling to maximise overall reductions. The insights gained can inform similar efforts in other countries with mature building stocks.",Austria; building preservation; building stock; circularity; component reuse; demolition; embodied carbon; GHG mitigation; life cycle assessment (LCA); lifespan extension; material flow analysis (MFA); material recycling; renovation,ENVIRONMENTAL IMPACTS; ENERGY; STOCK,10.5334/BC.676,Article,3,Scopus; Web of Science,2-s2.0-105025134660,WOS:001619316800004,,SCOPUS_S3-1.csv; savedrecs.txt
"RETRACTED: Region-specific climate change projections: Forecasting energy needs in Finland's residential building stock (Retracted article. See vol. 371, 2026)",Kinay U.; Laukkarinen A.; Kurvinen A.; Vinha J.,2025,Energy and Buildings,"Three-quarters of the European Union's building stock is energy inefficient, contributing significantly to the EU's greenhouse gas emissions. While climate change is a global challenge, solutions must be implemented regionally. This study aims to project the energy demand of Finland's residential buildings for 2030, 2050, and 2080 under different climate change scenarios. A bottom-up approach was used to classify the current residential stock by floor area, typology, construction period, and region. For future projections, population growth, renovation, and mortality rates were integrated using dynamic material flow analysis. Energy demand simulations were then carried out using regional test reference years, based on RCP climate scenarios and legislative energy limits, while eliminating building geometry differences. In the 2020 period, Finland's total residential energy demand was 41,415 GWh/year, and renovated buildings at 13,518 GWh/year. Projections for 2030, 2050, and 2080 include findings for typology, region, construction period, and renovation in detail. By 2080, energy demand is projected to decrease by 57 % GWh/year and to be 66 % respectively RCP 4.5, and RCP 8.5. This study provides a comprehensive energy demand projections for Finland's residential building stock. The results offer valuable insights for policymakers assessing renovation actions and future regional energy demand. However, long-term projections need to be updated because of changes in multi-variables. Future research will analyse to meet regional demand by the future periods with integrated renewable energy systems for zero-carbon stock by 2050. © 2024 The Author(s)",Dynamic building analysis; Energy demand; Energy efficiency; Finland; Regional climate projection; Residential building stock; Retrofit strategies; Test reference years,Climate changes projections; Construction period; Dynamic building analyze; Energy; Energy demands; Finland; Regional climate projections; Residential building stocks; Retrofit strategies; Test reference year,10.1016/j.enbuild.2024.115181,Article; Retracted Publication,3,Scopus; Web of Science,2-s2.0-85214393654,WOS:001412610700001,,SCOPUS_S3-1.csv; savedrecs.txt
Sustainability Assessment of Refurbishment vs. New ZEB Construction Systems: A Long-Term LCA Perspective on Durability and Building Lifespan,Costantino C.; Bigiotti S.; Marucci A.; Gulli R.,2025,"PROCEEDINGS OF THE 11TH INTERNATIONAL CONFERENCE OF AR.TEC. (SCIENTIFIC SOCIETY OF ARCHITECTURAL ENGINEERING), VOL 3, COLLOQUI.AT.E 2024","Two main intervention categories emerge for the renewal of residential building stock: refurbishment and demolition and reconstruction. In the Life Cycle Assessment (LCA) at the building scale, a common practice is to consider default lifespan values, regardless of the durability of the construction system and the average longevity observed within the geographical context. Consequently, this approach involves a significant risk of misinterpretation or partial evaluations of results in long-term assessments deriving from two main factors: (i) the overestimation of environmental impacts associated with heavyweight construction systems, which are characterised by higher embodied energy and carbon, despite their advantages in superior durability and low maintenance compared to lightweight alternatives; (ii) the tendency to overestimate the lifespan of existing buildings after refurbishment, particularly those that have already surpassed 60 years of service life. This paper presents a comparative LCA carried out between refurbishment and demolition and reconstruction of a case study, a 1960s multi-family residential building located in the suburbs of Bologna. In particular, two heavyweight and three lightweight construction systems are evaluated for the new Zero Energy Building (ZEB). The findings highlight a strong dependence between LCA results and building lifespan, significantly influencing the choice when comparing intervention strategies. The results show minor impacts for demolition and reconstruction scenarios compared to refurbishment scenarios after 30 years of analysis and lower impacts of lightweight construction systems in the same period, while in the medium to long term, over 60 years, heavyweight construction systems yield lesser impacts when accounting for their extended lifespan. © The Author(s), under exclusive license to Springer Nature Switzerland AG 2025.",Building Lifespan; Construction System; Durability; Life Cycle Assessment; Zero Energy Building,Environmental impact; Green buildings; Zero energy buildings; Zero-carbon; Building construction; Building lifespan; Building scale; Construction systems; Lifespans; Light-weight constructions; Partial evaluation; Residential building stocks; Sustainability assessment; Zero energies; Demolition; CYCLE ASSESSMENT,10.1007/978-3-031-71867-0_15,Proceedings Paper,2,Scopus; Web of Science,2-s2.0-85209874434,WOS:001416973300015,,SCOPUS_S3-1.csv; savedrecs.txt
Urban Transformation Towards Premature Obsolescence Of Buildings,Stolz B.; Li J.; Wellinger S.,2025,Enquiry,"A circular development in cities aims to create ecologically regenerative and resilient environments to transition towards a more sustainable future. This involves rethinking how we design, build, and disassemble, favoring reuse and regenerative cycles. The result is longer building lifespans and, therefore, helps reduce CO₂ emissions from the construction sector. For architects and city planners, the challenge lies in balancing between developing densification strategies to limit urban sprawl with preserving the built environment by extending lifecycles. How does densification affect the demolition and lifespan of buildings in neighborhoods, and what are the possible circular transformations? The objectives of this research are to discuss changes in the built environment in relation to densification strategies and reflect on how these changes might support or hinder circular practices. The paper explores the evolution in building stock over time, using the city of Trondheim, Norway, as a case study. First, data on the existing building stock is analyzed to understand the location and age of various building types across different neighborhoods. Buildings are classified into five categories: low-density housing, high-density housing, public services, industrial and work-related buildings, leisure, and smaller constructions (such as garages, cabins, or sheds). This data is then compared with historical records of buildings being demolished and newly built structures from 2012 to 2021 to trace the transformation of the built environment. It includes information on building type, square meters, construction and demolition dates, and location. The data collected from the municipal cadaster is visualised using Geographical Information System (GIS) software to support a spatial neighborhood-based analysis. The results first present differences in the number of demolitions, building projects, and densification across city areas. Next, the study examines the age distribution within the five building categories. Two main findings emerge: variations in the neighborhood densification over the past decade, and differences in building lifespans across areas. This analysis supports projections for future urban developments, and identifies opportunities for circularity. Additionally, comparing the age of the current building stock with that of demolished buildings highlights the premature obsolescence of certain building types. The findings show that some categories are more prone to demolition or new construction. These results are discussed alongside urban planning and densification strategies, offering policy insights and supporting a contextualised approach to circular development. © 2025, Architectural Research Centers Consortium. All rights reserved.",Circularity; Demolition; Densification Strategies; Lifespan; Premature Obsolescence,,10.17831/enqarcc.v22i1.1261,Article,1,Scopus,2-s2.0-105012957040,,,SCOPUS_S3-1.csv
A century-scale dynamic modeling of demolition waste metabolism and associated global warming impact in China's urban residential sector,Zhao W.; Hao J.L.; Gong G.; Ni Z.; Fischer T.B.; Tam V.W.Y.; Xia Y.,2026,Waste Management,"This paper quantifies demolition waste (DW) from urban residential buildings (URB) in China from 1970 to 2070 under low, medium, and long-lifespan scenarios, as well as the associated global warming impact, quantified as global warming potential (GWP), from DW disposal and avoided through material reproduction under low, medium, and high-recycling rate scenarios. First, DW generation of key construction materials is quantified as a metabolic outflow of URB stocks under alternative building lifespan scenarios. These metabolic flows are then dynamically projected to assess the associated GWP under different recycling rate scenarios. The results indicate that population size and per capita floor area significantly influence URB stock, and that a decline in population leads to a delayed reduction in stock due to system inertia. Longer building lifespans result in slower turnover, increasing cumulative stock, and affecting the timing and magnitude of peak residential stock. The total DW by 2070 is projected to be one-third lower in the long-lifespan scenario compared to the short-lifespan scenario, with 6,577.10 Mt, 13,488.35 Mt, and 20,271.66 Mt in the long, medium, and short-lifespan scenarios, respectively. In the high-recycling rate scenario, GWP becomes negative, with net savings of 27.64 TgCO2e in the short-lifespan scenario, 18.95 TgCO2e in the medium-lifespan scenario, and 9.55 TgCO2e in the long-lifespan scenario. Extending building lifespans and increasing recycling rates markedly reduce both DW generation and associated GWP, with steel and brick offering the highest GWP reduction potential through enhanced recycling practices. © 2026 The Author(s)",Building lifespan; demolition waste (DW); global warming potential (GWP); Metabolic outflow; Recycling rate; urban residential buildings (URB),"China; Cities; Construction Materials; Global Warming; Models, Theoretical; Recycling; Waste Management; Building materials; Cell proliferation; Demolition; Housing; Metabolism; Building lifespan; Demolition waste; Demolition wastes; Global warming potential; Lifespans; Metabolic outflow; Recycling rate; Urban residential building; Urban residential buildings; global warming; population size; recycling; residential location; solid waste; waste management; Article; building lifespan; carbon emission; century scale dynamic modeling; construction and demolition waste; dynamics; global warming potential; greenhouse effect; lifespan; metabolism; Monte Carlo method; probability; sensitivity analysis; urban area; urbanization; building material; city; procedures; theoretical model; Global warming; Population statistics; MATERIAL FLOW-ANALYSIS; CONSTRUCTION; MANAGEMENT; BUILDINGS",10.1016/j.wasman.2026.115554,Article,1,Scopus; Web of Science,2-s2.0-105037747639,WOS:001761740700001,,SCOPUS_S3-1.csv; savedrecs.txt
"A dynamic stock-level life cycle assessment framework integrating material, energy, climate change scenarios, and grid decarbonization in urban commercial buildings",Hasan R.; Bilec M.M.,2026,Building and Environment,"This study develops a dynamic building-stock life cycle assessment (LCA) framework to evaluate the temporal evolution of greenhouse gas emissions under climate change and electricity-grid decarbonization, demonstrated for 200 commercial buildings in Pittsburgh, Pennsylvania (USA). The time-resolved framework jointly represents material stock evolution, cyclic renovation flows, end-of-life processes, and climate-driven operational energy demand. It couples urban building energy modeling with material stock analysis and uses Intergovernmental Panel on Climate Change (IPCC) Sixth Assessment Report (AR6) climate projections across four Shared Socioeconomic Pathways (SSP1-2.6, SSP2-4.5, SSP3-7.0, SSP5-8.5) together with grid-decarbonization trajectories. Foreground flows are linked to ecoinvent v3.10, and climate impacts are reported as global warming potential. Projected warming modestly reduces total energy demand because declining heating loads outweigh rising cooling requirements. Operational energy remains the dominant contributor to cumulative emissions, but grid decarbonization reduces cumulative operational emissions by ∼43% across SSPs. Construction material supply emissions are dominated early by mineral and cementitious materials, while insulation contributes an increasing share later; renovation emissions are primarily driven by plastic and bituminous materials. The framework identifies which life-cycle phases, material categories, and operational energy uses dominate emissions over time, enabling prioritization of electrification, renovation scheduling, low-carbon material procurement, and circular end-of-life strategies for long-term building-sector decarbonization. © 2026 The Authors",Building stock; Climate change scenarios (SSPs); Dynamic life cycle assessment (DLCA); Grid decarbonization; Life cycle assessment (LCA); Material flow analysis (MFA); Urban building energy modeling (UBEM),Pennsylvania; Pittsburgh; United States; Building materials; Construction industry; Decarbonization; Economics; Electric utilities; Energy management; Global warming; Greenhouse gases; Life cycle; Life cycle assessment; Building energy model; Building stocks; Climate change scenario (SSP); Climate change scenarios; Decarbonisation; Dynamic life cycle assessment; Grid decarbonization; Material flow analyze; Materials flow analysis; Urban building energy modeling; Urban buildings; building; carbon emission; climate change; electricity supply; greenhouse gas; life cycle analysis; material flow analysis; Office buildings; LCA; CONSTRUCTION; TIME,10.1016/j.buildenv.2026.115056,Article,0,Scopus; Web of Science,2-s2.0-105046607466,WOS:001845790900001,,SCOPUS_S3-1.csv; savedrecs.txt
A layered dynamic material flow framework for modeling building renovations,Liu Q.; Lanau M.; Rootzén J.; Cao Z.; Johnsson F.,2026,Journal of Industrial Ecology,"Dynamic material flow analysis (dMFA) is widely used to study the material demands of residential building stocks. In most of the studies conducted to date, buildings are modeled as homogeneous units instead of a system of components. A limitation of this assumption is that the material flow dynamics from renovations cannot be fully captured. In this study, we develop a cohort-based, layered dMFA framework that explicitly links renovation lifetimes to structural lifetimes, while allowing for different building layers to be renovated independently. This framework tracks the temporal evolution of building cohorts and applies a lifetime convolution approach to ensure that renovation probabilities are conditional on building survival. Cohort-specific material intensities are further differentiated across structural, skin, and space layers. We apply the framework to residential buildings in Sweden using a unique set of building inventory and disaggregated material intensity data. Compared with conventional monolithic renovation models, the layered lifetime approach reduces the estimated renovated floor area by approximately 10%, with larger differences seen for older cohorts that are approaching demolition. These corrections translate into substantial changes in renovation-related material flows. The results demonstrate that neglecting lifetime interdependencies between building components and structures leads to inflated estimates of the demand for renovation. By conceptualizing buildings as systems that have components with interrelated lifetimes, this study advances dMFA methods for renovation modeling. © The Author(s) 2026.",Dynamic material flow analysis; Material stocks; Renovations; Residential buildings,Building components; Dynamic analysis; Building renovation; Dynamic material flow analyze; Dynamic materials; Material demands; Material Flow; Material stock; Materials flow analysis; Materials intensity; Renovation; Residential building; Housing; MATERIAL STOCK; LIFETIME,10.1007/s44498-026-00164-3,Article; Early Access,0,Scopus; Web of Science,2-s2.0-105047857281,WOS:001855197600001,,SCOPUS_S3-1.csv; savedrecs.txt
A provincial-level modeling framework for integrated building stock-energy-material-carbon assessment in China,Chen S.; Guo F.,2026,Energy and Climate Management,"The building sector plays a pivotal role in global climate governance and the achievement of carbon neutrality goals. However, most existing assessments of long-term low-carbon transitions in the building sector rely on analytical frameworks that decouple building energy use and carbon emissions from vintage-tracked building stock turnover. This disconnect limits the development of coherent and effective long-term decarbonization strategies for the sector. To address this gap, this study develops the MESSAGEix-China-Building-R31 model, an integrated modeling framework comprising five core modules: building stock turnover, energy demand, material demand, carbon emissions, and low-carbon transition. The framework captures the coupled evolution of stock–energy–material–carbon interactions across 31 Chinese provinces (The Hong Kong Special Administrative Region, the Macao Special Administrative Region, and Taiwan province are not included due to data availability) from 2025 to 2100. Calibration results demonstrate that the model can reliably reproduce historical building vintage dynamics and end-use energy intensities. As a comprehensive quantitative analysis tool, the MESSAGEix-China-Building-R31 model enables the exploration of province-specific and heterogeneous low-carbon transition pathways for China’s building sector by systematically linking key factors, including floor space demand projections, building stock evolution, occupant energy-use behavior, and low-carbon material strategies. The proposed modeling framework also provides a transferable methodological reference for other large emerging economies facing similar decarbonization challenges in the building sector. © The Author(s) 2026.",Building sector decarbonization; energy and material demand; low-carbon transition pathways; provincial heterogeneity; vintage-tracked stock turnover,,10.26599/ECM.2026.9400037,Article,0,Scopus,2-s2.0-105048976058,,,SCOPUS_S3-1.csv
Circular urbanism: Strategic optimization of construction costs and embodied carbon for economic resilience and sustainable development,Ghorbany S.; Hu M.; Yao S.; Sisk M.; Wang C.,2026,Environmental Impact Assessment Review,"As cities race to meet climate targets, embodied carbon—the greenhouse gas emissions embedded in building materials and construction—has emerged as a critical yet underexplored dimension of urban sustainability. This study presents a scalable, data-driven framework based on urban-scale building stock virtual twins for the first time, optimizing embodied carbon across diverse urban areas in the United States. Using a bottom-up, archetype-based model integrated with a constrained greedy heuristic algorithm, we analyzed 200,000 buildings each in Baltimore, Miami, and Las Vegas, representing historical, balanced, and modern urban typologies. Our findings reveal that less than 20% of archetypes—corresponding to approximately 15–40% of the building stock—account for over 80% of total embodied emissions and construction costs, underscoring the viability of precision-targeted, archetype-level interventions. Post-optimization results demonstrate up to 63% cost savings and 60% emission reductions, achieved without compromising local architectural character. Temporal analysis of material flow further suggests that optimization patterns often align with periods of infrastructure investment or economic downturn—pointing to a novel hypothesis: that embodied carbon strategies may also support urban economic resilience. This study introduces the concept of an “optimization core”—a high-impact subset of building types that, when retrofitted, unlock nonlinear gains in cost, carbon, and planning flexibility. The study results are theoretical and scenario-based as it evaluates how the existing building stock could have achieved lower embodied GHG and cost through feasible, locally realistic archetype substitutions, and thereby quantifying missed potential and providing forward-looking guidance for new construction and targeted retrofits. © 2026 The Authors",Building stock digital twin; Embodied carbon; Optimization; Sustainable cities; Sustainable development,Baltimore; Florida [United States]; Las Vegas; Maryland; Miami; Nevada; United States; Building materials; Buildings; Carbon; Carbon Economy; Construction; Economic analysis; Heuristic algorithms; Investments; Sustainable building; Sustainable city; Sustainable development; Urban planning; Building stock digital twin; Building stocks; Buildings materials; Climate targets; Construction costs; Embodied carbons; Greenhouse gas emissions; In-buildings; Optimisations; Sustainable cities; building construction; carbon emission; cost analysis; digitization; economic activity; optimization; sustainable development; urban economy; urbanization; Optimization; BUILDINGS; EMISSIONS; MITIGATION; REDUCTION; FOOTPRINT,10.1016/j.eiar.2026.108459,Article,0,Scopus; Web of Science,2-s2.0-105035065651,WOS:001742186700001,,SCOPUS_S3-1.csv; savedrecs.txt
Demand-side factors as dominant drivers of resource efficiency in the concrete aggregates cycle,Cao Z.; Liu J.; Su X.; Song J.; Zhong X.; Watari T.; Behrens P.; Zhang T.,2026,Nature Sustainability,"Cement, concrete and aggregates are essential to modern infrastructure, but drive substantial resource use. We develop an integrated framework of the global concrete aggregates cycle, combining flows, stocks and services into a resource-use intensity metric, defined as resource use per unit of the Human Development Index. Using data for 184 economies from 1990 to 2018, we attribute changes to production- and demand-side drivers. Production-side improvements, such as clinker substitution or efficiency gains in concrete formulation, have yielded only marginal reductions. By contrast, demand-side drivers dominate. Developing economies face large imbalances between inflows and outflows, while industrialized economies show stock saturation and declining turnover. Effective levers include extending building lifespans, reducing material stock intensity through design and urban planning, and enabling reuse and structural intensification. These results highlight the decisive role of demand-side strategies in advancing resource sustainability, while underscoring the importance of linking resource efficiency to social welfare rather than economic output. © The Author(s), under exclusive licence to Springer Nature Limited 2026.",,Economic efficiency; Natural resources management; Cement concrete; Demand-side; Demand-side drivers; Efficiency gain; Human development index; Integrated frameworks; Modern infrastructure; Per unit; Resource efficiencies; Resource use; Concrete aggregates; MATERIAL STOCKS; BUILDINGS; GROWTH; ENERGY; CEMENT; JAPAN,10.1038/s41893-026-01860-5,Article,1,Scopus; Web of Science,2-s2.0-105042595319,WOS:001798870600001,,SCOPUS_S3-1.csv; savedrecs.txt
From classrooms to care: evaluating long-term adaptability of school buildings to elderly care transformation,Staehr E.R.; Stevik T.K.; Houck L.D.,2026,Frontiers in Built Environment,"Across Europe, declining school enrolment and a rapidly ageing population are producing a spatial imbalance in the public building stock: vacant or underused schools coexist with a growing demand for elderly care facilities. This study demonstrates that contemporary school buildings designed for adaptability can support long-term transformation into assisted living facilities when specific spatial and structural conditions are embedded early in the design process. Using a Norwegian architectural competition as a case study, a prototypical assisted living unit was developed from regulatory standards, procurement data, literature, and field observations. The school proposals were then analysed through plan overlay techniques, qualitative spatial mapping, and a criteria-based comparative assessment to evaluate their transformation capacity. The results show that regular structural grids, modular classroom geometries, distributed façades with adequate daylight access, and robust circulation systems significantly increase conversion feasibility, while compact forms and load-bearing wall systems constrain it. Proposals that ranked highest in short-term adaptability also demonstrated the greatest long-term transformation potential. The findings position adaptability not merely as spatial flexibility within an educational programme, but as a strategic design principle that extends building lifespan, supports resource-efficient public investment, and strengthens the resilience of municipal infrastructure. Copyright © 2026 Staehr, Stevik and Houck.",architectural competition; assisted living design; building adaptability; building transformation; elderly care facilities; school building; school building transformation; sustainable public buildings,HEALTH,10.3389/fbuil.2026.1816907,Article,0,Scopus; Web of Science,2-s2.0-105045730523,WOS:001771128000001,,SCOPUS_S3-1.csv; savedrecs.txt
From Expansion to Renewal: Material Metabolism and Secondary Resource Potential of Urban Buildings in China Western Central Cities,Cao R.; Zhang G.; Yang T.; Wang F.; Du C.; Zhang X.; Sun L.,2026,Buildings,"Amid China’s transition from rapid urbanization to high-quality development, quantifying urban building metabolism is crucial for building resilient resource management systems. However, current research predominantly focuses on eastern cities, largely overlooking non-residential buildings. Here, we apply dynamic material flow analysis (dMFA) to quantify the material stocks of residential and non-residential buildings in two major economic hubs in western China, Xi’an and Chengdu. The stock patterns from 1950 to 2050 and the underlying drivers are further clarified. Model projections suggest that material stocks in both cities will peak around 2040, reaching 2.2 billion tons in Chengdu and 1.08 billion tons in Xi’an, under the intensive scenario. Chengdu reaches stock saturation 2 to 3 years earlier than Xi’an, and the total stocks are approximately twice those of Xi’an. Reinforced concrete and steel structures dominate future building development and increase the accumulation of cement and steel. Sand and gravel still account for the majority of building materials. Demand for new construction materials shows a pronounced double-peak pattern, occurring in 2016 and 2026. Construction waste is projected to rise sharply by mid-century; scenario analysis indicates that an 80% material recovery rate has the potential to largely offset new material demand. Sensitivity analysis identifies building lifetime extension and construction technology improvement as the strategies with the greatest potential for mitigating future waste generation. This study expands the scope of urban building material metabolism research and provides a scientific basis for low-carbon urban planning and construction waste management in China. © 2026 by the authors.",dynamic material flow analysis; material metabolism; non-residential buildings; secondary resource circulation; western central city,Construction; Dynamics; Housing; Metabolism; Natural resources; Reinforced concrete; Urban planning; Waste management; Dynamic material flow analyze; Dynamic materials; Material metabolism; Materials flow analysis; Non-residential building; Residential building; Secondary resource circulation; Secondary resources; Urban buildings; Western central city; Sensitivity analysis; IN-USE STOCKS; MATERIAL FLOW-ANALYSIS; DEMOLITION WASTE; MATERIALS DEMAND; DYNAMICS; CONSTRUCTION; EMISSIONS; ECONOMY; IRON,10.3390/buildings16132481,Article,0,Scopus; Web of Science,2-s2.0-105044519087,WOS:001817796800001,,SCOPUS_S3-1.csv; savedrecs.txt
Long-term changes in the lifespan of buildings at the national level: A case study in Japan,Kayo C.; Sanjo K.; Tanikawa H.; Komata H.; Maekawa Y.; Tonosaki M.,2026,Energy and Buildings,"Understanding long-term changes in building lifespan at the national level is essential for predicting future building-related stocks and flows, assessing energy consumption and environmental impacts, and developing effective countermeasures. This study calculated the survival rate of building stock over time for each inflow and stock year and estimated appropriate survival functions and their key parameter—the half-life (defined as the number of elapsed years at which the survival rate reaches 50%)—based on time-series data on building stock by construction year in Japan. Logistic, normal, log-normal, Weibull, and gamma distributions were considered for survival functions. For stock-year-based analysis, the most suitable survival functions were the log-normal distribution for wooden buildings and the Weibull distribution for non-wooden buildings. As of 2021, the estimated half-life was 50 years for wooden buildings and 52 years for non-wooden buildings, an increase of 15 and 16 years, respectively, over the past 30 years. Future half-life projections toward 2050 were explored under multiple scenarios, including unconstrained and saturating forms, to explicitly reflect structural uncertainty in long-term projections. The findings provide insights for projecting future material stocks and flows in the building sector and for assessing life-cycle environmental impacts, thereby supporting environmental planning and policies. © 2026 The Author(s).",Building lifespan; Building stock; Material stock; Non-wooden buildings; Survival analysis; Wooden buildings,Energy utilization; Environmental impact; Life cycle; Life cycle assessment; Normal distribution; Timber; Weibull distribution; Building lifespan; Building stocks; Half lives; Lifespans; Long-term changes; Material stock; National level; Non-wooden building; Survival analysis; Survival Function; Wooden buildings; MATERIAL STOCK; CARBON; TIME; WOOD; PRODUCTS,10.1016/j.enbuild.2026.117220,Article,1,Scopus; Web of Science,2-s2.0-105031002270,WOS:001705879500004,,SCOPUS_S3-1.csv; savedrecs.txt
On-site and embodied water demand of urban residential buildings in China under the Shared Socioeconomic Pathways,Li H.; Zhang R.; Peng X.; Guo Y.,2026,Environmental Impact Assessment Review,"Urban residential buildings are a major driver of water demand in rapidly urbanizing economies, yet their water demand remains poorly quantified. Most existing studies focus narrowly on the construction stage and adopt retrospective frameworks, leaving future demand under alternative development pathways largely unexplored. Here, we develop an on-site and embodied water demand (OEWD) projection model to assess water demand associated with construction, renovation, and demolition in China's urban residential buildings from 2020 to 2060 under five Shared Socioeconomic Pathways (SSP) scenarios. Our results show that by 2060, total water demand is projected to range from 13.1 to 29.9 billion m3 across the five SSP scenarios, with embodied water accounting for 92%–96% of the total. Meanwhile, water demand is shifting from expansion-led growth towards stock renewal: although construction-related embodied water remains the largest single component, renovation-related demand becomes increasingly important over time. Extending building service lifetimes could reduce cumulative water demand by approximately 371–544 billion m3 over 2020–2060, with nearly four-fifths of these savings arising from lower construction-related embodied water demand. These findings suggest that water conservation governance in the building sector should move beyond a narrow focus on construction-site control towards a broader perspective that incorporates renovation and demolition, while placing greater emphasis on embodied water and building lifetime management. © 2026 The Authors",Building structures; China; Embodied water demand; On-site water demand; Shared socioeconomic pathways (SSPs); Urban residential buildings,China; Construction; Construction industry; Economics; Historic preservation; Urban growth; Water conservation; Building structure; Construction stages; Embodied water demand; On-site water demand; Shared socioeconomic pathway; Socio-economics; Urban residential buildings; Water demand; building; demolition; growth rate; socioeconomic conditions; spatiotemporal analysis; water demand; water management; Housing; ENVIRONMENTAL-IMPACT; E-TOWN; CONSTRUCTION; DEMOLITION; FRAMEWORK; SCENARIO; SECTOR,10.1016/j.eiar.2026.108541,Article,0,Scopus; Web of Science,2-s2.0-105041308696,WOS:001794970800001,,SCOPUS_S3-1.csv; savedrecs.txt
Provincial heterogeneity in carbon mitigation potential of lightweight modular integrated construction for urban housing in China: A scenario-based LCA study,Hu Y.; Ai Z.; Zhang R.; Zhang G.,2026,Building and Environment,"Lightweight modular integrated construction (MIC) is a promising pathway for low-carbon urban housing, yet its trade-off between embodied and operational impacts remains poorly understood at the Chinese provincial level. This study develops a provincial-level framework integrating bottom-up carbon accounting, dynamic building stock turnover, and technology diffusion scenarios to assess the life-cycle carbon implications of lightweight MIC adoption in the urban residential sector. Deployment of lightweight MIC is evaluated against conventional cast-in-situ reinforced concrete construction (RCC) under baseline and energy-efficiency scenarios, while accounting for climate warming. Results indicate that embodied carbon from newly-built urban residential buildings is projected to decline by 50.0 ± 11.2% from 2025 to 2060, due to slowing construction growth and the decarbonization of material production and electricity generation. However, heating- and cooling-related operational carbon grows in importance, approaching embodied carbon levels by 2057 and becoming dominant. Relative to RCC, lightweight MIC delivers a consistent embodied-carbon advantage, with reduction potential increasing from 10.6 to 18.1% in 2025 to 14.9–22.2% in 2060, but this benefit is partly offset by higher operational carbon associated with lower envelope thermal mass. Under the diffusion scenarios, operational carbon penalties offset embodied carbon savings by up to 16.5 ± 2.3% at the provincial level, and faster deployment does not necessarily maximize relative net mitigation, especially in severe cold and cold climatic zones. Ventilative cooling and envelope optimization can improve mitigation performance, with synergistic benefits observed in several hot-summer and mild-climate provinces. MIC can support low-carbon urban housing if deployment is region-specific and accompanied by effective operational-energy mitigation. © 2026 Elsevier Ltd",Building stock turnover; Carbon reduction potential; Life-cycle assessment; Modular integrated construction; Provincial level,Carbon; Carbon cycle; Carbon Economy; Energy efficiency; Housing; Life cycle; Life cycle assessment; Microwave integrated circuits; Modular construction; Reduction; Urban growth; Building stock turnover; Building stocks; Carbon reduction potentials; Embodied carbons; Low-carbon urban; Modular integrated construction; Modulars; Provincial level; Stock turnover; Urban housing; Economic and social effects; ENVIRONMENTAL IMPACTS; ENERGY DEMAND; FRAMEWORK; STOCK,10.1016/j.buildenv.2026.115162,Article,0,Scopus; Web of Science,2-s2.0-105048972671,WOS:001864783000001,,SCOPUS_S3-1.csv; savedrecs.txt
Resource efficiency and circularity under rapid urbanization: Insights from dynamic material stock–flow analysis in Vietnam,Nguyen T.P.T.; Hasegawa M.; Martinico-Perez M.F.; Shirakawa H.; Tanikawa H.,2026,Journal of Cleaner Production,"Emerging economies face major data gaps in modeling material transitions, especially for building stocks and demolition. This study develops a lifespan-differentiated, stock-driven dynamic material flow analysis for Vietnam's residential sector (1986–2050), integrating socio-economic decomposition and circular-economy assessment under data scarcity. Using the Residential Building Material Metabolism and Efficiency Assessment Framework, we reconstruct material inflows, in-use stocks, and demolition outflows; identify socio-economic drivers through Logarithmic Mean Divisia Index decomposition; and compare legacy-stock circular-economy scenarios. Results reveal a pronounced shift toward long-lived, cement-intensive housing and indicate that demolition outflows are likely to peak in the 2040s due to accumulated stock inertia and lifetime structure. Although material inflows show partial decoupling from GDP, floor-area expansion and service-level improvement remain dominant drivers of long-term stock growth. The scenario analysis is intentionally bounded to the accumulated residential stock under a no-new-inflow-after-2023 condition. Within this boundary, selective dismantling–based recovery (SD) is more effective for landfill reduction, whereas lifetime extension (LE) yields stronger embodied-CO2 mitigation by reducing replacement demand; combining SD and LE provides the strongest overall result. These findings should be interpreted as comparative conditional estimates rather than forecasts, indicating that slowing-loop and closing-loop strategies affect different components of the stock–flow system. The results further indicate that housing-service expansion and structural upgrading reinforce upstream material demand and contribute to long-term stock-related lock-in in the residential system. The study contributes a typology-resolved, lifespan-differentiated framework for analyzing residential material dynamics under data scarcity and offers bounded comparative insights for stock-driven circular-economy assessment in emerging economies. © 2026 The Authors.",Building stock dynamics; Circular economy; Construction and demolition waste; Dynamic material flow analysis; Emerging economies; Residential building; Urban metabolism,Building materials; Circular economy; Dynamic analysis; Dynamics; Economic analysis; Efficiency; Expansion; Housing; Building stock dynamic; Building stocks; Construction and demolition waste; Dynamic material flow analyze; Dynamic materials; Emerging economies; Materials flow analysis; Residential building; Stock dynamics; Urban metabolisms; Demolition; ECONOMY; CONSTRUCTION; METABOLISM; DEMOLITION,10.1016/j.jclepro.2026.148488,Article,1,Scopus; Web of Science,2-s2.0-105039464040,WOS:001777503400001,,SCOPUS_S3-1.csv; savedrecs.txt
Service Life Distribution of Timber Buildings in South Korea Based on National Demolition Big Data,Han Y.; Lee S.-Y.; Cho D.; Son J.; Kim M.-J.,2026,Buildings,"Building service life is a critical parameter in lifecycle assessment; however, current assessments often rely on arbitrary standards. This study analyzed the empirical service life of buildings using South Korean national building-register data, categorizing 1,419,867 records into timber, masonry, steel, and concrete structures. Service life distributions were evaluated according to regional, structural, and functional factors. The results showed that while region and building scale had minimal impact, building use significantly influenced the service life of timber, masonry, and steel. Survival analysis using Weibull and Gamma distributions estimated the empirical service life to be 58.1 years for timber, 30.8 years for masonry, 22.1 years for concrete, and 10.6 years for steel. The notably shorter service life of concrete and steel compared with timber illustrates a “demolition inversion phenomenon,” where socioeconomic factors—such as urban redevelopment—drive building demolition regardless of structural durability. While results for steel and concrete reflect current replacement cycles, the 58.1-year service life of timber aligns with international benchmarks for carbon storage. These findings highlight the urgent need to revise the current 20-year legal standard for timber structures to more accurately reflect their long-term carbon sequestration potential and promote sustainable wooden architecture in carbon-neutrality policies. © 2026 by the authors.",building stock; demolition records; life cycle assessment; service life distribution; survival analysis; timber buildings,Carbon; Concretes; Demolition; Digital storage; Durability; Life cycle assessment; Service life; Timber; Weibull distribution; Wooden buildings; 'current; Building services; Building stocks; Demolition record; Life Cycle Assessment (LCA); Life distribution; Service life distribution; South Korea; Survival analysis; Timber buildings; Big data; SPAN,10.3390/buildings16173502,Article,0,Scopus; Web of Science,2-s2.0-105050255244,WOS:001873091900001,,SCOPUS_S3-1.csv; savedrecs.txt
Spatiotemporal machine learning for building demolition risk modelling,Gao H.; Fivet C.,2026,"Computers, Environment and Urban Systems","In the context of a circular economy, the built environment can be regarded as a reservoir of future recoverable resources. Early identification of buildings at risk of demolition enables targeted reuse and recycling strategies, contributing to global warming mitigation and waste avoidance. Most existing studies rely on spatially explicit analyses and lifetime distribution functions for demolition forecasting, yet do not comprehensively account for the multiple interacting drivers influencing demolition at the building level. This study proposes a spatiotemporal machine learning framework for modelling building demolition risk across large geographic areas. A consolidated dataset is constructed by integrating Geographical Information System (GIS)-based spatial data with building characteristics, surrounding built environment attributes, local demolition dynamics, and statistical socioeconomic indicators. Using this dataset, several machine learning models are employed and evaluated for predicting demolition events and estimating building-level risk scores across Switzerland over different time horizons. Extreme class imbalance is identified as a major challenge, and several strategies are evaluated to address this issue. Model performance is evaluated based on ranking capability and effectiveness in identifying high-risk buildings. The results demonstrate strong performance despite the low base rate of demolition events, with the models effectively prioritising buildings at elevated risk. To enhance interpretability, this study applies Shapley Additive Explanations (SHAP) to quantify the contribution of different features to model predictions. The findings provide insights into the key drivers of demolition, supporting data-driven decision-making for urban planners and policymakers. This study advances the development of data-driven tools for sustainable urban planning and establishes a benchmark for building-level demolition prediction. © 2026",Building demolition risk; Building stock modelling; Class imbalance; Spatiotemporal machine learning; Urban mining,Data mining; Demolition; Economics; Geographic information systems; Information use; Learning systems; Machine learning; Risk perception; Sustainable development; Urban planning; Building demolition; Building demolition risk; Building levels; Building stock modeling; Building stocks; Class imbalance; Machine-learning; Spatiotemporal machine learning; Stock models; Urban mining; building; circular economy; demolition; GIS; identification method; machine learning; mitigation; performance assessment; prediction; recycling; risk assessment; spatial data; spatiotemporal analysis; urban planning; waste management; Forecasting,10.1016/j.compenvurbsys.2026.102481,Article,0,Scopus,2-s2.0-105041840982,,,SCOPUS_S3-1.csv
Urban metabolism in transition: a dynamic modeling of stock-flow-service nexus in the built environment,Liu X.; Ye Z.; Hsu S.-C.; Poon C.-S.,2026,Journal of Industrial Ecology,"Rapid urbanization has intensified construction activity, driving higher resource consumption and environmental pressures in cities. Understanding the urban metabolism of the building sector, specifically the stock-flow-service nexus, is essential for developing effective sustainability strategies. This study applies an integrated modeling framework, combining dynamic material flow analysis, and prospective life cycle assessment, to assess the long-term transitions of material stock, energy demand, and greenhouse gas (GHG) emissions in Hong Kong’s public rental housing (PRH) sector from 1950 to 2100. Results show that the PRH building stock expanded rapidly from the late 1970s and is anticipated to stabilize at around 49 million m2 by 2050, marking a transition from a flow-intensive construction phase to a stock-maintenance phase focused on renewal. While the provision of housing services drives energy demand upward until mid-century, associated GHG emissions are expected to decouple and decline substantially, driven largely by grid decarbonization. These findings validate the importance of integrated modeling in understanding the stock-flow-service dynamic, providing a foundation for region-specific policy interventions aimed at sustainable urban development. © The Author(s) 2026.",Industrial ecology; Integrated assessment models; Material flow analysis; Prospective life cycle assessment; Scenario analysis; System dynamics model,China; Hong Kong; Construction; Construction industry; Ecology; Life cycle assessment; Service life; Sustainable development; System theory; Urban growth; Energy demands; Industrial ecology; Integrated assessment models; Materials flow analysis; Prospective life cycle assessment; Prospectives; Scenarios analysis; Stock flows; System dynamics modelling; Urban metabolisms; greenhouse gas; integrated approach; life cycle analysis; material flow analysis; metabolism; sustainability; urbanization; Housing; SYSTEM DYNAMICS; CONSTRUCTION MATERIALS; ENERGY-CONSUMPTION; HONG-KONG; DEMOLITION; BUILDINGS; EMISSIONS; FRAMEWORK; IMPACT,10.1007/s44498-026-00092-2,Article,0,Scopus; Web of Science,2-s2.0-105039455283,WOS:001769960300001,,SCOPUS_S3-1.csv; savedrecs.txt
Urban project-level analysis reveals green technologies decreased the carbon intensity of China's building construction during 2012-2024,"Chen, L Meng, DN Wang, YK Chen, ZM Serrenho, AC Hua, JM Dong, L Huang, LP",2026,CELL REPORTS SUSTAINABILITY,"Rapid growth of China's building stock intensifies material demand and construction-associated CO2 emissions. However, existing studies have not sufficiently captured regional variation due to highly diverse construction technologies, building structures, and typologies across China. This study analyzes the patterns, drivers, and mitigation strategies of material consumption and associated CO2 emissions using a dataset of 6,132 buildings in 228 of China's urban projects (25 million m2). We observe a consistent decline of 17.3%-20.3% in carbon intensity during 2012-2024, primarily attributable to low-carbon transitions in steel and concrete production. In mountainous areas, however, higher mortar use increased emissions by up to 10.6%, as seen in Chongqing. Scenario analysis shows that extending building lifespans, together with production-side decarbonization, can deliver substantial mitigation, reaching almost 1.5 billion tons (Bt) compared with the Shared Socioeconomic Pathway 1 (SSP1) baseline by 2060. The findings provide high-resolution insight to inform targeted low-carbon policies in China's construction sector.",,ENERGY EFFICIENCY; CO2 EMISSIONS; CEMENT,10.1016/j.crsus.2025.100630,Article,1,Web of Science,,WOS:001757005500001,,savedrecs.txt
Using earth observation for national high resolution dynamic material stock modelling through time; assessing sand consumption in Malaysia from 1989 to 2020,Bide T.; Novellino A.; Watson C.S.; Cai B.; Holland L.; Shao Z.; Wang S.; Othman N.S.,2026,Journal of Industrial Ecology,"Understanding the spatio-temporal dynamics of volumes of construction materials is becoming crucial for environmental sustainability and achieving long-term development goals. Whilst direct data collection is always the preferable option it is not always practical. This study presents a new methodology for quantifying national-scale material stocks in Malaysia using high-resolution Earth Observation (EO) data. The study includes construction materials; sand, crushed rock / gravel, bricks, tiles, and cement but particular focus is given to sand as it generates the greatest risks to the supply chain, the most significant environmental and social impacts and exhibits the most persistent data gaps. The study integrates EO-derived building footprint and elevation data with deep learning-based classification of building types and ages. Material Intensity coefficients, adapted from regional literature, are applied to estimate material volumes across ~ 9.1 million buildings. Results reveal that modern Malaysia’s building stock has consumed approximately 5.8 billion tonnes of construction materials. Modelled sand consumption shows a good correlation to reported national level production but only when the full value chain for sand, including transport and major infrastructure projects, are factored in. Demonstrating requirements for location specific knowledge when modelling for construction material use and the deficiencies of using simple proxies based on limited parts of the supply chain. This methodology offers a scalable mechanism for capturing data for construction material flows with a high spatial and temporal resolution when directly collected data is not available. It supports evidence-based policymaking for resource governance, circular economy planning, and mitigation of impacts from primary resource consumption. © United Kingdom Research and Innovation as represented by the British Geological Survey 2026.",Construction materials; Earth observation; Industrial ecology; Material intensity; Sand,Buildings; Circular economy; Construction; Deep learning; Ecology; Sand; Supply chains; Sustainable development; Dynamic materials; Earth observations; Environmental sustainability; High resolution; Industrial ecology; Long-term development; Malaysia; Materials intensity; Spatio-temporal dynamics; Stock models; Building materials; BUILDING STOCK; URBAN; CONSTRUCTION; ENERGY; FLOWS,10.1007/s44498-026-00109-w,Article; Early Access,0,Scopus; Web of Science,2-s2.0-105047464516,WOS:001846345700001,,SCOPUS_S3-1.csv; savedrecs.txt
"Where if? Using spatial, building-stock-driven simulations to explore construction circularity strategies in Gothenburg, Sweden",Cohen J.; Lanau M.; Rosado L.; Gil J.,2026,Sustainable Cities and Society,"Recycling construction materials can significantly reduce the environmental impact of the construction and demolition sector. However, implementing circularity strategies requires a spatially refined understanding of material stock dynamics. This study introduces a stock-driven and rule-based simulation that forecasts – over space and time – material stocks, flows, and associated embodied carbon resulting from construction, renovation, and demolition activities. It enables the exploration of how urban parameters, such as the recycled content of new constructions, demolition rates, renovation rates, and different types of new construction, influence material flows and embodied carbon. Using Gothenburg's residential building stock, the simulation's capabilities are demonstrated by tracking eight building materials along with their embodied carbon over time, across the parameters, and for two scenarios: a baseline, and a policy on energy efficiency. Results show that prioritizing renovation over demolition consistently reduces embodied carbon impacts, while increasing material circulation further enhances these benefits. Additionally, aligning new housing typologies with the composition of materials released from demolitions improves resource efficiency, although in the Gothenburg case, varying the share of single- versus multi-family housing has limited influence on overall outcomes. The primary contribution of this study is the model developed for evaluating the interactions between demolition, renovation, and material circulation in a spatially and temporally explicit manner. The model provides urban planners with actionable insights into the spatiotemporal dynamics of material supply, supporting more informed strategies for transitioning toward a sustainable and circular construction sector. © 2026 The Author(s)",Buildings; Circularity; Embodied carbon; Gothenburg Sweden; Material stock; Rule-based; Spatial simulation,Goteborg; Sweden; Vastra Gotaland; Building materials; Carbon; Construction; Construction industry; Demolition; Environmental impact; Housing; Recycling; Sustainable development; Urban planning; Building stocks; Circularity; Construction sectors; Embodied carbons; Gothenburg sweden; Material circulation; Material stock; New constructions; Rule based; Spatial simulation; construction industry; construction material; demolition; environmental impact; recycling; Energy efficiency; BUILT ENVIRONMENT; METABOLISM; DYNAMICS; MODEL; IMPLEMENTATION; LIFETIME; ECONOMY; SUPPORT; CHINA; TIME,10.1016/j.scs.2026.107554,Article,0,Scopus; Web of Science,2-s2.0-105041663322,WOS:001796960300001,,SCOPUS_S3-1.csv; savedrecs.txt