Title,Authors,Year,Source title,Abstract,Author Keywords,Index Keywords,DOI,Document Type,Cited by,Database provenance,Scopus EID,WoS UT,IEEE Document Identifier,Source files
Service life analysis from field data on age distributions,Jernberg P.,1997,Materials and Structures/Materiaux et Constructions,"In survey investigations of building stocks for example, data on age distributions of construction details are often collected. What interests the material scientist, though, is not the age distribution but rather the service life distribution. Presented herein will be a renewal process model describing the relationship between such an age distribution found and the corresponding service life distribution being sought. The model comprises a phenomenological parameter to accommodate correlations between objects and the service life's determining factors. However, it is shown that, because of numerical ambiguity, the correlation parameter cannot be uniquely determined from an age distribution. Therefore, some additional information and data processing are required before the full advantage of this model can be realized. This somewhat difficult part has yet to be completed. Nevertheless, in its present form, the model does point out possible ranges of service life distribution parameters in terms of the correlation strength, thus providing uncertainties in the distribution parameters, which up until now have normally been overlooked when estimating the service lives of building materials. For wide service life distributions, it is shown that the possible parameter ranges will also be rather wide.",,Aging of materials; Mathematical models; Service life; Renewal process models; Structural analysis,10.1007/bf02498737,Article,0,Scopus; Web of Science,2-s2.0-0030622832,WOS:000080873100005,,SCOPUS_S3-2.csv; savedrecs(1).txt
Long-term coordination of timber production and consumption using a dynamic material and energy flow analysis,Müller D.B.; Bader H.-P.; Baccini P.,2004,Journal of Industrial Ecology,"A dynamic model for wood and energy flows is used to analyze regional timber management. The model combines a site-quality-dependent forest-growth module with modules forthe timber industry, timber products use, waste management and energy supply The model is calibrated with data of a Swiss lowland region for the period of 1900- 1997. Scenarios are developed for the period until 2100 in order to discuss possible future roles of domestic timber Model simulations show that, with present strategies, timber overproduction will further increase in the twenty-first century because of an increase in forest site quality in the second half of the twentieth century, among other reasons. The increase in building gross floor area of the region by a factor of 5 during the twentieth century coincides with a reduction of timber use in building construction by a factor of 4.5, from 90 kg/m2 to 20 kg/m 2. Increasing timber density in buildings could address overproduction; however a strategy of timber construction could not be accomplished with domestic timber alone. A balance of production and consumption on the present level could also be achieved in a scenario in which the present building stock is gradually exchanged during the twenty-first century with buildings that exclusively use a combination of solar panels on roofs and domestic firewood and used wood as heat-energy sources, These replacement buildings would have density typical of late twentieth-century buildings, and they would need to perform on a low-energy standard of not more than 130 MJ/m2/yr.",Dynamic modeling; Forest products industry; Integrated chain management; Materials flow analysis (MFA); Resource efficiency; Vintage effects,Construction; Energy Consumption; Forestry; Lumber; Production Engineering; Simulation; Sun Light; Waste Management; Computer simulation; Energy utilization; Forestry; Production engineering; Solar equipment; Waste management; Wooden construction; Energy supply; Solar panels; Timber industry; energy flow; modeling; timber industry; waste management; Timber,10.1162/1088198042442342,Article,70,Scopus,2-s2.0-8844220539,,,SCOPUS_S3-2.csv
Exploration of urban deposits: Long-term prospects for resource and waste management,"Wittmer, D Lichtensteiger, T Wittmer, D",2007,Waste Management and Research,"Many materials currently in use are potentially available to become raw materials for future production if the materials are recycled instead of discarded as solid waste. However, the structure and life-expectancy of these secondary resources have not been sufficiently examined, and comprehensive methods for forecasting the availability of such materials are still lacking. This study presents a method for identifying anthropogenic material stocks in combination with the method of material flow analysis (MFA). The method was applied to copper in Switzerland as an example, with the focus on use in buildings. The exploration concept was a three-step process. First, a MFA identified the relevant stocks within the inventory of the region. Second, these stocks were inventoried through a building stock model and determination of key parameters that were defined by surveying selected buildings and from the literature. Third, the Study team developed a dynamic MFA model to describe the copper stocks and flows during the period 1900-2000. The results of the copper stock calculation (in kg capita(-1)) were: buildings 79 +/- 11, infrastructure 107 +/- 25, movables 34 +/- 9, landfills 50 +/- 12. The calibrated model enabled the study team to develop resource and waste management scenarios forecasting waste flows. It is shown that the conversion of buildings into other uses may affect the waste flows significantly.",Construction and demolition debris; Exploration method; Material flow analysis (MFA); Scenario analysis; Secondary resources; Urban deposits; Waste flow prediction; wmr 1166-9; construction and demolition debris; exploration method; material flow analysis (MFA); scenario analysis; secondary resources; urban deposits; waste flow prediction,"Algorithms; Cities; Conservation of Natural Resources; Construction Materials; Copper; Environmental Monitoring; Humans; Industrial Waste; Manufactured Materials; Models, Theoretical; Switzerland; Time Factors; Waste Management; Central Europe; Eurasia; Europe; Copper scrap; Forecasting; Land fill; Mathematical models; Solid wastes; Waste management; copper; debris flow; exploration; resource management; stock assessment; waste management; article; building industry; calculation; calibration; environmental parameters; flow measurement; forecasting; landfill; life expectancy; literature; priority journal; process development; recycling; solid waste; urban area; Exploration method; Material flow analysis; Scenario analysis; Waste flow prediction",10.1177/0734242X07079183,Article; Proceedings Paper,26,Scopus; Web of Science,2-s2.0-34249715296,WOS:000247266100006,,SCOPUS_S3-2.csv; savedrecs(1).txt
Technical options and strategies for decarbonizing UK housing,Lowe R.,2007,Building Research and Information,"The implications of some technical options for decarbonizing the UK domestic sector are explored. The main focus is on interactions between dwellings and the energy supply and conversion systems that support them, rather than on the detail of the dwelling stock. Synergies between the electricity supply system, intermediate energy-conversion systems and the dwelling envelope make it possible to achieve 60-70% reductions in CO2 emissions with plausible combinations of existing and/or emerging technologies. Sensitivity analysis shows that a halving of the carbon intensity of the UK electricity system, plausible improvements to dwelling envelopes, and extensive use of second law energy-conversion systems (typified by, but not restricted to, heat pumps and combined heat and power) to supply space and water heating render total CO2 emissions insensitive to demolition rates. As a result, increased demolition rates may be unnecessary to achieve deep cuts in carbon emissions from dwellings. Additional insights from this study are the strategic importance of decarbonizing the electricity system and the importance, in developing policy for this sector, of synergies between all components of the energy supply, distribution, conversion and end-use system.",Building stock; Carbon intensity; Climate change CO<sub>2</sub> reduction; Decarbonization; Demolition; Energy; Housing,Carbon dioxide; Climate change; Decarbonization; Electric power systems; Energy conservation; Housing; Sensitivity analysis; Building stocks; Carbon intensity; Dwelling envelopes; Urban planning,10.1080/09613210701238268,Article,88,Scopus,2-s2.0-34249711858,,,SCOPUS_S3-2.csv
"Towards modelling of construction, renovation and demolition activities: Norway's dwelling stock, 1900-2100",Sartori I.; Bergsdal H.; Muller D.B.; Brattebø H.,2008,Building Research and Information,"The activities of construction, renovation and demolition related to the dwelling (housing) stock have a strong impact on both material and energy demands. A deeper understanding of the dynamics driving these activities is a precondition for a more consistent way to address material and energy demands. The method presented herein is based on a dynamic material flow analysis and is applied to the Norwegian dwelling stock. Input data to the model are population and socio-economic lifestyle indicators such as the average number of persons per dwelling and the average size of dwellings; these determine the size of the floor area stock. Parameters such as the lifetime of dwellings and renovation intervals complete the input set. Outputs of the model are the stock and flows of floor area for the period 1900-2100. Analysis of the renovation activity is given particular attention. Several scenarios are considered in order to test the model's sensitivity to input's uncertainties. Results are compared with statistical data, where the latter are available. The main conclusion is that in the coming decades renovation is likely to overtake construction as the major activity in the Norwegian residential sector.",Building stock; Construction; Demographics; Demolition; Forecasting; Housing; Material flow analysis; Norway; Renovation; Residential stock,Apartment houses; Buildings; Demolition; Floors; Materials handling; Population statistics; Sensitivity analysis; Average size; Building stock; Construction; Demographics; Dynamic material flow analysis; Energy demands; Floor areas; Forecasting; Input data; Input set; Material flow analysis; Norway; Renovation; Residential sectors; Residential stock; Socio-economic; Statistical data; Housing,10.1080/09613210802184312,Article,76,Scopus,2-s2.0-49549114046,,,SCOPUS_S3-2.csv
Long-term building stock survival and intergenerational management: The role of institutional regimes,Hassler U.,2009,Building Research and Information,"Intergenerational value-management of the built environment requires preservation of both natural capital and man-made resources. A consequence is that buildings and infrastructure should be used as long as possible. Considering that built cultural heritage is mainly a 'non-renewable' capital, it affords a number of insights and lessons that can be more widely adapted to other parts of the built environment. The following key issues are discussed: long-term patterns and dynamics of the building stock; specific survival profiles for groups of buildings; strategies that have led to a long-term value preservation in the past; and robustness of former and existing strategies. Segments of the stock that could be used as a role model for the management of the entire stock are discussed as well as the possible contribution of public policy and institutional regimes to long-term value preservation. A related conceptual basis for an inventory of the built cultural heritage is presented in an appendix.",Building stock; Historic environments; Institutional regimes; Public policy; Sustainable management; Time; Value; Value preservation; building stock; historic environments; institutional regimes; public policy; sustainable management; time; value; value preservation,Buildings; Public policy; Societies and institutions; Sustainable development; Building stock; Historic environments; Institutional regimes; Sustainable management; Time; Value; Value preservation; Historic preservation,10.1080/09613210903189533,Article,43,Scopus; Web of Science,2-s2.0-70349804545,WOS:000269812100008,,SCOPUS_S3-2.csv; savedrecs(1).txt
Sensitivity analysis in long-term dynamic building stock modeling - Exploring the importance of uncertainty of input parameters in Norwegian segmented dwelling stock model,Sandberg N.H.; Sartori I.; Brattebø H.,2014,Energy and Buildings,"Models describing long-term development in energy consumption or greenhouse gas emissions from building stocks commonly model the underlying development in the building stock's size and composition using simple, linear trends. Uncertainty is rarely discussed. This study explores the importance of uncertainty in input parameters in a dynamic model for the Norwegian dwelling stock that is presented in a recent publication and provides valuable insights in expected future quantities of renovation activity and how different segments of the stock are subject to renovation. By use of a sensitivity analysis and a scenario analysis the present study focuses on how uncertainty in model input parameters affect the modeling results and the robustness of results and conclusions. The sensitivity analysis did not lead to unexpected changes in results, and showed the dynamic model being mostly sensitive to changes in population and dwellings' lifetime. Further scenarios with extreme input values for population and dwellings' lifetime were considered in order to investigate the consequences of low and high renovation options. Results prove that previous main conclusions still hold: renovation rates at levels necessary to achieve policy targets in energy and emission savings seem unrealistic to be achieved when modeling the 'natural' need for renovation. (C) 2014 Elsevier B.V. All rights reserved.",Dwelling stock; Dynamic material flow analysis; Renovation rate; Scenario analysis; Sensitivity analysis,Building stocks; Dwelling stock; Dynamic materials; Input parameter; Long term dynamics; Scenario analysis; Stock models; Sensitivity analysis; RENOVATION; ENERGY; FLOWS,10.1016/j.enbuild.2014.09.028,Article,38,Scopus; Web of Science,2-s2.0-84905442410,WOS:000348880900014,,SCOPUS_S3-2.csv; savedrecs(1).txt
Dynamic building stock modelling: Application to 11 European countries to support the energy efficiency and retrofit ambitions of the EU,Sandberg N.H.; Sartori I.; Heidrich O.; Dawson R.; Dascalaki E.; Dimitriou S.; Vimm-r T.; Filippidou F.; Stegnar G.; Šijanec Zavrl M.; Brattebø H.,2016,Energy and Buildings,"A dynamic building stock model is applied to simulate the development of dwelling stocks in 11 European countries, over half of all European dwellings, between 1900 and 2050. The model uses time series of population and number of persons per dwelling, as well as demolition and renovation probability functions that have been derived for each country. The model performs well at simulating the long-term changes in dwelling stock composition and expected, annual renovation activities. Despite differences in data collection and reporting, the modelled future trends for construction, demolition and renovation activities lead to similar patterns emerging in all countries. The model estimates future renovation activity due to the stock's need for maintenance as a result of ageing. The simulations show only minor future increases in the renovation rates across all 11 countries to between 0.6-1.6%, falling short of the 2.5-3.0% renovation rates that are assumed in many decarbonisation scenarios. Despite this, 78% of all dwellings could benefit from energy efficiency measures by 2050, either as they are constructed (31%) or undergo deep renovation (47%). However, as no more than one deep renovation cycle is likely on this timeframe, it is crucial to install the most energy efficient measures available at these opportunities. (C) 2016 The Authors. Published by Elsevier B.V. This is an open access article under the CC BY-NC-ND license.",Comparative analysis; Dwelling stock; Dynamic modelling; Energy efficiency; Europe; Housing; Renovation,Buildings; Demolition; Dynamic models; Housing; Comparative analysis; Dwelling stock; Efficiency measure; Europe; European Countries; Probability functions; Renovation; Stock composition; Energy efficiency; NORWEGIAN DWELLING STOCK; RESIDENTIAL BUILDINGS; RENOVATION; NORWAY; CARBON; CONSTRUCTION; STRATEGIES; FLOWS,10.1016/j.enbuild.2016.05.100,Article,178,Scopus; Web of Science,2-s2.0-84993945094,WOS:000388153500004,,SCOPUS_S3-2.csv; savedrecs(1).txt
Dynamic building stock modelling: General algorithm and exemplification for Norway,Sartori I.; Sandberg N.H.; Brattebø H.,2016,Energy and Buildings,"This paper presents a model based on dynamic material flow analysis, general in its principles and applied to the dwelling stock of Norway for exemplification. The algorithm at the core of the model is presented in the form of a pseudo-code and is described in detail. The driving force in the model is a population's need for housing and the necessary input are retrievable from national statistics on population, often dating back to around 1800, and its prognoses up to 2050 or beyond. Technical parameters such as the dwellings' lifetime and the renovation cycles are expressed by probability functions. Outputs of the model are the flows of construction, demolition and renovation; analysis of the renovation activity is given particular attention. The model shows how the renovation rates are a result of the need for maintenance of an ageing stock, and provides quantitative estimates of the present and future natural renovation rates, i.e. without specific incentives. The paper shows how to validate the model against statistics and other data sources, and how to use the model's future projections on construction, demolition and renovation activities in scenario based analyses of dwelling stocks' energy demand and greenhouse gases emissions. (C) 2016 The Author(s). Published by Elsevier B.V. This is an open access article under the CC BY-NC-ND license.",Building stock model; Dwelling stock; Dynamic material flow analysis; Renovation rate,Demolition; Greenhouse gases; Housing; Building stocks; Dwelling stock; Dynamic materials; Greenhouse gases emissions; National statistics; Probability functions; Quantitative estimates; Scenario-based analysis; Population statistics; NORWEGIAN DWELLING STOCK; MATERIAL FLOW-ANALYSIS; ENERGY; CONSTRUCTION; RENOVATION,10.1016/j.enbuild.2016.05.098,Article,78,Scopus; Web of Science,2-s2.0-84978828166,WOS:000388153500003,,SCOPUS_S3-2.csv; savedrecs(1).txt
Dynamic type-cohort-time approach for the analysis of energy reductions strategies in the building stock,Vásquez F.; Løvik A.N.; Sandberg N.H.; Müller D.B.,2016,Energy and Buildings,"While many countries have set ambitious targets for reducing energy use and GHG (greenhouse gas) emissions, it remains highly uncertain whether the policies introduced will be suitable to reach these targets at the specified times. Models used to inform building policies often do not account for the different boundary conditions related to socio-economic development, climate, composition and age structure of the existing building stock, and lifetime expectancy, which hinders effective strategy development and realistic target setting. This study presents a dynamic Type-Cohort-Time (TCT) stock-driven modelling approach that considers demographic aspects, lifestyle-related issues, and building-specific characteristics. Case studies were conducted for the dwelling stocks in Germany and the Czech Republic, two countries with different boundary conditions, but that are sheltered under the same European energy reduction policies and goals. The effects of the policies on nearly zero energy buildings and increased renovation rates were tested. The results showed that current regulations are sufficient to achieve the 20% energy efficiency goal by 2020, but not to reach the 2050 energy and GHG-emission goals. The scenarios further demonstrate that the same policies on renovation and construction in different countries lead to different energy reduction levels. Accordingly, country-specific policies and measures are suggested. (C) 2015 Elsevier B.V. All rights reserved.",Building stock; Czech Republic; Dynamic material flow analysis MFA; Germany; Nearly zero energy buildings NZEB; Renovation; Residential sector; Stock dynamics; Type-Cohort-Time TCT; Vacancy,Boundary conditions; Climate models; Economics; Energy efficiency; Energy utilization; Gas emissions; Greenhouse gases; Housing; Vacancies; Building stocks; Czech Republic; Dynamic materials; Germany; Renovation; Residential sectors; Stock dynamics; Type-Cohort-Time TCT; Zero energy building (ZEB); Buildings; MATERIAL FLOW-ANALYSIS; LONG-TERM; RESIDENTIAL BUILDINGS; CO2 EMISSIONS; HEATING ENERGY; DWELLING STOCK; NEURAL-NETWORK; CONSUMPTION; MODEL; SECTOR,10.1016/j.enbuild.2015.11.018,Article,78,Scopus; Web of Science,2-s2.0-84948441390,WOS:000369191100004,,SCOPUS_S3-2.csv; savedrecs(1).txt
How important are realistic building lifespan assumptions for material stock and demolition waste accounts?,Miatto A.; Schandl H.; Tanikawa H.,2017,"Resources, Conservation and Recycling","Accurate assessments of construction materials stocked in the built environment have received increased attention in the Industrial Ecology literature over the past few years. Many recent models that estimate building material inflows, stock accumulation and end-of-life waste, however, rely on simplistic assumptions about the lifespan of built infrastructure. While several probability distributions have been proposed (normal, Weibull, log-normal, and so on) there is no agreement on which model is best suited for modelling the accumulation of building material stock at urban and national levels. In this study we introduce an analysis of the hazard rate of buildings and discuss alternative distribution functions to model lifespan, testing the fit of five commonly used distributions to real data from the cities of Nagoya (Japan), Wakayama (Japan), and Salford (UK). The results highlight how cities with fast replacement rates are overall best modelled by right-skewed distributions, but single cohort levels express independent behaviours based on their characteristics. We investigate the sensitivity of a top-down stock accumulation model to the choice of different distributions and input parameters uncertainties. The results show that different lifespan distribution functions result in very similar overall stock accumulation at the national level, but have large impacts on calculated demolition waste flows. Differences are more pronounced for cities and the choice of a certain distribution will significantly affect the calculation of the average lifetime. Our results suggest that top-down national material stock accounts have high reliability, and are only weakly affected by the choice of one distribution over another. For cities, it is beneficial to use a distribution based on the characteristics of the buildings analysed, with regard to density and building characteristics. Stock accumulation research would profit from future bottom-up research into building lifespans to validate top-down estimation procedures. Crown Copyright (C) 2017 Published by Elsevier B.V. All rights reserved.",Buildings; Demolition; Distribution; Lifespan analysis; Material stock analysis; MFA; Modelling,Aichi; Chubu; England; Honshu; Japan; Kinki; Nagoya; Salford [England]; Salford [Salford (DST)]; United Kingdom; Wakayama [Kinki]; Wakayama [Wakayama (PRF)]; Building materials; Buildings; Demolition; Distribution functions; Models; Building characteristics; Different distributions; Distribution; Estimation procedures; Industrial ecology; Life span; Right-skewed distributions; Stock analysis; building; demolition; modeling; spatial distribution; waste; behavior; calculation; city; lifespan; model; profit; reliability; uncertainty; Weibull distribution; MATERIAL FLOW-ANALYSIS; METABOLIC TRANSITION; DYNAMICS; RENOVATION; INDICATORS; TRENDS; CHINA; URBAN,10.1016/j.resconrec.2017.01.015,Article,126,Scopus; Web of Science,2-s2.0-85013152643,WOS:000401881300014,,SCOPUS_S3-2.csv; savedrecs(1).txt
A Probabilistic Dynamic Material Flow Analysis Model for Chinese Urban Housing Stock,Cao Z.; Shen L.; Zhong S.; Liu L.; Kong H.; Sun Y.,2018,Journal of Industrial Ecology,"The stock-driven dynamic material flow analysis (MFA) model is one of the prevalent tools to investigate the evolution and related material metabolism of the building stock. There exists substantial uncertainty inherent to input parameters of the stock-driven dynamic building stock MFA model, which has not been comprehensively evaluated yet. In this study, a probabilistic, stock-driven dynamic MFA model is established and China's urban housing stock is selected as the empirical case. This probabilistic dynamic MFA model has the ability to depict the future evolution pathway of China's housing stock and capture uncertainties in its material stock, inflow, and outflow. By means of probabilistic methods, a detailed and transparent estimation of China's housing stock and its material metabolism behavior is presented. Under a scenario with a saturation level of the population, urbanization, and living space, the median value of the urban housing stock area, newly completed area, and demolished area would peak at around 49, 2.2, and 2.2 billion square meters, respectively. The corresponding material stock and flows are 79, 3.5, and 3.3 billion tonnes, respectively. Uncertainties regarding housing stock and its material stock and flows are non-negligible. Relative uncertainties of the material stock and flows are above 50%. The uncertainty importance analysis demonstrates that the material intensity and the total population are major contributions to the uncertainty. Policy makers in the housing sector should consider the material efficiency as an essential policy to mitigate material flows of the urban building stock and to lower the risk of policy failures. © 2017 by Yale University",China; dynamic MFA; housing stock; industrial ecology; probabilistic model; uncertainty analysis,China; Efficiency; Housing; Metabolism; Physiology; Housing stock; Industrial ecology; Material efficiency; Probabilistic dynamics; Probabilistic methods; Probabilistic modeling; Relative uncertainty; industrial ecology; material flow analysis; numerical model; policy making; uncertainty analysis; urban housing; urban policy; urban population; urbanization; Uncertainty analysis; NORWEGIAN DWELLING STOCK; TOTAL FERTILITY RATE; BUILDING STOCK; MATERIALS DEMAND; EMISSION FACTORS; ENERGY; CONSTRUCTION; UNCERTAINTY; PROJECTIONS; COUNTRIES,10.1111/jiec.12579,Article,66,Scopus; Web of Science,2-s2.0-85018534074,WOS:000429716700011,,SCOPUS_S3-2.csv; savedrecs(1).txt
Evaluation of Modeling Approaches to Determine End-of-Life Flows Associated with Buildings: A Viennese Case Study on Wood and Contaminants,Džubur N.; Laner D.,2018,Journal of Industrial Ecology,"Dynamic material flow analysis enables the forecasting of secondary raw material potential for waste volumes in future periods, by assessing past, present, and future stocks and flows of materials in the anthroposphere. Analyses of waste streams of buildings stocks are uncertain with respect to data and model structure. Wood construction in Viennese buildings serve as a case study to compare different modeling approaches for determining end-of-life (EoL) wood and corresponding contaminant flows (lead, chlorine, and polycyclic aromatic hydrocarbons). A delayed input and a leaching stock modeling approach are used to determine wood stocks and flows from 1950 until 2100. Cross-checking with independent estimates and sensitivity analyses are used to evaluate the results’ plausibility. In the situation of the given data in the present case study, the delay approach is a better choice for historical observations of EoL wood and for analyses at a substance level. It has some major drawbacks for future predictions at the goods level, though, as the durability of a large number of historical buildings with considerably higher wood content is not reflected in the model. The wood content parameter differs strongly for the building periods and has therefore the highest influence on the results. Based on this knowledge, general recommendations can be derived for analyses on waste flows of buildings at a goods and substance level. © 2017 by Yale University",building stock modeling; contaminants; dynamic material flow analysis (MFA); end-of-life wood; industrial ecology; uncertainty analysis,Viet Nam; Buildings; Impurities; Polycyclic aromatic hydrocarbons; Raw materials; Sensitivity analysis; Waste management; Wood; Wooden construction; Building stocks; Dynamic materials; End of lives; Future predictions; Historical buildings; Historical observation; Industrial ecology; Secondary Raw Materials; historic building; industrial ecology; leaching; material flow analysis; modeling; pollutant; uncertainty analysis; wood; Uncertainty analysis; NORWAY DWELLING STOCK; CONSTRUCTION; DEMOLITION; RENOVATION; DYNAMICS; CYCLES; CHINA,10.1111/jiec.12654,Article,16,Scopus; Web of Science,2-s2.0-85029437298,WOS:000444953600015,,SCOPUS_S3-2.csv; savedrecs(1).txt
"5th Applied Energy Symposium: Low Carbon Cities and Urban Energy Systems, CUE 2019",,2019,Energy Proceedings,The proceedings contain 79 papers. The special focus in this conference is on Low Carbon Cities and Urban Energy Systems. The topics include: LIFE CYCLE POLLUTION AND CLIMATE IMPACT FROM URBAN POWER SYSTEMS: A CASE STUDY OF FOUR MUNICIPALITIES IN CHINA; DEVELOPMENT OF A FRAMEWORK FOR DETERMINING THE OPTIMAL WINDOW SIZE FOR MAXIMIZING OCCUPANT PSYCHOLOGICAL SATISFACTION AND BUILDING ENERGY PERFORMANCE; ECONOMIC ANALYSIS OF DIFFERENT BUSINESS MODELS FOR ENERGY PROSUMERS: FOCUSING ON THE ROOFTOP SOLAR PV SYSTEM; OPERATION PLANNING FOR RESIDENTIAL BATTERY ENERGY STORAGE SYSTEM WITH THE PHOTOVOLTAIC SYSTEM IN TERMS OF LIFE-CYCLE COST; APPLYING BAYESIAN MODEL AVERAGING TO CHARACTERISE URBAN RESIDENTIAL STOCK TURNOVER DYNAMICS; LOW CARBON CITIES AND URBAN ENERGY SYSTEMS Editorial of Proceedings of The 5th Applied Energy Symposium: Low Carbon Cities & Urban Energy Systems (CUE 2019); A NOVEL HYBRID AIR-CONDITIONING SYSTEM COMBINED WITH SEA SPRAY AEROSOL REMOVAL DRIVEN BY LOW TEMPERATURE HEAT SOURCE; AN IMPROVED FAST DEMAND RESPONSE STRATEGY OF BUILDING HVAC SYSTEM WITH LOW COST MEASUREMENT SENSORS FOR SMART GRID APPLICATIONS; A REVIEW OF SMART ENERGY AND INTEGRATED ENERGY SERVICE BUSINESS MODEL; DEMAND RESPONSE FROM A PEER-TO-PEER ENERGY TRADING COMMUNITY; AN OPTIMIZED SYSTEM OF A COMBINED TRANS-CRITICAL CO2 REFRIGERATION AND MULTI EFFECT DESALINATION SYSTEM; GAME THEORY BASED OPTIMAL BATTERY POWER FLOW MANAGEMENT IN A PEER-TO-PEER ENERGY SHARING NETWORK; A NOVEL FAULT DIAGNOSIS METHOD FOR PV ARRAYS USING EXTREME GRADIENT BOOSTING CLASSIFIER; A NEW MODELING METHOD FOR PHOTOVOLTAIC MODULES BASED ON EXTREME LEARNING MACHINE AND I-V CURVES; CHINA'S PASSENGER TRANSPORT ENERGY DEMAND AND CO2 EMISSION SCENARIO ANALYSIS.,,,,Conference review,0,Scopus,2-s2.0-85203006797,,,SCOPUS_S3-2.csv
APPLYING BAYESIAN MODEL AVERAGING TO CHARACTERISE URBAN RESIDENTIAL STOCK TURNOVER DYNAMICS,Zhou W.; O’Neill E.; Moncaster A.; Reiner D.; Guthrie P.,2019,Energy Proceedings,"Building stock is a key determinant in building energy modelling and policy analysis. However, official statistics on total floor area of urban residential stock in China only exist up to 2006. Previous studies estimating Chinese urban residential stock size and energy use made various questionable methodological assumptions and only produced deterministic results. This paper presents a Bayesian approach to characterise the stock turnover dynamics and estimate stock size uncertainties. Firstly, a probabilistic dynamic model is developed to describe the building aging and demolition process governed by a hazard function specified by a parametric survival model. Secondly, with each of five candidate parametric survival models, the dynamic model is simulated through Markov Chain Monte Carlo (MCMC)to obtain posterior distributions of model-specific parameters, estimate marginal likelihood, and make predictions on stock size. Finally, Bayesian Model Averaging (BMA) is applied to create a model ensemble that combines the model-specific posterior predictive distributions of the stock evolution pathway in proportion to posterior model probabilities. This Bayesian modelling framework, and its results in the form of probability distributions of annual total stock and age-specific sub stocks, can provide a solid basis for further modelling and analysis of policy trade-offs across embodied-versus-operational energy consumption and carbon emissions of buildings in the context of sector ide transition towards decarbonising buildings. © 2019 CUE.",Bayesian Model Averaging; building stock; embodied energy; lifetime distribution; Markov Chain Monte Carlo; operational energy,,10.46855/energy-proceedings-6785,Conference paper,0,Scopus,2-s2.0-85203001949,,,SCOPUS_S3-2.csv
Estimating lifetimes and stock turnover dynamics of urban residential buildings in China,Zhou W.; Moncaster A.; Reiner D.M.; Guthrie P.,2019,Sustainability (Switzerland),"Building lifetime and stock turnover are both key determinants in modelling building energy and carbon. However in China, aside from anecdotal claims that urban residential buildings are generally short-lived, there are no recent official statistics, and empirical data are extremely limited. We present a system dynamics model where survival analysis is used to characterise the dynamic interplay between new construction, aging, and demolition of residential buildings in urban China. The uncertainties associated with building lifetime were represented using aWeibull distribution, whose shape and scale parameters were calibrated based on official statistics on floor area up to 2006. The calibratedWeibull lifetime distribution allowed us to estimate the dynamic stock turnover of Chinese urban residential buildings for 2007 to 2017. We find that the average lifetime of urban residential buildings was around 34 years, and the overall residential stock size reached 23.7 billion m2 in 2017. The resultant age-specific sub-stocks provide a baseline for the overall stock, which-along with the calibratedWeibull lifetime distribution-can be used in further modelling and for analysis of policies to reduce the whole-life embodied and operational energy and CO2 emissions in Chinese residential buildings. © 2019 by the authors.",Building stock; Lifetime distribution; Survival analysis; System dynamics; building stock; survival analysis; lifetime distribution; system dynamics,building; carbon emission; demolition; estimation method; modeling; urban area; ENERGY DEMAND; CO2 EMISSIONS; LONG-TERM; DEMOLITION; CONSTRUCTION; SCENARIOS; OUTLOOK; SECTOR; IMPACT; FLOWS,10.3390/su11133720,Article,35,Scopus; Web of Science,2-s2.0-85068700775,WOS:000477051900210,,SCOPUS_S3-2.csv; savedrecs(1).txt
Tracking Construction Material over Space and Time: Prospective and Geo-referenced Modeling of Building Stocks and Construction Material Flows,Heeren N.; Hellweg S.,2019,Journal of Industrial Ecology,"Construction material plays an increasingly important role in the environmental impacts of buildings. In order to investigate impacts of materials on a building level, we present a bottom-up building stock model that uses three-dimensional and geo-referenced building data to determine volumetric information of material stocks in Swiss residential buildings. We used a probabilistic modeling approach to calculate future material flows for the individual buildings. We investigated six scenarios with different assumptions concerning per-capita floor area, building stock turnover, and construction material. The Swiss building stock will undergo important structural changes by 2035. While this will lead to a reduced number in new constructions, material flows will increase. Total material inflow decreases by almost half while outflows double. In 2055, the total amount of material in- and outflows are almost equal, which represents an important opportunity to close construction material cycles. Total environmental impacts due to production and disposal of construction material remain relatively stable over time. The cumulated impact is slightly reduced for the wood-based scenario. The scenario with more insulation material leads to slightly higher material-related emissions. An increase in per-capita floor area or material turnover will lead to a considerable increase in impacts. The new modeling approach overcomes the limitations of previous bottom-up building models and allows for investigating building material flows and stocks in space and time. This supports the development of tailored strategies to reduce the material footprint and environmental impacts of buildings and settlements. © 2018 The Authors. Journal of Industrial Ecology, published by Wiley Periodicals, Inc., on behalf of Yale University.",building material; construction and demolition waste; geographic information systems (GIS); industrial ecology; life cycle assessment (LCA); material flow analysis (MFA),Construction; Demolition; Environmental impact; Floors; Geographic information systems; Life cycle; Waste disposal; Construction and demolition waste; Industrial ecology; Insulation materials; Life Cycle Assessment (LCA); Material flow analysis; New constructions; Probabilistic modeling; Residential building; building; construction material; environmental impact; GIS; industrial ecology; life cycle analysis; material flow analysis; stock assessment; tracking; Building materials; LIFE-CYCLE ASSESSMENT; ENVIRONMENTAL-IMPACT; DWELLING STOCK; LCA; RENOVATION; DYNAMICS; CONCRETE; SYSTEMS; ENERGY,10.1111/jiec.12739,Article,198,Scopus; Web of Science,2-s2.0-85043264886,WOS:000459917300019,,SCOPUS_S3-2.csv; savedrecs(1).txt
Unravelling the mystery of Chinese building lifetime: A calibration and verification based on dynamic material flow analysis,Cao Z.; Liu G.; Duan H.; Xi F.; Liu G.; Yang W.,2019,Applied Energy,"Building lifetime is a crucial parameter for modelling building stock's turnovers and related dynamics of embodied and operational energy demand. However, it is poorly characterized and often based on assumptions (especially for developing countries such as China), because no or few empirical data are available. Here we combined a top-down dynamic material flow analysis method with bottom-up information (i.e., age profile of residential building stock, per capita residential floor area, and population) to calibrate the lifetimes of Chinese buildings from 1950 to 2015. We contrasted the top-down estimates with existing literature and primary data from on-site surveys to verify the plausibility of calibrated building lifetimes. We found an overall downward trend of building lifetimes during 1950–1989 and a gradual climb-up since 1990s. However, the present Chinese building lifetime appears still far below the design lifetime (50 years). Up to 2015, the floor areas of Chinese building stock has reached an enormous level of 64.7 billion m2; on the per capita basis, it has reached 30.5 and 15.7 m2 for residential and non-residential use, respectively. The yearly demolished floor areas have reached at a level of 1.6 billion m2. The improved building lifetimes can enhance our understanding of building stock's turnovers and vintage-based energy performance and thus help better characterize life cycle energy demand of building stocks and beyond. To further the use of the calibrated building lifetimes, modelers and data users should also be aware of the variable building lifetimes and have a structured overview of data sources and their inconsistency. © 2019 Elsevier Ltd",Building lifetime; Building stock; Calibration; China; Dynamic material flow analysis; Verification,China; Calibration; Developing countries; Energy management; Floors; Life cycle; Verification; Building stocks; Calibration and verification; Crucial parameters; Dynamic materials; Energy performance; Life cycle energies; Residential building stocks; architectural design; building; calibration; material flow analysis; performance assessment; Housing; ENERGY EFFICIENCY; MATERIALS DEMAND; CYCLE ASSESSMENT; CO2 EMISSIONS; STOCK; CONSTRUCTION; URBAN; DEMOLITION; SECTOR; MANAGEMENT,10.1016/j.apenergy.2019.01.106,Article,86,Scopus; Web of Science,2-s2.0-85060279154,WOS:000461262300035,,SCOPUS_S3-2.csv; savedrecs(1).txt
Forecasting urban residential stock turnover dynamics using system dynamics and Bayesian model averaging,Zhou W.; O'Neill E.; Moncaster A.; Reiner D.M.; Guthrie P.,2020,Applied Energy,"Knowing the size of building stock is perhaps the most basic determinant in assessing energy use in buildings. However, official statistics on urban residential stock for many countries are piecemeal at best. Previous studies estimating stock size and energy use make various debateable methodological assumptions and only produce deterministic results. This paper presents a Bayesian approach to characterise stock turnover dynamics and estimate stock size uncertainties, applied here to China. Firstly, a probabilistic dynamic building stock turnover model is developed to describe the building aging and demolition process, governed by a hazard function specified by a parametric survival model. Secondly, using five candidate parametric survival models, the building stock turnover model is simulated through Markov Chain Monte Carlo to obtain posterior distributions of model-specific parameters, estimate marginal likelihood, and make predictions of stock size. Thirdly, Bayesian Model Averaging is applied to create a model ensemble that combines model-specific posterior predictive distributions of the recent historical stock evolution pathway in proportion to posterior model probabilities. Finally, the Bayesian Model Averaging model ensemble is extended to forecast future trajectories of residential stock development through 2100. The modelling results suggest that the total stock in China will peak around 2065, at between 42.4 and 50.1 billion m2. This Bayesian modelling framework produces probability distributions of annual total stock, age-specific substocks, annual new buildings and annual demolition rates. This can support future analysis of policy trade-offs across embodied-versus-operational energy consumption, in the context of sector-wide decarbonisation. © 2020 Elsevier Ltd",Bayesian model averaging; Building stock; China; Embodied energy; Lifetime distribution; Markov Chain Monte Carlo; Operational energy; System dynamics,China; Bayesian networks; Demolition; Economic and social effects; Energy policy; Energy utilization; Forecasting; Housing; Markov chains; Uncertainty analysis; Bayesian model averaging; Energy use in buildings; Markov Chain Monte-Carlo; Model probabilities; Official Statistics; Posterior distributions; Predictive distributions; Probabilistic dynamics; Bayesian analysis; demand-side management; demolition; energy efficiency; energy planning; forecasting method; residential energy; survival; Probability distributions; MATERIALS DEMAND; BUILDINGS; CONSTRUCTION; DEMOLITION; ENERGY; FLOWS,10.1016/j.apenergy.2020.115388,Article,19,Scopus; Web of Science,2-s2.0-85086582554,WOS:000565603800006,,SCOPUS_S3-2.csv; savedrecs(1).txt
A stochastic dynamic building stock model for determining long-term district heating demand under future climate change,Hietaharju P.; Pulkkinen J.; Ruusunen M.; Louis J.-N.,2021,Applied Energy,"District heating networks will face major changes on the demand side resulting from future demographic change, building energy efficiency improvements and climate change in cities. A stochastic dynamic building stock model was developed to investigate the impact of climate change and renovation strategies on district heat demand. The model was applied to a representative city in Finland comprising 3880 real buildings with hourly-resolution data, for which heat demand scenarios for buildings were simulated up to 2050 using results from global and regional climate change models. The novel stochastic dynamic building stock model utilises the real building stock as a basis and considers demolition, construction of new buildings and renovation of existing buildings. It is used in the precised dynamic heat demand model (mean MAPE 7.7%) to calculate the future heat demand. Model outputs indicated that early adoption of building renovation will decrease long-term energy consumption by 3% for every 0.5% increase in the renovation rate by 2050. Increasing the yearly renovation rate from the current 1% to 3% could reduce the district heat demand by 22% (range 19–28%). Early adoption of building renovation could reduce the relative peak load by 50% compared with late adoption. Climate change will reduce the overall heat demand for district heating but will increase the annual relative daily variation from 3.6% to 4.5%, meaning that the peaks in heat demand will be more visible. © 2021 The Author(s)",2050 strategy; District heating; Energy efficiency; Morphing technique; Renovation strategy; Stock driven model,Finland; Buildings; Climate change; Climate models; District heating; Energy utilization; Stochastic models; Stochastic systems; 2050 strategy; Building renovation; Building stocks; Energy; Heat demands; Morphing techniques; Renovation strategy; Stochastic dynamics; Stock driven model; Stock models; climate change; energy efficiency; future prospect; heating; long-term change; numerical model; stochasticity; Energy efficiency; RESIDENTIAL BUILDINGS; DWELLING STOCK; ENERGY DEMAND; WEATHER DATA; PERFORMANCE; RENOVATION; EMISSIONS; FINLAND,10.1016/j.apenergy.2021.116962,Article,33,Scopus; Web of Science,2-s2.0-85105850361,WOS:000663600100010,,SCOPUS_S3-2.csv; savedrecs(1).txt
Framework to Develop Time- and Voltage-Dependent Building Load Profiles Using Polynomial Load Models,A. Parker; M. A. Alkrch; K. James; A. Almaghrebi; M. A. Alahmad,2021,IEEE Access,"The power consumption of buildings over the course of each minute, hour, day and season plays a major role in how this load influences the Electric Power System voltage and frequency, and vice versa. This consumption is based on the building’s load component types, efficiencies, and how they consume power and react to changes in real time. Due to this complexity, standard full-building load models are typically voltage-invariant. This paper proposes a novel framework to transform these voltage-invariant building load models into fully time- and voltage-dependent load profiles using available data on the voltage sensitivity of individual load components. While a voltage-dependent building model could theoretically be generated from static load models of every component in a building, this approach faces two challenges: first, load models representing all load components are impractical to develop for all possible load component types; second, building energy consumption is never measured or modeled at the individual component level. The proposed framework compiles available component data in the form of static ZIP load model parameters, and maps them into the end use categories utilized by standard building modeling programs. The voltage sensitivity of each end use category is then bounded by the extrema of the component models within it. This framework is applied to a load profile case study representing the aggregate U.S. residential building stock. In addition to the minimum/maximum conditions, a load profile based on typical load composition and weighted ZIP parameters is generated for the same building stock. The results show that for a 10% drop in voltage, using the least sensitive ZIP parameters, active power is expected to be 3% to 14% lower than nominal, depending on the season and time of day. Using the most sensitive ZIP parameters, the active power is expected to be 9% to 20% lower than nominal, also depending on the season and time of day.",Load model;load component;ZIP parameters;load profile;energy consumption,Load modeling; Buildings; Object oriented modeling; Analytical models; Voltage; Data models; Mathematical model,10.1109/ACCESS.2021.3112937,IEEE Journals,15,IEEE Xplore,,,IEEE Journals,IEEE_S3-2_merged_deduplicated_raw.csv
Investigating the spatiotemporal variability and driving factors of China’s building embodied carbon emissions,Bai J.; Qu J.,2021,Environmental Science and Pollution Research,"Rapid and large scale construction activities consume significant resources and make impacts on the environment. To support policy for emission reduction and route of low-carbon society development, this paper estimated building stocks and building embodied carbon emissions (BECEs) in China’s 31 provinces from 1997 to 2016 by material flow analysis (MFA). Furthermore, global and local Moran’s indices were employed to investigate the geographical clustering patterns, and temporal and spatial decomposition models were proposed to identify the driving forces. The results reveal the total BECEs has boomed from 9.67 billion tons in 1997 to 28.99 billion tons in 2016. BECEs in 31 provinces have experienced consistent increase but obvious differences in growth rate, and are spatially inclined to decrease from eastern coastal regions to western inland regions. The change of spatial agglomeration pattern is complex and variable. It presents that a long and narrow “H-L agglomeration” is located in the two northernmost provinces and the other 29 provinces enforce a sequence arrangement with an order of “H–H”, “L–H”, “H–L”, and “L–L” from east to west. Temporal decomposition results show that investment scale, economic level, and population density are the main driving forces for the increase of BECEs from both national and provincial levels, while the main reasons for the decrease are technical level and return on investment. Spatial decomposition results demonstrate that population density and provincial area are the main driving forces for the difference between provincial and national average, and others cause the difference among provinces. © 2021, The Author(s), under exclusive licence to Springer-Verlag GmbH, DE part of Springer Nature.",Building; Driving forces decomposition analysis; Embodied carbon emissions; Spatial and temporal distribution,Carbon; Carbon Dioxide; China; Investments; Population Density; Matthiola; carbon; carbon dioxide; agglomeration; carbon emission; decomposition analysis; economic conditions; environmental economics; material flow analysis; spatiotemporal analysis; investment; population density; DECOMPOSITION ANALYSIS; CO2 EMISSIONS; MATERIALS DEMAND; STOCK DYNAMICS; ENERGY DEMAND; LIFE-CYCLE; CONSTRUCTION; PERFORMANCE; MODEL,10.1007/s11356-020-11971-x,Article,17,Scopus; Web of Science,2-s2.0-85098783062,WOS:000604878400005,,SCOPUS_S3-2.csv; savedrecs(1).txt
Modelling of mineral construction and demolition waste dynamics through a combination of geospatial and image analysis,"Bogoviku, L Waldmann, D",2021,JOURNAL OF ENVIRONMENTAL MANAGEMENT,"As the construction sector is shifting towards circular economy models, the role of mineral construction materials as main waste fraction in terms of volumes is crucial. A characterization of this mineral stock, as well as the waste derived from it is decisive in ensuring the application of the best practices of circular economy. This paper describes a methodology for assessing the mineral building stock through a combination of geospatial and image analysis. By analysing old topographic maps, buildings are grouped according to their building age into different typologies and based on these maps the construction and demolition activity is evaluated. The mineral stock is assessed and estimations of the mineral construction and demolition waste (CDW) is generated for different stochastic scenarios. This methodology is applied exemplarily on the country of Luxembourg. It was found that the total mineral construction stock for Luxembourg is 276.75 Mt and has been growing at a rate of 20.81%-24.39% in the last 30 years. Furthermore, the study identified a mean age of the urban building stock of about 60 years and a typical maximum building lifetime of 122 years. Based on the stochastic projections the mineral CDW generated from the existing building stock is expected to be up to 226.9 Mt by 2100, while if future building scenarios are considered, it can be as high as 885.3 Mt. The annual CDW production is expected to be sufficient for a viable concrete recycling activity if regulations on the waste volume flows are made available.",Concrete recycling; Material stock quantification; Geospatial analysis; Circular economy; Construction and demolition waste (CDW),,10.1016/j.jenvman.2020.111879,Article,28,Web of Science,,WOS:000618049500001,,savedrecs(1).txt
"Urban mining in buildings for a circular economy: Planning, process and feasibility prospects",Arora M.; Raspall F.; Fearnley L.; Silva A.,2021,"Resources, Conservation and Recycling","The construction industry remains under immense pressure to reduce its material and climate related impacts. Increasing material demand and reduced building lifetimes have therefore motivated efforts for urban mining in buildings. Even though urban mining has been projected as a crucial measure for improving resource efficiency, its adoption as a practice in the construction industry remains at a very symbolic stage. Upscaling secondary resource recovery and reuse in the construction sector requires further efforts to understand urban mining feasibility from the perspective of project timelines, salvage time, skills and costs. Hence, this study develops an empirical research approach to measure urban mining feasibility and applies it to demolition-ready urban residential buildings stock in Singapore with semi-skilled construction workers. It develops indicators for urban mining feasibility based on planning stages, process change, behavioural practices and reuse-driven economic considerations. Based on urban mining of over 350 building components from 34 categories, results show an average of 1 to 12 min recovery time with an estimated urban mining cost from S$0.8 to S$9 per building component. Further, regulatory requirements for demolition permits can provide sufficient time for urban mining without affecting project timelines. Even though the mining skills of workers seem important, results highlights significant improvement in mining skills based on repeated salvage of specific building components. Results also provide robust evidence of reuse-driven urban mining feasibility in the case under study with significant prospects for embodied carbon savings. Overall, urban mining of buildings can contribute to net-zero targets and climate mitigation efforts with greater multi-stakeholder involvement and market push for reuse in the construction sector. © 2021",Decarbonisation; Deconstruction; Material efficiency; Net zero targets; Reuse; Secondary resources,Singapore [Singapore (NTN)]; Singapore [Southeast Asia]; Trachinotus falcatus; Construction industry; Decarbonization; Demolition; Circular economy; Construction sectors; Decarbonisation; Deconstruction; In-buildings; Material efficiency; Net zero target; Planning process; Reuse; Secondary resources; building; carbon emission; construction industry; economic system; emission control; environmental economics; feasibility study; recycling; Article; construction and demolition waste; construction work; construction worker; cost effectiveness analysis; economic aspect; environmental impact; environmental planning; human; life cycle assessment; mining; process design; Singapore; urban area; Efficiency; DECONSTRUCTION; DESIGN; REUSE; DEMOLITION; WASTE; CONSTRUCTION; PRODUCTS; FLOWS; COST,10.1016/j.resconrec.2021.105754,Article,91,Scopus; Web of Science,2-s2.0-85108836990,WOS:000672683700014,,SCOPUS_S3-2.csv; savedrecs(1).txt
ESTIMATING THE DEMOLITION PROBABILITY OF BUILDINGS USING A BOTTOM-UP APPROACH,Barakat B.; Srour I.; Srour J.,2022,Proceedings of International Structural Engineering and Construction,"The sources and quantities of construction and demolition waste (CDW) are a major source of uncertainty hindering the optimization of the reverse-logistics network design for this waste stream. This study proposes a bottom-up approach that can be used to forecast the quantities of demolition waste (DW) in a specific region. The proposed method scans each building in a region to determine its age, height, composition and other relevant factors. Given the individual building parameters along with the neighborhood and regional market conditions in which the building is situated, each building is assigned a probability of demolition. The study then describes the methodology by which these individual probabilities are aggregated, along with the anticipated waste from each building, in order to obtain an overall estimation of demolition waste in a region. The main factors constituting this probability are the age at the building level, location or surroundings at the neighborhood level, and the overall market conditions at the regional level. This method is applied in the city of Beirut as a case study. The findings of this study will help in the estimation and mapping of demolition waste generation for any specific year of forecast. The suggested framework can also help decision-makers in optimizing the selection of capacities and locations of CDW treatment facilities to reduce both costs incurred and environmental impacts. © 2022 ISEC Press.",Building stock dynamics; Cumulative hazard rate; Lifespan analysis; Waste generation rate; Waste management,,10.14455/ISEC.2022.9(1).FAM-05,Conference paper,1,Scopus,2-s2.0-85136153620,,,SCOPUS_S3-2.csv
Modelling Chinese Urban Residential Stock Turnover Uncertainties Using System Dynamics and Bayesian Statistical Inference,Zhou W.; O’Neill E.; Moncaster A.; Reiner D.M.; Guthrie P.,2022,Sustainable Development Goals Series,"Building stock turnover is one of the key determinants in building energy modelling and policy analysis. Building lifetime is integral to the dynamics of stock turnover. However in China, despite anecdotal claims that urban residential buildings are generally short-lived, there are no official statistics on building lifetime, and empirical data is extremely limited. Official statistics on total floor area of Chinese urban residential stock only exist up to 2006. This paper presents a Bayesian approach to estimate Chinese urban residential building lifetime and characterise the overall stock turnover dynamics for the period of 2007 to 2017. Firstly, the building stock evolution process is described by a system dynamics model in which survival analysis is used to characterise the dynamic interplay between new construction, aging, and demolition of buildings. The uncertainties associated with building lifetime are represented using a Weibull distribution. Secondly, based on this model and official statistics on urban residential floor area up to 2006, a Bayesian probabilistic model is developed to simulate the posterior distribution of Weibull parameters through Markov Chain Monte Carlo (MCMC) technique. As a result, the distribution of building lifetime unconditional on the Weibull parameters is obtained. Further, the posterior distributions of Weibull parameters, along with official statistics on annual new construction, enable the estimate of stock turnover in the form of posterior predictive distribution for the period of 2007 to 2017. This Bayesian modelling framework, and its results in the form of probability distributions of annual total stock and underlying age-specific sub-stocks, can provide the basis for further modelling and analysing policy trade-offs of embodied-versus-operational energy consumption and carbon emissions of buildings in the context of sector-wide decarbonisation. © The Author(s), under exclusive license to Springer Nature Singapore Pte Ltd. 2022.",Bayesian inference; Building lifetime uncertainty; Building stock; Embodied energy; Markov Chain Monte Carlo; Operational energy; Policy trade-offs; Stock turnover; System dynamics,,10.1007/978-981-16-8352-7_14,Book chapter,0,Scopus,2-s2.0-85195152220,,,SCOPUS_S3-2.csv
Modelling future trends of annual embodied energy of urban residential building stock in China,Zhou W.; Moncaster A.; O'Neill E.; Reiner D.M.; Wang X.; Guthrie P.,2022,Energy Policy,"China is the largest driver of growth in the global building sector. The longstanding construction boom across China has generated a massive flow of materials with significant associated embodied energy consumption and carbon emissions. Despite the serious implications for global emissions, there exist a very limited number of macro-level studies on embodied energy of Chinese buildings, with even fewer exploring future scenarios. There is therefore little in the way of an evidence base to offer policy makers. We develop a probabilistic model to forecast the possible trajectories of embodied energy of residential buildings over the medium to long term in the Chinese urban context. Our results provide clear evidence to substantiate the importance of embodied energy of new construction, which we find to be over 0.3 times the operational energy of existing stock between 2010 and 2018. If current trajectories are followed, embodied energy is likely to peak around 2027, with a 95% credible interval ranging from 87 to 283 Mtce (61 to 198 Mtoe) and a mean of 170 Mtce (119 Mtoe). We show that building lifetime has a substantial impact on future annual and cumulative embodied energy. Our findings reinforce the need to take a whole-life perspective to formulate policies addressing building energy as part of China's efforts to meet the announced overarching target of achieving carbon neutrality by 2060. © 2022 Elsevier Ltd",Dynamic stock turnover; Embodied energy; Material intensity; Policy implications; Probabilistic model; Urban residential buildings,China; Carbon; Housing; Public policy; Buildings sector; Dynamic stock turnover; Embodied energy; Future trends; Materials intensity; Policy implications; Probabilistic models; Residential building stocks; Stock turnover; Urban residential buildings; electricity supply; energy policy; multistorey building; numerical model; policy implementation; probability; trend analysis; Energy utilization,10.1016/j.enpol.2022.112932,Article,29,Scopus,2-s2.0-85127513527,,,SCOPUS_S3-2.csv
Development of a dynamic building stock model for smart energy transition decision support: university campus stock case study,Kourgiozou V.; Al-Saegh S.; Korolija I.; Dowson M.; Commin A.; Tang R.; Rovas D.; Mumovic D.,2023,Building Simulation Conference Proceedings,"University campuses present a unique opportunity for decarbonisation through intelligence integration for smart-energy campuses. So far, the evidence-base for smart energy campuses focuses on building-level demonstrations or archetypal approaches and the university campus stock lacks a common assessment framework to characterise and evaluate smart-energy transition pathways. This paper presents a methodological framework that leverages automated computational methods (3DStock, SimStock) to produce building-by-building dynamic thermal models. The modelling method can benefit the evaluation of smart-energy campus and decarbonisation strategies and simulate the dynamics of complex HVAC under demand-response where data availability is more granular. Instead of using archetypal approaches to represent the heterogeneity of building stocks, this work developed an automated building-by-building stock modelling approach based on a case study. HVAC systems are also modelled based on information from Display Energy Certificates. Model calibration is performed at stock level against actual data from Building Monitoring Systems and operational energy performance data following the CIBSE TM63 protocol. Geometry checks showed that 63% of the models matched actual geometry sufficiently, whereas energy use intensity was overestimated by around 35% across the campus in the baseline partially calibrated building models. For a typology, initial comparisons with a fully calibrated model signified lighting, cooling and heating setpoints as potential factors. A major advantage of the method is that it can be flexibly used depending on the data granularity available and, therefore, eliminates a significant barrier that Urban Energy Modelling presents in terms of data availability. © 2023 IBPSA.All rights reserved.",,Decarbonization; Decision support systems; HVAC; Building stocks; Case-studies; Data availability; Decarbonisation; Decision supports; Energy transitions; Intelligence integration; Smart energies; Stock models; University campus; Buildings,10.26868/25222708.2023.1686,Conference paper,1,Scopus,2-s2.0-85179518828,,,SCOPUS_S3-2.csv
A review of building digital twins to improve energy efficiency in the building operational stage,Cespedes-Cubides A.S.; Jradi M.,2024,Energy Informatics,"The majority of Europe’s building stock consists of facilities built before 2001, presenting a substantial opportunity for energy efficiency improvements during their operation and maintenance phase. Digitalizing these buildings with digital twin technology can significantly enhance their energy efficiency. Reviewing the applications and trends of digital twins in this context is beneficial to understand the current state of the art and the specific challenges encountered when applying this technology to older buildings. This study focuses on the application of digital twins in building operations and maintenance (O & M), emphasizing energy efficiency throughout the building lifetime. A systematic process to select 21 pertinent use-case studies was performed, complemented by an analysis of six enterprise-level digital twin solutions. This was followed by an overview of general characteristics, thematic classification, detailed individual study analyses, and a comparison of digital twin solutions with commercial tools. Five main applications of digital twins were identified and examined: component monitoring, anomaly detection, operational optimization, predictive maintenance and simulation of alternative scenarios. The paper highlights challenges like the reliance on Building Information Modeling (BIM) and the need for robust data acquisition systems. These limitations hinder the implementation of digital twins, in particular in existing buildings with no digital information available. It concludes with future research directions emphasizing the development of methods not solely reliant on BIM data, integration challenges, and potential enhancements through AI and machine learning applications. © The Author(s) 2024.",Building Information Modeling (BIM); Digital twin; Energy efficiency; Energy Modeling; IoT system; Maintenance; Operation,Anomaly detection; Architectural design; Data acquisition; Information theory; Internet of things; Maintenance; 'current; Building information modeling; Building Information Modelling; Building stocks; Energy efficiency improvements; Energy model; IoT system; Operation; Operational stages; Operations and maintenance; Energy efficiency,10.1186/s42162-024-00313-7,Review,177,Scopus,2-s2.0-85186127265,,,SCOPUS_S3-2.csv
Challenges and opportunities in the global net-zero building sector,Ma M.; Zhou N.; Feng W.; Yan J.,2024,Cell Reports Sustainability,"Buildings worldwide, which represent the final piece to be addressed in the transition to carbon neutrality, require a multisectoral, comprehensive strategy for decarbonization. We provide an overview of the current global status and features of carbon emissions associated with buildings, then outline pathways and steps to achieving carbon neutrality by mid-century. By synergizing technical innovation, encompassing advanced building technologies and renewable energy solutions, with robust financial support mechanisms, we can expedite the widespread adoption of building electrification and energy system decarbonization. This integrated approach stands as the most practical and effective strategy for decarbonizing building operations. Vital measures for reducing embodied carbon include constraining the building stock growth, decarbonizing materials, and extending building lifetimes. We emphasize the importance of raising awareness of building carbon emissions among governments, residents, and other stakeholders. Understanding the challenges and the urgent need for action is crucial to achieving carbon neutrality in the building sector. © 2024",building decarbonization strategy; carbon neutrality; clean construction; decarbonized materials; end-use efficiency; GLOBE database; renewable power integration,CARBON-DIOXIDE EMISSIONS; ENERGY EFFICIENCY; CHINA; DECARBONIZATION; CONSTRUCTION; TRANSITION; WASTE,10.1016/j.crsus.2024.100154,Article,120,Scopus; Web of Science,2-s2.0-85203130981,WOS:001552548200005,,SCOPUS_S3-2.csv; savedrecs(1).txt
Environmental consequences of shifting to timber construction: The case of Denmark,Hansen R.N.; Eliassen J.L.; Schmidt J.; Andersen C.E.; Weidema B.P.; Birgisdóttir H.; Hoxha E.,2024,Sustainable Production and Consumption,"Many life cycle assessments (LCA) studies on wooden buildings show potential to decarbonise the building industry, though often neglecting to consider the systemic changes of such a shift at the building stock scale. This study applies a consequential LCA to evaluate the transition from conventional construction to increased wood-based construction in Denmark from 2022 to 2050. The assessment models a material flow analysis of the two construction scenarios, incorporating an area forecast and case buildings. By that, we assessed suppliers' capacity to likely meet the demand for wood, steel, and concrete, employed an input-output model to enhance completeness and country representativeness for other materials' markets, and considered the competition for land by indirect land use change. We implemented a dynamic IPCC-based assessment of GHG-emissions concurrently with a carbon forest model to anticipate the relationship between the delayed carbon storage resulting from using wood in buildings and forest regrowth management. The findings indicate wood construction is the most climate-friendly option for multifamily houses. In contrast, single-family houses (SFH) and office buildings (OB) exhibit the lowest climate impacts in the conventional scenario. The SFH result could be credible due to the sizable GWP impact gap between construction scenarios despite uncertainties related to the weight proportion of sedum roofs. The less conclusive OB findings relate to the substantial steel quantities in the wood case buildings, requiring further investigation. Generally, metals, cement-based- and biobased materials demonstrate the largest climate impact among the material categories. Across all three building typologies, the change to timber construction increased the impact on nature occupation (biodiversity). In conclusion, this study emphasises the need for further research on forest management model inputs, land use change approaches, potential steel suppliers' impact, and a broader array of case studies. It is because these are influential factors in facilitating informed decision-making of the increased implementation of wood in buildings. As the first study to integrate these modelling characteristics, it contributes to the research gap concerning geographical circumstances, forestry, and markets relevant to decision support for increased wood utilisation in Europe's building industry. © 2024 The Authors",Consequential life cycle assessment; Dynamic LCA; Forest modelling; Indirect land use change; Material flow analysis; System thinking,Biodiversity; Commerce; Construction industry; Decision making; Decision support systems; Forestry; Greenhouse gases; Land use; Systems thinking; Timber; Wooden buildings; Building industry; Consequential life-cycle assessment; Denmark; Dynamic life cycle assessment; Forest modelling; In-buildings; Indirect land-use changes; Materials flow analysis; System thinkings; Timber construction; Life cycle; SUSTAINABILITY ASSESSMENT; BIOGENIC CARBON; LCA; BUILDINGS; REFURBISHMENT; EMISSIONS; BIOENERGY; ZEALAND; CONTEXT; STORAGE,10.1016/j.spc.2024.02.014,Article,45,Scopus; Web of Science,2-s2.0-85185401699,WOS:001196627700001,,SCOPUS_S3-2.csv; savedrecs(1).txt
Research on Inventory Management Optimization Strategy in Supply Chain Based on Deep Reinforcement Learning,X. Chen; C. Zheng; M. Liu,2024,"2024 5th International Conference on Computer Vision, Image and Deep Learning (CVIDL)","At present, the market environment is increasingly complex and changing, and the traditional inventory management strategy is difficult to adapt to the changes in the supply chain. For this reason, firstly, this paper proposes a management optimization framework applicable to supply chain inventory control based on deep reinforcement learning theory. The framework is able to learn the optimal strategy through an end-to-end neural network. Secondly, multiple mechanisms are introduced to enhance the training efficiency and stability, so that it can better adapt to the complexity and variability of the supply chain. Finally, simulation experiments are carried out in multi-species and multi-warehouses, and the results show that the framework can significantly outperform the traditional heuristic and linear planning methods in terms of total cost, out-of-stock rate, inventory turnover, etc., and exhibits superior adaptability and robustness.",supply chain management;inventory optimization;Deep Reinforcement Learning,Training; Costs; Uncertainty; Supply chains; Inventory management; Deep reinforcement learning; Stability analysis,10.1109/CVIDL62147.2024.10603641,IEEE Conferences,3,IEEE Xplore,,,IEEE Conferences,IEEE_S3-2_merged_deduplicated_raw.csv
Urban embodied carbon assessment: methodology and insights from analyzing over a million buildings in Chicago,Ghorbany S.; Hu M.,2024,Carbon Management,"Confronting climate change, this study quantifies the embodied carbon emissions from the building sector—an overlooked yet significant contributor to urban carbon emissions. Through a novel empirical framework, the embodied carbon of Chicago’s building stock was assessed and visualized, providing a scalable template for other cities with comparable datasets. The analysis encompasses 1,010,840 buildings and identifies 157 architectural archetypes. This methodology facilitates the granular evaluation of embodied carbon, guiding strategic urban carbon mitigation planning. establishes visual analytics tools for informed policymaking. The geospatially resolved findings identify emissions-intensive zones showing that majority of emissions are concentrated in specific archetypes and geographic areas, delivering actionable data for urban development stakeholders. The findings reveal that increasing the building lifespan to 80 years with a 20% reduction in building sizes can decrease carbon emissions to one-third of the current value. The research harnesses the Excel 3D Map tool for emissions visualization, offering an intuitive understanding of urban emissions’ spatial dynamics and highlighting key areas for intervention. Furthermore, a sensitivity analysis explores the repercussions of end-life thresholds and building sizes on projected emissions. This multifaceted approach enhances the capacity for data-driven, low-carbon urban planning, paving the way for cities to align with global decarbonization goals and laying the groundwork for a versatile embodied carbon assessment methodology. This study contributes to the existing literature by creating a transferable framework for measuring embodied carbon in building stocks, providing detailed geo-accurate data for urban planners and policymakers, and offering benchmarks and visualizations for assessing and understanding embodied carbon performance and mitigation in urban environments, exemplified by the city of Chicago. © 2024 The Author(s). Published by Informa UK Limited, trading as Taylor & Francis Group.",building stock; construction emissions; construction environmental impact assessment; Life cycle embodied carbon assessment; sustainable built environment,Benchmarking; Carbon; Climate change; Environmental impact assessments; Gas emissions; Life cycle; Sensitivity analysis; Three dimensional computer graphics; Urban growth; Visualization; Assessment methodologies; Building stocks; Built environment; Carbon emissions; Chicago; Construction emission; Construction environmental impact assessment; Embodied carbons; Life cycle embodied carbon assessment; Sustainable build environment; Buildings; BUILT ENVIRONMENT; STOCK; SIMULATION; EMISSIONS; DEMAND,10.1080/17583004.2024.2382993,Article,17,Scopus; Web of Science,2-s2.0-85199879574,WOS:001277756800001,,SCOPUS_S3-2.csv; savedrecs(1).txt
Approaching building lifetimes and hazard rates through demolition patterns: Case studies for a historical city center,Cord'homme Z.; Dittrich N.; Bringedal Gedde K.; Billy R.G.; Müller D.B.,2025,Journal of Industrial Ecology,"Despite their relevance in building stock modeling, building lifetimes are poorly understood and tend to form the weakest link in forecasting energy use, greenhouse gas (GHG) emissions, waste generation, and resource use. Here, we develop a methodology to trace building lifetimes for cohorts in two central areas built up after fires in the 1840s. Using Geographical Information System (GIS) data of the current building stock and archival material, we determined yearly hazard rates for buildings within the cohort 1841–1845 in the historical center of Trondheim, Norway. We find that hazard rates are very sensitive to events ranging from global to hyperlocal scales and that demolition rates have slowed down significantly since the 1980s when municipal preservation policies came into effect. In contrast, age-based lifetime approaches fail to capture the effects of such events as they only account for the delay between construction and demolition. We discuss the use and limitations of hazard rates to better reflect changes in demolition that are not correlated with building age. Our study underscores that building lifetimes are a property of a wider system rather than an attribute of individual structures. In that sense, hazard rates are a more suitable approach to capture spatiotemporal changes of building stocks and could be further used in scenarios in dynamic models. This article met the requirements for a gold-gold JIE data openness badge described at http://jie.click/badges. © 2024 The Author(s). Journal of Industrial Ecology published by Wiley Periodicals LLC on behalf of International Society for Industrial Ecology.",building lifetime; building stock; dynamic modeling; hazard rate; industrial ecology; urban dynamics,Norway; Sor Trondelag; Trondheim; Financial markets; Greenhouse gas emissions; Historic preservation; Risk management; Building lifetime; Building stocks; Case-studies; City centers; Dynamics models; Hazard rates; Historical cities; Industrial ecology; Lifetime rates; Urban dynamics; building; building construction; cohort analysis; demolition; energy use; GIS; greenhouse gas; hazard assessment; industrial ecology; waste management; Demolition; LIFE-CYCLE ASSESSMENT; MATERIAL STOCK; EMISSIONS; DWELLINGS; DYNAMICS; IMPACT; SPAN,10.1111/jiec.13604,Article,4,Scopus; Web of Science,2-s2.0-85213733779,WOS:001429419100005,,SCOPUS_S3-2.csv; savedrecs(1).txt
Does climate change significantly impact the benefits of existing building energy-saving retrofit? evidence from a parametric study,"Ma, DY Li, YX Li, XD",2025,Energy and Buildings,"The existing building stock is substantial, with high energy consumption, making building energy retrofitting a key strategy for the construction industry's response to climate change. However, the significance of climate change as a dynamic factor influencing the effectiveness of retrofit strategies, and its implications for retrofit decision-making, remain inadequately defined. This study aims to establish an analytical framework for assessing the impact of climate change on retrofit benefits, comparing its influence with that of other factors in terms of magnitude and significance. The framework incorporates building energy consumption and economic indicators related to retrofitting. A weather data downscaling approach, based on Morphing, is employed to generate weather data for the years 2020, 2050, and 2080, derived from the IPCC's A2 emission scenario. A set of 12 building models was developed with a 10-story office located in different climate zones with various retrofitting schemes. To account for the relative impacts of multiple factors, a model library of 144 models was constructed, considering the effects of building lifespan, discount rate variations, price fluctuations, and climate change. These models were subjected to energy consumption simulations, as well as cost and net present value calculations. Sensitivity analysis and inter-group difference tests revealed that climate change significantly impacts the energy-saving retrofit benefits of buildings, with variations across different climate zones. The findings provide evidence for incorporating climate change factors into future building retrofitting and offer valuable insights for the development of building energy retrofit decision-making models. © 2025",Building retrofit; Climate change; Retrofit benefit; Sensitivity analysis,Buildings; Climate change; Climate models; Decision making; Energy conservation; Energy economics; Energy utilization; Retrofitting; Building energy; Building energy saving; Building retrofits; Building stocks; Dynamic factors; High energy consumption; Parametric study; Retrofit benefit; Sensitivity analyzes; Weather data; Sensitivity analysis; MULTIOBJECTIVE OPTIMIZATION; ENVIRONMENTAL BENEFITS; RESIDENTIAL BUILDINGS; DECISION-MAKING; CONSUMPTION; MODEL; COST; ENVELOPE; SYSTEMS; ZONES,10.1016/j.enbuild.2025.116130,Article,8,Scopus; Web of Science,2-s2.0-105010428006,WOS:001539077400001,,SCOPUS_S3-2.csv; savedrecs(1).txt
Dynamic life cycle assessment of building stocks: a systematic review,Elnour M.; Trigaux D.; Allacker K.,2025,Renewable and Sustainable Energy Reviews,"The considerable environmental impact of the building sector on resource use and emissions drives the need for comprehensive environmental impact assessments to support sustainability efforts. As buildings become operationally more efficient, the environmental impacts of construction materials become more important. Incorporating spatiotemporal dynamics into building stock modelling can enhance assessment accuracy, informing policymakers on strategies to mitigate environmental impacts. This systematic review analyses recent scientific literature on environmental modelling, focusing on life cycle assessment and material flow analysis studies of building stocks, their impact assessments, and associated spatiotemporal dynamics. The review identified 27 relevant studies, from which information was extracted on various aspects such as study goals, scope, methodologies, and impact categories. The selected studies were also analysed for spatiotemporal dynamics inclusion, identifying 17 dynamic parameters further grouped into five categories. The dynamic parameters were investigated for the methods and data sources used to predict their temporal evolution or spatial distribution. The results revealed a shift towards large-scale and data-driven modelling, assessing macro-level changes in the building stock. The study identified several limitations related to building stock modelling practices, such as the need for clearly defined modelling methods, consideration of various impact categories, and uncertainty analysis. The findings on dynamic parameters identified common approaches when modelling building stock changes, potentially aiding in establishing standardised methods for dynamic building stock modelling, thus improving consistency and comparability between studies. Further research is needed to investigate the impact of chosen approaches on results and examine the interconnected nature of these parameters. © 2025",Building stock modelling; Built environment; Dynamic building stock; Embodied impacts; Life cycle assessment (LCA); Material flow analysis; Spatial and temporal dynamics,Architectural design; Effluents; Particulate emissions; Structural metals; Tile; Building stock modeling; Building stocks; Built environment; Dynamic building stock; Embodied impact; Life cycle assessment; Materials flow analysis; Spatial dynamics; Stock models; Temporal dynamics; Shipbuilding materials; URBAN; LCA; ARCHETYPES; IMPACTS; FLOWS,10.1016/j.rser.2025.115682,Review,8,Scopus; Web of Science,2-s2.0-105004724524,WOS:001491238400003,,SCOPUS_S3-2.csv; savedrecs(1).txt
Dynamic life cycle assessment of buildings and building stocks – A review,Slavkovic K.; Stephan A.,2025,Renewable and Sustainable Energy Reviews,"Although life cycle assessment (LCA) as a method and framework has been extensively examined in the scientific literature, a new emphasis is put on integrating evolving spatiotemporal conditions of the analysed system, aiming to promote a more robust assessment through dynamic LCA. However, dynamic LCA methodologies remain inconsistent across multiple aspects, including on time-dependency, dynamic parameters, and links with other widely applied tools, such as material stocks and flows analysis or geographic information systems. Focusing on the four main phases of the LCA framework, this work presents a systematic review of the latest scientific literature reporting on prospective LCA modelling of buildings, while covering at least one dynamic parameter, such as the decarbonisation of the energy mix. First, this research presents the bibliometric structure of 64 published documents on the dynamic LCA of buildings, through four network visualisation maps. Then, it identifies a sample of 218 documents through the literature review method, and deeply analyses a sub-sample of 34 documents to systematise the emerging knowledge on dynamism in LCA as applied to buildings. We need a more comprehensive dynamic LCA modelling framework that can assess environmental performance of multiple building types, at a high level of spatial and temporal detail. Such framework should be able to integrate dynamic parameters in a simplified manner, and allow flexible time horizons and spatial scopes. Such framework should be able to quickly provide modelling results that may inform decision-making processes in finding solutions towards the challenges of resource depletion and climate change. © 2024 The Authors",Built environment; Dynamic parameter; Environmental impact; Environmental performance; Geographic information systems (GIS); Life cycle assessment (LCA); Material flow analysis (MFA); Modelling framework; Temporal evolution,Built environment; Dynamic parameters; Environmental performance; Geographic information; Geographic information system; Life cycle assessment; Material flow analyze; Materials flow analysis; Modelling framework; Temporal evolution,10.1016/j.rser.2024.115262,Review,53,Scopus,2-s2.0-85215093997,,,SCOPUS_S3-2.csv
Greenhouse Gas Emissions and Decarbonization Potential of Global Fired Clay Brick Production,Olsson J.A.; Hafez H.; Miller S.A.; Scrivener K.L.,2025,Environmental Science and Technology,"Fired clay bricks (FCBs) are a dominant building material globally due to their low cost and simplicity of production, especially in low- and middle-income countries. With a projected rising housing demand, commensurate growth in brick demand is anticipated, the production of which could result in significant greenhouse gas (GHG) emissions. Robust models are needed to estimate brick demand and emissions to systematically address decarbonization pathways. Few sources report production values; hence, we present two novel proxy models: (i) a consumption prediction model, relying on country-specific clay extraction data, dynamic building stock modeling, and average material intensity use allowing for projections to 2050; and (ii) a GHG emissions model, using literature-based data and production technology-specific inputs. Based on these models, the current global FCB consumption is estimated as 2.18 Gt annually, resulting in approximately 500 million tCO2e (1% of current global GHG emissions). If unaddressed, this fraction could increase to 3.5–5% in 2050 considering a moderate SSP 2-4.5 climate change mitigation scenario. Consequently, we explored three potential decarbonization pathways: (i) improving energy efficiency; (ii) shifting production to best practices; and (iii) replacing half of FCB demand with hollow concrete blocks, resulting in 27%, 49%, and 51% reduction in GHG emissions, respectively. © 2025 The Authors. Published by American Chemical Society",Brick production; Decarbonization potential; Fired clay brick; Low-carbon construction; Material demand mapping; Low-carbonconstruction; Decarbonizationpotential,"Aluminum Silicates; Clay; Construction Materials; Greenhouse Effect; Greenhouse Gases; Models, Theoretical; Brick; Brickmaking; Concrete blocks; Kyoto Protocol; Low emission; carbon dioxide; aluminum silicate; 'current; Brick production; Buildings materials; Decarbonisation; Decarbonization potential; Fired-clay bricks; Greenhouse gas emissions; Low carbon constructions; Material demand mapping; Material demands; carbonization; climate change mitigation; greenhouse gas emission; housing; Note; predictive model; sensitivity analysis; building material; chemistry; clay; greenhouse effect; greenhouse gas; theoretical model; LIFE-CYCLE ASSESSMENT; ENERGY EFFICIENCY; CONSTRUCTION; BUILDINGS; SCENARIOS; IMPACTS",10.1021/acs.est.4c08994,Article,35,Scopus; Web of Science,2-s2.0-85215959539,WOS:001405330300001,,SCOPUS_S3-2.csv; savedrecs(1).txt
Intelligent Archetype-Based Framework for Reducing Urban Embodied Carbon and Retrofit Costs,Ghorbany S.; Hu M.; Yao S.; Sisk M.; Wang C.,2025,Lecture Notes in Networks and Systems,"As global cities accelerate efforts to achieve climate goals, addressing embodied carbon—the emissions embedded in construction materials and processes—has become an urgent yet underexplored challenge. This research proposes a robust, scalable, and data-driven framework to minimize embodied carbon across urban building stocks in the United States. We employed a bottom-up, archetype-based modeling approach combined with a constrained greedy heuristic algorithm to analyze 200,000 buildings in New York and Phoenix, each representing distinct urban typologies. Results show that fewer than 20% of archetypes are responsible for over 80% of total embodied emissions and construction costs, highlighting the effectiveness of targeted retrofit strategies. Our optimization achieved up to 72% reductions in costs and 75% reductions in emissions without altering architectural identities. Moreover, temporal analysis suggests that optimized material flows often correspond with historical infrastructure investment cycles and economic downturns, indicating a potential role for such strategies in bolstering urban economic resilience. We introduce the concept of an “optimization core”—a critical subset of building types whose strategic retrofitting unlocks substantial cost and carbon savings while enhancing flexibility in urban planning. © The Author(s), under exclusive license to Springer Nature Switzerland AG 2025.",Embodied Carbon; Intelligent Systems; Optimization Algorithms; Sustainable Cities; Urban Retrofit,Building materials; Carbon; Carbon Economy; Cost reduction; Economic analysis; Heuristic algorithms; Investments; Optimization; Retrofitting; Sustainable city; Urban planning; % reductions; Data driven; Embodied carbons; Global cities; Materials and process; Optimisations; Optimization algorithms; Sustainable cities; Urban buildings; Urban retrofit; Intelligent systems,10.1007/978-3-032-11524-9_16,Conference paper,1,Scopus,2-s2.0-105027940625,,,SCOPUS_S3-2.csv
Material intensity and embodied carbon of Korea's residential buildings over four decades,Moon E.-J.; Lim H.; Seo B.; Park J.,2025,"Resources, Conservation and Recycling","Assessing the material intensity of buildings, defined as material inputs per floor area or household, is crucial for decarbonizing building stock. To address the paucity of usable material intensity data, this study developed a structured database and conducted detailed assessments of material intensity and embodied carbon for residential buildings in Korea. The database covered 28 end-use types, 6 structural types, 14 functional elements, and 44 materials. Detailed bills of materials were collected from 79 samples, encompassing 158 multi-family apartments and 21 single-family houses built between 1985 and 2023. Our results indicated that buildings became more material intensive over time, attributed to increased use of concrete, steel, and other materials. In comparison, single-family houses showed higher material inputs per square meter or per household exhibiting significant variability. Furthermore, Korean multi-family apartments showed lower embodied carbon emissions compared to European counterparts, but higher annualized emissions due to shorter building lifetimes. © 2025 Elsevier B.V.",Embodied carbon; Korea; Material intensity; Multi-family apartment; Residential buildings; Single-family houses,Korea; calcium sulfate; carbon; concrete; Building stocks; De-carbonizing buildings; Embodied carbons; Floor areas; Intensity data; Materials intensity; Multi-family apartment; Residential building; Single-family house; building; carbon emission; residential development; Article; comparative study; documentation; educational status; government; greenhouse gas emission; health care policy; household; material intensity; materials handling; prevalence; residential area; simulation; temporal analysis; trend study; MATERIALS DEMAND; CONSTRUCTION,10.1016/j.resconrec.2025.108228,Article,4,Scopus; Web of Science,2-s2.0-86000569521,WOS:001445231300001,,SCOPUS_S3-2.csv; savedrecs(1).txt
Parameters influencing the prospective life cycle emissions of the Austrian building stock: a global sensitivity analysis,Alaux N.; Schwark B.; Scherz M.; Ruschi Mendes Saade M.; Passer A.,2025,Sustainable Production and Consumption,"Environmental building stock models have increasingly been developed to inform local policies. However, identifying and quantifying all relevant parameters for such large-scale modelling remains a challenge. This study identifies key dynamic parameters used to project life cycle greenhouse gas (GHG) emissions of the Austrian building stock through 2050, while also analyzing their systemic interactions. Both operational GHG emissions from energy consumption in buildings and embodied GHG emissions from new constructions, renovations and demolitions are included. The Morris screening analysis and the Sobol global sensitivity analysis are applied to a building stock model that combines dynamic material flow analysis with prospective life cycle assessment. The two sensitivity analysis methods produce different rankings of the most influential parameters, underscoring the need to combine them for a more comprehensive analysis. In addition to energy-related parameters, the average living area per person also emerges as one of the most influential parameters, emphasizing the importance of incorporating efficient use of space into current policies. The study also evaluates the impact of the rate at which each parameter will evolve by 2050. For instance, if GHG reduction measures are implemented slowly, reducing personal heating consumption or changing construction material production will have a greater impact than changing heating systems. However, if heating system upgrades can be quickly implemented, they would have a greater effect than the other two measures. This suggests that prioritizing GHG reduction strategies should also take into account the speed at which these measures can be deployed. Additional research is necessary to enhance the application of systems thinking in building stock models. © 2025 The Authors",Behavioural change; Building stock model; Carbon reduction strategy; Embodied greenhouse gas emissions; Prospective life cycle assessment; Sufficiency measure,Carbon emissions; Kyoto Protocol; Low emission; Shipbuilding materials; Behavioral changes; Building stock model; Building stocks; Carbon reduction; Carbon reduction strategy; Embodied greenhouse gas emission; Greenhouse gas emissions; Prospective life cycle assessment; Prospectives; Reduction strategy; Stock models; Sufficiency measure; DWELLING STOCK; MODEL; CONVERGENCE; SUPPORT; LCA,10.1016/j.spc.2025.04.024,Article,3,Scopus; Web of Science,2-s2.0-105004393805,WOS:001509166800001,,SCOPUS_S3-2.csv; savedrecs(1).txt
Pathways to a net zero building sector in Colombia: Insights from a circular economy perspective,Vélez-Henao J.A.; Pauliuk S.,2025,"Resources, Conservation and Recycling","The rapid urbanization and economic growth in Colombia have made the residential sector one of the largest energy and material consumers in the country. Circular economy (CE) strategies are a promising alternative to decouple the sector from resource depletion and climate change. The analysis shown here is based on the RECC model framework, a dynamic material flow analysis (dMFA) model. Our results suggest that by 2050 without CE strategies, residential building stock will reach 2.5 billion m2 and emit between 13 and 25 Mt CO2/yr, depending on whether carbon forest sequestration is included or not. A complete implementation of CE strategies and lower floor space can reduce 2020–2050 cumulative primary material production, waste generation, and GHG emissions by 48, 5, and 49 %, respectively. There is a potential to achieve net zero emissions by 2050 if, in addition to the measures mentioned above, more wood materials and forest sequestration are considered. © 2024 The Authors",Circular economy; Climate change mitigation; Material flow analysis; Material stocks; Residential sector; Resource efficiency,Colombia; copper; Buildings sector; Circular economy; Climate change mitigation; Colombia; Economic growths; Material stock; Materials flow analysis; Rapid urbanizations; Residential sectors; Resource efficiencies; carbon dioxide; carbon emission; carbon sequestration; climate change; economic growth; emission control; forest; green economy; greenhouse gas; material flow analysis; resource depletion; urbanization; anaerobic digestion; Article; building sector; calibration; carbon sequestration; circular economy; climate change; Colombia; consumer; dynamic material flow analysis; economic aspect; fabrication yield improvement; gas chromatography; greenhouse gas emission; health care cost; municipal solid waste; population density; productivity; public health; questionnaire; recycling; residential sector; resource efficiency; sensitivity analysis; urbanization; Low emission,10.1016/j.resconrec.2024.107971,Article,15,Scopus,2-s2.0-85206667223,,,SCOPUS_S3-2.csv
Preserving buildings: emission reductions from circular economy strategies in Austria,Alaux N.; Kulmer V.; Vogel J.; Passer A.,2025,Buildings and Cities,"Buildings exert substantial pressure on global resources and contribute significantly to waste and greenhouse gas (GHG) emissions. With ambitious targets like Austria's aim for climate neutrality before 2050, assessing the large-scale potential of circular economy strategies is essential for policymaking. However, previous studies at the national level lack details about building components and materials. Using an integrated material flow analysis and prospective life cycle assessment model, three measures are assessed for reducing the embodied GHG emissions of Austria's building stock by 2050: extending building lifespans through renovation, reusing components and recycling materials. Renovation offers the most robust potential, consistently reducing cumulative embodied GHG emissions by 13-15% across all future scenarios. Component reuse provides a more modest 5-8% reduction, with its effectiveness limited by a material mismatch between existing and future buildings, especially under alternative construction scenarios. The potential of recycling is highly variable (3-10%), performing best with a decarbonised energy mix but showing minimal benefit if future construction shifts to low-impact materials. Further work is needed to analyse potential trade-offs from these strategies, such as the impact of lifespan extension or component reuse on the energy efficiency of buildings. POLICY RELEVANCE Clear guidance is provided to policymakers for reducing embodied GHG emissions in the building sector. Building on the European Union's energy-focused renovation wave, the results call for a complementary 'preservation-driven' renovation effort. Extending the lifespan of existing buildings proves the most reliable circular economy strategy for reducing embodied emissions, delivering consistent benefits across future scenarios. Policy incentives should therefore go beyond improving energy efficiency to also preserve and adapt buildings that are economically underperforming or lack aesthetic appeal. Such measures would establish both energy-and preservation-driven renovation as the foundation of Austria's path to a climate-neutral building stock, supported by component reuse and material recycling to maximise overall reductions. The insights gained can inform similar efforts in other countries with mature building stocks.",Austria; building preservation; building stock; circularity; component reuse; demolition; embodied carbon; GHG mitigation; life cycle assessment (LCA); lifespan extension; material flow analysis (MFA); material recycling; renovation,ENVIRONMENTAL IMPACTS; ENERGY; STOCK,10.5334/BC.676,Article,3,Scopus; Web of Science,2-s2.0-105025134660,WOS:001619316800004,,SCOPUS_S3-2.csv; savedrecs(1).txt
A century-scale dynamic modeling of demolition waste metabolism and associated global warming impact in China's urban residential sector,Zhao W.; Hao J.L.; Gong G.; Ni Z.; Fischer T.B.; Tam V.W.Y.; Xia Y.,2026,Waste Management,"This paper quantifies demolition waste (DW) from urban residential buildings (URB) in China from 1970 to 2070 under low, medium, and long-lifespan scenarios, as well as the associated global warming impact, quantified as global warming potential (GWP), from DW disposal and avoided through material reproduction under low, medium, and high-recycling rate scenarios. First, DW generation of key construction materials is quantified as a metabolic outflow of URB stocks under alternative building lifespan scenarios. These metabolic flows are then dynamically projected to assess the associated GWP under different recycling rate scenarios. The results indicate that population size and per capita floor area significantly influence URB stock, and that a decline in population leads to a delayed reduction in stock due to system inertia. Longer building lifespans result in slower turnover, increasing cumulative stock, and affecting the timing and magnitude of peak residential stock. The total DW by 2070 is projected to be one-third lower in the long-lifespan scenario compared to the short-lifespan scenario, with 6,577.10 Mt, 13,488.35 Mt, and 20,271.66 Mt in the long, medium, and short-lifespan scenarios, respectively. In the high-recycling rate scenario, GWP becomes negative, with net savings of 27.64 TgCO2e in the short-lifespan scenario, 18.95 TgCO2e in the medium-lifespan scenario, and 9.55 TgCO2e in the long-lifespan scenario. Extending building lifespans and increasing recycling rates markedly reduce both DW generation and associated GWP, with steel and brick offering the highest GWP reduction potential through enhanced recycling practices. © 2026 The Author(s)",Building lifespan; demolition waste (DW); global warming potential (GWP); Metabolic outflow; Recycling rate; urban residential buildings (URB),"China; Cities; Construction Materials; Global Warming; Models, Theoretical; Recycling; Waste Management; China; Building materials; Cell proliferation; Demolition; Housing; Metabolism; Recycling; Building lifespan; Demolition waste; Demolition wastes; Global warming potential; Lifespans; Metabolic outflow; Recycling rate; Urban residential building; Urban residential buildings; global warming; population size; recycling; residential location; solid waste; waste management; Article; building lifespan; carbon emission; century scale dynamic modeling; construction and demolition waste; dynamics; global warming potential; greenhouse effect; lifespan; metabolism; Monte Carlo method; probability; recycling; sensitivity analysis; urban area; urbanization; building material; China; city; procedures; theoretical model; waste management; Global warming; Population statistics",10.1016/j.wasman.2026.115554,Article,1,Scopus,2-s2.0-105037747639,,,SCOPUS_S3-2.csv
A layered dynamic material flow framework for modeling building renovations,Liu Q.; Lanau M.; Rootzén J.; Cao Z.; Johnsson F.,2026,Journal of Industrial Ecology,"Dynamic material flow analysis (dMFA) is widely used to study the material demands of residential building stocks. In most of the studies conducted to date, buildings are modeled as homogeneous units instead of a system of components. A limitation of this assumption is that the material flow dynamics from renovations cannot be fully captured. In this study, we develop a cohort-based, layered dMFA framework that explicitly links renovation lifetimes to structural lifetimes, while allowing for different building layers to be renovated independently. This framework tracks the temporal evolution of building cohorts and applies a lifetime convolution approach to ensure that renovation probabilities are conditional on building survival. Cohort-specific material intensities are further differentiated across structural, skin, and space layers. We apply the framework to residential buildings in Sweden using a unique set of building inventory and disaggregated material intensity data. Compared with conventional monolithic renovation models, the layered lifetime approach reduces the estimated renovated floor area by approximately 10%, with larger differences seen for older cohorts that are approaching demolition. These corrections translate into substantial changes in renovation-related material flows. The results demonstrate that neglecting lifetime interdependencies between building components and structures leads to inflated estimates of the demand for renovation. By conceptualizing buildings as systems that have components with interrelated lifetimes, this study advances dMFA methods for renovation modeling. © The Author(s) 2026.",Dynamic material flow analysis; Material stocks; Renovations; Residential buildings,Building components; Dynamic analysis; Building renovation; Dynamic material flow analyze; Dynamic materials; Material demands; Material Flow; Material stock; Materials flow analysis; Materials intensity; Renovation; Residential building; Housing; MATERIAL STOCK; LIFETIME,10.1007/s44498-026-00164-3,Article; Early Access,0,Scopus; Web of Science,2-s2.0-105047857281,WOS:001855197600001,,SCOPUS_S3-2.csv; savedrecs(1).txt
A provincial-level modeling framework for integrated building stock-energy-material-carbon assessment in China,Chen S.; Guo F.,2026,Energy and Climate Management,"The building sector plays a pivotal role in global climate governance and the achievement of carbon neutrality goals. However, most existing assessments of long-term low-carbon transitions in the building sector rely on analytical frameworks that decouple building energy use and carbon emissions from vintage-tracked building stock turnover. This disconnect limits the development of coherent and effective long-term decarbonization strategies for the sector. To address this gap, this study develops the MESSAGEix-China-Building-R31 model, an integrated modeling framework comprising five core modules: building stock turnover, energy demand, material demand, carbon emissions, and low-carbon transition. The framework captures the coupled evolution of stock–energy–material–carbon interactions across 31 Chinese provinces (The Hong Kong Special Administrative Region, the Macao Special Administrative Region, and Taiwan province are not included due to data availability) from 2025 to 2100. Calibration results demonstrate that the model can reliably reproduce historical building vintage dynamics and end-use energy intensities. As a comprehensive quantitative analysis tool, the MESSAGEix-China-Building-R31 model enables the exploration of province-specific and heterogeneous low-carbon transition pathways for China’s building sector by systematically linking key factors, including floor space demand projections, building stock evolution, occupant energy-use behavior, and low-carbon material strategies. The proposed modeling framework also provides a transferable methodological reference for other large emerging economies facing similar decarbonization challenges in the building sector. © The Author(s) 2026.",Building sector decarbonization; energy and material demand; low-carbon transition pathways; provincial heterogeneity; vintage-tracked stock turnover,,10.26599/ECM.2026.9400037,Article,0,Scopus,2-s2.0-105048976058,,,SCOPUS_S3-2.csv
From classrooms to care: evaluating long-term adaptability of school buildings to elderly care transformation,Staehr E.R.; Stevik T.K.; Houck L.D.,2026,Frontiers in Built Environment,"Across Europe, declining school enrolment and a rapidly ageing population are producing a spatial imbalance in the public building stock: vacant or underused schools coexist with a growing demand for elderly care facilities. This study demonstrates that contemporary school buildings designed for adaptability can support long-term transformation into assisted living facilities when specific spatial and structural conditions are embedded early in the design process. Using a Norwegian architectural competition as a case study, a prototypical assisted living unit was developed from regulatory standards, procurement data, literature, and field observations. The school proposals were then analysed through plan overlay techniques, qualitative spatial mapping, and a criteria-based comparative assessment to evaluate their transformation capacity. The results show that regular structural grids, modular classroom geometries, distributed façades with adequate daylight access, and robust circulation systems significantly increase conversion feasibility, while compact forms and load-bearing wall systems constrain it. Proposals that ranked highest in short-term adaptability also demonstrated the greatest long-term transformation potential. The findings position adaptability not merely as spatial flexibility within an educational programme, but as a strategic design principle that extends building lifespan, supports resource-efficient public investment, and strengthens the resilience of municipal infrastructure. Copyright © 2026 Staehr, Stevik and Houck.",architectural competition; assisted living design; building adaptability; building transformation; elderly care facilities; school building; school building transformation; sustainable public buildings,HEALTH,10.3389/fbuil.2026.1816907,Article,0,Scopus; Web of Science,2-s2.0-105045730523,WOS:001771128000001,,SCOPUS_S3-2.csv; savedrecs(1).txt
From Expansion to Renewal: Material Metabolism and Secondary Resource Potential of Urban Buildings in China Western Central Cities,Cao R.; Zhang G.; Yang T.; Wang F.; Du C.; Zhang X.; Sun L.,2026,Buildings,"Amid China’s transition from rapid urbanization to high-quality development, quantifying urban building metabolism is crucial for building resilient resource management systems. However, current research predominantly focuses on eastern cities, largely overlooking non-residential buildings. Here, we apply dynamic material flow analysis (dMFA) to quantify the material stocks of residential and non-residential buildings in two major economic hubs in western China, Xi’an and Chengdu. The stock patterns from 1950 to 2050 and the underlying drivers are further clarified. Model projections suggest that material stocks in both cities will peak around 2040, reaching 2.2 billion tons in Chengdu and 1.08 billion tons in Xi’an, under the intensive scenario. Chengdu reaches stock saturation 2 to 3 years earlier than Xi’an, and the total stocks are approximately twice those of Xi’an. Reinforced concrete and steel structures dominate future building development and increase the accumulation of cement and steel. Sand and gravel still account for the majority of building materials. Demand for new construction materials shows a pronounced double-peak pattern, occurring in 2016 and 2026. Construction waste is projected to rise sharply by mid-century; scenario analysis indicates that an 80% material recovery rate has the potential to largely offset new material demand. Sensitivity analysis identifies building lifetime extension and construction technology improvement as the strategies with the greatest potential for mitigating future waste generation. This study expands the scope of urban building material metabolism research and provides a scientific basis for low-carbon urban planning and construction waste management in China. © 2026 by the authors.",dynamic material flow analysis; material metabolism; non-residential buildings; secondary resource circulation; western central city,Construction; Dynamics; Housing; Metabolism; Natural resources; Reinforced concrete; Urban planning; Waste management; Dynamic material flow analyze; Dynamic materials; Material metabolism; Materials flow analysis; Non-residential building; Residential building; Secondary resource circulation; Secondary resources; Urban buildings; Western central city; Sensitivity analysis; IN-USE STOCKS; MATERIAL FLOW-ANALYSIS; DEMOLITION WASTE; MATERIALS DEMAND; DYNAMICS; CONSTRUCTION; EMISSIONS; ECONOMY; IRON,10.3390/buildings16132481,Article,0,Scopus; Web of Science,2-s2.0-105044519087,WOS:001817796800001,,SCOPUS_S3-2.csv; savedrecs(1).txt
Long-term changes in the lifespan of buildings at the national level: A case study in Japan,Kayo C.; Sanjo K.; Tanikawa H.; Komata H.; Maekawa Y.; Tonosaki M.,2026,Energy and Buildings,"Understanding long-term changes in building lifespan at the national level is essential for predicting future building-related stocks and flows, assessing energy consumption and environmental impacts, and developing effective countermeasures. This study calculated the survival rate of building stock over time for each inflow and stock year and estimated appropriate survival functions and their key parameter—the half-life (defined as the number of elapsed years at which the survival rate reaches 50%)—based on time-series data on building stock by construction year in Japan. Logistic, normal, log-normal, Weibull, and gamma distributions were considered for survival functions. For stock-year-based analysis, the most suitable survival functions were the log-normal distribution for wooden buildings and the Weibull distribution for non-wooden buildings. As of 2021, the estimated half-life was 50 years for wooden buildings and 52 years for non-wooden buildings, an increase of 15 and 16 years, respectively, over the past 30 years. Future half-life projections toward 2050 were explored under multiple scenarios, including unconstrained and saturating forms, to explicitly reflect structural uncertainty in long-term projections. The findings provide insights for projecting future material stocks and flows in the building sector and for assessing life-cycle environmental impacts, thereby supporting environmental planning and policies. © 2026 The Author(s).",Building lifespan; Building stock; Material stock; Non-wooden buildings; Survival analysis; Wooden buildings,Energy utilization; Environmental impact; Life cycle; Life cycle assessment; Normal distribution; Timber; Weibull distribution; Building lifespan; Building stocks; Half lives; Lifespans; Long-term changes; Material stock; National level; Non-wooden building; Survival analysis; Survival Function; Wooden buildings; MATERIAL STOCK; CARBON; TIME; WOOD; PRODUCTS,10.1016/j.enbuild.2026.117220,Article,1,Scopus; Web of Science,2-s2.0-105031002270,WOS:001705879500004,,SCOPUS_S3-2.csv; savedrecs(1).txt