Stage,Layer,Record key,Title,Year,Source title,DOI,Database provenance,Positive scope signals,Candidate noise flags,Abstract,Manual decision (relevant/irrelevant/uncertain),Exclusion or uncertainty reason,Reviewer,Evidence note
S1,Broad,doi:10.1080/09613218.2016.1152531,Mortality analysis of an urban building stock,2017,Building Research and Information,10.1080/09613218.2016.1152531,Scopus; Web of Science,building_attributes,,"Research is presented on the estimation of the lifespan of cohorts of buildings and building stocks. This is based on the analysis of extensive longitudinal data of the 55 000 buildings in the City of Zurich from 1832 and 2010. The survival probability from different perspectives considers age, construction periods, and demolition periods for both existing and demolished buildings. Survival probability is established using a Kaplan–Meier estimator. A more in-depth approach to the mortality of buildings is then determined by differentiating building age, use, size and geographical situation (district). The use of a common geographical information system (GIS) allows longitudinal building data to be linked to a geographical hierarchy of three levels of analysis (city, district and building) accounting for the different granularity on each level (neighbourhoods, quarters, building parts). A comparison of the two methods indicates that the choice of the observed time periods can lead to very different results. The analysis of the three levels shows the possibilities and limits of combined statistical and historical approaches. Mortality analysis is a promising approach to inform policy and practice; it could become a new link between long-term scenario planning, construction policies and institutional regimes. © 2016 Informa UK Limited, trading as Taylor & Francis Group.",,,,
S1,Broad,doi:10.1193/1.2162940,"Updating GIS building inventory data using high-resolution satellite images for earthquake damage assessment: Application to Metro Manila, Philippines",2006,Earthquake Spectra,10.1193/1.2162940,Scopus; Web of Science,remote_sensing,,"In order to conduct earthquake damage assessment, a methodology for updating GIS building inventory data in Metro Manila, Philippines, using remote sensing data is proposed. The locations of newly constructed mid- and high-rise buildings are detected from high-resolution satellite images using the image analysis technique, while the number of low-rise buildings is estimated from the built-up areas on a land cover classification map. The building inventory data is updated by incorporating the data on the newly constructed buildings into the existing data. The number of buildings in the updated inventory data shows good agreement with the results of the manual interpretation and a recent survey. A building damage assessment for a scenario earthquake is conducted using the updated inventory data. © 2006, Earthquake Engineering Research Institute.",,,,
S1,Broad,doi:10.1088/2634-4505/ac6d08,Building material stock analysis is critical for effective circular economy strategies: a comprehensive review,2022,Environmental Research: Infrastructure and Sustainability,10.1088/2634-4505/ac6d08,Scopus; Web of Science,remote_sensing,,"Buildings account for the largest share of accumulated materials and waste globally. Tracking the material composition, quantity and location of these materials, known as building material stock analysis (MSA), is a first step in enabling the reuse or repurposing of materials, key strategies of the circular economy. While the number of building MSAs is growing, there is a need to coalesce methods, data and scope. Therefore, in this work, we reviewed and evaluated 62 journal and conference articles on MSA of buildings from different angles including scope, boundaries, archetype classification, material intensity determination, approaches (i.e. bottom-up, top-down, remote sensing) and quantity of materials to identify barriers, gaps and opportunities in this area along with its implications for decision-making, policy and regulations. We cataloged the three major approaches of MSAs and discuss their advantages and shortcomings. We also created a comprehensive directory of building archetypes, references and materials for future researchers. As expected, most of the studies estimated that concrete had the largest mass compared with other materials; however, mass-based distribution of materials showed significant variations in different building stocks across the world. Also, embedded plastics and their types remain under-represented in current studies. A major barrier to MSA is related to a lack of information on physical attributes and geographic information system, design and construction data. Policy makers can play a role in mitigating data barriers through instituting regulations that enforce the reporting of building-related data during the permitting process. Furthermore, outcomes of building MSA can help policy makers when considering incentives for design and construction that utilize these abundant building materials. © 2022 The Author(s). Published by IOP Publishing Ltd.",,,,
S1,Broad,doi:10.1109/igarss.2016.7730911,Detection of building radar footprints from single VHR SAR images,2016,2016 IEEE International Geoscience and Remote Sensing Symposium (IGARSS),10.1109/IGARSS.2016.7730911,IEEE Xplore,,,"The new advanced very high resolution (VHR) synthetic aperture radar (SAR) sensors are capable of achieving sub-meter resolution, which offers the opportunity for a fine level of analysis of man-made structures. In this paper, we present a method for the detection and 2-D reconstruction of building radar footprints from VHR SAR scenes. The method is based on the extraction of a set of low-level features from the image and on their composition to more structured primitives using a perceptual organization method. Based on the backscattering model of gable-roofed building, building candidates are firstly detected with a circular detector proposed in this paper, then roof edges are extracted by a line detector and radar footprints are finally reconstructed. Experimental results confirm that our algorithm performs well.",,,,
S1,Broad,doi:10.1117/12.2241746,Assessment of seismic loading on structures based on airborne LiDAR data from the Kalochori urban area (N. Greece),2016,FOURTH INTERNATIONAL CONFERENCE ON REMOTE SENSING AND GEOINFORMATION OF THE ENVIRONMENT (RSCY2016),10.1117/12.2241746,Scopus; Web of Science,remote_sensing; lidar_point_cloud,,"Airborne LiDAR monitoring integrated with field data is employed to assess the fundamental period and the seismic loading of structures composing an urban area under prescribed earthquake scenarios. I' piecewise work-flow is adopted by combining geometrical data of the building stock derived from a LiDAR-based 3D city model, structural data from in-situ inspections on representative city blocks and results of soil response analyses. The procedure is implemented in the residential area of Kalochori, (west of Thessaloniki in Northern Greece). Special attention is paid to the in-situ inspection of the building stock in order to discriminate recordings between actual buildings and man-made constructions that do not conform to seismic design codes and to acquire additional building stock data on structural materials, typologies and number of stories which is not feasible by the LiDAR process. The processed LiDAR and field data are employed to compute the fundamental period of each building by means of code-defined formulas. Knowledge of soil conditions in the Kalochoti area allows for soil response analyses to obtain free-field at ground surface under earthquake scenarios with varying return period. Upon combining the computed vibrational characteristics of the structures with the free-field response spectra, the seismic loading imposed on the structures of the urban area under investigation is derived for each one of the prescribed seismic motions. Results are presented in GIS environment in the form of spatially distributed spectral accelerations with direct implications in seismic vulnerability studies of an urban area. © 2016 SPIE.",,,,
S1,Broad,doi:10.1109/tgrs.2022.3174636,Semi-Supervised Building Footprint Generation with Feature and Output Consistency Training,2022,IEEE Transactions on Geoscience and Remote Sensing,10.1109/TGRS.2022.3174636,Scopus; IEEE Xplore; Web of Science,remote_sensing; computer_vision; building_attributes,,"Accurate and reliable building footprint maps are vital to urban planning and monitoring, and most existing approaches fall back on convolutional neural networks (CNNs) for building footprint generation. However, one limitation of these methods is that they require strong supervisory information from massive annotated samples for network learning. State-of-the-art semi-supervised semantic segmentation networks with consistency training can help deal with this issue by leveraging a large amount of unlabeled data, which encourages the consistency of model output on data perturbation. Considering that rich information is also encoded in feature maps, we propose to integrate the consistency of both features and outputs in the end-to-end network training of unlabeled samples, enabling to impose additional constraints. Prior semi-supervised semantic segmentation networks have established cluster assumption, in which the decision boundary should lie in the vicinity of low sample density. In this work, we observe that for building footprint generation, low-density regions are more apparent at the intermediate feature representations within the encoder than the encoder's input or output. Therefore, we propose an instruction to assign the perturbation to the intermediate feature representations within the encoder, which considers the spatial resolution of input remote sensing imagery and the mean size of individual buildings in the study area. The proposed method is evaluated on three datasets with different resolutions: Planet dataset (3 m/pixel), Massachusetts dataset (1 m/pixel), and Inria dataset (0.3 m/pixel). Experimental results show that the proposed approach can well extract more complete building structures and alleviate omission errors.  © 1980-2012 IEEE.",,,,
S1,Broad,doi:10.1007/978-3-031-49791-9_17,Simulation-Based Data-DrivenWind Engineering-Analyzing the Influence of Building Proximity and Skyways on Pedestrian Comfort,2024,"ADVANCES IN COMPUTATIONAL MECHANICS AND APPLICATION, OES 2023",10.1007/978-3-031-49791-9_17,Web of Science,,,"Pedestrian wind comfort and safety is an important factor in urban city planning. Building structures and details can significantly impact the wind environment, causing undesirable accelerations of the wind close to the ground. Commonly used methods to analyze the wind environment include wind tunnel experiments and computational fluid dynamics simulations. Recently, machine learning techniques have also been proposed as an alternativemethod. These methods require a large amount of training data to build a prediction model, and existing simulation models can be suitable for the generation of such data. This work demonstrates a methodology to perform a large number of computational fluid dynamics simulations to generate training data for wind engineering problems. The methodology is then applied to analyze the influence of building proximity on pedestrian wind comfort. Additionally, the influence of a skyway, or pedestrian bridge, between the buildings is included. A comprehensive set of simulations is performed varying the surrounding building size and the skyway elevation, span and height. A hybrid approach is then applied, where a data-driven approach is used to identify dominating parameters and to build a fast predictive model, while the simulation data is used to gain further insight into the physical phenomena.",,,,
S1,Broad,doi:10.1117/12.2636032,UAV-borne remote sensing for AI-assisted support of search and rescue missions,2022,Proceedings of SPIE - The International Society for Optical Engineering,10.1117/12.2636032,Scopus; Web of Science,remote_sensing; lidar_point_cloud,,"In search and rescue (SAR) missions every minute counts. Semi-collapsed buildings are among the difficult scenarios encountered by search and rescue teams. An UAV-based exploration system can provide crucial information on the accessibility of different sectors, hazards, and injured people. The research project “UAV-Rescue” aims to provide UAV-borne sensing and investigate the use of AI to support this powerful tool. The sensor suite contains a radar sensor for detecting people based on breath and pulse movement. A neural network interprets the extracted data to identify signs of human life and as such persons that need rescuing. We also fuse radar and lidar data to explore the environment of the UAV and obtain a robust basis for simultaneous localization and mapping even under restricted visibility conditions. Additionally, we plan to use AI to support the path planning of the drone taking the digital map as input. Furthermore, AI is leveraged to map intact and damaged building structures. Potentially hazardous gases common to urban settings are tracked. We fuse the acquired information into a model of the explored area with marked locations of potential hazards and people to be rescued. The project also addresses ethical and societal issues raised by the use of UAVs close to people as well as AI supported decision making. The talk will present the system concept including interfaces and sensor fusion approaches. We will show first results of a research project from static and dynamic measurement campaigns demonstrating the capability of radar and lidar based sensing in a complex urban environment. © 2022 SPIE.",,,,
S1,Broad,doi:10.1007/978-3-031-61137-7_4,Prediction of Optimal Locations for 5G Base Stations in Urban Environments Using Neural Networks and Satellite Image Analysis,2024,Lecture Notes in Computer Science (including subseries Lecture Notes in Artificial Intelligence and Lecture Notes in Bioinformatics),10.1007/978-3-031-61137-7_4,Scopus; Web of Science,remote_sensing,," Deploying 5G networks in urban areas is crucial for meeting the increasing demand for high-speed, low-latency wireless communications. However, the complex topography and diverse building structures in urban environments have challenges in identifying suitable locations for base stations. This research explores leveraging deep learning neural networks to analyze satellite imagery, creating a predictive tool for identifying potential rooftop locations. Integrating these predictions into a user-friendly desktop application simplifies the site selection process, reducing the need for costly and labor-intensive site visits in 5G network deployment. This approach democratizes the deployment process, making it accessible to a broader audience. The combination of advanced technology and satellite imagery offers a promising solution to efficiently deploy 5G base stations in urban landscapes, contributing to the widespread adoption of this technology in densely populated areas and advancing 5G connectivity globally. © The Author(s), under exclusive license to Springer Nature Switzerland AG 2024.",,,,
S1,Broad,title:framework for rapid earthquake loss assessment and recovery aspects of the relar project,FRAMEWORK FOR RAPID EARTHQUAKE LOSS ASSESSMENT AND RECOVERY: ASPECTS OF THE RELAR PROJECT,2024,World Conference on Earthquake Engineering proceedings,,Scopus,,,"The rapid and accurate assessment of earthquake-induced losses, followed by efficient recovery planning and execution, is a paramount concern for disaster-prone regions. This paper outlines the key aspects of the Framework for Rapid Earthquake Loss Assessment and Recovery (RELAR) project, financed by the Ministry of Science, Technological Development and Innovation of the Republic of Serbia, within the call PRISMA. It offers a comprehensive and innovative approach to address these challenges, aiming to expedite the response and enhance resilience in earthquake-affected regions. The conventional approaches are either inaccurate or slow considering the technological requirements and the necessity of experts' time. Additional limitations of the traditional methods include limited data availability, inflexibility, lack of adaptability, etc. Therefore, the contribution of the mentioned project is significant in terms of providing timely and precise information in case of seismic events. RELAR introduces Machine Learning (ML) and Image Recognition (IR) techniques, thereby ensuring innovation, easy implementation, accuracy, and reliability of loss estimation and total repair costs for affected building stock. The project provides a prediction of structural damages independently of ground motion data and enhances the speed and precision of estimating the overall costs of repairs. The outcome of the project is expected to provide practically applicable ML algorithms and procedures with possible implementation on related problems, availability of data important for the scientific community, verified and validated damage and loss assessment models, with accompanying guidelines. The aspects presented in this paper contribute valuable tools and insights in the project scope, aiding in the development of proactive earthquake risk mitigation and recovery strategies. © 2024, International Association for Earthquake Engineering. All rights reserved.",,,,
S1,Broad,doi:10.1111/jiec.13174,Semisupervised machine learning classification framework for material intensity parameters of residential buildings,2022,Journal of Industrial Ecology,10.1111/jiec.13174,Scopus; Web of Science,building_attributes,,"The material intensity (MI) parameter plays an important role when determining amounts of material stocks, material inflows, and material outflows in material stock models. Recently, several studies have summarized MI parameter information for buildings from around the globe into a single database. Nevertheless, insufficiencies of building type information have led to difficulties when using MI data. This study used semisupervised machine learning to classify MI. An open database of MI parameters of buildings was used as input data for our semisupervised machine learning model. We used material composition data of MI as feature data fed into our machine learning (ML) model. Attribute information of those data points belongs to clusters obtained from the original database was used as information to discover building characteristics of buildings in each building of those clusters to assign building labels for data points of the original dataset. Experiment results revealed seven building clusters in the studied dataset. The probability density function of MI of three building clusters follows a Weibull distribution. The remaining clusters follow gamma and lognormal distributions. Building type labels inferred from the results are useful as additional attributes to the original dataset, providing a new dataset of MI that can be adapted easily for other studies when country-specific MI data are not available. A decision tree for finding appropriate MI parameters was also introduced. The classification model accuracy was 92.73%, which was achieved using only 201 data points. The proposed framework presents possibilities for application to other MI studies. This article met the requirements for a Gold-Gold JIE data openness badge described at http://jie.click/badges. © 2021 by Yale University.",,,,
S1,Broad,doi:10.1007/978-981-32-9139-3_27,Investigation of Factors and Construction of Statistical Models on Predicting Life Casualties in Building Fires in New Taipei City,2020,The Proceedings of 11th Asia-Oceania Symposium on Fire Science and Technology,10.1007/978-981-32-9139-3_27,Scopus,,,"The main purpose of this study is to investigate on finding factors significantly affecting life casualties in building fires and constructing explanatory models for prediction. Factors were firstly generalized from literature review, and then an empirical study using data from fire cases during 2015 to June 2017 in New Taipei City was conducted. Chi-square test and t-test were performed later on to screen out factors closely related to life casualties, and those factors were then put into binary logistic regression analysis stepwise subsequently. The statistically significant variables in the three convergent models (human factors group, ignited and building environmental factors group, and built-in fire safety measures, rescue and fire growth factors group) were physical and mental illness, state of consciousness, horizontal fire compartment, narrow alleys, building structure, fire phases, and hydrant separately. By using the proposed binary logistic models, the overall correct classification rates were up to 81.5, 81.6, and 70.4%, respectively. Ultimately, the study provides suggestion in law enforcement, public education, and fire prevention planning. © Springer Nature Singapore Pte Ltd. 2020.",,,,
S1,Broad,doi:10.1007/s10518-023-01768-x,"Estimating urban seismic damages and debris from building-level simulations: application to the city of Beirut, Lebanon",2023,Bulletin of Earthquake Engineering,10.1007/s10518-023-01768-x,Scopus; Web of Science,remote_sensing,,"The estimation of seismic damages and debris at the urban scale—at a building-by-building level- is challenging for several reasons. First, commonly used methodologies for seismic damage estimation rarely take into account the local site effects, precisely at the building-level. Second, the available methods for debris estimation fail to estimate at the same time the quantity of debris generated per building according to its damage level and the distribution of the debris (extent and height) around buildings. Finally, the lack of comprehensive data on the building stock and the relevant building properties and their taxonomy further increases the complexity of assessing possible earthquake consequences at an urban scale. This paper addresses these challenges and proposes improvements to the assessment of seismic damages and debris from building-level simulations, along with the development of a 3D building model based on satellite images and heterogeneous data. These developments, applied to the city of Beirut, Lebanon, highlight the control of the site effects on the seismic damage’s spatial distribution throughout the city and the large volume and extent of debris to be expected in the city for a strong earthquake. © 2023, The Author(s), under exclusive licence to Springer Nature B.V.",,,,
S1,Broad,doi:10.1016/j.isprsjprs.2024.07.012,Point2Building: Reconstructing buildings from airborne LiDAR point clouds,2024,ISPRS Journal of Photogrammetry and Remote Sensing,10.1016/j.isprsjprs.2024.07.012,Scopus; Web of Science,lidar_point_cloud,,"We present a learning-based approach to reconstructing buildings as 3D polygonal meshes from airborne LiDAR point clouds. What makes 3D building reconstruction from airborne LiDAR difficult is the large diversity of building designs, especially roof shapes, the low and varying point density across the scene, and the often incomplete coverage of building facades due to occlusions by vegetation or the sensor's viewing angle. To cope with the diversity of shapes and inhomogeneous and incomplete object coverage, we introduce a generative model that directly predicts 3D polygonal meshes from input point clouds. Our autoregressive model, called Point2Building, iteratively builds up the mesh by generating sequences of vertices and faces. This approach enables our model to adapt flexibly to diverse geometries and building structures. Unlike many existing methods that rely heavily on pre-processing steps like exhaustive plane detection, our model learns directly from the point cloud data, thereby reducing error propagation and increasing the fidelity of the reconstruction. We experimentally validate our method on a collection of airborne LiDAR data from Zurich, Berlin, and Tallinn. Our method shows good generalization to diverse urban styles. © 2024 The Author(s)",,,,
S1,Broad,doi:10.1117/12.2684330,Dual Attention Based Deep Learning Approach for Building Segmentation of Remote Sensing Images,2023,Proceedings of SPIE - The International Society for Optical Engineering,10.1117/12.2684330,Scopus; Web of Science,remote_sensing; computer_vision,,"Accurate segmentation of buildings in remote sensing images is crucial for various applications, like urban planning, disaster management, and environmental monitoring. Traditional methods often struggle to handle the complexity of building structures and appearances. In this work, we utilize a multi-level multiple attention-based approach in the DeepLabv3+ model for obtaining global context and local information through the dual attention mechanism and convolutional block attention module. Rather than deploying superficial convolution layers, EfficientNetB7 is used as an encoder. Dual attention comprising of position attention module and channel attention module are added to the output of atrous spatial pyramid pooling model. This is done to obtain the inter-relationship between spatial and channel dimensions. The position attention module obtains the interdependencies of similar features irrespective of their distances through a weighted sum of the features at all positions in the image. Whereas channel attention focuses on improvising correlated channel information by incorporating relevant features across all channel maps. Also, convolutional block attention module is incorporated for better representation of low-level features which is added to the top of the pre-trained residual network backbone. The result of the two attention modules provides better segmentation results. The proposed model was executed on a building dataset, namely Massachusetts Building Dataset. The experimental results demonstrate the improved performance of the proposed model by increasing the mIoU by 0.47% on the dataset, respectively as compared to current state-of-the-art models. © 2023 SPIE.",,,,
S1,Broad,doi:10.1007/s40201-026-00978-0,From satellite imagery to material outflows: master plan and deep learning-based quantification of demolition materials to support circular construction,2026,Journal of Environmental Health Science and Engineering,10.1007/s40201-026-00978-0,Scopus; Web of Science,remote_sensing; building_attributes,,"Developing countries, undergoing rapid urbanization, have a keen interest in circular economy and its application in the construction sector in hopes of alleviating stresses on urban resources and waste management systems. This study presents a novel approach to identifying the demolition candidates from a city master plan, estimating natural building turnover from past demolitions, and quantifying the resultant materials with a potential to close the loop. Astana, the capital of Kazakhstan, was selected as a representative case due to its booming construction development along with scarce data on demolition activities. The methodology included (1) using ArcGIS and its fine-tuned Mask RCNN model to extract building footprints, (2) manual identification of demolition activities, (3) characterization of the building stock based on the city’s master plan to estimate the demolition waste composition, and using results obtained, (4) the prediction of annual demolition material volumes until 2035. The model for footprint extraction from past satellite imagery achieved 70.1% object-based recall (≥ 50% overlap with ground truth) while the average error for the footprint area estimation was 2.0%. Between 2016 and 2022, there were nearly 4,500 demolition works resulting in over 108 Mt of demolition materials including concrete (57.6%), steel (3.6%), brick (14.0%), wood (7.4%), and others (17.4%). Due to planned land-use changes occurring over a third of the city area by 2035, around 9,000 buildings with cumulative 500 Mt of materials are potential demolition candidates and, by extension, sources for urban mining. The proposed methodology allows to capitalize on the knowledge from city master plans and paves way to preparing a city-scale waste management strategy on how to incorporate demolition materials into new construction and close the material loop. © The Author(s), under exclusive licence to Tehran University of Medical Sciences 2026.",,,,
S1,Broad,title:seismic vulnerability assessment of existing buildings in india using gis techniques,Seismic vulnerability assessment of existing buildings in India using GIS techniques,2017,"38th Asian Conference on Remote Sensing - Space Applications: Touching Human Lives, ACRS 2017",,Scopus,remote_sensing,,"Estimation of seismic hazard, structural vulnerability and exposure of building stock are the main components in the seismic risk assessment of an area. India has experienced nine damaging earthquakes in the past two decades, with significant risk to lives, properties and economic activities. The high seismic vulnerability of its housing stock was evident in the Bhuj earthquake in 2001. Methodologies that are capable of predicting accurate and reliable assessment of seismic vulnerability of the existing building stock in future earthquakes are fundamental in the preparation of risk assessment and retrofitting strategies. This paper presents a review of the existing techniques and methodologies that have been developed/ proposed for the assessment of seismic vulnerability of existing reinforced concrete (RC) framed buildings. The key factors of the methodologies, including evaluation of seismic scenarios and ground motion intensity measures; sampling of buildings; characterisation of building parameters; choice of analysis methods and structural models; effect of local soil profile and soil-structure interaction (SSI) on the building performance and estimation of damage levels are discussed. The suitability of the existing methodologies for seismic scenarios in India is studied. The applicability of Geographic Information System (GIS), as a tool to assess the seismic vulnerability for speedy generation and updating of the hazard maps of the areas, with the development of inventory databases of the building stock will also be evaluated. © 2017 ACRS. All rights reserved.",,,,
S1,Broad,doi:10.1002/eqe.4227,Seismic risk prioritization of masonry building stocks using machine learning,2024,Earthquake Engineering and Structural Dynamics,10.1002/eqe.4227,Scopus; Web of Science,,,"The seismic risk mitigation plans are vital since vulnerable structures are prone to partial or total collapse under the effect of future major earthquake events. Therefore, vulnerable structures in large building stocks should be determined using robust and accurate methods to prevent loss of lives and property. In the current state-of-the-art, the risk states (i.e., whether risky or not) of structures completely depend on the experience of the reconnaissance team of engineers, which could not result in standardized decisions. In this study, machine learning has been integrated into the decision-making algorithm to classify more precise and reliable seismic risk states of masonry buildings, categorizing them into up to four risk categories. For this purpose, a large database, including 12 features and detailed seismic risk analysis results of 4356 masonry buildings, is formed. Firstly, the input variables are preprocessed using feature engineering methods. Then, several machine learning algorithms are utilized to produce a network to estimate the risk state of masonry buildings in association with the risk states obtained from the detailed analysis results. As a result of the analysis of these algorithms, the correct prediction percentages for the testing database of the proposed method for two, three, and four risk states classification are predicted as approximately 87.5%, 86.6%, and 79.0%, respectively. This new approach makes it possible to produce risk color maps of large building stocks and reduce the number of buildings that require immediate action. © 2024 The Author(s). Earthquake Engineering & Structural Dynamics published by John Wiley & Sons Ltd.",,,,
S1,Broad,doi:10.1109/jstars.2020.3011543,Uncertainties of human perception in visual image interpretation in complex urban environments,2020,IEEE Journal of Selected Topics in Applied Earth Observations and Remote Sensing,10.1109/JSTARS.2020.3011543,Scopus; IEEE Xplore; Web of Science,remote_sensing; computer_vision,,"Today satellite images are mostly exploited automatically due to advances in image classification methods. Manual visual image interpretation (MVII), however, still plays a significant role e.g., to generate training data for machine-learning algorithms or for validation purposes. In certain urban environments, however, of e.g., highest densities and structural complexity, textural and spectral complications in overlapping roof-structures still demand the human interpreter if one aims to capture individual building structures. The cognitive perception and real-world experience are still inevitable. Against these backgrounds, this article aims at quantifying and interpreting the uncertainties of mapping rooftop footprints of such areas. We focus on the agreement among interpreters and which aspects of perception and elements of image interpretation affect mapping. Ten test persons digitized six complex built-up areas. Hereby, we receive quantitative information about spatial variables of buildings to systematically check the consistency and congruence of results. An additional questionnaire reveals qualitative information about obstacles. Generally, we find large differences among interpreters' mapping results and a high consistency of results for the same interpreter. We measure rising deviations correlate with a rising morphologic complexity. High degrees of individuality are expressed e.g., in time consumption, in-situ- or geographic information system (GIS)-precognition whereas data source mostly influences the mapping procedure. By this study, we aim to fill a gap as prior research using MVII often does not implement an uncertainty analysis or quantify mapping aberrations. We conclude that remote sensing studies should not only rely unquestioned on MVII for validation; furthermore, data and methods are needed to suspend uncertainty.  © 2008-2012 IEEE.",,,,
S1,Broad,doi:10.14744/megaron.2024.22316,"Determination of the relationship between housing characteristics and housing prices before and after the Kahramanmaraş earthquake using machine learning: A case study of Adana, Turkiye",2024,MEGARON,10.14744/megaron.2024.22316,Web of Science,building_attributes,,"Earthquakes have a significant impact on the real estate sector. Damage caused by earthquakes leads to an imbalance in the supply and demand for housing, thus temporarily causing stagnation in the real estate sector. Two earthquakes occurred in the Pazarc & imath;k and Elbistan districts of Kahramanmara & scedil; on February 6, 2023, at 04:17 am with a magnitude of 7.7 and at 13:24 pm with a magnitude of 7.6. A machine learning-based model was created to analyze the change in house prices and the variables affecting the price during the earthquake, which is called ""the Disaster of the Century."" After the earthquake, the prices of houses for sale in the central districts of Adana province (Seyhan, Y & uuml;re & gbreve;ir, Sar & imath;& ccedil;am, and & Ccedil;ukurova), where there was the least damage, were collected from the relevant website with a web scraper. These data were classified as categorical and numerical datasets, and the necessary pre-processing stage for machine learning algorithms was performed. The characteristics that change and are effective in housing preferences before the earthquake (February 2022) and after the earthquake (February 2023) were determined by the decision tree method, which is one of the machine learning algorithms. In this context, it is aimed to determine the housing variables that are effective in before- and after-earthquake pricing in the central districts of Adana province. In the study, while 'Building Age and Number of Rooms' are effective in determining the price in 2022, 'Housing Shape and Facade' features come to the fore in 2023. The housing characteristics that affect the price change in two years. The change in housing preference criteria after the earthquake shows that the lifestyle in cities has also changed. According to this change, it requires the development of new approaches in urban design and planning approaches and is expected to be a reference for future studies.",,,,
S1,Broad,doi:10.1016/j.rineng.2026.109400,Physics-regularized deep learning framework for floor impact sound prediction in residential buildings: A civil engineering approach,2026,Results in Engineering,10.1016/j.rineng.2026.109400,Scopus; Web of Science,,,"Inter-floor noise in multi-family residential buildings constitutes a critical structural-acoustic challenge, causing health deterioration and legal disputes in densely populated urban areas. While deep learning offers promising predictive capabilities, purely data-driven models lack the physical coherence required for reliable civil engineering applications—with 34–71% of predictions violating fundamental acoustic laws. This study develops a physics-regularized multi-modal deep learning framework integrating structural parameters and acoustic spectrograms through a hybrid CNN-LSTM architecture. Fundamental principles governing sound transmission in concrete structures, including the Mass Law and Coincidence Effect derived from Kirchhoff-Love plate theory, are embedded as differentiable constraints within the loss function. The framework leverages field measurements from 203 Korean residential buildings with Leave-One-Building-Out cross-validation ensuring generalization to unseen building configurations. The proposed model achieves prediction errors of 3.95 dB for light impact and 1.15 dB for heavy impact noise, representing 10% improvement over baseline models. Physics violation rates are reduced from 71% to 1.8%, ensuring predictions respect structural mechanics principles. The framework demonstrates 89.4% accuracy in predicting regulatory compliance with the 58 dB Korean Building Code standard, enabling reliable performance-based acoustic evaluation during design phases. This work establishes a new benchmark for physically coherent acoustic prediction in building structures, bridging the gap between data-driven artificial intelligence and the engineering reliability required for construction quality management and proactive structural design optimization. © 2026 The Authors.",,,,
S1,Broad,doi:10.5194/isprs-archives-xlix-b2-2026-517-2026,Comparison of Different Object Detection Methods for Automatic Facade Enrichment of Existing Building Models from Aerial Images,2026,"International Archives of the Photogrammetry, Remote Sensing and Spatial Information Sciences - ISPRS Archives",10.5194/isprs-archives-XLIX-B2-2026-517-2026,Scopus,remote_sensing; computer_vision; building_attributes,,"This study investigates the enrichment of existing building models using deep learning-based window detection from oblique aerial imagery acquired by a high-end multi-camera sensor system. While many cities maintain LOD2 building models at Level of Detail 2, higher levels of detail require the integration of facade elements such as windows. Three detection strategies are evaluated using 3D reference building models to assess accuracy and completeness. The test site is located in Vienna and consists of multiple large residential buildings with varying facade characteristics. The evaluated methods include zero-shot object detection with Grounding DINO combined with Segment Anything Model 2, applied to both oblique images and facade orthophotos, as well as a SAM2-UNeXT network requiring minimal training. Results indicate that zero-shot detection on orthophotos achieves the best performance, with a precision of 0.95 and an F1 score of 0.85. In contrast, the SAM2-UNeXT approach shows lower precision and F1 scores but slightly higher recall. The investigation shows that detection performance is influenced by facade viewing angles. Steeper viewing angles generally improve detection quality but increase susceptibility to occlusions, particularly in dense urban environments. The article concludes with a detailed outlook on future work, including the extension of the approach to more complex three-dimensional building structures. © Author(s) 2026.",,,,
S1,Broad,doi:10.35490/ec3.2024.266,EQUIRECTANGULAR 360°IMAGE DATASET FOR DETECTING REUSABLE CONSTRUCTION COMPONENTS,2024,Proceedings of the European Conference on Computing in Construction,10.35490/EC3.2024.266,Scopus,computer_vision,,"Insufficient as-built data hinders the transition of the architecture, engineering and construction (AEC) sector to a circular system. Combining reality capture and machine learning (ML) could help better detect reusable components. However, a comprehensive image dataset of on-site inventory for circular economy strategies has yet to be developed. This study introduces and describes the generation of a purpose-built, 360°dataset. Initial validation using the YOLOv8 object detection model demonstrates a 63.4% mean average precision (mAP50), making it viable for computer vision. Further exploration of automating building stock inventory using 360-degree images and ML for urban mining is needed. © 2024 European Council on Computing in Construction.",,,,
S1,Broad,doi:10.3390/urbansci9040122,Proximity Features: A Random Forest Approach to the Influence of the Built Environment on Local Travel Behavior,2025,Urban Science,10.3390/urbansci9040122,Scopus; Web of Science,building_attributes,,"Recent European policies fostering sustainable mobility target urban proximity as a core strategy for a modal shift towards low-carbon modes. Urban proximity, as a characteristic of the built environment, can be studied as a sub-thread of a broad and complex body of literature which associates urban factors such as density or land use mix with observed travel behavior, so as to address their relative influence on the latter. Building on this previous knowledge, the present work addresses the importance of a diverse set of factors on local travel modal choice between walking and other modes, according to the 2018 Household Mobility Survey of the Metropolitan Region of Madrid, and a large variety of demographic and built environment characteristics. The work proposes to address this importance through a workflow on a set of Machine Learning models, filtering different distance thresholds and purposes of the trips, going through a strict feature selection process, and executing under different schema definitions. The resulting models are inspected for accuracy, feature importance, and composition. Results suggest that even small changes in distance thresholds exert a great impact on all models; sociodemographic variables are slightly more important in most models, yet building age, along with other street layout factors, pervasively obtain fairly accurate predictions too. © 2025 by the authors.",,,,
S1,Broad,doi:10.1016/j.egypro.2017.09.741,Impact of spatial accuracy on district energy simulations,2017,11TH NORDIC SYMPOSIUM ON BUILDING PHYSICS (NSB2017),10.1016/j.egypro.2017.09.741,Scopus; Web of Science,,,"An integrated approach using district energy simulations is essential to analyse energy efficient buildings and cities. Thereby, an accurate building representation in dimensions of space is considered as an essential boundary condition. Nonetheless, district energy simulations are often carried out using a limited set of archetype buildings. This paper analyses therefore the impact of a more accurate building representation in district energy models, for a given district. Three approaches to include building geometry with a different level of detail are extensively analysed through a comparison of geometrical properties, peak power, total energy use and overheating risk. The GIS-based approach is favoured for the design of district energy systems, as it enables a more accurate and automatic implementation of the spatial dimension of the dynamic energy simulation results. (C) 2017 The Authors. Published by Elsevier Ltd.",,,,
S1,Broad,doi:10.1016/j.ijdrr.2022.103334,Empirical estimation based on remote sensing images of insured typhoon-induced economic losses from building damage,2022,International Journal of Disaster Risk Reduction,10.1016/j.ijdrr.2022.103334,Scopus; Web of Science,remote_sensing,,"Rapid and cost-effective economic loss estimation for buildings in non-life insurance is an important issue for insurance industries in order to provide immediate financial supports to residents affected by natural disasters. This study introduces an empirical approach for economic loss estimation of typhoon-induced building damage from post-disaster remote sensing (RS) images based on insurance records obtained in Osaka and Chiba, Japan affected by the 2018 Typhoon Jebi and the 2019 Typhoon Faxai, respectively. From the insurance records and the analysis of the RS images, we found that area-based loss rates (ALRs) defined as ratio of amount of loss to amount of insured values within a mesh were proportional to building damage ratios (BDRs) identified from number of damaged buildings in the RS images and existing building inventory data, whereas it was still challenging to accurately estimate loss rate for building-by-building even from very high-resolution images. A linear regression function was developed from the relationship between the ALRs and BDRs obtained in this study. We confirmed that the regression function provided a good approximation of the insured losses from the typhoon disasters. The result indicates that typhoon-induced insured losses can be rapidly estimated from the insurance inventory and the analysis of post-disaster RS images without field investigations. © 2022 The Authors",,,,
S1,Broad,doi:10.1109/ice.2017.8279983,Moving from targeted acquisition to urban area modelling — increasing the scale of point cloud processing,2017,"2017 International Conference on Engineering, Technology and Innovation (ICE/ITMC)",10.1109/ICE.2017.8279983,IEEE Xplore,lidar_point_cloud,,"Handling real world, acquired point cloud data within a sector such as architecture, engineering, and construction (AEC) is currently a difficult task. A highly desirable, future goal is to fully automate the scan-to-BIM process which at this time has a high dependency on manual work effort. Improvements within this workflow will speed up the production of detailed 3d building models and reduce associated costs. By increasing the level of automation in the scan-to-BIM process it becomes possible to speculate the expansion of the typical use case from a single structure, targeted acquisition towards urban area data collection and modelling. The scale and characteristic differences of an urban area point cloud dataset and that of a single structure create opportunities to validate the applicability of novel analytical approaches to process automation. A decrease in process complexity could be achieved by reducing both the depth of prerequisite knowledge and the level of intervention expected from an operator by a modelling platform. This would also provide an alternative perspective and an opportunity to model operator tasks at a higher, more abstract level. There lacks a completeness of modern documentation within preexisting civil structures. Building information modelling of the as-built condition can reduce overheads associated with key areas such as collaboration, maintenance, and future modifications. However, it is often made more difficult by a lack of accurate documentation due to the age of the building. A common trend that can be observed in countries such as the United Kingdom is that much of future building stock is already standing. Therefore, it is apparent the need to record the detailed, as-built condition of structures essentially from scratch will not resolve itself in the near future. This paper will overview a case study of an urban area modelling conducted in Ebbw Vale, Wales and introduces an abstract scan-to-BIM process automation methodology. This will be supported by a review of a selection of applied research literature. This paper is part of the early development stages of a point cloud processing platform, pcl_toolkit. The command line software aims to simplify approaches commonly associated with various point cloud processing tasks and provide a foundation for rapid development in the near future.",,,,
S1,Broad,doi:10.1007/s42107-025-01332-9,A machine learning-based framework for seismic vulnerability assessment of reinforced concrete educational facilities,2025,Asian Journal of Civil Engineering,10.1007/s42107-025-01332-9,Scopus,building_attributes,,"This study presents the development of a machine learning (ML) based framework for assessing the seismic vulnerability of existing educational reinforced concrete (RC) buildings under the jurisdiction of the Rajdhani Unnayan Kartripakkha (RAJUK) in Dhaka. The conventional three major stages of assessment methods are often resource-intensive and time-consuming, especially when applied to large building stocks. The primary objective is to assess the seismic vulnerability of existing RC educational buildings in similar contexts using the ML method, focusing in predicting analytical parameters Story Shear Ratio (SSR) as a critical analytical risk indicator, implementing Rapid Visual Assessment (RVA) 8 parameters. The RVA parameters are construction year, building condition, number of stories, typical floor area, redundancy, pounding, plan irregularity and elevation irregularity, and corresponding building’s SSR value in the preliminary Engineering Assessment (PEA) survey. Three well-known ML models, including Support Vector Regression (SVR), Random Forest Regression (RFR), and Artificial Neural Networks (ANN), were employed to predict SSR using RVA parameters. The dataset of 268 RC educational buildings was collected from the RAJUK. Based on the analysis, the SVR model obtained a higher coefficient of determination (R2) of 0.34 than the 0.17 and 0.16 of the RFR, and ANN models and 0.038, 0.04, and 0.04 for the Mean Square Error, respectively, though all models exhibited limited explanatory power for SSR. The findings reveals that the SVR handled comparatively well the complexities and nonlinearities in the dataset. This study proposes a cost-effective ML framework for seismic vulnerability assessment, with potential to support urban resilience efforts following further validation. © The Author(s), under exclusive licence to Springer Nature Switzerland AG 2025.",,,,
S1,Broad,title:bim for heritage documentation an ontology based approach,BIM for Heritage Documentation An ontology-based approach,2018,Proceedings of the International Conference on Education and Research in Computer Aided Architectural Design in Europe,,Scopus; Web of Science,remote_sensing; lidar_point_cloud,,"In the recent decades, the high-resolution remote sensing, through 3D laser scanning and photogrammetry benefited historic buildings maintenance, conservation, and restoration works. However, the dense surface models (DSM) generated from the data capture have nonstructured features as lack of topology and semantic discretization. The process to create a semantically oriented 3D model from the DSM, using the of Building Information Model technology, is a possibility to integrate historical information about the life cycle of the building to maintain and improving architectural valued building stock to its functional level and safeguarding its outstanding historical value. Our approach relies on an ontology-based system to represent the knowledge related to the building. Our work outlines a model-driven approach based on the hybrid data acquisition, its post-processing, the identification of the building' main features for the parametric modeling, and the development of an ontological map integrated with the BIM model. The methodology proposed was applied to a large-scale industrial historical building, located in Brazil. The DSM were compared, providing a qualitative assessment of the proposed method. © 2018, Education and research in Computer Aided Architectural Design in Europe. All rights reserved.",,,,
S1,Broad,doi:10.1109/icoeca68095.2026.11485346,Hybrid GNN–XGBoost Model for Intelligent Structural Health Monitoring in Smart Building Networks,2026,2026 6th International Conference on Expert Clouds and Applications (ICOECA),10.1109/ICOECA68095.2026.11485346,IEEE Xplore,,,"The preservation of cultural heritage, the disclosure of insights into religion and lifestyle traditions throughout history, and the construction of modern infrastructure are all greatly aided by smart buildings. Thanks to developments in technology that make it easier to detect structural issues, evaluate stability, and spot deformations in smart building networks, SHM systems have grown in significance in this setting. These systems enable complete monitoring through the use of networking-capable sensory devices that gather and distribute real-time data. In order to capture complicated structural behavior, the data is preprocessed by normalizing it, then features are recovered using nonlinear measurements based on Mutual Information. This paper presents XGB-GNN, a hybrid architecture that combines XGBoost with GNNs, to tackle the difficulties caused by varied feature sets and graph-based data structures. The model improves its performance by training its decision trees with gradient data from the GNN and then using XGBoost. The experimental findings demonstrate that the suggested XGB-GNN model surpasses current SHM methods with an impressive accuracy of 94.16%. An intelligent, scalable, and robust solution for real-time SHM in smart building networks is provided by this unique framework, which greatly aids in the development of sustainable and resilient urban infrastructure.",,,,
S1,Broad,doi:10.1109/iceeng64546.2025.11031284,Deep Learning Semantic Segmentation-Based Scan-to-BIM for Indoor Point Clouds,2025,"2025 15th International Conference on Electrical Engineering, ICEENG 2025",10.1109/ICEENG64546.2025.11031284,Scopus; IEEE Xplore; Web of Science,lidar_point_cloud; computer_vision,,"Building information modeling (BIM) is essential for effectively managing reconstructed buildings throughout their operational and maintenance stages, aiding in the progress of smart city projects. However, conventional scan-to-BIM techniques often depend on manual or semi-automated processes and do not fully exploit the rich semantic details of point clouds. As a result, these methods encounter difficulties in accurately modeling large, intricate indoor environments, leading to inefficiencies in BIM creation. To overcome these challenges, this paper presents a novel scan-to-BIM pipeline that integrates deep learning approaches and laser scanner point clouds. The proposed method consists of several key stages, such as preprocessing of scanned data, semantic segmentation through an improved deep learning model, clustering of room density, detection of room clusters and segments, extraction of segment features, identification of doors and windows, and the automated generation of BIM models. These processes work together to automatically create precise and detailed 3D models of building structures. The pipeline is capable of handling large datasets, accommodating both Manhattan and non-Manhattan geometries, and employing a parametric BIM algorithm in Revit software for automated reconstruction. The pipeline has been validated with point cloud data of various indoor layouts, demonstrating outstanding performance in reconstructing indoor elements, with precision and recall values of 97.60% and 96.70%, respectively. The resulting BIM models show excellent completeness and geometric accuracy, surpassing traditional methods in both efficiency and quality.  © 2025 IEEE.",,,,
S1,Broad,doi:10.16265/j.cnki.issn1003-3033.2023.07.0759,Integrated warning model for structural safety of buildings in urban waterlogged area; [城市易涝区房屋结构安全集成预警模型],2023,China Safety Science Journal,10.16265/j.cnki.issn1003-3033.2023.07.0759,Scopus,,,"In order to explore the important factors affecting the structural safety of houses in urban waterlogged areas, 21 attributes, such as house year, floor and area, were collected and selected to construct an early warning index system, and the discretization and imbalance of samples were solved by over-sampling and unique heat coding. Secondly, four different integrated algorithms and six machine learning models were used to build an early warning model to learn and test the safety data of housing structures. Then, the performance of the early warning model was compared comprehensively by applying the harmonic average of accuracy, accuracy and recall, average accuracy and area under the curve (AUC), and the correlation analysis and importance ranking of each warning index were carried out. Finally, 2 215 houses in 35 waterlogging areas in 11 counties and cities of Fujian Province were taken as examples to verify the scientific and validity of the model. The results show that: whether the house belongs to the key inspection, whether the construction team is professional, house area, year and the number of the ground floor are all more than 150, which are the most important five indicators for building safety warnings in vulnerable waterlogging areas. The early-warning model based on the lifting method strategy has the best early-warning accuracy, and the overall prediction accuracy is 99. 10%. The model can detect the structural safety of houses in vulnerable waterlogging areas more accurately and efficiently. © 2023 Fine Chemicals. All rights reserved.",,,,
S1,Broad,doi:10.4028/www.scientific.net/amm.584-586.1944,Neural network application for scheduling of building constraction repair,2014,Applied Mechanics and Materials,10.4028/www.scientific.net/AMM.584-586.1944,Scopus,,,"This article discusses the application of mathematical simulation for planning the timing of repair of building structures according to their degree of physical deterioration. For the current study, 296 apartment buildings were selected from the housing stock in Archangelsk city, using neural network Self-Organizing Maps (SOMs). Optimal clustering of selected housing was achieved using special Deductor platforms to define 16 housing clusters with maximum difference but high internal similarity. For more detailed scheduling of building overhaul and running repairs, selected clusters were divided into 4 model-groups that needed the same repairs in similar time frames. Integration of the particular characteristics of each group created a framework for calculating the capital investments for each model group, with specific payments identified for each cluster. © (2014) Trans Tech Publications, Switzerland.",,,,
S1,Broad,doi:10.3390/electronics14204022,A GIS-Integrated Framework for Unsupervised Fuzzy Classification of Residential Building Pattern,2025,Electronics (Switzerland),10.3390/electronics14204022,Scopus; Web of Science,,,"The classification of urban residential settlements through Machine Learning (ML) and Deep Learning (DL) remains a complex task due to the intrinsic heterogeneity of urban environments and the scarcity of large, accurately labeled training datasets. To overcome these limitations, this study introduces a novel GIS-based unsupervised classification framework that exploits Fuzzy C-Means (FCM) clustering for the detection and interpretation of urban morphologies. Compared to unsupervised classification approaches that rely on crisp-based clustering algorithms, the proposed FCM-based method more effectively captures heterogeneous urban fabrics where no clear predominance of specific building types exists. Specifically, the method applies fuzzy clustering to census units—considered the fundamental scale of urban analysis—based on construction techniques and building periods. By grouping census areas with similar structural features, the framework provides a flexible, data-driven approach to the characterization of urban settlements. The identification of cluster centroids’ dominant attributes enables a systematic interpretation of the spatial distribution of the built environment, while the subsequent mapping process assigns each cluster a descriptive label reflecting the prevailing building fabric. The generated thematic maps yield critical insights into urban morphology and facilitate evidence-based planning. The framework was validated across ten Italian cities selected for their diverse physical, morphological, and historical characteristics; comparisons with the results of urban zone classifications in these cities conducted by experts show that the proposed method provides accurate results, as the similarity to the classifications made by experts, measured by the use of the Adjusted Rand Index, is always higher than or equal to 0.93; furthermore, it is robust when applied in heterogeneous urban settlements. These results confirm the effectiveness of the method in delineating homogeneous urban areas, thereby offering decision makers a robust instrument to guide targeted interventions on existing building stocks. The proposed framework advances the capacity to analyze urban form, to strategically support renovation and urban regeneration policies, and demonstrates a strong potential for portability, as it can be applied to other cities for urban scale analyses. © 2025 by the authors.",,,,
S1,Broad,doi:10.3390/drones6120414,Building Change Detection Based on a Gray-Level Co-Occurrence Matrix and Artificial Neural Networks,2022,Drones,10.3390/drones6120414,Scopus; Web of Science,remote_sensing,,"The recovery phase following an earthquake event is essential for urban areas with a significant number of damaged buildings. A lot of changes can take place in such a landscape within the buildings’ footprints, such as total or partial collapses, debris removal and reconstruction. Remote sensing data and methodologies can considerably contribute to site monitoring. The main objective of this paper is the change detection of the building stock in the settlement of Vrissa on Lesvos Island during the recovery phase after the catastrophic earthquake of 12 June 2017, through the analysis and processing of UAV (unmanned aerial vehicle) images and the application of Artificial Neural Networks (ANNs). More specifically, change detection of the settlement’s building stock by applying an ANN on Gray-Level Co-occurrence Matrix (GLCM) texture features of orthophotomaps acquired by UAVs was performed. For the training of the ANN, a number of GLCM texture features were defined as the independent variable, while the existence or not of structural changes in the buildings were defined as the dependent variable, assigning, respectively, the values 1 or 0 (binary classification). The ANN was trained based on the Levenberg–Marquardt algorithm, and its ability to detect changes was evaluated on the basis of the buildings’ condition, as derived from the binary classification. In conclusion, the GLCM texture feature changes in conjunction with the ANN can provide satisfactory results in predicting the structural changes of buildings with an accuracy of almost 92%. © 2022 by the authors.",,,,
S1,Broad,doi:10.1007/s11069-024-06639-5,Building information extraction and earthquake damage prediction in an old urban area based on UAV oblique photogrammetry,2024,Natural Hazards,10.1007/s11069-024-06639-5,Scopus; Web of Science,remote_sensing; lidar_point_cloud; building_attributes,,"Seismic performance investigation and earthquake damage prediction of buildings in old urban areas are of great significance for the resistance to earthquake risks. Building attributes are fundamental to earthquake damage prediction, but the information of buildings in old urban may be insufficient and outdated. In this paper, UAV (Unmanned Aerial Vehicle) based oblique photogrammetry is used to the building-scale seismic performance assessment of the old urban area in Jaxing, China. Based on obtained UAV data, the building footprint is primarily detected, and direct attributes of building that determine the seismic performance are extracted, including number of storeys, nearborhood attributes and color attributes etc. Then indirect attribute, the building age, is predicted by machine learning. Base on the attritubes obtained, the elasto-plastic time history analysis of each detected building is carried out in the simplified model of the floor shear model, and the building damage distribution in study aera is finally obtained. center dot A method based on unmanned aerial vehicle (UAV) tilt photogrammetry was initially used for the building-scale seismic performance assessment in Chinese old urban area.center dot Building attributes that determine the seismic performance are directly recognized or indirectly acquired through UAV tilt photogrammetry.center dot The method of analyzing building age in Chinese old urban areas by machine learning using spatial features, neighborhood features and image features is proposed.",,,,
S1,Broad,doi:10.1016/j.autcon.2021.103968,Automatic detection of unreinforced masonry buildings from street view images using deep learning-based image segmentation,2021,Automation in Construction,10.1016/j.autcon.2021.103968,Scopus; Web of Science,street_view; computer_vision,,"Mitigation of seismic risk is a challenge for 70+ countries in the world. Screening the building stock for potential structural defects is one way to locate structures that are vulnerable to strong ground motion. Often in developing countries, masonry buildings are not reinforced or confined to withstand earthquake loads. It has been observed that such buildings cannot withstand the lateral loads imposed by an earthquake. An estimated 77 percent of the fatalities in the earthquakes during the last 100 years were caused mainly by the collapse of masonry buildings. Given the probability of severe damage or collapse in the event of an earthquake, identification and retrofit of such masonry buildings are critical. Screening of masonry buildings by conventional methods is usually a time-consuming and labor-intensive process. This research presents an automated workflow for segmenting the presence of such buildings through the use of street-view images. The method uses deep learning techniques. An inventory composed of a set of street view images was collected from the streets of Oaxaca State, Mexico using a 360° camera mounted on a car. These images were then annotated by trained engineers. Using the annotated dataset, an instance segmentation model was trained to detect and classify masonry buildings from the street view images. Using the model, we performed city scale detections of masonry buildings. We found the spatial distribution pattern of masonry buildings is correlated with the urbanization paths of the cities. The model could be used to produce large-scale automated detection of buildings at a fraction of the cost and in the fraction of the time of the alternatives. With affordable, accurate and massive screenings, governments can target these buildings for retrofit efforts and companies can assess the business opportunity of prevention (or “Building Better Before”). © 2021 Elsevier B.V.",,,,
S1,Broad,title:53rd aiaa asme asce ahs asc structures structural dynamics and materials conference,"53rd AIAA/ASME/ASCE/AHS/ASC Structures, Structural Dynamics and Materials Conference",2012,"53rd AIAA/ASME/ASCE/AHS/ASC Structures, Structural Dynamics and Materials Conference 2012",,Scopus,,,"The proceedings contain 648 papers. The special focus in this conference is on Structures, Structural Dynamics and Materials. The topics include: MPD augmentation of a thermal air rocket utilizing low energy nuclear reactions; multi-objective shape optimisation for horizontal-axis wind turbine blades; hybrid optimization for wind turbine thick airfoils; a deterministic approach for reliability based topology optimization; parameterization of curvilinear spars and ribs (SpaRibs) for optimum wing structural design; a recursive approach for remaining fatigue life predictions of monitored structural systems; dynamic Bayes nets in SHM; interpretations, relationships, and application issues in model validation; comprehensive framework for integration of calibration, verification and validation; assessment of the accuracy of a model for use in prediction of component environments; efficient stiffened composite plate analysis; impact damage resistance and tolerance of polymer nanofiber interleaved composite laminates; methodology for predicting the threat of runway debris impact to large transport aircraft; developments in morphing composites; exploratory structural investigation of a Hawkmoth-inspired MAV's thorax; dynamic analysis of composite stiffened panels subjected to compressive load; random fatigue damage accumulation under variable amplitude loading; study of load sequence effects in combined cyclic fatigue using CDM approach; fatigue reliability analysis for high cycle fatigue regime; effects of surface renewal on fatigue crack initiation and growth of 7050 aluminum alloy; simulation of guided wave propagation in isotropic and composite structures using LISA; evaluation of strength of component-laminates in strip-based mechanisms; optimization of axially compressed laminated curved panels with cutouts; iterative time reversal in dispersive and non-dispersive media; temporal life prediction analysis of a turbine engine blade to disk attachment; comparison of wind turbine models subjected to wind and earthquake loading; control of the flexural axis of a SUAS wing with Piezoelectric actuation; ICME - a revolution in materials research culture; a case study on the application of ICME in aircraft design; an integrated design system for optimization of gas turbine components; a lifting algorithm for output-only continuous scan laser Doppler vibrometry; soil-foundation models and tower transfer functions for offshore wind turbines; effect of fiber waviness on the compressive strength of unidirectional carbon composites; fracture analysis of thick adhesive joints for wind turbine blades; continuum shape sensitivity method for fluid flow around an airfoil; aircraft design with active load alleviation and natural laminar flow; improving the accuracy of surrogate models using inverse transform sampling; robustness analysis and optimally robust control design via sum-of-squares; fidelity maps for model update under uncertainty: application to a piano soundboard; a multidisciplinary possibilistic approach to light aircraft conceptual design; validation of using linear models for nonlinear structures; probabilistic validation metrics for industrial engineering analysis models; repair concepts as design constraints of a stiffened composite PRSEUS panel; co-rotational formulation for bonded joint finite elements; performance of bonded/bolted hybrid joints; nonlinear finite element analysis of the SRM flexible joint; nonlinear aeroelastic scaling of a joined wing aircraft; extension-twist coupled laminates for aero-elastic compliant blade design; design of composite structures to improve the aeroelastic performance; buckling of VAT plates using energy methods; wind tunnel test of a very flexible aircraft wing; computational identification of non-linear damping in an aeroelastic system; aeroelastic wind tunnel test for aerodynamic uncertainty model validation; characterizing plate damping loss factor estimation errors; dynamic stiffness laminate elements for exact modal analysis of aeronautical structures; equivalent plate analysis of a composite wing with a control surface; actuator saturation in individual blade control of rotorcraft; experimental bench testing of an active-twist rotor blade; computational methods for new materials development; precipitation modeling for accelerated alloy development; role of microstructure in predicting fatigue performance; predictive simulation of structural sensing; optimization of wind turbine blade spars; design limits of bend twist coupled wind turbine blades; wind turbine blade structural efficiency; analysis of a free-fall ballute vehicle; peridynamics based on the principle of virtual work; uncertainty quantification in non-planar crack growth analysis; pseudo-bistable morphing composites; aeroelastic optimization of a morphing 2D shock control bump; groundtest of a composite smart droop nose; electron flux deflection experiments with coulomb gossamer structures; a new deployable truss for gossamer space structures; a standard platform for testing and comparison of MDAO architectures; robust and reliability based design optimization framework for wing design; time-dependent reliability analysis using efficient Bayesian method; variance sensitivity analysis of parameters in puck's failure theory for composites; development of a multistage reliability-based design optimization method; Bayesian model selection between underdetermined nuclear reactor models; data-based stochastic evaluation of closed-loop stability and performance; mechanism design for aircraft morphing wing; optimization of leading edge and flap with actuation system for a variable camber wing; survey of reliability analysis methods for design optimization of aircraft structures; the design and flight test of a new smart wing system; finite element based decohesive failure simulation sensitivity studies; mesh dependence of the discrete damage modeling in laminated composites; 3D and finite-wing effects on the shock-buffet instability mechanism; static and forced motion aeroelastic simulations of the HIRENASD wind tunnel model; flapping wing force and deformation analysis; autonomous self-healing of damaged CFRPs; developing simplified models for wind turbine blades; a preliminary study on the optimum parameters in sheet metal forming; development of a span-extending blade tip system for a reconfigurable helicopter rotor; modeling and analysis of piezoelectric energy harvesting from helicopter blades; structural design of an active trailing-edge flap blade for helicopter vibration control; morphing blade fluid-structure interaction; thin deformable mirrors for a reconfigurable space telescope; magnetically-controlled membrane reflector; three-point suspension for circular membrane apertures; a resource-oriented architecture for MDO framework; geometric programming for aircraft design optimization; sensitivity analysis of quasi-wavelet models of heterogeneous materials; developing the next generation shell buckling design factors and technologies; peridynamics for failure prediction in composites; computational considerations for the prediction of stall flutter; modeling flutter response of a flexible morphing wing for UAV; toward an unsteady aerodynamic ROM for multiple mach regimes; impact of structural variability on robust flutter optimization; subgrid-scale dynamics for a nonlinear beam; airworthiness evaluation of a scaled joined-wing aircraft; a perching landing gear for a quadcopter; toward value-driven design of a small, low-cost UAV; aeroelastic shape optimization of a pluging plate; continuum modeling of synthetic microvascular materials; a new structural design concept for blended wing body cabins; weight investigation of a novel split-wing airplane layout; model updating in structural dynamics through a confluence approach; global and local optimization of flapping kinematics; post-flutter analysis of flexible high-aspect-ratio wings; limit cycle oscillations of swept-back wings in an incompressible flow; nonlinear reduced-order simulation using an experimentally guided modal basis; nonlinear structural reduced order modeling methods for hypersonic structures; fully coupled peridynamic thermomechanics; study on bending collapse of thin plate with corrugated cross-section; buckling and crack propagation of cracked box beams; influence of consolidating sleeves and geometric scale on buckling after impact of basalt columns; stability analysis of columns with imperfection; ordinary state-based peridynamic material constants; optimal stacking sequences for thermally induced twist deformation; strain rate dependent multiscale modeling of woven composites; homogenization of slender periodic composite structures; probabilistic simulation of multi-scale composite behavior; experimental resource allocation for statistical simulation of fretting fatigue problem; surrogate-based agents for constrained optimization; robust design of energy absorbing components considering the manufacturing effects; modeling and simulation of parameter vector random processes in mechanical structures; design optimization on ""white-box"" uncovered by metamodeling; handling constraints in surrogate-based optimization; domain segmentation based on uncertainty in the surrogate (DSUS); tearing of thin membranes: tear propagation direction; local buckling increase induced by wrapping fold of space membrane; sensitivity computation of periodic and chaotic limit cycle oscillations; pressurized morphing wing structures; electric current analysis for thick laminated CFRP composites; behavior of long carbon fiber reinforced concrete panels under impact loading; instrumented projectile impact on composites; identification and characterization of debonded and weakly bonded structures; material quality of braided fuselage profiles; design and optimization of an axial mode II crack arrest specimen.",,,,
S1,Broad,doi:10.1109/conecct55679.2022.9865829,Automatic Building Footprint Extraction using Random Forest Algorithm from High Resolution Google Earth Images: A Feature-Based Approach,2022,"2022 IEEE International Conference on Electronics, Computing and Communication Technologies, CONECCT 2022",10.1109/CONECCT55679.2022.9865829,Scopus; IEEE Xplore; Web of Science,remote_sensing; building_attributes,,"Mapping building structures in urban areas are fundamental for many urban studies. High-resolution satellite images and machine learning algorithms are often used for semi-automatic and automatic building detection. This study explores the utility of classification algorithm and high-resolution Google Earth images to detect buildings from a complex urban area having heterogeneous building structures of various shapes, sizes and construction materials. The proposed model converts the RGB images to grayscale followed by derivation of several filtered profiles to capture spatial and spectral feature vectors. Differential morphological profiles (DMPs) were constructed from consecutive morphological profiles to identify the structural information of probable buildings present in the image. Consequently, morphological building index was computed by averaging the DMPs that included mislabeled rooftops due to the presence of shadows. Global Otsu thresholding was used to reduce the number of mislabeled buildings. Finally, Random Forest algorithm was used for the classification of buildings based on the computed feature vectors. After noise removal, the quality of final building maps were assessed using evaluation metrics with reference to the ground truth which showed 4.4% improvement (from 81.2 to 85.62 %) over RF model while also revealing the detailed structural information of buildings.  © 2022 IEEE.",,,,
S1,Broad,doi:10.1061/(asce)nh.1527-6996.0000305,Linking Building Attributes and Tornado Vulnerability Using a Logistic Regression Model,2018,Natural Hazards Review,10.1061/(ASCE)NH.1527-6996.0000305,Scopus; Web of Science,,,"The residential building stock in the United States suffers a disproportionately large amount of tornado damage, which is linked to vulnerability of the building and its components. Whereas the building stock exhibits a wide diversity in ages, construction type, sizes, and other building attributes, it is unclear to what extent such attributes impact the vulnerability of residential buildings to extreme wind hazards. This study relates physical damage levels observed in single-family residential structures in the aftermath of the 2011 Joplin, MO tornado with common building attributes and estimates of the peak wind speed that occurred at each home location during the tornado. The building attributes considered include year built, living area, appraised value, and number of stories. Peak wind speed estimates for each building are obtained from a near-surface wind field model of the Joplin tornado conditioned to tree-fall patterns. The influences of wind speed and building attributes on the observed damage levels to residential buildings are quantified using a multinomial logistic regression model for ordinal response, specifically the proportional odds model. With all else being equal, the study finds that in Joplin, newer homes, and homes with lower value per unit living area increased the likelihood of experiencing increased tornado damage. The number of stories weakly correlated with increasing likelihood of experiencing higher levels of tornado damage. Ultimately, the study presents a procedure for assessing the relative influence of common building attributes or other factors contributing to tornado damage vulnerability. © 2018 American Society of Civil Engineers.",,,,
S1,Broad,doi:10.1088/1755-1315/323/1/012070,Turning the existing building stock into a resource mine: Proposal for a new method to develop building stock models,2019,SUSTAINABLE BUILT ENVIRONMENT D-A-CH CONFERENCE 2019 (SBE19 GRAZ),10.1088/1755-1315/323/1/012070,Scopus; Web of Science,,,"The construction sector is facing an important challenge to reduce its resource consumption. A promising strategy is to reduce the need of virgin resources by using the existing building stock as a resource mine. Various insights are needed to enable this. It should be clear how many materials are in the stock, when these will become available and to what extent these can be reclaimed in an environmentally and economically viable way. For this purpose a spatio-temporal building stock model is being developed and tested on the city of Leuven, Belgium. In a next step it will be assessed how these flows can be reclaimed in an environmentally and economically viable way. This paper provides a review on the methods used for building stock modelling and proposes improvements on the bottom-up archetypes scaling method. Building parameters relevant to material reuse and are introduced and a new methodology for upscaling is presented, using two data analysis techniques: a clustering algorithm and an artificial neural network. © 2019 IOP Publishing Ltd. All rights reserved.",,,,
S1,Broad,doi:10.1088/1742-6596/2042/1/012013,Detection of thermal anomalies on building façades using infrared thermography and supervised learning,2021,Journal of Physics: Conference Series,10.1088/1742-6596/2042/1/012013,Scopus,,,"We propose a cost-effective, non-intrusive approach to assess the quality of the thermal isolation of the building stock in a given municipality or small city. Our prototype measurement system, mounted on a vehicle, acquires geotagged optical and infrared images from the street-side of the buildings. A basic approach to detect gross thermal anomalies, such as thermal bridges, via a binary classifier trained on 2000 carefully labeled infrared images is demonstrated. Thermal anomalies are identified with a precision score of around 89.2 % and 75.6 % recall on a test dataset of 1184 images infrared recorded in Hergiswil (NW). The enabled automated assessment helps to identify retrofitting targets and supports increasing the renovation rate. © Content from this work may be used under the terms of the Creative Commons Attribution 3.0 Licence.",,,,
S1,Broad,doi:10.3233/978-1-60750-072-8-323,Evaluating soft computing techniques for path loss estimation in urban environments,2009,Frontiers in Artificial Intelligence and Applications,10.3233/978-1-60750-072-8-323,Scopus; Web of Science,,,"Many studies have been carried out by the scientists so far, and now we have many propagation models of electromagnetic waves for various kind of building structures. Position of the buildings in the streets in urban areas, or the corridors in the office buildings, can be thought as waveguides for electromagnetic waves. For each kind of building structure, different mathematical models have been proposed and good approximations have been done by successful studies. In this context, the path loss estimation on urban environment is presented. Particularly, an urban street of Reggio Calabria, Italy, has been considered. In order to proceed for the estimation of path loss, we firstly exploited the most applied numerical methods for generating training and testing data, and subsequently we evaluated the performances of suitable Support Vector Machines in approximating the path loss values. Precisely, used numerical method are the Okumura-Hata model and the Ray-Tracing method, carried out with Wireless InSite® software. Obtained results showed that Support Vector Regression Machines (SVRMs) provide more accurate prediction of path loss in urban area than Neural Networks. Final results pointed out the possible use of Support Vector Machines in this kind of application, with interesting applications since the lower computational cost than classical numerical method. © 2009 The authors and IOS Press. All rights reserved. All rights reserved.",,,,
S1,Broad,doi:10.1109/kse.2009.25,The Effect of Local Website Search,2009,2009 International Conference on Knowledge and Systems Engineering,10.1109/KSE.2009.25,IEEE Xplore,,,"Global search engine is a huge but it can't replace local search engine. The local search engines help the end-user to retrieve easily what they want and to give accurate results than global search engines do. The end-user can also use the global search engines to augment the search performed by a local search engine, restricted to a single site. However, a single website is different from the whole web in link structure, access pattern, and possibility hit on page. To improve the performance of search sites, many researches have tried to combine original search methods with new ones such as: the PageRank, LPageRank, predictive access pattern,... This article would like to introduce a hybrid model to improve local website searched by using web server logs. This model combines capability of ranking structure link of PageRank and recommending access pattern of neural network to improve the result of search engine. It also present the way to combine search engine with PageRank, web log and neural network.To experiment with the new model, the authors have used this model for Music Machine Website with their web logs.",,,,
S1,Broad,title:nonintrusive inspection structures monitoring and smart systems for homeland security,"Nonintrusive Inspection, Structures Monitoring, and Smart Systems for Homeland Security",2006,Proceedings of SPIE - The International Society for Optical Engineering,,Scopus,remote_sensing,,The proceedings contain 13 papers. The topics discussed include: real-time monitoring monitoring of structural vibration using a novel fiber optic accelerometer system; non-destructive condition evaluation of stress in steel cable using magnetoelastic technology; evaluation of the quality of ambient vibration monitoring data from Henry Hudson bridge; direct substructural identification methodology using acceleration measurements with neural networks; multiscale analysis of material damage in civil structure using embedded micro sensors;development of a diagnostic/prognostic system (DPS) for monitoring the performance of repaired composite military bridges; broken rail track detection using smart materials; real-time damage localization by means of MEMS sensors and use of wireless data transmission; remote sensing for building inventory updates in disaster management; and dual energy detection of weapons of mass destruction.,,,,
S1,Broad,title:seismic vulnerability assessment using field survey and remote sensing techniques,Seismic Vulnerability Assessment Using Field Survey and Remote Sensing Techniques,2011,"COMPUTATIONAL SCIENCE AND ITS APPLICATIONS - ICCSA 2011, PT II",,Web of Science,remote_sensing; lidar_point_cloud,,"In this paper, a seismic vulnerability assessment at large scale is described, within the SIMURAI project. A field survey was carried out in order to gather detailed information about geometric characteristics, structural typology and age of construction of each single building. An airborne Remote Sensing (RS) mission was also carried out over the municipality of Avellino, providing a detailed estimate of 3D geometric parameters of buildings through a quite fast and easy to apply methodology integrating active LIDAR technology, aerophotogrammetry and GIS techniques. An analytical seismic vulnerability assessment procedure for Reinforced Concrete buildings is illustrated and applied to the building stock considering (i) field survey data (assumed as a reference) and (ii) LIDAR data combined with census data as alternative sources of information, according to a multilevel approach. A comparison between the obtained results highlights an acceptable scatter when data provided by RS techniques are used.",,,,
S1,Broad,doi:10.1109/icbir61386.2024.10875984,Automatic Building Structure Classifier for Photographs to Understand the Exterior Design Features of Houses from an Age Perspective,2024,2024 9th International Conference on Business and Industrial Research (ICBIR),10.1109/ICBIR61386.2024.10875984,IEEE Xplore,computer_vision,,"While the physical structure influences the external design decisions, the structure alone does not determine the design. There are attempts to incorporate design features that are typical of other structures. In this paper, for buildings, cases where there is no direct relationship between structure and appearance are extracted and organized along a time axis. In order to extract cases where the exterior is not related to the structure, we use an image recognizer based on deep learning. Cases where the structure cannot be inferred from a photograph of a building are considered to have an appearance that is atypical for that structure. We also compared the training time between fine-tuning a pre-trained model as a classification model and building a CNN model from scratch with a small number of layers. It was found that a CNN with a short training time can achieve an accuracy that seems sufficient for the purpose of the analysis.",,,,
S1,Broad,doi:10.1016/j.enbuild.2021.111823,Discriminant analysis classification of residential electricity smart meter data,2022,Energy and Buildings,10.1016/j.enbuild.2021.111823,Scopus; Web of Science,,,"The objective of this study is to apply machine learning classification to predict building characteristics from electricity smart meter data for the purpose of building stock characterization. Given that there are no publicly available large-scale residential electric smart meter data sets with detailed building characteristics, an open-source virtual smart meter (VSM) data set is used. The VSM data consists of electricity consumption profiles for 200,000 homes with 21 known characteristics, which are used to train predictive models with linear discriminant analysis (LDA). The classification accuracy (CA) is determined for a variety of scenarios where the meter data aggregation and period are varied. The CA depends on the parameter to be classified (the class), the number of data points per building (the features) and the number of buildings used for classification. Reliable classification results are obtained when the number of buildings exceeds the number of features by a significant margin. An application of the developed predictive models to a small data set of 30 real houses illustrates the usefulness of the method but also the challenges in achieving a generalized model with virtual data. (C) 2021 Elsevier B.V. All rights reserved.",,,,
S1,Broad,title:identification of diaphragm flexibility of unreinforced masonry building using convolutional neural networks,IDENTIFICATION OF DIAPHRAGM FLEXIBILITY OF UNREINFORCED MASONRY BUILDING USING CONVOLUTIONAL NEURAL NETWORKS,2021,World Conference on Earthquake Engineering proceedings,,Scopus,remote_sensing; street_view; building_attributes,,"The classification of the building stock for risk assessment can become a great challenge as it requires a description of each building in terms of its capacity to resist a given hazard. When evaluating the seismic risk, the assessment requires a typology classification based on its capacity to resist lateral loads. Unreinforced masonry, a building typology in which lateral loads are sustained by masonry walls without any form of reinforcement, is highly vulnerable to earthquakes. While in Europe this type of building is commonly found in historical centers, in developing countries like South American ones, unreinforced masonry may represent a high proportion of the building stock. For example, 74% of the residential stock in the metropolitan area of Medellin (Colombia) is unreinforced masonry. In these cases, it is necessary to go beyond the mere classification as “unreinforced masonry'' by including additional characteristics such as the flexibility of the floor/roof diaphragms, which plays an important role in the distribution of the lateral forces to the vertical elements of the lateral load-resisting system. In addition, a rigid diaphragm allows the structure to have synchronized displacements during an earthquake. As the availability of street-level imagery becomes widespread, a great potential emerges to support detailed city-wide risk assessment in a cost-effective manner with image analytics. In this paper, we explore this potential by evaluating five state-of-the-art architectures of convolutional neural networks (CNN) to classify images of one-story unreinforced masonry buildings of the metropolitan area of Medellín according to the flexibility of the roof diaphragm. Over a thousand images were manually gathered fromGoogle Street View and properly labeled by experts to feed the CNN training process. To select the best performing architecture we followed a conservative, risk-averse approach, by minimizing the risk of classifying a flexible diaphragmas rigid on validation images (not seen during the training stage). In our process we (1) split the data in train/validation/test subsets, (2) train each CNN architecture on train data, (3) select the best according to their performance in validation data, and (4) use test data to obtain an unbiased performance estimation of our process as a whole. The best performing model, Vgg19, reaches an accuracy of 80%, a precision of 88%, and a recall of 84% on test data. The accuracy level is considerably higher for flexible diaphragms than for rigid diaphragms, 85% vs. 71%. We also found that there is a direct relationship between the level of certainty assigned by the experts when classifying an image and the probability assigned by the CNN. © The 17th World Conference on Earthquake Engineering.",,,,
S1,Broad,doi:10.5194/nhess-21-3199-2021,Improving flood damage assessments in data-scarce areas by retrieval of building characteristics through UAV image segmentation and machine learning - A case study of the 2019 floods in southern Malawi,2021,Natural Hazards and Earth System Sciences,10.5194/nhess-21-3199-2021,Scopus; Web of Science,remote_sensing,,"Reliable information on building stock and its vulnerability is important for understanding societal exposure to floods. Unfortunately, developing countries have less access to and availability of this information. Therefore, calculations for flood damage assessments have to use the scarce information available, often aggregated on a national or district level. This study aims to improve current assessments of flood damage by extracting individual building characteristics and estimate damage based on the buildings' vulnerability. We carry out an object-based image analysis (OBIA) of high-resolution (11ĝ€¯cm ground sample distance) unmanned aerial vehicle (UAV) imagery to outline building footprints. We then use a support vector machine learning algorithm to classify the delineated buildings. We combine this information with local depth-damage curves to estimate the economic damage for three villages affected by the 2019 January river floods in the southern Shire Basin in Malawi and compare this to a conventional, pixel-based approach using aggregated land use to denote exposure. The flood extent is obtained from satellite imagery (Sentinel-1) and corresponding water depths determined by combining this with elevation data. The results show that OBIA results in building footprints much closer to OpenStreetMap data, in which the pixel-based approach tends to overestimate. Correspondingly, the estimated total damage from the OBIA is lower (EUR 10ĝ€¯140) compared to the pixel-based approach (EUR 15ĝ€¯782). A sensitivity analysis illustrates that uncertainty in the derived damage curves is larger than in the hazard or exposure data. This research highlights the potential for detailed and local damage assessments using UAV imagery to determine exposure and vulnerability in flood damage and risk assessments in data-poor regions.  © 2021 Lucas Wouters et al.",,,,
S1,Uncertainty,title:21st scandinavian conference on image analysis scia 2019,"21st Scandinavian Conference on Image Analysis, SCIA 2019",2019,Lecture Notes in Computer Science (including subseries Lecture Notes in Artificial Intelligence and Lecture Notes in Bioinformatics),,Scopus,remote_sensing; computer_vision,,"The proceedings contain 40 papers. The special focus in this conference is on Image Analysis. The topics include: Compressed Imaging at Long Range in SWIR; zonohedral Approximation of Spherical Structuring Element for Volumetric Morphology; image Invariants to Anisotropic Gaussian Blur; material-Based Segmentation of Objects; filtering Specular Reflections by Merging Stereo Images; Near Lossless JPEG Compression Based on Masking Effect of Non-predictable Energy of Image Regions; Using a Robotic Arm for Measuring BRDFs; Unsupervised Feature Extraction – A CNN-Based Approach; automatic Detection of Cervical Vertebral Landmarks for Fluoroscopic Joint Motion Analysis; weight Estimation of Broilers in Images Using 3D Prior Knowledge; predicting Novel Views Using Generative Adversarial Query Network; Salient Object Detection with CNNs and Multi-scale CRFs; dimensionality Reduction for Visualization of Time Series and Trajectories; combining Depth Fusion and Photometric Stereo for Fine-Detailed 3D Models; camera Localization by Single View Query Using One Circular Target; global Trifocal Adjustment; a Robust Human Activity Recognition Approach Using OpenPose, Motion Features, and Deep Recurrent Neural Network; video Frame Interpolation via Cyclic Fine-Tuning and Asymmetric Reverse Flow; iris Identification in 3D; parametric Model-Based 3D Human Shape and Pose Estimation from Multiple Views; efficient Merging of Maps and Detection of Changes; cubiCasa5K: A Dataset and an Improved Multi-task Model for Floorplan Image Analysis; alignment of Building Footprints Using Quasi-Nadir Aerial Photography; evaluation of Feature Detectors, Descriptors and Match Filtering Approaches for Historic Repeat Photography; An RNN-Based IMM Filter Surrogate; real-Time Tracking-by-Detection in Broadcast Sports Videos; fast Cross Correlation for Limited Angle Tomographic Data.",,,,
S1,Uncertainty,title:4th international conference on civil engineering architecture and building materials ceabm 2014,"4th International Conference on Civil Engineering, Architecture and Building Materials, CEABM 2014",2014,Applied Mechanics and Materials,,Scopus,remote_sensing,indoor_health,"The proceedings contain 638 papers. The special focus in this conference is on Civil Engineering, Architecture and Building Materials. The topics include: 3D finite element analysis on behaviour of piled raft foundations; a research on elastoplastic theory based on full state function; analysis on strengthening of plant to slope soil under orthogonal states; discussion on treatment technology of reinforcement pile in Karst area; experimental study of static disintegration on unsaturated soil; finite element simulation and stability analysis of composite soil nailing; mechanics analysis of semi-rigid subgrade pavement structure; model test study of squeezed branch pile under horizontal vibration load; one-dimensional consolidation modelling for unlayered soil; research on the anchorage technology of steep slope in sanitary landfill; study on graphic method for the stability of high loess slopes based on MATLAB; analysis about stability of a slope; consolidation of unsaturated soils due to dissipation of pore-air pressure; determine the shear strength of Aeolian sand and bearing capacity; dynamic response of two-dimensional fluid-saturated porous beam; process simulation and formation mechanism of shear band in soil; research of the shear strength test of the soil on the surface of lop nor Gobi; study of soil structural parameters based on the gunary model; study on static strength of Aeolian sand before and after cyclic loading; testing study on the effects of water content on permeability for coal; the application of vacuum preloading method in soft soil foundation underwater; the microstructure formation process research in loading condition of dredger fill; the research on mean spacing of rock fracture; the research review of underground continuous wall on deformation characteristic; a general criterion for complex rocks and soils and its application; energy characteristics of brittle rock in failure process; estimation study on shear wave velocity of seabed using GRNN; p-wave attenuation mechanism of calcareous sand under explosion; a new algorithm for computing threshold value used to image segmentation; stability analysis of jinghua gypsum mine golf in jingmen city; triaxial test study on marine sediments sample with simulated combustible ice; weak form quadrature element analysis of diaphragm walls; a chemo-elasto-plastic coupling model for sandstone considering ph effect; a critical-line-based predictive model for landslides; experimental study on shear strength of different types of soil; failure mechanism of strip footing on geotextile-reinforced soil; project design of dewatering for deep foundation pit in Dalian; experimental study on dynamic characteristics of tailings; roadbed treatment research in expansive soil area; slope early warning system design and preliminary practice; slope stability evaluation based on PSO-PP; stability analysis of tower foundation for transmission line; study on the stress and strain of EPS silt light-weight soil by laboratory test; the analys of stability of composite soil nail; the application of origin software in the data processing of rock creep experiment; a certain foundation pit Support Design and construction in Baotou; analyses of anti-seepage measure for expansive soil subgrade in Hefei; application of fuzzy set theory to evaluate the stability of slopes; coaction analysis on pile-net-cushion-soil; experimental studies on acoustic emission of different damaged concrete; mechanical model of pile-soil work together; mechanics analysis of flexible base pavement structure; analysis of coral reef rock mass integrity based on RMDI Method; effect of overload on bearing capacity of FRP reinforced ground; research of soundless crack with different number of drillholes; research on stability of foundation pit construction; research on the effect of one debris flow along bailong river; study on the effects of the rainwater seepage on slope stability; the applied research of underwater vacuum preloading method in soft soil foundation; the optimum design of slope angle based on critical sliding field; the stability of 3d-geomat in different slope gradient; monitoring and analysis on the supporting structure for deep foundation pit; experimental study on bearing mechanism of jacked pipe pile in sand; on stability and deformation of slurry-trench affected by formation equipment; development of the monitoring guidance system for slope engineering; on fire severity of flammable gas; dynamic mechanism research on the tectonic activation of anninghe rift; stability analysis of gypsum mine goaf surface based on discrete element method; automated analyzer, loi and other methods for determination of soil organic carbon; stability analysis of Puzi landslide in Chongqing; application of self-drilling anchor on coal gangue slope treatment; uncertainty analysis and monitoring of earth dam; study on rock strength characteristic by point load test; intelligent and complex monitoring in intelligent buildings; from cad to the rapid development of BIM; research on sketchup application in graphing of civil engineering; an integrated simulation system for building structures; research and development on similarity principle of model pile; the foundation of nonlinear finite element model; mechanics analysis of tower crane; two-dimensional problem moisture elasticity for inhomogeneous flat annular area; theory of duality disturbance of elastoplasticity; study on downburst wind load under characteristic topography; study on downburst wind field characteristics under mountainous terrain; state space solution of response for piles subjected to lateral loads; linear analysis of the constitutive relation of concrete elastoplastic disturbance; influence of vertical vibration on surface velocity of a liquid bridge; triangle interpolation on discrete point set; GPS RTK techniques for construction monitoring of super deep-water open-caisson; research on GPS height partition fitting method; multi-scale classification based on remote sensing; improved BP neural network model applied in settlement analysis; error analysis of the settlement observation; development of topographic maps symbols library; information management of maritime work based on GIS; the visualization of health monitoring system for bridge using CORS and GIS; case study of fire risk management of tourist hotels; review on study of fire behavior of bridges in china; monitoring of flooding water under coal mine based on improved fuzzy clustering; numerical simulation on ghosting fire in the confined underground space; modelling of the human behavior in evacuation; landslide susceptibility zonation based on the analytic hierarchy process and information method; comparative analysis of wind load for transmission tower between Chinese and American codes; tornado hazard loss of nuclear power plant building during design service period; the research on structure fire resistance test of fire retardant rigid polyurethane; survey of fire load in building furniture store; a forecast and risk assessment model for storm surge impacts; a study of storm surge risk index system; study on ignition time of radiation cargo in irradiation room under stuck radioactive sources; analysis on wind-induced vibration of tall buildings in hilly terrain; the research of gas drainage technology in daning coal mine; research on high permeability layer-penetration oil production; study on surface deformation law of western Chengchao iron induced by underground mining; experimental study of self-suction spraying with pressure gas and water; optimization of black oil model-co2 flooding in low permeability reservoir; optimization of acid fracturing design in Yubei fractured reservoir; the effectiveness of implementing automated ventilation system in premises intended for public using; discussion on ventilation requirement for meeting indoor air quality; energy saving design of a training center in Dongguan; analysis of influence factors on the internal-melt ice-on-tube while melting; calculation and analysis of gravity head coefficient in hot water heating system; hydraulics of looping; ultra-high-rise-building water supply and drainage system design; the development of prestressed concrete cylinder pipe in china; research of hydrodynamics of biofilter with surface feed; integrated fuzzy evaluation of raw water eutrophication based on GIS; emergency supply of drinking water; reinforcement method choice of deep soft soil foundation; the countermeasures on temperature and shrinkage crack of mass concrete; construction technology of high-rise building structure; outstripping engineering preparation of construction sites; features and construction of prefabricated buildings; determining the degree of mobility of building systems; three dimensional physical model study on Penang fishing port project; study on the evolution of artificial beach in Xiamen; a kind of floating breakwater sheltering deep water aquaculture; numerical model on hydrodynamic impact from HZM bridge; two-dimensional finite element analysis of laboratory seawall model; system analysis of construction quality control measures of coastal levee; experimental investigation on the segregation of landslide dam materials and the RCC arch dam analysis during overload.",,,,
S1,Uncertainty,doi:10.1002/suco.70162,Development of a deep learning-based rapid visual screening method for seismic vulnerability assessment of existing RC buildings in Turkey,2026,Structural Concrete,10.1002/suco.70162,Scopus; Web of Science,,,"Urbanization and population growth have increased the existing building stock, making it more challenging to assess the seismic safety of buildings due to time constraints, a lack of skilled personnel, and high economic costs. In this study, a rapid visual screening method (RVS) was utilized to assess and prioritize the seismic vulnerability of reinforced concrete (RC) buildings. Accordingly, an integrated model combining deep feature residual networks, a deep learning-based architecture relying on residual blocks, and XGBoost was proposed. Additionally, the five most influential parameters for determining the seismic vulnerability of buildings were identified using the XGBoost technique. RVS methods were used to collect data on RC buildings following earthquakes in Afyon, Bingöl, Van, and Kahramanmaraş, resulting in a dataset of 372 structures. The model's performance was evaluated using accuracy, precision, recall, F1-score, specificity, and AUC metrics. The proposed architecture achieved a high accuracy rate of 94.66% in determining the seismic vulnerability of buildings. Furthermore, using only the five most critical features, an accuracy of 82.66% was obtained. Sensitivity analysis was performed to see the effect of the parameters used on the model. In addition, the stability of the model was tested against parameter changes or possible erroneous inputs. The results indicated that although the model was sensitive to parameter changes, its predictions remained within certain limits and showed a stable behavior against possible errors. © 2025 International Federation for Structural Concrete.",,,,
S1,Uncertainty,doi:10.1109/icmss55574.2022.00013,Neural Network-based Approach for Identifying the Influence of Factors affecting the Green Building Rating of a Rural Housing Construction,2022,"Proceedings - 2022 International Conference on Management Engineering, Software Engineering and Service Sciences, ICMSS 2022",10.1109/ICMSS55574.2022.00013,Scopus,,,"Environmental sustainability is a critical factor in all aspects of building. Recent years have seen a substantial rise in rural population growth, creating a need for housing developers to build more housing developments. Because of the rapid urbanization, environmental and energy-related problems have gotten a lot of attention, and promoting and implementing green building concepts has to turn out to be a major emphasis of innovative construction. Green construction is one of the recommended strategies for mitigating the negative environmental, social, and economic repercussions of the current building stock. As more industries transition to Industry 4.0, the utilization of machine learning (ML) techniques has become more common. The artificial neural network (ANN)-based approach using Garson's Algorithm (GA) was applied to establish the effect of different factors in the green building rating (GBR) schemes of Leadership in Energy and Environmental Design (LEED) and Building for Ecologically Responsive Design Excellence (BERDE), using LEED and BERDE-identified parameters such as Location and Transportation (LT), Water Efficiency (WE), Energy and Atmosphere (EA), Materials and Resources (MR), and Indoor Environmental Quality (IEQ). The findings indicated that the characteristics having the most effect on the LEED and BERDE green building (GB) grading systems are the general factors, and energy efficiency and conservation factors, respectively. The findings of the study indicated that using a sensitivity analysis (SA) technique based on neural networks is an effective technique for assessing and establishing the effect and impact of different variables.  © 2022 IEEE.",,,,
S1,Uncertainty,doi:10.1016/j.autcon.2021.103968,Automatic detection of unreinforced masonry buildings from street view images using deep learning-based image segmentation,2021,Automation in Construction,10.1016/j.autcon.2021.103968,Scopus; Web of Science,street_view; computer_vision,,"Mitigation of seismic risk is a challenge for 70+ countries in the world. Screening the building stock for potential structural defects is one way to locate structures that are vulnerable to strong ground motion. Often in developing countries, masonry buildings are not reinforced or confined to withstand earthquake loads. It has been observed that such buildings cannot withstand the lateral loads imposed by an earthquake. An estimated 77 percent of the fatalities in the earthquakes during the last 100 years were caused mainly by the collapse of masonry buildings. Given the probability of severe damage or collapse in the event of an earthquake, identification and retrofit of such masonry buildings are critical. Screening of masonry buildings by conventional methods is usually a time-consuming and labor-intensive process. This research presents an automated workflow for segmenting the presence of such buildings through the use of street-view images. The method uses deep learning techniques. An inventory composed of a set of street view images was collected from the streets of Oaxaca State, Mexico using a 360° camera mounted on a car. These images were then annotated by trained engineers. Using the annotated dataset, an instance segmentation model was trained to detect and classify masonry buildings from the street view images. Using the model, we performed city scale detections of masonry buildings. We found the spatial distribution pattern of masonry buildings is correlated with the urbanization paths of the cities. The model could be used to produce large-scale automated detection of buildings at a fraction of the cost and in the fraction of the time of the alternatives. With affordable, accurate and massive screenings, governments can target these buildings for retrofit efforts and companies can assess the business opportunity of prevention (or “Building Better Before”). © 2021 Elsevier B.V.",,,,
S1,Uncertainty,title:estimating residential wall thermal resistance from exterior thermal imaging,Estimating Residential Wall Thermal Resistance from Exterior Thermal Imaging,2017,"PROCEEDINGS OF THE ASME 11TH INTERNATIONAL CONFERENCE ON ENERGY SUSTAINABILITY, 2017",,Web of Science,remote_sensing,,"Building energy audits are both expensive, on the order of $0.50(US)/sf [1], and there aren't enough auditors to survey the entire building stock in the U.S. Needed are lower cost automated approaches for rapidly evaluating the energy effectiveness of buildings. A key element of such an approach would be automated measurements of envelope R-values. Proposed is the use of single point-in-time thermal images potentially obtainable from drive-by thermal imaging to infer wall and window R-values. A data mining based approach is proposed, which seeks to calibrate the measured exterior wall temperatures to known and measured R-values for a small subset of residences. In this approach, visual imagery is first used to determine the wall emissivity based on the color of the wall siding in order to yield an estimate of the wall temperature. A Random Forest model is developed using the training set comprised of the residences with known R-value. This model can then be used to estimate R- and C-values of other houses based upon their measured exterior temperatures. The results show that the proposed approach is capable of accurately estimating envelope thermal characteristics over a spectrum of envelope R-values and thermal capacitances present in residences nationally. The resulting error for the houses considered is maximally 12% using as few as nine training houses. The data mining approach has significantly greater accuracy than modeling-based approaches in the literature.",,,,
S1,Uncertainty,title:53rd aiaa asme asce ahs asc structures structural dynamics and materials conference,"53rd AIAA/ASME/ASCE/AHS/ASC Structures, Structural Dynamics and Materials Conference",2012,"53rd AIAA/ASME/ASCE/AHS/ASC Structures, Structural Dynamics and Materials Conference 2012",,Scopus,,,"The proceedings contain 648 papers. The special focus in this conference is on Structures, Structural Dynamics and Materials. The topics include: MPD augmentation of a thermal air rocket utilizing low energy nuclear reactions; multi-objective shape optimisation for horizontal-axis wind turbine blades; hybrid optimization for wind turbine thick airfoils; a deterministic approach for reliability based topology optimization; parameterization of curvilinear spars and ribs (SpaRibs) for optimum wing structural design; a recursive approach for remaining fatigue life predictions of monitored structural systems; dynamic Bayes nets in SHM; interpretations, relationships, and application issues in model validation; comprehensive framework for integration of calibration, verification and validation; assessment of the accuracy of a model for use in prediction of component environments; efficient stiffened composite plate analysis; impact damage resistance and tolerance of polymer nanofiber interleaved composite laminates; methodology for predicting the threat of runway debris impact to large transport aircraft; developments in morphing composites; exploratory structural investigation of a Hawkmoth-inspired MAV's thorax; dynamic analysis of composite stiffened panels subjected to compressive load; random fatigue damage accumulation under variable amplitude loading; study of load sequence effects in combined cyclic fatigue using CDM approach; fatigue reliability analysis for high cycle fatigue regime; effects of surface renewal on fatigue crack initiation and growth of 7050 aluminum alloy; simulation of guided wave propagation in isotropic and composite structures using LISA; evaluation of strength of component-laminates in strip-based mechanisms; optimization of axially compressed laminated curved panels with cutouts; iterative time reversal in dispersive and non-dispersive media; temporal life prediction analysis of a turbine engine blade to disk attachment; comparison of wind turbine models subjected to wind and earthquake loading; control of the flexural axis of a SUAS wing with Piezoelectric actuation; ICME - a revolution in materials research culture; a case study on the application of ICME in aircraft design; an integrated design system for optimization of gas turbine components; a lifting algorithm for output-only continuous scan laser Doppler vibrometry; soil-foundation models and tower transfer functions for offshore wind turbines; effect of fiber waviness on the compressive strength of unidirectional carbon composites; fracture analysis of thick adhesive joints for wind turbine blades; continuum shape sensitivity method for fluid flow around an airfoil; aircraft design with active load alleviation and natural laminar flow; improving the accuracy of surrogate models using inverse transform sampling; robustness analysis and optimally robust control design via sum-of-squares; fidelity maps for model update under uncertainty: application to a piano soundboard; a multidisciplinary possibilistic approach to light aircraft conceptual design; validation of using linear models for nonlinear structures; probabilistic validation metrics for industrial engineering analysis models; repair concepts as design constraints of a stiffened composite PRSEUS panel; co-rotational formulation for bonded joint finite elements; performance of bonded/bolted hybrid joints; nonlinear finite element analysis of the SRM flexible joint; nonlinear aeroelastic scaling of a joined wing aircraft; extension-twist coupled laminates for aero-elastic compliant blade design; design of composite structures to improve the aeroelastic performance; buckling of VAT plates using energy methods; wind tunnel test of a very flexible aircraft wing; computational identification of non-linear damping in an aeroelastic system; aeroelastic wind tunnel test for aerodynamic uncertainty model validation; characterizing plate damping loss factor estimation errors; dynamic stiffness laminate elements for exact modal analysis of aeronautical structures; equivalent plate analysis of a composite wing with a control surface; actuator saturation in individual blade control of rotorcraft; experimental bench testing of an active-twist rotor blade; computational methods for new materials development; precipitation modeling for accelerated alloy development; role of microstructure in predicting fatigue performance; predictive simulation of structural sensing; optimization of wind turbine blade spars; design limits of bend twist coupled wind turbine blades; wind turbine blade structural efficiency; analysis of a free-fall ballute vehicle; peridynamics based on the principle of virtual work; uncertainty quantification in non-planar crack growth analysis; pseudo-bistable morphing composites; aeroelastic optimization of a morphing 2D shock control bump; groundtest of a composite smart droop nose; electron flux deflection experiments with coulomb gossamer structures; a new deployable truss for gossamer space structures; a standard platform for testing and comparison of MDAO architectures; robust and reliability based design optimization framework for wing design; time-dependent reliability analysis using efficient Bayesian method; variance sensitivity analysis of parameters in puck's failure theory for composites; development of a multistage reliability-based design optimization method; Bayesian model selection between underdetermined nuclear reactor models; data-based stochastic evaluation of closed-loop stability and performance; mechanism design for aircraft morphing wing; optimization of leading edge and flap with actuation system for a variable camber wing; survey of reliability analysis methods for design optimization of aircraft structures; the design and flight test of a new smart wing system; finite element based decohesive failure simulation sensitivity studies; mesh dependence of the discrete damage modeling in laminated composites; 3D and finite-wing effects on the shock-buffet instability mechanism; static and forced motion aeroelastic simulations of the HIRENASD wind tunnel model; flapping wing force and deformation analysis; autonomous self-healing of damaged CFRPs; developing simplified models for wind turbine blades; a preliminary study on the optimum parameters in sheet metal forming; development of a span-extending blade tip system for a reconfigurable helicopter rotor; modeling and analysis of piezoelectric energy harvesting from helicopter blades; structural design of an active trailing-edge flap blade for helicopter vibration control; morphing blade fluid-structure interaction; thin deformable mirrors for a reconfigurable space telescope; magnetically-controlled membrane reflector; three-point suspension for circular membrane apertures; a resource-oriented architecture for MDO framework; geometric programming for aircraft design optimization; sensitivity analysis of quasi-wavelet models of heterogeneous materials; developing the next generation shell buckling design factors and technologies; peridynamics for failure prediction in composites; computational considerations for the prediction of stall flutter; modeling flutter response of a flexible morphing wing for UAV; toward an unsteady aerodynamic ROM for multiple mach regimes; impact of structural variability on robust flutter optimization; subgrid-scale dynamics for a nonlinear beam; airworthiness evaluation of a scaled joined-wing aircraft; a perching landing gear for a quadcopter; toward value-driven design of a small, low-cost UAV; aeroelastic shape optimization of a pluging plate; continuum modeling of synthetic microvascular materials; a new structural design concept for blended wing body cabins; weight investigation of a novel split-wing airplane layout; model updating in structural dynamics through a confluence approach; global and local optimization of flapping kinematics; post-flutter analysis of flexible high-aspect-ratio wings; limit cycle oscillations of swept-back wings in an incompressible flow; nonlinear reduced-order simulation using an experimentally guided modal basis; nonlinear structural reduced order modeling methods for hypersonic structures; fully coupled peridynamic thermomechanics; study on bending collapse of thin plate with corrugated cross-section; buckling and crack propagation of cracked box beams; influence of consolidating sleeves and geometric scale on buckling after impact of basalt columns; stability analysis of columns with imperfection; ordinary state-based peridynamic material constants; optimal stacking sequences for thermally induced twist deformation; strain rate dependent multiscale modeling of woven composites; homogenization of slender periodic composite structures; probabilistic simulation of multi-scale composite behavior; experimental resource allocation for statistical simulation of fretting fatigue problem; surrogate-based agents for constrained optimization; robust design of energy absorbing components considering the manufacturing effects; modeling and simulation of parameter vector random processes in mechanical structures; design optimization on ""white-box"" uncovered by metamodeling; handling constraints in surrogate-based optimization; domain segmentation based on uncertainty in the surrogate (DSUS); tearing of thin membranes: tear propagation direction; local buckling increase induced by wrapping fold of space membrane; sensitivity computation of periodic and chaotic limit cycle oscillations; pressurized morphing wing structures; electric current analysis for thick laminated CFRP composites; behavior of long carbon fiber reinforced concrete panels under impact loading; instrumented projectile impact on composites; identification and characterization of debonded and weakly bonded structures; material quality of braided fuselage profiles; design and optimization of an axial mode II crack arrest specimen.",,,,
S1,Uncertainty,doi:10.1109/access.2024.3398053,Displacement and Velocity Estimation in Building Structures Using an Algebraic Observer,2024,IEEE Access,10.1109/ACCESS.2024.3398053,IEEE Xplore,,,"This study addresses the problem of estimating the velocity and displacement of building structures. Initially, the dynamics of a building subject to seismic disturbance are represented using the Euler-Bernoulli beam model. Subsequently, the model is discretized into a finite number of floors through a modal coordinate transformation that produces a set of decoupled dynamics for each story of the building. The Algebraic Observer (AO) takes advantage of this property to ensure the Algebraic Observability Conditions (AOC). This approach allows the representation of velocity and displacement terms as functions of the available acceleration measurements. One notable advantage of the proposed observer is that, due to its design, it does not require tuning of gains to achieve the convergence property. This observer’s simplicity of implementation for practical purposes is another noteworthy characteristic. Note that, to minimize the effect of the measurement noise, iterated integrals of the measured acceleration are introduced to mitigate high-frequency noise. In contrast, second-order filters are employed for low-frequency noise. Finally, the experimental demonstration of the effectiveness and accuracy of this estimation method is conducted using a reduced-scale five-story building prototype.",,,,
S1,Uncertainty,doi:10.4018/979-8-3373-5253-4.ch003,Enhancing Seismic Risk Analysis Through Ensemble Learning: A Case Study in Nepal,2026,Housing Vulnerability and Disaster Risk in the Global South,10.4018/979-8-3373-5253-4.ch003,Scopus,building_attributes,,"This research presents a machine- learning- based framework for classifying earthquake- induced structural damage, addressing issues like class imbalance, noisy data, and lack of labelled samples. Ensemble classifiers like Random Forest, XGBoost, and Multi- Layer Perceptron are used to increase classification accuracy. Shapley Additive explanations (SHAP) are used to identify key damage levels. The model's effectiveness in emergency decision- making is evaluated using actual postearthquake construction data from Nepal. The method provides evidence- based assistance for focused treatments, focusing on building age, material, anomalies, and soil type. The proposed structural evaluation process enhances conventional methods and offers an automated, scalable way to conduct accurate and quick structural assessments in disaster- risk locations. The focus on explainability of models ensures that outcomes are trustworthy and actionable for stakeholders in disaster management and urban planning agencies. © 2026 by IGI Global Scientific Publishing. All rights reserved.",,,,
S1,Uncertainty,doi:10.1016/j.buildenv.2022.108894,Predicting the presence of hazardous materials in buildings using machine learning,2022,Building and Environment,10.1016/j.buildenv.2022.108894,Scopus; Web of Science,,,"Identifying in situ hazardous materials can improve demolition waste recyclability and reduce project uncertainties concerning cost overrun and delay. With the attempt to characterize their detection patterns in buildings, the study investigates the prediction potential of machine learning techniques with hazardous waste inventories and building registers as input data. By matching, validating, and assuring the quality of empirical data, a hazardous material dataset for training, testing, and validation was created. The objectives of the explorative study are to highlight the challenges in machine learning pipeline development and verify two prediction hypotheses. Our findings show an average of 74% and 83% accuracy rates in predicting asbestos pipe insulation in multifamily houses and PCB joints or sealants in school buildings in two major Swedish cities Gothenburg and Stockholm. Similarly, 78% and 83% of recall rates were obtained for imbalanced classification. By correlating the training sample size and cross-validation accuracy, the bias and variance issues were assessed in learning curves. In general, the models perform well on the limited dataset, yet collecting more training data can improve the model's generalizability to other building stocks, meanwhile decreasing the chance of overfitting. Furthermore, the average impact on the model output magnitude of each feature was illustrated. The proposed applied machine learning approach is promising for in situ hazardous material management and could support decision-making regarding risk evaluation in selective demolition work. © 2022 The Author(s)",,,,
S1,Uncertainty,doi:10.13284/j.cnki.rddl.20250484,Priority Assessment and Decision Support Research for Old Residential Community Renovation: A Case Study of Hangzhou; [老旧小区改造优先级评估机制与决策支持研究 ——以杭州市为例],2026,Tropical Geography,10.13284/j.cnki.rddl.20250484,Scopus,computer_vision; building_attributes,,"In the context of China's urban transition from large-scale expansion to intensive regeneration, the establishment of a scientific priority assessment mechanism for the renovation of old residential communities has become a critical yet challenging task in urban governance. This study aimed to address the prevailing challenges in contemporary decision-making processes, including the complexity of quantifying public needs and the absence of a comprehensive city-wide perspective. To this end, a novel data-driven priority evaluation framework was proposed using an empirical case study of Hangzhou. Methodologically, this study introduces key innovations. First, a Graph Neural Network (GNN) model incorporating spatial semantics was developed in order to identify the construction era of residential communities, achieving a high-precision recognition rate of 97.6 and effectively overcoming the limitations of traditional image classification. Second, a Large Language Model (LLM) is employed to perform a fine-grained sentiment analysis of geotagged social media texts, and a geographically weighted approach is applied to spatially quantify public sentiment at the neighborhood scale. Third, moving beyond conventional facility-oriented evaluation, an integrated three-dimensional indicator system was constructed, covering problem urgency, implementation feasibility, and potential benefits. Priority assessment was conducted using an XGBoost model, and its robustness was strengthened through Monte Carlo simulation and full-gradient sensitivity analysis, ensuring reliable and stable ranking outcomes across all 2188 old residential communities under study. The main findings are as follows: (1) a distinct scale-dependent spatial heterogeneity in renovation priorities. While high-priority communities are clustered in central urban districts, the average priority score is notably higher in certain peripheral counties—an ""inversion"" phenomenon that reflects the underlying tension between spatial equity and renewal efficiency, shaped by historical investment gaps, diminishing marginal returns, and regional economic disparities. (2) A dual-scale spatial clustering analysis conducted at both the community and administrative district levels identified four renovation archetypes and four corresponding policy zones, offering a refined understanding of priority differentiation and enabling a targeted governance approach characterized by categorized renovation and zonal coordination. (3) Building on these spatial patterns, this study has proposed a synergistic governance paradigm that integrates differentiated renovation strategies with macro-level resource allocation, thereby enhancing the precision and effectiveness of policy implementation. By establishing a ""data-driven, model-supported, policy-adaptive"" technical pathway, this research contributes to shifting urban renewal practices from experience-based judgment to evidence-based decision-making. The framework not only provides a scientific basis for optimizing renovation sequencing and resource distribution but also translates complex spatial diagnostics into operable policy tools, supporting more equitable, efficient, and sustainable urban regeneration in high-density cities. © 2026, Editorial Committee of Tropical Geography. All rights reserved.",,,,
S1,Uncertainty,title:a spatial structural and statistical approach to building classification of residential function for city scale impact assessment studies,A Spatial Structural and Statistical Approach to Building Classification of Residential Function for City-Scale Impact Assessment Studies,2009,"COMPUTATIONAL SCIENCE AND ITS APPLICATIONS - ICCSA 2009, PT I",,Web of Science,,,"In order to implement robust climate change adaption and mitigation strategies in cities fine spatial scale information on building stock is required. However, for many cities such information is rarely available. In response, we present a methodology that allows topographic building footprints to be classified to the level of residential spatial topological-building types and corresponding period of construction. The approach developed employs spatial structure and topology to first recognise residential spatial topological types of Detached, Semi-Detached or Terrace. Thereafter, morphological and spatial metrics are employed with multinomial logistic regression to assign buildings to particular periods of construction for use within city-scale impact assessment studies. Overall the system developed performs well for the classification of residential building exemplars for the city of Manchester UK, with an overall accuracy of 83.4%, although with less satisfactory results for the Detached period of construction (76.6%) but excellent accuracies for the Semi-Detached residential buildings (93.0%).",,,,
S1,Uncertainty,doi:10.1109/icaide65466.2025.11189741,Dynamic Window-Driven Quantitative Strategies Optimization via Heterogeneous Ensembles,2025,2025 International Conference on Artificial Intelligence and Digital Ethics (ICAIDE),10.1109/ICAIDE65466.2025.11189741,IEEE Xplore,,,"This paper introduces a fresh, window-driven approach to building stock portfolios, emphasizing flexibility and precision in navigating complex financial markets. At its core is a hierarchical meta-ensemble model that powers stock price forecasting by combining multiple predictive models, like LSTM and XGBoost, to capture market trends effectively. Paired with a dynamic time window mechanism, the model adapts to real-time market shifts, enhancing prediction accuracy for prices, directions, and volatility. The portfolio optimization framework builds on these forecasts, using smart strategies like semi-decision learning and Langevin multiplicative weight updates to balance risk and return. Through rigorous testing on Chinese share data from 2021 to 2025, the system proves its edge over traditional methods, delivering strong performance in both prediction accuracy and portfolio returns.",,,,
S1,Uncertainty,doi:10.1111/jiec.13332,What matters most to the material intensity coefficient of buildings? Random forest-based evidence from China,2022,Journal of Industrial Ecology,10.1111/jiec.13332,Scopus; Web of Science,building_attributes,,"Material intensity coefficient (MIC) is vital for material stock accounting in the field of industrial ecology. However, the categorization of MIC varies across regions especially for buildings that diverge greatly along the history and space aspect, and acquisition of MIC data and building information have always been a challenge in related studies. In this study, the state-of-art ensemble model “Random Forest” was developed on Chinese buildings to identify the impact of four building attributes (building structure, construction year, use type, and region) on MIC, and these features’ importance was further assessed by considering variable correlations. The features’ importance and their individual effects on MIC were intuitively revealed by depicting the partial dependence plots. Finally, a set of hierarchical MIC values was estimated by integrating the order of four variables’ importance and a quick MIC calculator was provided. Results showed that building structure is the most influential attribute for MIC, followed by the construction year, use type, and region, successively. The RF-based MIC values allow researchers to apply it to material stock and flow analysis by choosing a specific building feature(s) in the MIC calculator, which is (are) available in building physical inventory data. This study provides a method that could help researchers locate key influencing variables and give insights into the comparability of MIC research across regions and play an important role in developing urban mining and circular economy strategies. © 2022 by the International Society for Industrial Ecology.",,,,
S1,Uncertainty,doi:10.1002/eqe.3567,Seismic vulnerability modelling of building portfolios using artificial neural networks,2022,Earthquake Engineering and Structural Dynamics,10.1002/eqe.3567,Scopus; Web of Science,,,"The incorporation of machine learning (ML) algorithms in earthquake engineering can improve existing methodologies and enable new frameworks to solve complex problems. In the present study, the use of artificial neural networks (ANNs) for the derivation of seismic vulnerability models for building portfolios is explored. Large sets of ground motion records (GMRs) and structural models representing the building stock in the Balkan region were used to train ANNs for the prediction of structural response, damage and economic loss conditioned on a vector of ground shaking intensity measures. The structural responses and loss ratios (LRs) generated using the neural networks were compared with results based on traditional regression models using scalar intensity measures in terms of efficiency, sufficiency, bias and variability. The results indicate a superior performance of the ANN models over traditional approaches, potentially allowing a greater reliability and accuracy in scenario and probabilistic seismic risk assessment. © 2021 John Wiley & Sons Ltd.",,,,
S1,Uncertainty,doi:10.3390/buildings15234364,Ground Settlement Susceptibility Assessment in Urban Areas Using PSInSAR and Ensemble Learning: An Integrated Geospatial Approach,2025,Buildings,10.3390/buildings15234364,Scopus; Web of Science,,,"Ground settlement is a multifaceted geological phenomenon driven by natural and man-made forces, posing a significant impediment to sustainable urban development. Thus, ground settlement susceptibility (GSS) mapping has emerged as a critical tool for understanding and mitigating cascading hazards in seismically active and anthropogenically modified sedimentary basins. Here, we develop an integrated framework for assessing GSS in the Pohang region, South Korea, by integrating Persistent Scatterer Interferometric Synthetic Aperture Radar (PSInSAR)-derived vertical land motion (VLM) data with seismological, geotechnical, and topographic parameters (i.e., peak ground acceleration (PGA), effective shear-wave velocity (Vs30), site period (Ts), general amplification factor (AF), seismic vulnerability index (Kg), soil depth, topographic slope, and landform classes) through ensemble machine learning models such as Random Forest (RF), XGBoost, and Decision Tree (DT). Analysis of 56 Sentinel-1 SLC images (2017–2023) revealed persistent subsidence concentrated in Quaternary alluvium, reclaimed coastal plains, and basin-fill deposits. Among the tested models, RF achieved the best performance and strongly agreed with field evidence of sand boils, liquefaction, and structural damage from the 2017 Pohang earthquake. The very-high-susceptibility zones exhibited mean subsidence rates of −3.21 mm/year, primarily within soft sediments (Vs30 < 360 m/s) and areas of thick alluvium deposits. Integration of the optimal RF-based GSS index with regional building inventories revealed that nearly 65% of existing buildings fell within high- to very-high-susceptibility zones. The proposed framework demonstrates that integrating PSInSAR and ensemble learning provides a robust and transferable approach for quantifying ground settlement hazards and supporting risk-informed urban planning in seismically active and complex geological coastal environments. © 2025 by the authors.",,,,
S1,Uncertainty,doi:10.1007/s10518-026-02384-1,A data-driven approach for rapid seismic risk prediction of RC buildings,2026,Bulletin of Earthquake Engineering,10.1007/s10518-026-02384-1,Scopus; Web of Science,,,"In regions with high seismic activity, the rapid and accurate determination of vulnerable buildings within the existing building stock is a crucial step toward ensuring life safety by enabling preventive measures before future earthquakes. This study presents an artificial intelligence (AI)-based methodology for the rapid and reliable estimation of seismic risk levels in reinforced concrete (RC) frame structures. In this context, the existing building stock was simulated by incorporating parameters such as inadequate material strength, workmanship defects, and usage-related defects in load-bearing elements, which are commonly observed in structures. To establish a robust framework, nonlinear performance analyses were conducted in accordance with the seismic code, and seismic risk levels were classified based on performance outcomes. Through this simulation, 1,680 building profiles were generated, and their corresponding risk levels were determined. The resulting dataset was used to train and evaluate eight different machine learning (ML) models with hyperparameter optimization. Among these, the XGBoost model achieved the highest predictive accuracy of 92% on the test dataset. The results indicate that AI models can rapidly and accurately predict the seismic risk levels of RC buildings, providing a reliable basis for large-scale risk assessment and pre-earthquake decision-making. © The Author(s) 2026.",,,,
S1,Uncertainty,doi:10.1109/iscas66217.2026.11562845,FPGA-Accelerated Feature Extraction for an AI-Based Automatic Modulation Classification System,2026,2026 IEEE International Symposium on Circuits and Systems (ISCAS),10.1109/ISCAS66217.2026.11562845,IEEE Xplore,,,"Real-time Automatic Modulation Classification (AMC) is limited by the high computational cost of deep learning models on edge devices. This work validates the feasibility of a low-cost, feature-based AMC system designed for future full hardware implementation. The system’s robustness is demonstrated through a hybrid HW/SW approach, where 59 features extracted by an FPGA IP core feed a 4-bit quantized lightweight MLP neural network classifier. The extractor’s implementation on a Zynq-7020 SoC is highly efficient (30µs latency, 107mW), and the final system achieves 85.11% mean accuracy with minimal degradation. The results validate the approach as an efficient and low-cost solution, establishing a practical path for the implementation of real-time AMC on edge devices.",,,,
S1,Uncertainty,doi:10.1007/s12524-026-02427-9,A Deep Learning Approach for Automated Building Footprint Extraction from Cartosat Imagery,2026,Journal of the Indian Society of Remote Sensing,10.1007/s12524-026-02427-9,Scopus; Web of Science,remote_sensing; computer_vision; building_attributes,,"The accurate extraction of building footprints, especially in regions with varying building densities, poses significant challenges due to the complexity and variation in building structures. This study explores the use of Indian high-resolution satellite imagery from Cartosat datasets and Convolutional Neural Networks (CNN), to address these challenges while improving building extraction in low, medium, and high-density urban pockets. High-resolution PAN and Multispectral imagery (Cartosat-2E (0.6 and 2 m resolution) and Cartosat-3 (0.3 and 1 m resolution) datasets) was pre-processed using geometric corrections, followed by data augmentation and structured training and testing data split for different spatial locations for unbiased model calibration and testing. The U-Net model was trained over 100 epochs, exhibiting improved accuracy with each epoch as it adjusted its parameters. Cartosat-3 outperformed CartoSat-2E for automated building footprint extraction as it has shown 89.56%, 88.05%, and 85.67% accuracies, as compared to 68.48%, 63.78%, and 45.67% accuracies displayed by Cartosat-2E for low, medium, and high-density areas, respectively. The implementation of trained model on a larger area (~ 1875 sq km area) with reasonable accuracies shows the robustness of developed model. The U-Net model showed promising performance with both datasets, but the CartoSat-3 dataset shows enhanced performance in capturing building structures especially in dense urban environments. This approach highlights the potential of using Cartosat-3 in combination with advanced deep learning models for precise urban mapping, offering valuable insights for urban planning and management. © Indian Society of Remote Sensing 2026.",,,,
S1,Uncertainty,doi:10.1109/lgrs.2018.2867736,Building extraction from LiDAR data applying deep convolutional neural networks,2019,IEEE Geoscience and Remote Sensing Letters,10.1109/LGRS.2018.2867736,Scopus; IEEE Xplore; Web of Science,lidar_point_cloud,,"Deep learning paradigm has been shown to be a very efficient classification framework for many application scenarios, including the analysis of Light Detection and Ranging (LiDAR) data for building detection. In fact, deep learning acts as a set of mathematical transformations, encoding the raw input data into appropriate forms of representations that maximize the classification performance. However, it is clear that mathematical computations alone, even highly nonlinear, are not adequate to model the physical properties of a problem, distinguishing, for example, the building structures from vegetation. In this letter, we address this difficulty by augmenting the raw LiDAR data with features coming from a physical interpretation of the information. Then, we exploit a deep learning paradigm based on a convolutional neural network model to find out the best input representations suitable for the classification. As test sites, three complex urban study areas with various kinds of building structures through the LiDAR data set of Vaihingen, Germany were selected. Our method has been evaluated in the context of 'ISPRS Test Project on Urban Classification and 3-D Building Reconstruction.' Comparisons with traditional methods, such as artificial neural networks and support vector machine-based classifiers, indicate the outperformance of the proposed approach in terms of robustness and efficiency. © 2004-2012 IEEE.",,,,
S1,Uncertainty,doi:10.1016/j.ijdrr.2025.105523,Enhanced risk mapping for hurricane surge losses using synthesized probabilistic and machine learning models,2025,International Journal of Disaster Risk Reduction,10.1016/j.ijdrr.2025.105523,Scopus; Web of Science,,,"Hurricanes are among the most destructive natural hazards, impacting coastal communities and causing building and infrastructure damage, with losses exceeding one trillion dollars over the past four decades. To identify and assess communities’ reactions to hurricanes, precise and efficient approaches must be employed to support the development of national-scale risk assessment tools. While one of the most destructive aspects of hurricanes is storm surge impacts, existing storm surge evaluation methods are often incapable of propagating uncertainty through models and providing a comprehensive approach for all the various types of buildings. This study employs Monte Carlo simulations to develop a probabilistic framework, which is then enhanced into dynamically adjusted models that utilize available building characteristics to improve loss prediction accuracy. Using publicly available building properties to develop these models enhances their practicality, though some impactful variables remain difficult to capture, contributing to a degree of uncertainty in the analysis. While these models offer acceptable accuracy, they are computationally demanding for large-scale loss assessments. Therefore, machine learning (ML) algorithms are used to provide efficiency for the dynamic models, leading to faster analyses while maintaining precision within an acceptable margin, essentially synthesizing the probabilistic and ML models. To address the national-scale needs of hurricane-prone communities, loss-based risk maps are created using the national structure inventory (NSI) building inventory data for wood buildings as exposure inputs. Based on the loss assessment results, annualized loss risk maps are developed at three different scales, including state, county, and census tract scales, laying the groundwork for more effective decision-making for vulnerable communities. © 2025",,,,
S1,Uncertainty,doi:10.1016/j.egyr.2024.09.009,Harnessing machine learning algorithms to unveil energy efficiency investment archetypes,2024,Energy Reports,10.1016/j.egyr.2024.09.009,Scopus; Web of Science,building_attributes,,"Increasing transparency about the performance of different projects is crucial to reducing the heterogeneity in the energy efficiency services market, thereby upscaling investments. In this context, machine learning algorithms could assist in identifying and analyzing energy efficiency project archetypes, although this field has so far been explored with a limited view in the literature. This paper aims to address this gap by identifying energy efficiency investment families and the determinant factors of the classification scheme, using machine learning. In this effort, it hinges on a wide range of indicators from implemented projects around Europe and the USA, including investment profitability, initial investment, risk of failure, intervention type, life measure, region of implementation and building type. The analysis employs two clustering approaches, namely Partitioning Around Medoids (PAM) and K-means, determining the number of clusters based on the Silhouette index and total within-cluster sum of squares. The results indicate that energy efficiency investments can be classified into three categories: (i) ""junk investments"", characterized by low-profitability (IRR similar to 10%), moderate risk, and extended horizons; (ii) ""safe profitability"", distinguished by high profitability (IRR similar to 30%) and minimal risk; and (iii) ""high stakes"", described by exceptionally high profitability (IRR similar to 40%), coupled with a substantial risk. Next to profitability and risk of failure, also energy efficiency intervention and building type (sector) emerge among the most influential factors in the classification scheme. Feature importance shows a significant sensitivity to the chosen classification model.",,,,
S1,Uncertainty,title:national seismic risk assessment the mars model for italy,NATIONAL SEISMIC RISK ASSESSMENT: THE MARS MODEL FOR ITALY,2024,World Conference on Earthquake Engineering proceedings,,Scopus,building_attributes,,"In 2018 the Italian Civil Protection Department (DPC) developed the National Risk Assessment, following the request of the European Commission to all EU Member States to periodically adjourn the assessment of disaster risk related to the specific requirement of the Sendai Framework for Disaster Risk Reduction 2015–2030. The seismic risk assessment was the result of the implementation of some vulnerability models, developed by different research groups (Dolce et al., 2021), in the web-GIS platform IRMA (Italian Risk Maps), developed by EUCENTRE (Borzi et al., 2021). The above-mentioned activity highlighted all the critical issues posed by this special session. Therefore, a purposely set up project named MARS (MAps of Seismic Risk) was funded by DPC and carried out by ReLUIS, under the Authors’ coordination (Masi et al., 2021). The MARS Project was developed by about 30 research groups to get a seismic risk assessment based on a wide consensus of the scientific community. Different vulnerability models, derived by empirical, mechanical, numerical or heuristic approaches, have been integrated taking into account all available information on soil conditions, exposure, and structural features of the building stock. Residential buildings have been classified by the taxonomy of ISTAT census data (structural material, building age and number of stories), and a set of fragility curves have been provided by each research group. A new vulnerability metric, based on the EMS-98 vulnerability classes, was developed, which allows to compare and integrate all models to get a shared set of fragility curves for each building type that include both the intrinsic dispersion due to the paucity of data and the epistemic model uncertainty. In addition to the residential building stock, the MARS project is currently developing at national scale seismic risk models for specific strategic buildings (such as schools, hospitals, warehouses), churches and bridges. © 2024, International Association for Earthquake Engineering. All rights reserved.",,,,
S1,Uncertainty,doi:10.1111/jiec.13348,Building feature-based machine learning regression to quantify urban material stocks: A Hong Kong study,2023,Journal of Industrial Ecology,10.1111/jiec.13348,Scopus; Web of Science,building_attributes,,"Urban material stock (UMS) represents elegant thinking by perceiving cities as a repository of construction materials that can be reused in the future, rather than a burdensome generator of construction and demolition waste. Many studies have attempted to quantify UMS but they often fall short in accuracy, primarily owing to the lack of proper quantification methods or good data available at a micro level. This research aims to develop a simple but satisfactory model for UMS quantification by focusing on individual buildings. Generally, it is a “bottom-up” approach that uses building features to proximate the material stocks of individual buildings. The research benefits from a set of valuable, “post-mortem” ground truth data related to 71 buildings that have been demolished in Hong Kong. By comparing a series of machine learning-based models, a multiple linear regression model with six building features, namely building type, building year, height, perimeter, total floor area, and total floor number, is found to yield a satisfactory estimate of building material stocks with a mean absolute percentage error of 9.1%, root-mean-square error of 474.13, and R-square of 0.93. The major contribution of this research is to predict a building's material stock based on several easy-to-obtain building features. The methodology of machine learning regression is novel. The model provides a useful reference for quantifying UMS in other regions. Future explorations are recommended to calibrate the model when data in these regions is available. © 2022 by the International Society for Industrial Ecology.",,,,
S1,Uncertainty,title:assessment of seismic structural risk for model buildings in the city of sharjah uae,"Assessment of seismic structural risk for model buildings in the city of Sharjah, UAE",2018,Jordan Journal of Civil Engineering,,Scopus; Web of Science,,,"Thirteen model building types were used to represent the building stock in Sharjah city, United Arab Emirates (UAE) in terms of structural system, height and use. Fourteen representative real ground motion records were scaled and used to assess the potential seismic structural risk of the model buildings. Time history analyses were performed on the 13 model buildings and fragility curves relating the probability of reaching or exceeding four predefined damage states to peak ground acceleration (PGA) were established for the 13 model building types. The fragility curves were then used to assess the structural risk of the model buildings and estimate the associated human and economic losses for various earthquake scenarios. Finally, indicative GIS-seismic risk-based maps were produced for Sharjah city for the various risk scenarios. © 2018 JUST. All Rights Reserved.",,,,
S1,Uncertainty,doi:10.1016/j.engstruct.2023.116098,"Do all roads lead to Rome? A comparison of knowledge-based, data-driven, and physics-based surrogate models for performance-based early design",2023,Engineering Structures,10.1016/j.engstruct.2023.116098,Scopus; Web of Science,,,"A performance-based early design must assess the life cycle performance of a sizable design space at low computational cost and limited data. This paper evaluates the relative capabilities of three surrogate modeling approaches to estimate seismic loss under complete and incomplete design information scenarios. Three surrogate models of knowledge-based (i.e., from prior published assessments), data-driven (i.e., support vector machine trained on a simulation-based building inventory), and physics-based (i.e., equivalent single-degree-of-freedom systems) are systematically used to estimate bounds on direct seismic loss for four hypothetical concrete office construction projects in Charleston, South Carolina. Subsequently, a framework is presented that implements these surrogate models as a sequence to explore design alternatives consistent with divergence-convergence cycles of early design exploration. The results show that all different surrogate models provide reasonable accuracy for the complete design information case, whereas data-driven models provided higher accuracy than the other models. For incomplete design information, the data-driven models demarcated the performance space and estimated the same median loss values as detailed loss analysis. In contrast, physics-based surrogate models were more accurate in capturing the relationship between loss and design parameters for smaller sets of design alternatives. Nevertheless, all different surrogate modeling techniques were inadequate to capture loss variability between different designs of the same geometry. © 2023 Elsevier Ltd",,,,
S1,Uncertainty,doi:10.1109/igarss.2007.4423910,Severe wind risk for Australia cities — A national risk assessment approach,2007,2007 IEEE International Geoscience and Remote Sensing Symposium,10.1109/IGARSS.2007.4423910,IEEE Xplore,remote_sensing,,"This study explores a national methodology for assessing the risk that peak wind gusts pose to Australian communities. This risk has been estimated for four cities across Australia, specifically; Perth, Cairns, Brisbane and the Gold Coast. Initially the return period regional wind speeds for three second peak gusts (estimation of the wind speeds that would be equaled or exceeded within a given time period) for the four study regions were obtained from the Australian wind loadings standard [1]. In addition, updated wind hazards for two cities were considered to explore the sensitivity of the assessed risk to refinements of the hazard definition. The local effects on the return period regional wind speeds used were subsequently determined by assessing the local effect of terrain at the structure height of interest, the shielding effect of up-wind buildings and the effect of topography. These effects were numerically estimated using remote sensing techniques, digital elevation data, and formulae presented in the wind loadings standard. The return period wind speeds were determined by combining the local wind multipliers for eight cardinal directions with the return period regional wind speeds (from [1] or other source) on a 25 metre grid across each study region. A structural vulnerability model estimated the economic loss for a given site wind speed. Damage levels across each region were assessed for various return periods (50, 100, 200, 500, 1000 and 2000 years) and the associated economic losses determined. Each city data set was regressed to obtain a corresponding Probable Maximum Loss (PML) curve. Finally, the regression curves were used to determine annualised losses for each study area.",,,,
S1,Uncertainty,doi:10.1109/jurse.2015.7120489,Classification of urban structural types with multisource data and structured models,2015,2015 Joint Urban Remote Sensing Event (JURSE),10.1109/JURSE.2015.7120489,IEEE Xplore,remote_sensing,,"In this paper, we study the land use distribution of the city of Munich, Germany. We describe the city as a set of Urban Structural Types (UST) related to the type of spatial patterns occurring within regions composed of 200m side cells. To do so, we resort to a set of multimodal descriptors extracted from remote sensing data, a 3D city model and open access vector information. Based on these descriptors, we train a SVM classifier and apply two structured prediction models to enforce spatial relationships (Markov and Conditional Random fields).",,,,
S1,Uncertainty,doi:10.1016/j.scs.2021.103292,High-resolution hourly surrogate modeling framework for physics-based large-scale building stock modeling,2021,Sustainable Cities and Society,10.1016/j.scs.2021.103292,Scopus; Web of Science,,,"Surrogate modeling can play a key role in reducing high computational burdens for large-scale physics-based modeling and uncertainty quantification. With the rapid development of large-scale building stock energy modeling, surrogate modeling has also begun to be widely applied in this field; however, most existing surrogate models lack hourly time resolution for regional-scale modeling, which is essential for understanding building demand profiles and grid impacts. Further, there is generally a lack of necessary data and feature engineering frameworks specific to building modeling for efficiently managing large datasets and complex computations. This paper proposes a modeling framework for large-scale (city-/region-scale), high-resolution, high-fidelity surrogate building stock energy models. Our developed framework consists of six modules: (1) building stock energy modeling (ComStockTM and ResStockTM), (2) data engineering for large simulation data, (3) high performance computing workflow, (4) feature engineering, (5) machine learning model development, and (6) model performance evaluation. Two case studies apply the developed framework in both residential and commercial building stock analysis to demonstrate its computational efficiency and surrogate modeling accuracies. Results show that surrogate models, when efficiently trained using the HPC workflow module, reach a high level of modeling accuracy for two case studies. © 2021 Elsevier Ltd",,,,
S1,Uncertainty,doi:10.1061/nhrefo.nheng-2330,Machine Learning-Based Prediction of Optimal Building-Level Flood Mitigation Strategies in At-Risk Communities,2025,Natural Hazards Review,10.1061/NHREFO.NHENG-2330,Scopus; Web of Science,,,"Flood-prone communities face severe economic and structural losses, necessitating strategic building retrofitting to enhance resilience. However, selecting the most effective mitigation strategies remains challenging due to financial constraints and the varying characteristics of at-risk buildings. While previous studies have explored optimization and machine learning separately for flood mitigation, there is a need for a more integrated approach that systematically prioritizes retrofitting strategies across large building inventories while maintaining cost-effectiveness. This study addresses this gap by developing a data-driven framework that combines machine learning and mathematical optimization to support building-level flood mitigation planning. This framework utilizes optimization models to generate training data for machine learning models, enabling the prediction of effective retrofitting strategies to minimize economic losses from flooding. Hyperparameter tuning using Bayesian optimization ensures optimal model performance, and evaluation on a holdout data set confirms its generalizability. The results demonstrate that the stacking model achieved an outstanding accuracy of 99.58% on the test set and 99.44% on the holdout set, significantly outperforming other models. Feature importance analysis reveals that geographic coordinates, building appraisal value, and building area are also critical factors in determining effective retrofitting strategies along with budget consideration. The optimization model, designed to minimize economic loss under budget constraints, shows that a budget of $14M can retrofit over 40% of buildings and reduce economic losses by approximately 17%. Moreover, building elevation emerges as a particularly cost-effective and sustainable resilience strategy, offering both immediate flood protection and long-term mitigation benefits. This research underscores the transformative role of predictive analytics in disaster risk management and provides a scalable, data-driven framework for policy makers and urban planners to make informed decisions on resource allocation and retrofitting strategies. By bridging predicting modeling with prescriptive modeling, this study advances flood resilience planning and economic loss reduction, offering practical insights for real-world implementation. © 2025 American Society of Civil Engineers (ASCE). All rights reserved.",,,,
