Stage,Layer,Record key,Title,Year,Source title,DOI,Database provenance,Positive scope signals,Candidate noise flags,Abstract,Manual decision (relevant/irrelevant/uncertain),Exclusion or uncertainty reason,Reviewer,Evidence note
S3,Broad,doi:10.1007/978-981-16-8352-7_14,Modelling Chinese Urban Residential Stock Turnover Uncertainties Using System Dynamics and Bayesian Statistical Inference,2022,Sustainable Development Goals Series,10.1007/978-981-16-8352-7_14,Scopus,lifetime; demolition; survival_hazard; turnover_cohort,operational_energy,"Building stock turnover is one of the key determinants in building energy modelling and policy analysis. Building lifetime is integral to the dynamics of stock turnover. However in China, despite anecdotal claims that urban residential buildings are generally short-lived, there are no official statistics on building lifetime, and empirical data is extremely limited. Official statistics on total floor area of Chinese urban residential stock only exist up to 2006. This paper presents a Bayesian approach to estimate Chinese urban residential building lifetime and characterise the overall stock turnover dynamics for the period of 2007 to 2017. Firstly, the building stock evolution process is described by a system dynamics model in which survival analysis is used to characterise the dynamic interplay between new construction, aging, and demolition of buildings. The uncertainties associated with building lifetime are represented using a Weibull distribution. Secondly, based on this model and official statistics on urban residential floor area up to 2006, a Bayesian probabilistic model is developed to simulate the posterior distribution of Weibull parameters through Markov Chain Monte Carlo (MCMC) technique. As a result, the distribution of building lifetime unconditional on the Weibull parameters is obtained. Further, the posterior distributions of Weibull parameters, along with official statistics on annual new construction, enable the estimate of stock turnover in the form of posterior predictive distribution for the period of 2007 to 2017. This Bayesian modelling framework, and its results in the form of probability distributions of annual total stock and underlying age-specific sub-stocks, can provide the basis for further modelling and analysing policy trade-offs of embodied-versus-operational energy consumption and carbon emissions of buildings in the context of sector-wide decarbonisation. © The Author(s), under exclusive license to Springer Nature Singapore Pte Ltd. 2022.",,,,
S3,Broad,doi:10.1016/j.uclim.2016.01.001,Temperature response functions for residential energy demand - A review of models,2016,Urban Climate,10.1016/j.uclim.2016.01.001,Scopus; Web of Science,turnover_cohort,,"Climate is a major influence on residential energy demand and energy demand patterns. A better understanding of the link between climate and energy demand responses is crucial to improve energy forecasting outcomes and to evaluate the potential of climate change adaptation strategies. This paper reviews models of residential energy demand to temperature. We classify the models used in papers published in peer-reviewed journals and observe that the credibility of energy demand projections hinges in part on the assumption that the shape and type of the temperature response function is stationary. The evidence of acclimatization to warmer conditions may oppose this assumption. While the studies reviewed here only tested the impact of changes in the temperature thresholds and the shape of temperature response functions, a comprehensive understanding of changes in energy demand patterns and climate adaptation potentials requires knowledge of building stock turnover rates and associated changes in technology and behavioral responses of building occupants. These are not yet part of the standard repertoire of temperature-based demand models. (C) 2016 Elsevier B.V. All rights reserved.",,,,
S3,Broad,doi:10.1016/j.resconrec.2017.09.022,Towards a more circular construction sector: Estimating and spatialising current and future non-structural material replacement flows to maintain urban building stocks,2018,"Resources, Conservation and Recycling",10.1016/j.resconrec.2017.09.022,Scopus,turnover_cohort; dynamic_mfa,,"Humans are extracting and consuming unprecedented quantities of materials from the earth's crust. The construction sector and the built environment are major drivers of this consumption which is concentrated in cities. This paper proposes a framework to quantify, spatialise and estimate future material replacement flows to maintain urban building stocks. It uses a dynamic, stock-driven, and bottom-up model applied to the City of Melbourne, Australia to evaluate the status of its current material stock as well as estimated replacements of non-structural materials from 2018 to 2030. The model offers a high level of detail and characterises individual materials within construction assemblies for each of the 13 075 buildings modelled. Results show that plasterboard (7 175 t), carpet (7 116 t), timber (6 097 t) and ceramics (3 500 t) have the highest average annual replacement rate over the studied time period. Overall, replacing non-structural materials resulted in a significant flow of 26 kt/annum, 36 kg/(capita·annum) or 721 t/(km2·annum). These figures were found to be compatible with official waste statistics. Results include maps depicting which material quantities are estimated to be replaced in each building, as well as an age pyramid of materials, representing the accumulation of materials in the stock, according to their service lives. The proposed model can inform decision-making for a more circular construction sector. © 2017 Elsevier B.V.",,,,
S3,Broad,doi:10.1016/j.rser.2024.115262,Dynamic life cycle assessment of buildings and building stocks – A review,2025,Renewable and Sustainable Energy Reviews,10.1016/j.rser.2024.115262,Scopus,dynamic_mfa,,"Although life cycle assessment (LCA) as a method and framework has been extensively examined in the scientific literature, a new emphasis is put on integrating evolving spatiotemporal conditions of the analysed system, aiming to promote a more robust assessment through dynamic LCA. However, dynamic LCA methodologies remain inconsistent across multiple aspects, including on time-dependency, dynamic parameters, and links with other widely applied tools, such as material stocks and flows analysis or geographic information systems. Focusing on the four main phases of the LCA framework, this work presents a systematic review of the latest scientific literature reporting on prospective LCA modelling of buildings, while covering at least one dynamic parameter, such as the decarbonisation of the energy mix. First, this research presents the bibliometric structure of 64 published documents on the dynamic LCA of buildings, through four network visualisation maps. Then, it identifies a sample of 218 documents through the literature review method, and deeply analyses a sub-sample of 34 documents to systematise the emerging knowledge on dynamism in LCA as applied to buildings. We need a more comprehensive dynamic LCA modelling framework that can assess environmental performance of multiple building types, at a high level of spatial and temporal detail. Such framework should be able to integrate dynamic parameters in a simplified manner, and allow flexible time horizons and spatial scopes. Such framework should be able to quickly provide modelling results that may inform decision-making processes in finding solutions towards the challenges of resource depletion and climate change. © 2024 The Authors",,,,
S3,Broad,doi:10.3390/su11133720,Estimating lifetimes and stock turnover dynamics of urban residential buildings in China,2019,Sustainability (Switzerland),10.3390/su11133720,Scopus; Web of Science,lifetime; demolition; survival_hazard; turnover_cohort,operational_energy,"Building lifetime and stock turnover are both key determinants in modelling building energy and carbon. However in China, aside from anecdotal claims that urban residential buildings are generally short-lived, there are no recent official statistics, and empirical data are extremely limited. We present a system dynamics model where survival analysis is used to characterise the dynamic interplay between new construction, aging, and demolition of residential buildings in urban China. The uncertainties associated with building lifetime were represented using aWeibull distribution, whose shape and scale parameters were calibrated based on official statistics on floor area up to 2006. The calibratedWeibull lifetime distribution allowed us to estimate the dynamic stock turnover of Chinese urban residential buildings for 2007 to 2017. We find that the average lifetime of urban residential buildings was around 34 years, and the overall residential stock size reached 23.7 billion m2 in 2017. The resultant age-specific sub-stocks provide a baseline for the overall stock, which-along with the calibratedWeibull lifetime distribution-can be used in further modelling and for analysis of policies to reduce the whole-life embodied and operational energy and CO2 emissions in Chinese residential buildings. © 2019 by the authors.",,,,
S3,Broad,doi:10.3390/buildings13102671,"A Data Processing Methodology to Analyze Construction and Demolition Dynamics in the European Metropolis of Lille, France",2023,Buildings,10.3390/buildings13102671,Scopus; Web of Science,demolition,,"In the absence of industry data, organisms, and researchers leverage free and available data, specifically building and demolition permits. Geospatial processing is essential to integrate information from various files into a single GIS layer containing all relevant attributes for analysis. This article proposes a Geographic Information System (GIS) processing model aimed at monitoring construction and demolition dynamics in the European metropolis of Lille to quantify the urban production of mineral waste from buildings. Author methodology is based on that that the deposit potential can be analyzed using the observation of the spatiotemporal dynamics of building and demolition permits. The results demonstrate that combining construction and demolition (C&D) permits with other GIS layers allows us to produce data to quantify demolition surfaces per year in a given French area. The applicability of this methodology extends to all French regions, providing insights into the impact of crises on deconstruction activities and C&D waste generation. The study focuses on C&D French public data bases (French government and European Metropolis of Lille) attributed to the region (area) of the European Metropolis of Lille (MEL) between 2013 and 2022. Some data for 2022 were incomplete due to ongoing treatment, emphasizing the importance of understanding the dynamics of demolition rates or surfaces to identify data gaps or errors. Historical trajectories of C&D permits were quantified and analyzed, revealing over 21,000 permits granted from 2013 to 2022, categorized by site type (new construction, rehabilitations, prior declarations, and demolitions). Construction sites during this period covered approximately 3,345,948 m2, constituting 20% of the MEL’s building stock, while demolition sites amounted to 1,977,911 m2, equivalent to 5% of the total area of buildings in the metropolis. Employing GIS allowed for a spatial analysis, visualizing data by municipality, urban fabric, and year. The analysis highlighted territories with high and low potential for demolition and construction, as well as the most impacted urban fabrics and dynamic periods. The article discusses potential crisis impacts (e.g., COVID-19 or economic downturns) and the implications of incomplete data. Finally, the study demonstrates how these findings can be utilized to quantify C&D waste, leveraging GIS and the production rate calculation method (GRC). © 2023 by the authors.",,,,
S3,Broad,title:defining eco efficiency solutions useful during maintenance activities of existing buildings,Defining eco-efficiency solutions useful during maintenance activities of existing buildings,2010,PORTUGAL SB10: SUSTAINABLE BUILDING AFFORDABLE TO ALL - LOW COST SUSTAINABLE SOLUTION,,Web of Science,lifetime; turnover_cohort,,"This research is aimed at defining innovative guidelines and building components for introducing eco-efficiency principles into maintenance activities of real building stock. This goal is justified by the awareness that nowadays the building sector is one of the main responsible of the environmental burdens especially during its lifespan. This issue is true, in particular, in the Italian context where most of the existing buildings are generally out of date and not fit to minimize the energy consume. On these assumptions, adopting the Design by Components (DbC) approach, which has been conceived at DIPRADI for developing environmental-friendly industrial products, the study is going to transfer this approach also in the building sector in order to demonstrate that recurring on sustainable components maintenance and replacement is a direct strategy for improving the environmental performances of building lifespan and at the same time it is indirect way for improving the environmental performances of building life cycle.",,,,
S3,Broad,doi:10.17831/enqarcc.v22i1.1261,Urban Transformation Towards Premature Obsolescence Of Buildings,2025,Enquiry,10.17831/enqarcc.v22i1.1261,Scopus,lifetime; demolition,,"A circular development in cities aims to create ecologically regenerative and resilient environments to transition towards a more sustainable future. This involves rethinking how we design, build, and disassemble, favoring reuse and regenerative cycles. The result is longer building lifespans and, therefore, helps reduce CO₂ emissions from the construction sector. For architects and city planners, the challenge lies in balancing between developing densification strategies to limit urban sprawl with preserving the built environment by extending lifecycles. How does densification affect the demolition and lifespan of buildings in neighborhoods, and what are the possible circular transformations? The objectives of this research are to discuss changes in the built environment in relation to densification strategies and reflect on how these changes might support or hinder circular practices. The paper explores the evolution in building stock over time, using the city of Trondheim, Norway, as a case study. First, data on the existing building stock is analyzed to understand the location and age of various building types across different neighborhoods. Buildings are classified into five categories: low-density housing, high-density housing, public services, industrial and work-related buildings, leisure, and smaller constructions (such as garages, cabins, or sheds). This data is then compared with historical records of buildings being demolished and newly built structures from 2012 to 2021 to trace the transformation of the built environment. It includes information on building type, square meters, construction and demolition dates, and location. The data collected from the municipal cadaster is visualised using Geographical Information System (GIS) software to support a spatial neighborhood-based analysis. The results first present differences in the number of demolitions, building projects, and densification across city areas. Next, the study examines the age distribution within the five building categories. Two main findings emerge: variations in the neighborhood densification over the past decade, and differences in building lifespans across areas. This analysis supports projections for future urban developments, and identifies opportunities for circularity. Additionally, comparing the age of the current building stock with that of demolished buildings highlights the premature obsolescence of certain building types. The findings show that some categories are more prone to demolition or new construction. These results are discussed alongside urban planning and densification strategies, offering policy insights and supporting a contextualised approach to circular development. © 2025, Architectural Research Centers Consortium. All rights reserved.",,,,
S3,Broad,doi:10.1080/09613210802184312,"Towards modelling of construction, renovation and demolition activities: Norway's dwelling stock, 1900-2100",2008,Building Research and Information,10.1080/09613210802184312,Scopus,lifetime; demolition; dynamic_mfa,,"The activities of construction, renovation and demolition related to the dwelling (housing) stock have a strong impact on both material and energy demands. A deeper understanding of the dynamics driving these activities is a precondition for a more consistent way to address material and energy demands. The method presented herein is based on a dynamic material flow analysis and is applied to the Norwegian dwelling stock. Input data to the model are population and socio-economic lifestyle indicators such as the average number of persons per dwelling and the average size of dwellings; these determine the size of the floor area stock. Parameters such as the lifetime of dwellings and renovation intervals complete the input set. Outputs of the model are the stock and flows of floor area for the period 1900-2100. Analysis of the renovation activity is given particular attention. Several scenarios are considered in order to test the model's sensitivity to input's uncertainties. Results are compared with statistical data, where the latter are available. The main conclusion is that in the coming decades renovation is likely to overtake construction as the major activity in the Norwegian residential sector.",,,,
S3,Broad,doi:10.5334/bc.61,Pathways toward a carbon-neutral Swiss residential building stock,2020,Buildings and Cities,10.5334/bc.61,Scopus; Web of Science,lifetime; turnover_cohort; dynamic_mfa; outflow_forecast,,"Current policies to reduce energy consumption and CO2 emissions associated with buildings focus on technological developments such as energy efficiency, renovation rates and renewable energies. While technological developments are effective at mitigating climate change, the omission of lifestyle changes such as lower floor area per capita and indoor temperatures as well as disruptive measures (e.g. replacement of highly energy-consuming buildings) leave untapped potential for further savings. A dynamic stock-driven model is presented that quantifies direct energy consumption and direct CO2 emissions associated with the use phase of Swiss residential buildings. Eleven scenarios involving technological developments, lifestyle changes and disruptive measures are evaluated against relevant goals (Paris Agreement, Energy Strategy 2050 and 2000-Watt Society). Disruptive measures are modelled with a new combined lifetime-leaching approach. The scenario analysis indicates that the main leverage points for energy savings reside in lifestyle changes, whereas emission reductions can be highly levered by technological developments. Reaching all the goals is possible, but requires ambitious strategies. This study provides a basis for expanding the portfolio of climate change mitigation strategies for the residential building sector, although further research is needed to understand social, cultural and economic aspects, and indirect (embodied) emissions. Policy relevance Switzerland currently applies two policies in the building sector to reach the climate goals (Energy Strategy 2050, Paris Agreement and 2000-Watt Society). This study shows: (1) current policies (a CO2 levy on fossil fuels for heating and the Buildings Program subsidising renewable energies and energy-efficient renovations) are effective at lowering energy consumption and CO2 emissions, but insufficient to meet any of the goals; (2) reaching the Energy Strategy 2050 and Paris Agreement requires an extension of current policies and a complete phase-out of fossil fuels by 2050; and (3) achieving the 2000-Watt Society requires the measures described above, households heating only areas inside dwellings up to 20°C, and one of these three measures: (a) households living with 41 instead of 47 m2/cap, (b) increasing the renovation rate from 1.3% to 3.0%, and (c) replacing buildings consuming > 140 kWh/m2/yr. Further evaluations including social, cultural and economic aspects, and indirect energy consumption and embodied emissions are needed. © 2020 The Author(s).",,,,
S3,Broad,title:zero energy emission buildings terms definitions and building practice,"""Zero-Energy/Emission-Buildings""-terms, definitions and building practice",2007,CESB 2007 PRAGUE International Conference - Central Europe Towards Sustainable Building,,Scopus,lifetime,,"Energy use in buildings worldwide accounts for a significant part of the primary energy use and the green house gas emissions. The ratio widely varies by country due to climate, population density, life style, building standard and use of renewable sources. Depending on the building energy standard and the fraction of the energy sources in use, buildings are more a direct (on site use of fossil fuels) or indirect source of emissions (site delivered electricity, district heating/cooling, building materials). Due to the long building lifetime energy use and emissions are dominated by the building stock. A large variety of measures to reduce energy use and emissions significantly is known and available on the market. In view of the climate change and resource shortage more is required than just increasing the energy efficiency of buildings. One vision in the current debate are so called ""zero-energy"" or ""zero-emission"" or ""zero-carbon"" buildings [1, 2, 3, 4].",,,,
S3,Broad,doi:10.1038/s41893-026-01860-5,Demand-side factors as dominant drivers of resource efficiency in the concrete aggregates cycle,2026,Nature Sustainability,10.1038/s41893-026-01860-5,Scopus; Web of Science,turnover_cohort,,"Cement, concrete and aggregates are essential to modern infrastructure, but drive substantial resource use. We develop an integrated framework of the global concrete aggregates cycle, combining flows, stocks and services into a resource-use intensity metric, defined as resource use per unit of the Human Development Index. Using data for 184 economies from 1990 to 2018, we attribute changes to production- and demand-side drivers. Production-side improvements, such as clinker substitution or efficiency gains in concrete formulation, have yielded only marginal reductions. By contrast, demand-side drivers dominate. Developing economies face large imbalances between inflows and outflows, while industrialized economies show stock saturation and declining turnover. Effective levers include extending building lifespans, reducing material stock intensity through design and urban planning, and enabling reuse and structural intensification. These results highlight the decisive role of demand-side strategies in advancing resource sustainability, while underscoring the importance of linking resource efficiency to social welfare rather than economic output. © The Author(s), under exclusive licence to Springer Nature Limited 2026.",,,,
S3,Broad,doi:10.1016/j.enpol.2021.112220,Optimal building retrofit pathways considering stock dynamics and climate change impacts,2021,Energy Policy,10.1016/j.enpol.2021.112220,Scopus; Web of Science,turnover_cohort; outflow_forecast,,"Deep energy retrofit across the European building stock would require decades during which boundary conditions will change. This study identifies a range of retrofit pathways, using a dynamic stock model, a bottom-up energy model and an optimization model for different climate scenarios. We consider 1.1 million different retrofit options in the Swiss residential building stock for different economic/environmental objectives until 2060. Despite the replacement of old by new buildings, energy demand and greenhouse gas (GHG) emissions in the reference scenario without deep energy retrofitting are likely to decrease by only about 25%, while accounting for investments of 2–3 billion CHF/a. Partial energy retrofitting or an investment-minimized pathway are neither cost-effective nor sufficient to get close to the net zero targets. In contrast, the highest GHG-saving pathway leads to very high emission reduction of 90%, but requires investment cost of 9 billion CHF/a, which leads to specific cost of 180 CHF/t CO2eq. The cost-optimal pathway shows moderate trade-offs for investment cost and could reach GHG savings of 77% with specific cost of −140 CHF/t CO2eq. Hence, early and deep energy retrofit is cost-effective and allows deep GHG emission reductions by making full use of the synergies between GHG and cost savings. © 2021 The Authors",,,,
S3,Broad,doi:10.1016/j.spc.2025.08.019,Potential for biogenic carbon storage towards a net-zero built environment in Switzerland,2025,Sustainable Production and Consumption,10.1016/j.spc.2025.08.019,Scopus; Web of Science,demolition; turnover_cohort; outflow_forecast,,"The built environment is a major contributor to global greenhouse gas (GHG) emissions, posing challenges for achieving net-zero targets by 2050. This study examines the potential of an increased use of biobased materials in the Swiss residential building stock to mitigate emissions while increasing biogenic carbon storage. Using a Python-based building stock model, the study evaluates the effectiveness of increasing the share of biobased materials in both renovations and new constructions under different scenarios compared to climate goals. Results indicate that renovations will become the dominant driver of building stock emissions and biogenic carbon storage potential by 2050. While new construction activities will decline due to demographic trends, renovations will contribute nearly four times more to GHG emissions than new buildings. Nevertheless, new constructions are more effective at storing biogenic carbon, achieving a biogenic-to-emissions ratio of 300 % by 2050, compared to 176 % for renovations. By mid-century, the yearly biogenic carbon storage in buildings could reach 2.5 Mt. CO₂, approaching a balance with yearly GHG embodied emissions. However, even in the most optimistic scenario, increasing biobased material use alone reduces cumulative emissions by only 5–8 % compared to business as usual, underscoring the need for additional emission reduction strategies, including decarbonizing material production and reducing construction activities. The long-term analysis reveals that biogenic carbon storage potential is constrained by demolition rates (assuming full re-emission at the end of life), with a higher demolition rate accelerating carbon turnover and limiting storage capacity. A cumulative maximum biogenic carbon stock of 300–400 Mt. CO₂ is projected in the long-term, surpassing Switzerland's expected cumulative net emissions removals by 2050 by 6 times. This study highlights the built environment's potential as a long-term carbon reservoir and emphasizes the necessity of targeted renovation strategies, regulatory policies, and material production improvements to achieve climate goals effectively. © 2025 The Authors",,,,
S3,Broad,doi:10.1177/23998083221140892,How changes in urban morphology translate into urban metabolisms of building stocks: A framework for spatiotemporal material flow analysis and a case study,2023,Environment and Planning B: Urban Analytics and City Science,10.1177/23998083221140892,Scopus; Web of Science,turnover_cohort; dynamic_mfa,,"Anthropogenic stocks are increasingly seen as potential reserves for secondary resources, which has led to a rapid development in research of urban metabolic systems. With regard to buildings and their associated material stocks and flows, one of the most critical shortcomings in the state-of-the-art is the knowledge gap for drivers, dynamics, patterns and linkages that affect the urban metabolism. This paper is premised on the idea that urban planning stirs up these material flows, so it should also adopt their sustainable management on its agenda. It presents an approach that highlights the intertwined nature of changing urban morphology and building material stocks and flows in space and time. An analytical framework, based on the principles of material flow analysis, is provided for an integrated, spatiotemporal study of urban morphology and urban metabolism of buildings, using building and plot data as the input and identifying internal processes of the urban metabolism as the output. The identified processes include greenfield development, infill construction, building replacement and shrinkage, each of which can be expected to have tangible yet very different material and environmental consequences in the form of embodied materials and CO2. The use of the framework is demonstrated with a case study in the Finnish city of Vantaa in 2000–2018. The case study shows patterns pertaining to a growing city unrestricted by geographic or historic factors, manifested as vast greenfield developments and replacement of a notably young building stock. As sustainability may soon call into question both these strategies, uncovering the material consequences of a city’s past urban (re)development strategies lay the foundation for using the presented approach proactively in planning support, in pursuit of more circular economy-based and low carbon cities. © The Author(s) 2022.",,,,
S3,Broad,doi:10.13671/j.hjkxxb.2025.0285,Material metabolism and spatial distribution characteristics of urban residential buildings in Chongqing based on dynamic material flow analysis and 4D-GIS approaches; [基于动态物质流与 4D-GIS 的重庆城镇住宅物质代谢与空间分布特征研究],2025,Huanjing Kexue Xuebao / Acta Scientiae Circumstantiae,10.13671/j.hjkxxb.2025.0285,Scopus,demolition; dynamic_mfa,,Building materials form the physical foundation of cities，yet their extensive use，accumulation，and disposal pose significant challenges to urban resource and waste management. Understanding their temporal dynamics and spatial distribution is critical for guiding urban planning and enhancing resource management resilience. To investigate the material metabolism and spatial distribution of urban residential buildings，promote resource-efficient urban development，and alleviate construction and demolition（C&D）waste management pressures，this study uses Chongqing as a case study. We developed a dynamic material flow model for urban residential buildings and a 4D-GIS model for the main urban area，cross-validating both approaches. The results showed that material stock of Chongqing’s urban residential buildings is growing rapidly，projected to peak at 2.55 billion tons in 2040，with sand and gravel comprising ~70%. Steel-concrete structures have largely replaced brick-concrete as the dominant form. The building material demand for new urban residential buildings peaks twice，in 2016（110 million t·a-1）and 2080（35.48 million t·a-1），with C&D waste peaking in 2077（58.35 million t·a-1）. An 80% recycling rate could fully meet residential material demands. The 4D-GIS analysis shows significant variation in residential stock across Chongqing’s main urban districts，with Yubei District highest at 130 million tons，displaying a pronounced spatial agglomeration effect. The error margin between dynamic material flow and 4D-GIS results is within ±30%，confirming their complementarity. This study provides a scientific foundation for Chongqing’s long-term construction resource management and low-carbon urban planning. © 2025 Science Press. All rights reserved.,,,,
S3,Broad,doi:10.1007/s44498-026-00164-3,A layered dynamic material flow framework for modeling building renovations,2026,Journal of Industrial Ecology,10.1007/s44498-026-00164-3,Scopus; Web of Science,lifetime; demolition; survival_hazard; turnover_cohort; dynamic_mfa,,"Dynamic material flow analysis (dMFA) is widely used to study the material demands of residential building stocks. In most of the studies conducted to date, buildings are modeled as homogeneous units instead of a system of components. A limitation of this assumption is that the material flow dynamics from renovations cannot be fully captured. In this study, we develop a cohort-based, layered dMFA framework that explicitly links renovation lifetimes to structural lifetimes, while allowing for different building layers to be renovated independently. This framework tracks the temporal evolution of building cohorts and applies a lifetime convolution approach to ensure that renovation probabilities are conditional on building survival. Cohort-specific material intensities are further differentiated across structural, skin, and space layers. We apply the framework to residential buildings in Sweden using a unique set of building inventory and disaggregated material intensity data. Compared with conventional monolithic renovation models, the layered lifetime approach reduces the estimated renovated floor area by approximately 10%, with larger differences seen for older cohorts that are approaching demolition. These corrections translate into substantial changes in renovation-related material flows. The results demonstrate that neglecting lifetime interdependencies between building components and structures leads to inflated estimates of the demand for renovation. By conceptualizing buildings as systems that have components with interrelated lifetimes, this study advances dMFA methods for renovation modeling. © The Author(s) 2026.",,,,
S3,Broad,doi:10.1016/j.resconrec.2024.108117,live (a) little: GHG emissions from residential building materials for all 400 counties and cities of Germany until 2050,2025,"Resources, Conservation and Recycling",10.1016/j.resconrec.2024.108117,Scopus; Web of Science,dynamic_mfa; outflow_forecast,,"Germany is trying to solve the housing crisis in many of its cities with new construction. At the same time it is trying to meet its greenhouse gas emissions commitments under the Paris Agreement. This study examines how measures to tackle the housing crisis affect the climate crisis by looking at whether material emissions from the construction sector are in line with Germany's decarbonization targets. We project material demand and associated emissions from 2024 to 2050 using dynamic material flow analysis of a novel high-resolution building stock model based on synthetic population microdata. The model incorporates technological improvements in building design and material efficiency, finding that these fall short of carbon neutrality targets in 2045 and beyond. A reduction in per capita floor area is required to meet the targets. The high spatial resolution of this study allows the identification of reduction hotspots within Germany's 400 cities and counties, emphasizing the need for location-specific policy for national goals. © 2025 The Authors",,,,
S3,Broad,doi:10.1007/s11356-020-11971-x,Investigating the spatiotemporal variability and driving factors of China’s building embodied carbon emissions,2021,Environmental Science and Pollution Research,10.1007/s11356-020-11971-x,Scopus; Web of Science,dynamic_mfa,,"Rapid and large scale construction activities consume significant resources and make impacts on the environment. To support policy for emission reduction and route of low-carbon society development, this paper estimated building stocks and building embodied carbon emissions (BECEs) in China’s 31 provinces from 1997 to 2016 by material flow analysis (MFA). Furthermore, global and local Moran’s indices were employed to investigate the geographical clustering patterns, and temporal and spatial decomposition models were proposed to identify the driving forces. The results reveal the total BECEs has boomed from 9.67 billion tons in 1997 to 28.99 billion tons in 2016. BECEs in 31 provinces have experienced consistent increase but obvious differences in growth rate, and are spatially inclined to decrease from eastern coastal regions to western inland regions. The change of spatial agglomeration pattern is complex and variable. It presents that a long and narrow “H-L agglomeration” is located in the two northernmost provinces and the other 29 provinces enforce a sequence arrangement with an order of “H–H”, “L–H”, “H–L”, and “L–L” from east to west. Temporal decomposition results show that investment scale, economic level, and population density are the main driving forces for the increase of BECEs from both national and provincial levels, while the main reasons for the decrease are technical level and return on investment. Spatial decomposition results demonstrate that population density and provincial area are the main driving forces for the difference between provincial and national average, and others cause the difference among provinces. © 2021, The Author(s), under exclusive licence to Springer-Verlag GmbH, DE part of Springer Nature.",,,,
S3,Broad,doi:10.14627/gis.science.2025.4.1,AN ANALYSIS OF REGIONAL BUILDING STOCKS FOR MATERIAL FLOW ASSESSMENT; [EINE ANALYSE REGIONALER GEBÄUDEBESTÄNDE ZUR BEWERTUNG DES MATERIALFLUSSES],2025,gis.Science - Die Zeitschrift fur Geoinformatik,10.14627/gis.Science.2025.4.1,Scopus,demolition; dynamic_mfa; outflow_forecast,,"This study develops a GIS-based framework to create a high-resolution building inventory for Wallonia, Belgium, addressing a critical data gap for regional material flow assessment. Key methodological innovations include the use of LiDAR to estimate building volume, a jointness analysis to supplement missing building typologies, and a spatial matching technique to identify demolished structures, collectively addressing common data scarcity issues. The resulting inventory identified 1.43 million residential buildings. The detected trend in demolition activity aligns with official statistics, validating the methodology’s ability to capture meaningful stock dynamics at a regional scale. This work demonstrates that a spatially explicit inventory is a foundational and transferable tool for quantifying material stocks and determining construction and demolition volume, providing a critical evidence base for regional circular economy strategies. © 2025 VDE Verlag GmbH. All rights reserved.",,,,
S3,Broad,doi:10.1080/09613218.2016.1152040,Reconstitution of the dynamics of an urban building stock,2017,Building Research and Information,10.1080/09613218.2016.1152040,Scopus; Web of Science,lifetime; demolition; survival_hazard; outflow_forecast,,"What are the patterns and influences on the lifespan of the building stock? This paper presents (1) the reconstitution of an urban building stock composed of more than 60 000 buildings, (2) the analysis of the development of this stock over a period of 180 years (constructions and demolitions), and (3) the analysis of building mortality patterns and reasons for demolition resulting from historic decisions and regimes. A method to reconstitute the stock from different data sources is presented. The mortality models take into account not only the present demolition rates and the age distribution of the ‘survivors' but also the disappeared buildings. The main results are new insights into the lifespan behaviour of buildings according to their period of construction (cohorts) as well as the reasons for demolition. The demolitions do not show specific explanation patterns, but changing influences of the construction activities over time. The average demolition age of all buildings in Zurich, Switzerland, decreased from over 200 years to fewer than 70 years. A total of 18 000 buildings have been demolished over the 180-year period. The presented methods and results can be integrated in multidimensional geographical information systems (GIS) as comprehensive planning, scenario and regulatory tools. © 2016 Informa UK Limited, trading as Taylor & Francis Group.",,,,
S3,Broad,doi:10.1016/j.resconrec.2023.107340,Temporally dynamic environmental impact assessment of a building stock: Coupling MFA and LCA,2024,"Resources, Conservation and Recycling",10.1016/j.resconrec.2023.107340,Scopus; Web of Science,dynamic_mfa,,"In this study, MFA and LCA are coupled in a prospective analysis of the environmental impact of a building stock at a Danish university campus. The existing buildings are mapped and future growth is identified to create a dynamic LCA inventory. The prospective model is applied in a case study to determine the accumulated environmental impacts associated with the growth of the campus building stock from 2023 to 2050. The findings indicate that the national decarbonization of electricity and heat supply from 2023 to 2035 will deliver notable impact reductions, however the reduction in the overall impact of the building stock by 2050 will be counteracted by growth in new buildings and potential renovation activities. If decarbonization continues post-2035, impact will decrease for particularly global warming potential. The results allow identification of environmental impact hotspots, both spatially and temporally. This supports the development of mitigation strategies to reduce environmental impacts. © 2023",,,,
S3,Broad,doi:10.1016/j.enbuild.2024.115024,A dynamic modelling approach to explore zero emission building stock opportunities towards 2050 – Case study of a university campus,2024,Energy and Buildings,10.1016/j.enbuild.2024.115024,Scopus; Web of Science,dynamic_mfa; outflow_forecast,operational_energy,"The building sector has a significant influence on energy use and environmental impact. When observing a university campus, reduction of energy use is a complex issue due to the variety of building types, usage, building construction age, and different implementation of improvement measures. To investigate how energy efficiency measures on a single building may influence the entire campus, a combination of building energy simulation and a scenario-based aggregation method using dynamic material flow analysis principles was implemented. This study investigated possible energy efficiency measures at a university campus in Trondheim, Norway. Scenario analysis was used to identify the most critical factors for future development and to evaluate to what extent the campus might develop towards a net zero-emission campus during the period 2017–2050. Four scenarios were introduced including two aspects: renovation of the existing building stock and changes in campus energy supply systems. The results on energy efficiency packages highlighted that saving potentials were highly dependent on the construction period of the buildings. The package combining envelope renovation and operation improvements showed the highest savings. The findings indicated that advanced renovation, including extensive use of heat pumps, might be the most promising strategy for reducing energy demand by 26 %. © 2024 The Author(s)",,,,
S3,Broad,doi:10.30638/eemj.2014.312,Environmental assessment of a precast concrete building stock in a time perspective,2014,Environmental Engineering and Management Journal,10.30638/eemj.2014.312,Scopus; Web of Science,lifetime; demolition,,"The sustainable refurbishment of the existing building stock is a key issue in achieving the ambitious long-term energy and environmental goals of the European Union. Europe has a vast building stock built with prefabricated reinforced concrete largepanel construction technology after World War II to decrease the general housing shortage, mostly in the Eastern-European countries and East Germany. This study focuses on the environmental evaluation of the retrofitting of the existing precast large-panel building stock in Hungary and provides a decision support tool for the architectural design process by identifying the largest environmental impacts. Different scenarios, including demolition/new construction and various refurbishment levels, were analyzed through life cycle assessment and considering the potential impacts throughout the building’s lifetime. The effect of building lifetime and calculation period on the environmental performance was evaluated in detail. The typology of the precast large-panel building stock was set up by grouping buildings according to their age, architecture and technical parameters. The methodology is demonstrated on a case study area: the Kelenföld housing estate in Budapest (Hungary) built in 1965-75 was chosen for the analysis. After assessing the environmental performance of the determined types, the mitigation potential of the housing estate was estimated. © 2014, Gh. Asachi Technical University of Iasi. All rights reserved.",,,,
S3,Broad,doi:10.1016/j.resconrec.2024.107971,Pathways to a net zero building sector in Colombia: Insights from a circular economy perspective,2025,"Resources, Conservation and Recycling",10.1016/j.resconrec.2024.107971,Scopus; Web of Science,dynamic_mfa,,"The rapid urbanization and economic growth in Colombia have made the residential sector one of the largest energy and material consumers in the country. Circular economy (CE) strategies are a promising alternative to decouple the sector from resource depletion and climate change. The analysis shown here is based on the RECC model framework, a dynamic material flow analysis (dMFA) model. Our results suggest that by 2050 without CE strategies, residential building stock will reach 2.5 billion m2 and emit between 13 and 25 Mt CO2/yr, depending on whether carbon forest sequestration is included or not. A complete implementation of CE strategies and lower floor space can reduce 2020–2050 cumulative primary material production, waste generation, and GHG emissions by 48, 5, and 49 %, respectively. There is a potential to achieve net zero emissions by 2050 if, in addition to the measures mentioned above, more wood materials and forest sequestration are considered. © 2024 The Authors",,,,
S3,Broad,doi:10.1016/j.enbuild.2014.09.028,Sensitivity analysis in long-term dynamic building stock modeling - Exploring the importance of uncertainty of input parameters in Norwegian segmented dwelling stock model,2014,Energy and Buildings,10.1016/j.enbuild.2014.09.028,Scopus; Web of Science,lifetime; dynamic_mfa; outflow_forecast,,"Models describing long-term development in energy consumption or greenhouse gas emissions from building stocks commonly model the underlying development in the building stock's size and composition using simple, linear trends. Uncertainty is rarely discussed. This study explores the importance of uncertainty in input parameters in a dynamic model for the Norwegian dwelling stock that is presented in a recent publication and provides valuable insights in expected future quantities of renovation activity and how different segments of the stock are subject to renovation. By use of a sensitivity analysis and a scenario analysis the present study focuses on how uncertainty in model input parameters affect the modeling results and the robustness of results and conclusions. The sensitivity analysis did not lead to unexpected changes in results, and showed the dynamic model being mostly sensitive to changes in population and dwellings' lifetime. Further scenarios with extreme input values for population and dwellings' lifetime were considered in order to investigate the consequences of low and high renovation options. Results prove that previous main conclusions still hold: renovation rates at levels necessary to achieve policy targets in energy and emission savings seem unrealistic to be achieved when modeling the 'natural' need for renovation. (C) 2014 Elsevier B.V. All rights reserved.",,,,
S3,Broad,doi:10.1016/j.eiar.2026.108459,Circular urbanism: Strategic optimization of construction costs and embodied carbon for economic resilience and sustainable development,2026,Environmental Impact Assessment Review,10.1016/j.eiar.2026.108459,Scopus; Web of Science,outflow_forecast,,"As cities race to meet climate targets, embodied carbon—the greenhouse gas emissions embedded in building materials and construction—has emerged as a critical yet underexplored dimension of urban sustainability. This study presents a scalable, data-driven framework based on urban-scale building stock virtual twins for the first time, optimizing embodied carbon across diverse urban areas in the United States. Using a bottom-up, archetype-based model integrated with a constrained greedy heuristic algorithm, we analyzed 200,000 buildings each in Baltimore, Miami, and Las Vegas, representing historical, balanced, and modern urban typologies. Our findings reveal that less than 20% of archetypes—corresponding to approximately 15–40% of the building stock—account for over 80% of total embodied emissions and construction costs, underscoring the viability of precision-targeted, archetype-level interventions. Post-optimization results demonstrate up to 63% cost savings and 60% emission reductions, achieved without compromising local architectural character. Temporal analysis of material flow further suggests that optimization patterns often align with periods of infrastructure investment or economic downturn—pointing to a novel hypothesis: that embodied carbon strategies may also support urban economic resilience. This study introduces the concept of an “optimization core”—a high-impact subset of building types that, when retrofitted, unlock nonlinear gains in cost, carbon, and planning flexibility. The study results are theoretical and scenario-based as it evaluates how the existing building stock could have achieved lower embodied GHG and cost through feasible, locally realistic archetype substitutions, and thereby quantifying missed potential and providing forward-looking guidance for new construction and targeted retrofits. © 2026 The Authors",,,,
S3,Broad,doi:10.1016/j.jclepro.2024.143933,Retrofitting of the Italian precast industrial building stock. LCA analysis as decision-making tool,2024,Journal of Cleaner Production,10.1016/j.jclepro.2024.143933,Scopus,lifetime; demolition,,"The challenging European goal concerns the achievement of a carbon-free economy by 2050 must necessarily consider the improvement of the construction sector along with the redevelopment of the existing buildings. In fact, according to a European report concerning existing buildings, 80% of the built environment will remain the same by 2050. Nowadays buildings are responsible for 30% of the global final energy consumption and 37% of global energy and process emissions. As regards industrial buildings, they account for 33% of global final energy demand. The research aims to define some effective retrofitting measures to be applied in the existing Italian industrial facilities to improve their both energy and environmental performance. Several redevelopment scenarios and their possible combinations related to external envelope technological solutions and systems are analysed. The different interventions are applied to an existing Italian industrial building chosen as a case study and are compared by Life Cycle Assessment (LCA) analysis considering different environmental indexes (GWP, AP, PERT and PENRT). The calculation of the primary energy demand is also performed. Phase B6 accounts for about 80% of the whole environmental impact calculated considering 20 years as building lifetime. The redevelopment scenarios that foresee the intervention on the external envelope are the most impactful ones in terms of the production phase (A1-A3). Those related to the existing roof are characterised by a significant impact due to the demolition, disposal and landfill of finishing panels made of asbestos. The configurations that include the substitution of the existing heating system with an air-to-air heat pump coupled with renewables to produce electrical energy on-site are the most advantageous ones. The latter make the industrial building carbon-zero thanks to the considerable amount of surplus electrical energy produced on-site. In this case, phase D mostly recovers the environmental impact of the whole life cycle considering the different indexes. © 2024 The Authors",,,,
S3,Broad,doi:10.1080/17583004.2024.2382993,Urban embodied carbon assessment: methodology and insights from analyzing over a million buildings in Chicago,2024,Carbon Management,10.1080/17583004.2024.2382993,Scopus; Web of Science,lifetime,,"Confronting climate change, this study quantifies the embodied carbon emissions from the building sector—an overlooked yet significant contributor to urban carbon emissions. Through a novel empirical framework, the embodied carbon of Chicago’s building stock was assessed and visualized, providing a scalable template for other cities with comparable datasets. The analysis encompasses 1,010,840 buildings and identifies 157 architectural archetypes. This methodology facilitates the granular evaluation of embodied carbon, guiding strategic urban carbon mitigation planning. establishes visual analytics tools for informed policymaking. The geospatially resolved findings identify emissions-intensive zones showing that majority of emissions are concentrated in specific archetypes and geographic areas, delivering actionable data for urban development stakeholders. The findings reveal that increasing the building lifespan to 80 years with a 20% reduction in building sizes can decrease carbon emissions to one-third of the current value. The research harnesses the Excel 3D Map tool for emissions visualization, offering an intuitive understanding of urban emissions’ spatial dynamics and highlighting key areas for intervention. Furthermore, a sensitivity analysis explores the repercussions of end-life thresholds and building sizes on projected emissions. This multifaceted approach enhances the capacity for data-driven, low-carbon urban planning, paving the way for cities to align with global decarbonization goals and laying the groundwork for a versatile embodied carbon assessment methodology. This study contributes to the existing literature by creating a transferable framework for measuring embodied carbon in building stocks, providing detailed geo-accurate data for urban planners and policymakers, and offering benchmarks and visualizations for assessing and understanding embodied carbon performance and mitigation in urban environments, exemplified by the city of Chicago. © 2024 The Author(s). Published by Informa UK Limited, trading as Taylor & Francis Group.",,,,
S3,Broad,doi:10.46855/energy-proceedings-6785,APPLYING BAYESIAN MODEL AVERAGING TO CHARACTERISE URBAN RESIDENTIAL STOCK TURNOVER DYNAMICS,2019,Energy Proceedings,10.46855/energy-proceedings-6785,Scopus,lifetime; demolition; survival_hazard; turnover_cohort,operational_energy,"Building stock is a key determinant in building energy modelling and policy analysis. However, official statistics on total floor area of urban residential stock in China only exist up to 2006. Previous studies estimating Chinese urban residential stock size and energy use made various questionable methodological assumptions and only produced deterministic results. This paper presents a Bayesian approach to characterise the stock turnover dynamics and estimate stock size uncertainties. Firstly, a probabilistic dynamic model is developed to describe the building aging and demolition process governed by a hazard function specified by a parametric survival model. Secondly, with each of five candidate parametric survival models, the dynamic model is simulated through Markov Chain Monte Carlo (MCMC)to obtain posterior distributions of model-specific parameters, estimate marginal likelihood, and make predictions on stock size. Finally, Bayesian Model Averaging (BMA) is applied to create a model ensemble that combines the model-specific posterior predictive distributions of the stock evolution pathway in proportion to posterior model probabilities. This Bayesian modelling framework, and its results in the form of probability distributions of annual total stock and age-specific sub stocks, can provide a solid basis for further modelling and analysis of policy trade-offs across embodied-versus-operational energy consumption and carbon emissions of buildings in the context of sector ide transition towards decarbonising buildings. © 2019 CUE.",,,,
S3,Broad,doi:10.1016/j.jclepro.2026.148488,Resource efficiency and circularity under rapid urbanization: Insights from dynamic material stock–flow analysis in Vietnam,2026,Journal of Cleaner Production,10.1016/j.jclepro.2026.148488,Scopus; Web of Science,lifetime; demolition; turnover_cohort; dynamic_mfa; outflow_forecast,,"Emerging economies face major data gaps in modeling material transitions, especially for building stocks and demolition. This study develops a lifespan-differentiated, stock-driven dynamic material flow analysis for Vietnam's residential sector (1986–2050), integrating socio-economic decomposition and circular-economy assessment under data scarcity. Using the Residential Building Material Metabolism and Efficiency Assessment Framework, we reconstruct material inflows, in-use stocks, and demolition outflows; identify socio-economic drivers through Logarithmic Mean Divisia Index decomposition; and compare legacy-stock circular-economy scenarios. Results reveal a pronounced shift toward long-lived, cement-intensive housing and indicate that demolition outflows are likely to peak in the 2040s due to accumulated stock inertia and lifetime structure. Although material inflows show partial decoupling from GDP, floor-area expansion and service-level improvement remain dominant drivers of long-term stock growth. The scenario analysis is intentionally bounded to the accumulated residential stock under a no-new-inflow-after-2023 condition. Within this boundary, selective dismantling–based recovery (SD) is more effective for landfill reduction, whereas lifetime extension (LE) yields stronger embodied-CO2 mitigation by reducing replacement demand; combining SD and LE provides the strongest overall result. These findings should be interpreted as comparative conditional estimates rather than forecasts, indicating that slowing-loop and closing-loop strategies affect different components of the stock–flow system. The results further indicate that housing-service expansion and structural upgrading reinforce upstream material demand and contribute to long-term stock-related lock-in in the residential system. The study contributes a typology-resolved, lifespan-differentiated framework for analyzing residential material dynamics under data scarcity and offers bounded comparative insights for stock-driven circular-economy assessment in emerging economies. © 2026 The Authors.",,,,
S3,Broad,doi:10.1016/j.apenergy.2023.122333,Heating electrification in cold climates: Invest in grid flexibility,2024,Applied Energy,10.1016/j.apenergy.2023.122333,Scopus; Web of Science,turnover_cohort; outflow_forecast,,"One strategy to significantly reduce greenhouse gas emissions in end-use sectors such as building heat is to switch from fossil fuels to electricity. To date, electricity consumption follows a regular and predictable pattern; however, electrifying building heat, which is driven by ambient temperature, causes this pattern to change. Previous work has not fully addressed the implications of building heat electrification on the timing and magnitude of peak demands and on flexibility requirements of the electricity grid. In this work, a high-resolution heating demand model, featuring building stock turnover forecasts, is developed, and applied to British Columbia. The study determines energy, capacity, and flexibility requirements by computing regional energy load profiles for space and water heat. Six scenarios were developed to examine the decarbonization potential in the residential and commercial building sector, considering increased heat pump adoption, building envelope energy efficiency improvements, and the implementation of building energy codes. With an emphasis on building stock improvements, 90% heat pump penetration results in only 6% increase in electrical energy even with an annual population growth rate of 1.1%; however, this scenario leads to a 37% increase in peak electricity demand. Over the time-period considered, building energy codes and retrofit rates contribute relatively little to achieving net-zero emissions in the buildings sector, while building heat electrification has significant impacts on future flexibility requirements of the electricity grid. © 2023",,,,
S3,Broad,doi:10.1016/j.jobe.2025.111942,AutoBPS-carbon: A tool to estimate multi-year dynamic embodied and operational carbon emissions in the building sector,2025,Journal of Building Engineering,10.1016/j.jobe.2025.111942,Scopus; Web of Science,demolition; dynamic_mfa; outflow_forecast,operational_energy,"The development of building stock is a dynamic process, including demolition, renovation, and construction. Considering these changes, analyzing urban building carbon emission pathways and reduction potential by urban building energy modeling (UBEM) can provide a more accurate depiction of emission trajectories and carbon reduction strategies for different building types. However, the complexity of the modeling process has limited its application. Within this background, this research develops AutoBPS-Carbon, a tool to estimate the dynamic development of embodied and operational carbon emissions in urban buildings. The tool integrates three core modules: the dynamic building stock module, the urban building energy module, and the embodied and operational carbon module, based on material flow analysis, UBEM and life cycle assessment, respectively. These modules evaluate the long-term development of building stock, energy consumption and carbon emissions. EnergyPlus serves as the energy simulation engine of AutoBPS-Carbon. 539,119 existing buildings in Shanghai were selected as the case study to demonstrate the functionality of AutoBPS-Carbon. Six scenarios were established to assess the reduction potential of four categories of carbon reduction policies: controlling building stock, developing green construction, enhancing building energy efficiency, and increasing renewable energy utilization, which involved nine specific policies. Results showed that implementing all policies could reduce total carbon emissions in 2060 from 39.56 million tCO2 to 5.02 million tCO2, indicating the need for coordinated efforts among multiple departments to achieve decarbonization in the building sector. AutoBPS-Carbon can provide a generic framework for evaluating carbon emissions and reduction strategies in urban buildings, supporting decision-making for sustainable urban development. © 2025 Elsevier Ltd",,,,
S3,Broad,doi:10.1109/access.2021.3112937,Framework to Develop Time- and Voltage-Dependent Building Load Profiles Using Polynomial Load Models,2021,IEEE Access,10.1109/ACCESS.2021.3112937,IEEE Xplore,,,"The power consumption of buildings over the course of each minute, hour, day and season plays a major role in how this load influences the Electric Power System voltage and frequency, and vice versa. This consumption is based on the building’s load component types, efficiencies, and how they consume power and react to changes in real time. Due to this complexity, standard full-building load models are typically voltage-invariant. This paper proposes a novel framework to transform these voltage-invariant building load models into fully time- and voltage-dependent load profiles using available data on the voltage sensitivity of individual load components. While a voltage-dependent building model could theoretically be generated from static load models of every component in a building, this approach faces two challenges: first, load models representing all load components are impractical to develop for all possible load component types; second, building energy consumption is never measured or modeled at the individual component level. The proposed framework compiles available component data in the form of static ZIP load model parameters, and maps them into the end use categories utilized by standard building modeling programs. The voltage sensitivity of each end use category is then bounded by the extrema of the component models within it. This framework is applied to a load profile case study representing the aggregate U.S. residential building stock. In addition to the minimum/maximum conditions, a load profile based on typical load composition and weighted ZIP parameters is generated for the same building stock. The results show that for a 10% drop in voltage, using the least sensitive ZIP parameters, active power is expected to be 3% to 14% lower than nominal, depending on the season and time of day. Using the most sensitive ZIP parameters, the active power is expected to be 9% to 20% lower than nominal, also depending on the season and time of day.",,,,
S3,Broad,doi:10.3390/buildings16132481,From Expansion to Renewal: Material Metabolism and Secondary Resource Potential of Urban Buildings in China Western Central Cities,2026,Buildings,10.3390/buildings16132481,Scopus; Web of Science,lifetime; demolition; turnover_cohort; dynamic_mfa; outflow_forecast,,"Amid China’s transition from rapid urbanization to high-quality development, quantifying urban building metabolism is crucial for building resilient resource management systems. However, current research predominantly focuses on eastern cities, largely overlooking non-residential buildings. Here, we apply dynamic material flow analysis (dMFA) to quantify the material stocks of residential and non-residential buildings in two major economic hubs in western China, Xi’an and Chengdu. The stock patterns from 1950 to 2050 and the underlying drivers are further clarified. Model projections suggest that material stocks in both cities will peak around 2040, reaching 2.2 billion tons in Chengdu and 1.08 billion tons in Xi’an, under the intensive scenario. Chengdu reaches stock saturation 2 to 3 years earlier than Xi’an, and the total stocks are approximately twice those of Xi’an. Reinforced concrete and steel structures dominate future building development and increase the accumulation of cement and steel. Sand and gravel still account for the majority of building materials. Demand for new construction materials shows a pronounced double-peak pattern, occurring in 2016 and 2026. Construction waste is projected to rise sharply by mid-century; scenario analysis indicates that an 80% material recovery rate has the potential to largely offset new material demand. Sensitivity analysis identifies building lifetime extension and construction technology improvement as the strategies with the greatest potential for mitigating future waste generation. This study expands the scope of urban building material metabolism research and provides a scientific basis for low-carbon urban planning and construction waste management in China. © 2026 by the authors.",,,,
S3,Broad,doi:10.1007/978-3-031-71867-0_15,Sustainability Assessment of Refurbishment vs. New ZEB Construction Systems: A Long-Term LCA Perspective on Durability and Building Lifespan,2025,"PROCEEDINGS OF THE 11TH INTERNATIONAL CONFERENCE OF AR.TEC. (SCIENTIFIC SOCIETY OF ARCHITECTURAL ENGINEERING), VOL 3, COLLOQUI.AT.E 2024",10.1007/978-3-031-71867-0_15,Scopus; Web of Science,lifetime; demolition; turnover_cohort,,"Two main intervention categories emerge for the renewal of residential building stock: refurbishment and demolition and reconstruction. In the Life Cycle Assessment (LCA) at the building scale, a common practice is to consider default lifespan values, regardless of the durability of the construction system and the average longevity observed within the geographical context. Consequently, this approach involves a significant risk of misinterpretation or partial evaluations of results in long-term assessments deriving from two main factors: (i) the overestimation of environmental impacts associated with heavyweight construction systems, which are characterised by higher embodied energy and carbon, despite their advantages in superior durability and low maintenance compared to lightweight alternatives; (ii) the tendency to overestimate the lifespan of existing buildings after refurbishment, particularly those that have already surpassed 60 years of service life. This paper presents a comparative LCA carried out between refurbishment and demolition and reconstruction of a case study, a 1960s multi-family residential building located in the suburbs of Bologna. In particular, two heavyweight and three lightweight construction systems are evaluated for the new Zero Energy Building (ZEB). The findings highlight a strong dependence between LCA results and building lifespan, significantly influencing the choice when comparing intervention strategies. The results show minor impacts for demolition and reconstruction scenarios compared to refurbishment scenarios after 30 years of analysis and lower impacts of lightweight construction systems in the same period, while in the medium to long term, over 60 years, heavyweight construction systems yield lesser impacts when accounting for their extended lifespan. © The Author(s), under exclusive license to Springer Nature Switzerland AG 2025.",,,,
S3,Broad,doi:10.1080/09613218.2024.2306371,A dynamic model for estimating the long-term need for repairs and renovations in residential buildings,2024,Building Research and Information,10.1080/09613218.2024.2306371,Scopus; Web of Science,demolition; survival_hazard; dynamic_mfa,,"Reaching sustainability targets requires a holistic understanding of the different dimensions of residential building stock development. This paper aims to provide a solid and transparent approach for modelling residential building stock development with a focus on the long-term need for repairs and renovations. The modelling approach is based on Dynamic Material Flow Analysis (MFA) and the model is constructed using comprehensive Finnish statistics. Still, it is widely applicable to different geographical locations and modifiable for various purposes. The main contributions to the previous literature are the incorporation of empirical building mortality analysis and rehabilitation degree model in the MFA modelling framework. The model is demonstrated by modelling the development of Finnish residential building stock from 2020 to 2050. The annual average need for renovation from 2020 to 2050 is 4.1 million residential square metres (1.8% percent of the entire housing stock), equalling to annual investments of some 7.8 billion euros. However, the results revealed notable geographical differences between municipality categories. The results also suggest that the proportion of renovations in the total construction market is increasing while the volume of new housing construction is decreasing. The modelled results are in line with the Finnish Long-Term Renovation Strategy 2020–2050. © 2024 The Author(s). Published by Informa UK Limited, trading as Taylor & Francis Group.",,,,
S3,Broad,doi:10.1016/j.rser.2025.115682,Dynamic life cycle assessment of building stocks: a systematic review,2025,Renewable and Sustainable Energy Reviews,10.1016/j.rser.2025.115682,Scopus; Web of Science,dynamic_mfa,,"The considerable environmental impact of the building sector on resource use and emissions drives the need for comprehensive environmental impact assessments to support sustainability efforts. As buildings become operationally more efficient, the environmental impacts of construction materials become more important. Incorporating spatiotemporal dynamics into building stock modelling can enhance assessment accuracy, informing policymakers on strategies to mitigate environmental impacts. This systematic review analyses recent scientific literature on environmental modelling, focusing on life cycle assessment and material flow analysis studies of building stocks, their impact assessments, and associated spatiotemporal dynamics. The review identified 27 relevant studies, from which information was extracted on various aspects such as study goals, scope, methodologies, and impact categories. The selected studies were also analysed for spatiotemporal dynamics inclusion, identifying 17 dynamic parameters further grouped into five categories. The dynamic parameters were investigated for the methods and data sources used to predict their temporal evolution or spatial distribution. The results revealed a shift towards large-scale and data-driven modelling, assessing macro-level changes in the building stock. The study identified several limitations related to building stock modelling practices, such as the need for clearly defined modelling methods, consideration of various impact categories, and uncertainty analysis. The findings on dynamic parameters identified common approaches when modelling building stock changes, potentially aiding in establishing standardised methods for dynamic building stock modelling, thus improving consistency and comparability between studies. Further research is needed to investigate the impact of chosen approaches on results and examine the interconnected nature of these parameters. © 2025",,,,
S3,Broad,doi:10.1080/09613218.2016.1112096,Material stocks in Germany's non-domestic buildings: a new quantification method,2016,Building Research and Information,10.1080/09613218.2016.1112096,Scopus,demolition,,"The building sector consumes large quantities of resources and generates high levels of construction and demolition (C&D) waste. From an ‘urban mining’ perspective, the building stock can be seen as a repository of natural resources. In order to manage this repository, evidence is needed on its quantity and dynamics. Although data exist for domestic buildings, little evidence exists for non-domestic buildings. A new method is presented to quantify the material stock of non-domestic buildings – based on the German building stock. The quantification process involves three steps: (1) material composition indicators (MCIs) are calculated with respect to various building types; (2) the country's total floor space is estimated and disaggregated; and (3) the total material stock is calculated. The main results are MCIs and the floor space for both domestic and non-domestic stocks, as well as the material mass in total. In Germany the total material mass of non-domestic buildings is approximately 6.8 billion tonnes, accounting for 44% of the entire building stock. The method can be adapted and validated for use in other countries. These results will assist both policy-makers and the construction industry to understand the potential for moving toward a more circular economy. © 2015 Informa UK Limited, trading as Taylor & Francis Group.",,,,
S3,Broad,doi:10.1016/j.buildenv.2024.111741,Techniques and tools for integrating building material stock analysis and life cycle assessment at the urban scale: A systematic literature review,2024,Building and Environment,10.1016/j.buildenv.2024.111741,Scopus,dynamic_mfa,,"The urban building stock has a high demand for materials and energy, exerting tremendous pressure on natural resources. A current research trend is to integrate Building Material Stock (BMS) analysis with Life Cycle Assessment (LCA) to evaluate energy use, material stock/flows, and related environmental performance associated with the life cycle of building stocks. Compared with urban building energy modelling (UBEM), material-related analysis is a relatively new topic. Some studies applied new techniques and tools to improve the modelling and the dynamic evolution of the BMS system. However, there is a lack of comprehensive review studies summarising the recent publications on these applications. Therefore, this study conducts a comprehensive literature review, primarily focusing on examining the tools and techniques employed for integrating “BMS-LCA” at the urban scale. This review includes 99 articles chosen from a pool of 557 related papers (in the recent decade), systematically retrieved from Scopus and Web of Science, along with additional manual searches. Through a comprehensive bibliometric and content-based synthesis analysis of selected literature, this paper synthesises the techniques/tools used for effectively completing various analysis phases of “BMS-LCA”, including data collection and processing, stock modelling and analysis, and result evaluations. Key findings highlight the significance of integrating artificial intelligence and geospatial technology in optimising data collection, machine learning and data-driven models in enhancing building stock aggregation and classification, and innovative application of relevant LCA software and databases in facilitating BMS's LCA, etc. This review provides a valuable reference for researchers in future investigations, as it identifies novel ways of applying techniques/tools and opportunities for methodology improvement in the urban-level “BMS-LCA” study. © 2024 Elsevier Ltd",,,,
S3,Broad,doi:10.1080/09613218.2014.887898,Dynamicmaterial material flow analysis for PCBs in the Norwegian building stock,2014,Building Research and Information,10.1080/09613218.2014.887898,Scopus; Web of Science,dynamic_mfa,,"Since their introduction in 1929, polychlorinated biphenyls (PCBs) have been used in a wide range of applications, mainly in industrialized countries. Although production of PCBs was largely banned in the 1970s, they are still present in various applications as well as in the environment where they remain a potential threat to animal and human health. PCBs were applied in different building materials in Norway in the period between 1950 and 1980. This study attempts to estimate the use for various applications in buildings, and to distinguish between residential and non-residential buildings. The results are combined with a dynamic material flow analysis (MFA) to estimate past and future stocks and flows of building-related PCBs in Norway. Results indicate that PCBs in the building stock peaked around 1980, and have since decreased as PCBs have been banned and efforts made to remove the substance from existing applications. However, considerable amounts remain in the building stock and will be released in smaller amounts for many more decades. While current legislation focuses mainly on the applications with short lifetimes, the handling of building applications with long lifetimes represent the main unresolved challenges of the future. © 2014 © 2014 Taylor & Francis.",,,,
S3,Broad,doi:10.1016/j.enpol.2022.112932,Modelling future trends of annual embodied energy of urban residential building stock in China,2022,Energy Policy,10.1016/j.enpol.2022.112932,Scopus,lifetime; turnover_cohort; outflow_forecast,operational_energy,"China is the largest driver of growth in the global building sector. The longstanding construction boom across China has generated a massive flow of materials with significant associated embodied energy consumption and carbon emissions. Despite the serious implications for global emissions, there exist a very limited number of macro-level studies on embodied energy of Chinese buildings, with even fewer exploring future scenarios. There is therefore little in the way of an evidence base to offer policy makers. We develop a probabilistic model to forecast the possible trajectories of embodied energy of residential buildings over the medium to long term in the Chinese urban context. Our results provide clear evidence to substantiate the importance of embodied energy of new construction, which we find to be over 0.3 times the operational energy of existing stock between 2010 and 2018. If current trajectories are followed, embodied energy is likely to peak around 2027, with a 95% credible interval ranging from 87 to 283 Mtce (61 to 198 Mtoe) and a mean of 170 Mtce (119 Mtoe). We show that building lifetime has a substantial impact on future annual and cumulative embodied energy. Our findings reinforce the need to take a whole-life perspective to formulate policies addressing building energy as part of China's efforts to meet the announced overarching target of achieving carbon neutrality by 2060. © 2022 Elsevier Ltd",,,,
S3,Broad,doi:10.1162/1088198042442342,Long-term coordination of timber production and consumption using a dynamic material and energy flow analysis,2004,Journal of Industrial Ecology,10.1162/1088198042442342,Scopus,turnover_cohort; outflow_forecast,,"A dynamic model for wood and energy flows is used to analyze regional timber management. The model combines a site-quality-dependent forest-growth module with modules forthe timber industry, timber products use, waste management and energy supply The model is calibrated with data of a Swiss lowland region for the period of 1900- 1997. Scenarios are developed for the period until 2100 in order to discuss possible future roles of domestic timber Model simulations show that, with present strategies, timber overproduction will further increase in the twenty-first century because of an increase in forest site quality in the second half of the twentieth century, among other reasons. The increase in building gross floor area of the region by a factor of 5 during the twentieth century coincides with a reduction of timber use in building construction by a factor of 4.5, from 90 kg/m2 to 20 kg/m 2. Increasing timber density in buildings could address overproduction; however a strategy of timber construction could not be accomplished with domestic timber alone. A balance of production and consumption on the present level could also be achieved in a scenario in which the present building stock is gradually exchanged during the twenty-first century with buildings that exclusively use a combination of solar panels on roofs and domestic firewood and used wood as heat-energy sources, These replacement buildings would have density typical of late twentieth-century buildings, and they would need to perform on a low-energy standard of not more than 130 MJ/m2/yr.",,,,
S3,Broad,doi:10.1088/1755-1315/1554/1/012109,Can We Store More than We Emit? Storage Potential of Carbon-Negative Materials in the Context of Urban Spatio-temporal Development,2025,IOP Conference Series: Earth and Environmental Science,10.1088/1755-1315/1554/1/012109,Scopus,lifetime,,"Urban populations are growing, and the need for new space is inevitable. In addition, demolishing and reconstructing existing buildings are common aspects of urban development. New construction results in additional material flows and increased embodied emissions in urban areas. Carbon-negative materials have been introduced as a solution to decarbonize building embodied emissions, as they remove more carbon dioxide from the atmosphere than they emit during production. Top-down material flow studies tackle urban greenhouse gas reduction via building stock models, while bottom-up studies focus on embodied emissions in retrofits. There is a research gap in understanding the contributions to embodied emissions of new buildings at an urban scale. This study assesses new buildings' emissions and carbon storage potential based on the spatiotemporal development of the Zurich district, which is committed to net zero by 2040. The environmental impacts of the district have been assessed using different construction material scenarios, either focusing on conventional, low-carbon, or negative-carbon materials. The scenarios are established as Urban Building Energy Models using the City Energy Analyst to calculate embodied emissions using building and construction archetypes. We demonstrate that achieving net zero emissions is not feasible for the studied district when using conventional materials. As undeveloped land is limited, increasing density through higher buildings also increases the carbon storage potential, allowing for storing the same amount of carbon as in mid-rise buildings while using only half the footprint area. The highest potential for carbon storage is observed when using biochar-concrete as a carbon-negative material in building structures, which allows for storing seven times the amount of emissions as compared to using a timber structure. Due to their long lifespan, biochar in structural elements provides a long-term carbon sink as compared to the short-term storage potential of insulation in other components, such as external walls. © Published under licence by IOP Publishing Ltd.",,,,
S3,Broad,doi:10.1111/jiec.13576,Tradeoffs and synergy between material cycles and greenhouse gas emissions: Opportunities in a rapidly growing housing stock,2024,Journal of Industrial Ecology,10.1111/jiec.13576,Scopus,lifetime; demolition; dynamic_mfa; outflow_forecast,,"Management of building materials’ stocks and flows is a major opportunity for circularity and de-carbonization. We examine the relationship between material consumption and associated greenhouse gas (GHG) emissions under different scenarios in Israel, a developed country with an already high population density that expects tremendous growth in its housing stock by 2050. We created scenarios of varying housing unit sizes and additional material efficiency practices: fabrication yield, lifetime extension, material substitution, recycling, and their combination, resulting in 18 scenarios. In each scenario, the material flows and stocks needed to supply the housing demand and the resulting life-cycle GHG emissions are quantified. No single material efficiency practice achieves a reduction in all indicators, suggesting a potential conflict between circular economy and decarbonization policies: The material substitution scenario allows for the biggest reduction in material consumption (12%–40% concrete reduction and 15%–51% steel reduction in 2050 compared with the baseline), while the recycling scenario achieves the biggest reduction in GHG emissions (22%–43% reduction in 2050 compared with the baseline). In the long-term, the life-extension scenario reduces most demolition waste. These findings can help policymakers and stakeholders consider the impacts of raw materials consumption and implement this knowledge in light of their priorities in policy packages. The results suggest a narrow window of opportunity within the next decade to influence material consumption and emissions to 2050. The findings could also shed light on the sustainability trajectories of other countries with similarly rapidly developing building stock, which have received little attention in this field. © 2024 The Author(s). Journal of Industrial Ecology published by Wiley Periodicals LLC on behalf of International Society for Industrial Ecology.",,,,
S3,Broad,doi:10.3390/buildings14051266,High-Resolution Mapping of Urban Residential Building Stock Using Multisource Geographic Data,2024,Buildings,10.3390/buildings14051266,Scopus; Web of Science,demolition,,"The rapid pace of urbanization and the increasing concentration of populations in urban areas have generated a substantial demand for architectural structures, resulting in a significant increase in building stock and continuous material flows that interact with the environment. This study emphasizes the importance of high-spatial-resolution mapping of residential building stock for effective urban-construction resource management, planning, and waste management. Focusing on Xi’an as a case study, the research develops a comprehensive framework for mapping urban residential building stock by integrating diverse data dimensions, including temporal, spatial, network, and multi-attribute aspects. The findings indicate that between 1990 and 2020, approximately 4758 residential communities were established in central Xi’an. The analysis of seven key residential construction materials revealed that the building stock escalated from 1.53 million tons to 731.12 million tons, with a steady spatial expansion of material distribution. The study attributes this growth to factors such as population increase, economic advancement, and policy initiatives, which, in turn, have driven the demand for residential building materials and reinforced the interdependence between urban expansion and residential construction development. Remarkably, from 1990 to 2020, the population surged by 2.1-fold, the economy by 66-fold, and the stock of residential building materials by 477-fold, indicating that the growth rate of material stock consistently outpaced that of both population and economic growth. Over the past three decades, the rapid expansion of residential buildings has led to the encroachment of urban ecological spaces by concrete structures. The methodology proposed in this study for quantifying building material offers valuable insights for policymakers and urban and environmental planners to foster responsible resource consumption and supports component-level circularity in the built environment. © 2024 by the authors.",,,,
S3,Broad,doi:10.1109/iv.2017.34,Urban Mining: Visualizing the Availability of Construction Materials for Re-use in Future Cities,2017,2017 21st International Conference Information Visualisation (IV),10.1109/iV.2017.34,IEEE Xplore,,,"This paper presents a method and case study to visualize the urban stock of materials and its availability for use in building future cities. Re-using material from existing buildings for new buildings can be seen as a source for construction materials in times of depleting natural resources. The authors explain the concept of ""urban mining"" and the challenges, such as ""How much resources are available in a city? Today? In the near future?"" We explore what data are needed to answer the questions, and then discuss how to best visualize the data in an effective and intuitive way. We apply the concept to an exemplary real-world district in Singapore that is in transformation. Then, we discuss features of a visual tool prototype and explain the thinking behind the design, e.g., how the spatial and temporal dimensions can be presented. Lastly, we conclude the paper with an outlook of future challenges. The paper presents a multi-disciplinary approach with researchers from computer science, architecture, graphic design and material science, and contributes to the discussion of how to visualize knowledge and plan sustainable future cities.",,,,
S3,Broad,doi:10.1016/j.crsus.2024.100154,Challenges and opportunities in the global net-zero building sector,2024,Cell Reports Sustainability,10.1016/j.crsus.2024.100154,Scopus; Web of Science,,,"Buildings worldwide, which represent the final piece to be addressed in the transition to carbon neutrality, require a multisectoral, comprehensive strategy for decarbonization. We provide an overview of the current global status and features of carbon emissions associated with buildings, then outline pathways and steps to achieving carbon neutrality by mid-century. By synergizing technical innovation, encompassing advanced building technologies and renewable energy solutions, with robust financial support mechanisms, we can expedite the widespread adoption of building electrification and energy system decarbonization. This integrated approach stands as the most practical and effective strategy for decarbonizing building operations. Vital measures for reducing embodied carbon include constraining the building stock growth, decarbonizing materials, and extending building lifetimes. We emphasize the importance of raising awareness of building carbon emissions among governments, residents, and other stakeholders. Understanding the challenges and the urgent need for action is crucial to achieving carbon neutrality in the building sector. © 2024",,,,
S3,Broad,doi:10.1111/jiec.12739,Tracking Construction Material over Space and Time: Prospective and Geo-referenced Modeling of Building Stocks and Construction Material Flows,2019,Journal of Industrial Ecology,10.1111/jiec.12739,Scopus; Web of Science,demolition; turnover_cohort; dynamic_mfa; outflow_forecast,,"Construction material plays an increasingly important role in the environmental impacts of buildings. In order to investigate impacts of materials on a building level, we present a bottom-up building stock model that uses three-dimensional and geo-referenced building data to determine volumetric information of material stocks in Swiss residential buildings. We used a probabilistic modeling approach to calculate future material flows for the individual buildings. We investigated six scenarios with different assumptions concerning per-capita floor area, building stock turnover, and construction material. The Swiss building stock will undergo important structural changes by 2035. While this will lead to a reduced number in new constructions, material flows will increase. Total material inflow decreases by almost half while outflows double. In 2055, the total amount of material in- and outflows are almost equal, which represents an important opportunity to close construction material cycles. Total environmental impacts due to production and disposal of construction material remain relatively stable over time. The cumulated impact is slightly reduced for the wood-based scenario. The scenario with more insulation material leads to slightly higher material-related emissions. An increase in per-capita floor area or material turnover will lead to a considerable increase in impacts. The new modeling approach overcomes the limitations of previous bottom-up building models and allows for investigating building material flows and stocks in space and time. This supports the development of tailored strategies to reduce the material footprint and environmental impacts of buildings and settlements. © 2018 The Authors. Journal of Industrial Ecology, published by Wiley Periodicals, Inc., on behalf of Yale University.",,,,
S3,Broad,doi:10.1016/j.enpol.2014.03.010,Turkey's strategic energy efficiency plan - An ex ante impact assessment of the residential sector,2014,Energy Policy,10.1016/j.enpol.2014.03.010,Scopus; Web of Science,demolition; turnover_cohort; outflow_forecast,,"Turkey's energy demand has been growing by 4.5% per year over the last decade. As a reaction to this, the Turkish government has implemented the Strategic Energy Efficiency Plan (SEEP), which provides a guideline for energy efficiency policies in all sectors. The aim of this study is to analyse the potential of the SEEP on final energy demand in the Turkish residential sector until 2030. Three scenarios are developed based on a detailed bottom-up modelling approach using a vintage stock model to simulate the energy demand of heating systems and appliances. The results show a decreasing final energy demand in the reference scenario from about 944 PJ in 2008 to 843 PJ in 2030. This reflects a structural break, which is mainly caused by a high building demolition rate and low efficiency in the existing building stock. The SEEP achieves additional savings of around 111 PJ until 2030, while a scenario with even higher efficiency shows further savings of 91 PJ. Electricity demand increases in all scenarios - mainly due to growing ownership rates of appliances. The SEEP will achieve around 10 TWh of electricity savings in 2030 compared to the reference scenario, mainly through more ambitious end-use standards. (C) 2014 Elsevier Ltd. All rights reserved.",,,,
S3,Uncertainty,doi:10.1016/j.rser.2024.115262,Dynamic life cycle assessment of buildings and building stocks – A review,2025,Renewable and Sustainable Energy Reviews,10.1016/j.rser.2024.115262,Scopus,dynamic_mfa,,"Although life cycle assessment (LCA) as a method and framework has been extensively examined in the scientific literature, a new emphasis is put on integrating evolving spatiotemporal conditions of the analysed system, aiming to promote a more robust assessment through dynamic LCA. However, dynamic LCA methodologies remain inconsistent across multiple aspects, including on time-dependency, dynamic parameters, and links with other widely applied tools, such as material stocks and flows analysis or geographic information systems. Focusing on the four main phases of the LCA framework, this work presents a systematic review of the latest scientific literature reporting on prospective LCA modelling of buildings, while covering at least one dynamic parameter, such as the decarbonisation of the energy mix. First, this research presents the bibliometric structure of 64 published documents on the dynamic LCA of buildings, through four network visualisation maps. Then, it identifies a sample of 218 documents through the literature review method, and deeply analyses a sub-sample of 34 documents to systematise the emerging knowledge on dynamism in LCA as applied to buildings. We need a more comprehensive dynamic LCA modelling framework that can assess environmental performance of multiple building types, at a high level of spatial and temporal detail. Such framework should be able to integrate dynamic parameters in a simplified manner, and allow flexible time horizons and spatial scopes. Such framework should be able to quickly provide modelling results that may inform decision-making processes in finding solutions towards the challenges of resource depletion and climate change. © 2024 The Authors",,,,
S3,Uncertainty,doi:10.46855/energy-proceedings-6785,APPLYING BAYESIAN MODEL AVERAGING TO CHARACTERISE URBAN RESIDENTIAL STOCK TURNOVER DYNAMICS,2019,Energy Proceedings,10.46855/energy-proceedings-6785,Scopus,lifetime; demolition; survival_hazard; turnover_cohort,operational_energy,"Building stock is a key determinant in building energy modelling and policy analysis. However, official statistics on total floor area of urban residential stock in China only exist up to 2006. Previous studies estimating Chinese urban residential stock size and energy use made various questionable methodological assumptions and only produced deterministic results. This paper presents a Bayesian approach to characterise the stock turnover dynamics and estimate stock size uncertainties. Firstly, a probabilistic dynamic model is developed to describe the building aging and demolition process governed by a hazard function specified by a parametric survival model. Secondly, with each of five candidate parametric survival models, the dynamic model is simulated through Markov Chain Monte Carlo (MCMC)to obtain posterior distributions of model-specific parameters, estimate marginal likelihood, and make predictions on stock size. Finally, Bayesian Model Averaging (BMA) is applied to create a model ensemble that combines the model-specific posterior predictive distributions of the stock evolution pathway in proportion to posterior model probabilities. This Bayesian modelling framework, and its results in the form of probability distributions of annual total stock and age-specific sub stocks, can provide a solid basis for further modelling and analysis of policy trade-offs across embodied-versus-operational energy consumption and carbon emissions of buildings in the context of sector ide transition towards decarbonising buildings. © 2019 CUE.",,,,
S3,Uncertainty,doi:10.1177/0734242x07079183,Exploration of urban deposits: Long-term prospects for resource and waste management,2007,Waste Management and Research,10.1177/0734242X07079183,Scopus; Web of Science,demolition; dynamic_mfa; outflow_forecast,,"Many materials currently in use are potentially available to become raw materials for future production if the materials are recycled instead of discarded as solid waste. However, the structure and life-expectancy of these secondary resources have not been sufficiently examined, and comprehensive methods for forecasting the availability of such materials are still lacking. This study presents a method for identifying anthropogenic material stocks in combination with the method of material flow analysis (MFA). The method was applied to copper in Switzerland as an example, with the focus on use in buildings. The exploration concept was a three-step process. First, a MFA identified the relevant stocks within the inventory of the region. Second, these stocks were inventoried through a building stock model and determination of key parameters that were defined by surveying selected buildings and from the literature. Third, the Study team developed a dynamic MFA model to describe the copper stocks and flows during the period 1900-2000. The results of the copper stock calculation (in kg capita(-1)) were: buildings 79 +/- 11, infrastructure 107 +/- 25, movables 34 +/- 9, landfills 50 +/- 12. The calibrated model enabled the study team to develop resource and waste management scenarios forecasting waste flows. It is shown that the conversion of buildings into other uses may affect the waste flows significantly.",,,,
S3,Uncertainty,doi:10.1016/j.enbuild.2015.11.018,Dynamic type-cohort-time approach for the analysis of energy reductions strategies in the building stock,2016,Energy and Buildings,10.1016/j.enbuild.2015.11.018,Scopus; Web of Science,lifetime; turnover_cohort; dynamic_mfa,,"While many countries have set ambitious targets for reducing energy use and GHG (greenhouse gas) emissions, it remains highly uncertain whether the policies introduced will be suitable to reach these targets at the specified times. Models used to inform building policies often do not account for the different boundary conditions related to socio-economic development, climate, composition and age structure of the existing building stock, and lifetime expectancy, which hinders effective strategy development and realistic target setting. This study presents a dynamic Type-Cohort-Time (TCT) stock-driven modelling approach that considers demographic aspects, lifestyle-related issues, and building-specific characteristics. Case studies were conducted for the dwelling stocks in Germany and the Czech Republic, two countries with different boundary conditions, but that are sheltered under the same European energy reduction policies and goals. The effects of the policies on nearly zero energy buildings and increased renovation rates were tested. The results showed that current regulations are sufficient to achieve the 20% energy efficiency goal by 2020, but not to reach the 2050 energy and GHG-emission goals. The scenarios further demonstrate that the same policies on renovation and construction in different countries lead to different energy reduction levels. Accordingly, country-specific policies and measures are suggested. (C) 2015 Elsevier B.V. All rights reserved.",,,,
S3,Uncertainty,doi:10.14455/isec.2022.9(1).fam-05,ESTIMATING THE DEMOLITION PROBABILITY OF BUILDINGS USING A BOTTOM-UP APPROACH,2022,Proceedings of International Structural Engineering and Construction,10.14455/ISEC.2022.9(1).FAM-05,Scopus,lifetime; demolition; survival_hazard; outflow_forecast,,"The sources and quantities of construction and demolition waste (CDW) are a major source of uncertainty hindering the optimization of the reverse-logistics network design for this waste stream. This study proposes a bottom-up approach that can be used to forecast the quantities of demolition waste (DW) in a specific region. The proposed method scans each building in a region to determine its age, height, composition and other relevant factors. Given the individual building parameters along with the neighborhood and regional market conditions in which the building is situated, each building is assigned a probability of demolition. The study then describes the methodology by which these individual probabilities are aggregated, along with the anticipated waste from each building, in order to obtain an overall estimation of demolition waste in a region. The main factors constituting this probability are the age at the building level, location or surroundings at the neighborhood level, and the overall market conditions at the regional level. This method is applied in the city of Beirut as a case study. The findings of this study will help in the estimation and mapping of demolition waste generation for any specific year of forecast. The suggested framework can also help decision-makers in optimizing the selection of capacities and locations of CDW treatment facilities to reduce both costs incurred and environmental impacts. © 2022 ISEC Press.",,,,
S3,Uncertainty,doi:10.1007/bf02498737,Service life analysis from field data on age distributions,1997,Materials and Structures/Materiaux et Constructions,10.1007/bf02498737,Scopus; Web of Science,lifetime; turnover_cohort,,"In survey investigations of building stocks for example, data on age distributions of construction details are often collected. What interests the material scientist, though, is not the age distribution but rather the service life distribution. Presented herein will be a renewal process model describing the relationship between such an age distribution found and the corresponding service life distribution being sought. The model comprises a phenomenological parameter to accommodate correlations between objects and the service life's determining factors. However, it is shown that, because of numerical ambiguity, the correlation parameter cannot be uniquely determined from an age distribution. Therefore, some additional information and data processing are required before the full advantage of this model can be realized. This somewhat difficult part has yet to be completed. Nevertheless, in its present form, the model does point out possible ranges of service life distribution parameters in terms of the correlation strength, thus providing uncertainties in the distribution parameters, which up until now have normally been overlooked when estimating the service lives of building materials. For wide service life distributions, it is shown that the possible parameter ranges will also be rather wide.",,,,
S3,Uncertainty,doi:10.1007/s44498-026-00164-3,A layered dynamic material flow framework for modeling building renovations,2026,Journal of Industrial Ecology,10.1007/s44498-026-00164-3,Scopus; Web of Science,lifetime; demolition; survival_hazard; turnover_cohort; dynamic_mfa,,"Dynamic material flow analysis (dMFA) is widely used to study the material demands of residential building stocks. In most of the studies conducted to date, buildings are modeled as homogeneous units instead of a system of components. A limitation of this assumption is that the material flow dynamics from renovations cannot be fully captured. In this study, we develop a cohort-based, layered dMFA framework that explicitly links renovation lifetimes to structural lifetimes, while allowing for different building layers to be renovated independently. This framework tracks the temporal evolution of building cohorts and applies a lifetime convolution approach to ensure that renovation probabilities are conditional on building survival. Cohort-specific material intensities are further differentiated across structural, skin, and space layers. We apply the framework to residential buildings in Sweden using a unique set of building inventory and disaggregated material intensity data. Compared with conventional monolithic renovation models, the layered lifetime approach reduces the estimated renovated floor area by approximately 10%, with larger differences seen for older cohorts that are approaching demolition. These corrections translate into substantial changes in renovation-related material flows. The results demonstrate that neglecting lifetime interdependencies between building components and structures leads to inflated estimates of the demand for renovation. By conceptualizing buildings as systems that have components with interrelated lifetimes, this study advances dMFA methods for renovation modeling. © The Author(s) 2026.",,,,
S3,Uncertainty,doi:10.1007/s11356-020-11971-x,Investigating the spatiotemporal variability and driving factors of China’s building embodied carbon emissions,2021,Environmental Science and Pollution Research,10.1007/s11356-020-11971-x,Scopus; Web of Science,dynamic_mfa,,"Rapid and large scale construction activities consume significant resources and make impacts on the environment. To support policy for emission reduction and route of low-carbon society development, this paper estimated building stocks and building embodied carbon emissions (BECEs) in China’s 31 provinces from 1997 to 2016 by material flow analysis (MFA). Furthermore, global and local Moran’s indices were employed to investigate the geographical clustering patterns, and temporal and spatial decomposition models were proposed to identify the driving forces. The results reveal the total BECEs has boomed from 9.67 billion tons in 1997 to 28.99 billion tons in 2016. BECEs in 31 provinces have experienced consistent increase but obvious differences in growth rate, and are spatially inclined to decrease from eastern coastal regions to western inland regions. The change of spatial agglomeration pattern is complex and variable. It presents that a long and narrow “H-L agglomeration” is located in the two northernmost provinces and the other 29 provinces enforce a sequence arrangement with an order of “H–H”, “L–H”, “H–L”, and “L–L” from east to west. Temporal decomposition results show that investment scale, economic level, and population density are the main driving forces for the increase of BECEs from both national and provincial levels, while the main reasons for the decrease are technical level and return on investment. Spatial decomposition results demonstrate that population density and provincial area are the main driving forces for the difference between provincial and national average, and others cause the difference among provinces. © 2021, The Author(s), under exclusive licence to Springer-Verlag GmbH, DE part of Springer Nature.",,,,
S3,Uncertainty,doi:10.26599/ecm.2026.9400037,A provincial-level modeling framework for integrated building stock-energy-material-carbon assessment in China,2026,Energy and Climate Management,10.26599/ECM.2026.9400037,Scopus,turnover_cohort,,"The building sector plays a pivotal role in global climate governance and the achievement of carbon neutrality goals. However, most existing assessments of long-term low-carbon transitions in the building sector rely on analytical frameworks that decouple building energy use and carbon emissions from vintage-tracked building stock turnover. This disconnect limits the development of coherent and effective long-term decarbonization strategies for the sector. To address this gap, this study develops the MESSAGEix-China-Building-R31 model, an integrated modeling framework comprising five core modules: building stock turnover, energy demand, material demand, carbon emissions, and low-carbon transition. The framework captures the coupled evolution of stock–energy–material–carbon interactions across 31 Chinese provinces (The Hong Kong Special Administrative Region, the Macao Special Administrative Region, and Taiwan province are not included due to data availability) from 2025 to 2100. Calibration results demonstrate that the model can reliably reproduce historical building vintage dynamics and end-use energy intensities. As a comprehensive quantitative analysis tool, the MESSAGEix-China-Building-R31 model enables the exploration of province-specific and heterogeneous low-carbon transition pathways for China’s building sector by systematically linking key factors, including floor space demand projections, building stock evolution, occupant energy-use behavior, and low-carbon material strategies. The proposed modeling framework also provides a transferable methodological reference for other large emerging economies facing similar decarbonization challenges in the building sector. © The Author(s) 2026.",,,,
S3,Uncertainty,doi:10.1016/j.apenergy.2019.01.106,Unravelling the mystery of Chinese building lifetime: A calibration and verification based on dynamic material flow analysis,2019,Applied Energy,10.1016/j.apenergy.2019.01.106,Scopus; Web of Science,lifetime; demolition; turnover_cohort; dynamic_mfa,operational_energy,"Building lifetime is a crucial parameter for modelling building stock's turnovers and related dynamics of embodied and operational energy demand. However, it is poorly characterized and often based on assumptions (especially for developing countries such as China), because no or few empirical data are available. Here we combined a top-down dynamic material flow analysis method with bottom-up information (i.e., age profile of residential building stock, per capita residential floor area, and population) to calibrate the lifetimes of Chinese buildings from 1950 to 2015. We contrasted the top-down estimates with existing literature and primary data from on-site surveys to verify the plausibility of calibrated building lifetimes. We found an overall downward trend of building lifetimes during 1950–1989 and a gradual climb-up since 1990s. However, the present Chinese building lifetime appears still far below the design lifetime (50 years). Up to 2015, the floor areas of Chinese building stock has reached an enormous level of 64.7 billion m2; on the per capita basis, it has reached 30.5 and 15.7 m2 for residential and non-residential use, respectively. The yearly demolished floor areas have reached at a level of 1.6 billion m2. The improved building lifetimes can enhance our understanding of building stock's turnovers and vintage-based energy performance and thus help better characterize life cycle energy demand of building stocks and beyond. To further the use of the calibrated building lifetimes, modelers and data users should also be aware of the variable building lifetimes and have a structured overview of data sources and their inconsistency. © 2019 Elsevier Ltd",,,,
S3,Uncertainty,doi:10.1016/j.apenergy.2021.116962,A stochastic dynamic building stock model for determining long-term district heating demand under future climate change,2021,Applied Energy,10.1016/j.apenergy.2021.116962,Scopus; Web of Science,demolition; dynamic_mfa,,"District heating networks will face major changes on the demand side resulting from future demographic change, building energy efficiency improvements and climate change in cities. A stochastic dynamic building stock model was developed to investigate the impact of climate change and renovation strategies on district heat demand. The model was applied to a representative city in Finland comprising 3880 real buildings with hourly-resolution data, for which heat demand scenarios for buildings were simulated up to 2050 using results from global and regional climate change models. The novel stochastic dynamic building stock model utilises the real building stock as a basis and considers demolition, construction of new buildings and renovation of existing buildings. It is used in the precised dynamic heat demand model (mean MAPE 7.7%) to calculate the future heat demand. Model outputs indicated that early adoption of building renovation will decrease long-term energy consumption by 3% for every 0.5% increase in the renovation rate by 2050. Increasing the yearly renovation rate from the current 1% to 3% could reduce the district heat demand by 22% (range 19–28%). Early adoption of building renovation could reduce the relative peak load by 50% compared with late adoption. Climate change will reduce the overall heat demand for district heating but will increase the annual relative daily variation from 3.6% to 4.5%, meaning that the peaks in heat demand will be more visible. © 2021 The Author(s)",,,,
S3,Uncertainty,doi:10.1016/j.jenvman.2020.111879,Modelling of mineral construction and demolition waste dynamics through a combination of geospatial and image analysis,2021,JOURNAL OF ENVIRONMENTAL MANAGEMENT,10.1016/j.jenvman.2020.111879,Web of Science,lifetime; demolition; outflow_forecast,,"As the construction sector is shifting towards circular economy models, the role of mineral construction materials as main waste fraction in terms of volumes is crucial. A characterization of this mineral stock, as well as the waste derived from it is decisive in ensuring the application of the best practices of circular economy. This paper describes a methodology for assessing the mineral building stock through a combination of geospatial and image analysis. By analysing old topographic maps, buildings are grouped according to their building age into different typologies and based on these maps the construction and demolition activity is evaluated. The mineral stock is assessed and estimations of the mineral construction and demolition waste (CDW) is generated for different stochastic scenarios. This methodology is applied exemplarily on the country of Luxembourg. It was found that the total mineral construction stock for Luxembourg is 276.75 Mt and has been growing at a rate of 20.81%-24.39% in the last 30 years. Furthermore, the study identified a mean age of the urban building stock of about 60 years and a typical maximum building lifetime of 122 years. Based on the stochastic projections the mineral CDW generated from the existing building stock is expected to be up to 226.9 Mt by 2100, while if future building scenarios are considered, it can be as high as 885.3 Mt. The annual CDW production is expected to be sufficient for a viable concrete recycling activity if regulations on the waste volume flows are made available.",,,,
S3,Uncertainty,doi:10.1016/j.rser.2025.115682,Dynamic life cycle assessment of building stocks: a systematic review,2025,Renewable and Sustainable Energy Reviews,10.1016/j.rser.2025.115682,Scopus; Web of Science,dynamic_mfa,,"The considerable environmental impact of the building sector on resource use and emissions drives the need for comprehensive environmental impact assessments to support sustainability efforts. As buildings become operationally more efficient, the environmental impacts of construction materials become more important. Incorporating spatiotemporal dynamics into building stock modelling can enhance assessment accuracy, informing policymakers on strategies to mitigate environmental impacts. This systematic review analyses recent scientific literature on environmental modelling, focusing on life cycle assessment and material flow analysis studies of building stocks, their impact assessments, and associated spatiotemporal dynamics. The review identified 27 relevant studies, from which information was extracted on various aspects such as study goals, scope, methodologies, and impact categories. The selected studies were also analysed for spatiotemporal dynamics inclusion, identifying 17 dynamic parameters further grouped into five categories. The dynamic parameters were investigated for the methods and data sources used to predict their temporal evolution or spatial distribution. The results revealed a shift towards large-scale and data-driven modelling, assessing macro-level changes in the building stock. The study identified several limitations related to building stock modelling practices, such as the need for clearly defined modelling methods, consideration of various impact categories, and uncertainty analysis. The findings on dynamic parameters identified common approaches when modelling building stock changes, potentially aiding in establishing standardised methods for dynamic building stock modelling, thus improving consistency and comparability between studies. Further research is needed to investigate the impact of chosen approaches on results and examine the interconnected nature of these parameters. © 2025",,,,
S3,Uncertainty,doi:10.1016/j.enbuild.2025.116130,Does climate change significantly impact the benefits of existing building energy-saving retrofit? evidence from a parametric study,2025,Energy and Buildings,10.1016/j.enbuild.2025.116130,Scopus; Web of Science,lifetime; outflow_forecast,,"The existing building stock is substantial, with high energy consumption, making building energy retrofitting a key strategy for the construction industry's response to climate change. However, the significance of climate change as a dynamic factor influencing the effectiveness of retrofit strategies, and its implications for retrofit decision-making, remain inadequately defined. This study aims to establish an analytical framework for assessing the impact of climate change on retrofit benefits, comparing its influence with that of other factors in terms of magnitude and significance. The framework incorporates building energy consumption and economic indicators related to retrofitting. A weather data downscaling approach, based on Morphing, is employed to generate weather data for the years 2020, 2050, and 2080, derived from the IPCC's A2 emission scenario. A set of 12 building models was developed with a 10-story office located in different climate zones with various retrofitting schemes. To account for the relative impacts of multiple factors, a model library of 144 models was constructed, considering the effects of building lifespan, discount rate variations, price fluctuations, and climate change. These models were subjected to energy consumption simulations, as well as cost and net present value calculations. Sensitivity analysis and inter-group difference tests revealed that climate change significantly impacts the energy-saving retrofit benefits of buildings, with variations across different climate zones. The findings provide evidence for incorporating climate change factors into future building retrofitting and offer valuable insights for the development of building energy retrofit decision-making models. © 2025",,,,
S3,Uncertainty,doi:10.1080/09613210903189533,Long-term building stock survival and intergenerational management: The role of institutional regimes,2009,Building Research and Information,10.1080/09613210903189533,Scopus; Web of Science,survival_hazard,,"Intergenerational value-management of the built environment requires preservation of both natural capital and man-made resources. A consequence is that buildings and infrastructure should be used as long as possible. Considering that built cultural heritage is mainly a 'non-renewable' capital, it affords a number of insights and lessons that can be more widely adapted to other parts of the built environment. The following key issues are discussed: long-term patterns and dynamics of the building stock; specific survival profiles for groups of buildings; strategies that have led to a long-term value preservation in the past; and robustness of former and existing strategies. Segments of the stock that could be used as a role model for the management of the entire stock are discussed as well as the possible contribution of public policy and institutional regimes to long-term value preservation. A related conceptual basis for an inventory of the built cultural heritage is presented in an appendix.",,,,
S3,Uncertainty,doi:10.1016/j.enbuild.2016.05.100,Dynamic building stock modelling: Application to 11 European countries to support the energy efficiency and retrofit ambitions of the EU,2016,Energy and Buildings,10.1016/j.enbuild.2016.05.100,Scopus; Web of Science,demolition,,"A dynamic building stock model is applied to simulate the development of dwelling stocks in 11 European countries, over half of all European dwellings, between 1900 and 2050. The model uses time series of population and number of persons per dwelling, as well as demolition and renovation probability functions that have been derived for each country. The model performs well at simulating the long-term changes in dwelling stock composition and expected, annual renovation activities. Despite differences in data collection and reporting, the modelled future trends for construction, demolition and renovation activities lead to similar patterns emerging in all countries. The model estimates future renovation activity due to the stock's need for maintenance as a result of ageing. The simulations show only minor future increases in the renovation rates across all 11 countries to between 0.6-1.6%, falling short of the 2.5-3.0% renovation rates that are assumed in many decarbonisation scenarios. Despite this, 78% of all dwellings could benefit from energy efficiency measures by 2050, either as they are constructed (31%) or undergo deep renovation (47%). However, as no more than one deep renovation cycle is likely on this timeframe, it is crucial to install the most energy efficient measures available at these opportunities. (C) 2016 The Authors. Published by Elsevier B.V. This is an open access article under the CC BY-NC-ND license.",,,,
S3,Uncertainty,doi:10.1109/cvidl62147.2024.10603641,Research on Inventory Management Optimization Strategy in Supply Chain Based on Deep Reinforcement Learning,2024,"2024 5th International Conference on Computer Vision, Image and Deep Learning (CVIDL)",10.1109/CVIDL62147.2024.10603641,IEEE Xplore,turnover_cohort,,"At present, the market environment is increasingly complex and changing, and the traditional inventory management strategy is difficult to adapt to the changes in the supply chain. For this reason, firstly, this paper proposes a management optimization framework applicable to supply chain inventory control based on deep reinforcement learning theory. The framework is able to learn the optimal strategy through an end-to-end neural network. Secondly, multiple mechanisms are introduced to enhance the training efficiency and stability, so that it can better adapt to the complexity and variability of the supply chain. Finally, simulation experiments are carried out in multi-species and multi-warehouses, and the results show that the framework can significantly outperform the traditional heuristic and linear planning methods in terms of total cost, out-of-stock rate, inventory turnover, etc., and exhibits superior adaptability and robustness.",,,,
S3,Uncertainty,title:5th applied energy symposium low carbon cities and urban energy systems cue 2019,"5th Applied Energy Symposium: Low Carbon Cities and Urban Energy Systems, CUE 2019",2019,Energy Proceedings,,Scopus,turnover_cohort; outflow_forecast,operational_energy,The proceedings contain 79 papers. The special focus in this conference is on Low Carbon Cities and Urban Energy Systems. The topics include: LIFE CYCLE POLLUTION AND CLIMATE IMPACT FROM URBAN POWER SYSTEMS: A CASE STUDY OF FOUR MUNICIPALITIES IN CHINA; DEVELOPMENT OF A FRAMEWORK FOR DETERMINING THE OPTIMAL WINDOW SIZE FOR MAXIMIZING OCCUPANT PSYCHOLOGICAL SATISFACTION AND BUILDING ENERGY PERFORMANCE; ECONOMIC ANALYSIS OF DIFFERENT BUSINESS MODELS FOR ENERGY PROSUMERS: FOCUSING ON THE ROOFTOP SOLAR PV SYSTEM; OPERATION PLANNING FOR RESIDENTIAL BATTERY ENERGY STORAGE SYSTEM WITH THE PHOTOVOLTAIC SYSTEM IN TERMS OF LIFE-CYCLE COST; APPLYING BAYESIAN MODEL AVERAGING TO CHARACTERISE URBAN RESIDENTIAL STOCK TURNOVER DYNAMICS; LOW CARBON CITIES AND URBAN ENERGY SYSTEMS Editorial of Proceedings of The 5th Applied Energy Symposium: Low Carbon Cities & Urban Energy Systems (CUE 2019); A NOVEL HYBRID AIR-CONDITIONING SYSTEM COMBINED WITH SEA SPRAY AEROSOL REMOVAL DRIVEN BY LOW TEMPERATURE HEAT SOURCE; AN IMPROVED FAST DEMAND RESPONSE STRATEGY OF BUILDING HVAC SYSTEM WITH LOW COST MEASUREMENT SENSORS FOR SMART GRID APPLICATIONS; A REVIEW OF SMART ENERGY AND INTEGRATED ENERGY SERVICE BUSINESS MODEL; DEMAND RESPONSE FROM A PEER-TO-PEER ENERGY TRADING COMMUNITY; AN OPTIMIZED SYSTEM OF A COMBINED TRANS-CRITICAL CO2 REFRIGERATION AND MULTI EFFECT DESALINATION SYSTEM; GAME THEORY BASED OPTIMAL BATTERY POWER FLOW MANAGEMENT IN A PEER-TO-PEER ENERGY SHARING NETWORK; A NOVEL FAULT DIAGNOSIS METHOD FOR PV ARRAYS USING EXTREME GRADIENT BOOSTING CLASSIFIER; A NEW MODELING METHOD FOR PHOTOVOLTAIC MODULES BASED ON EXTREME LEARNING MACHINE AND I-V CURVES; CHINA'S PASSENGER TRANSPORT ENERGY DEMAND AND CO2 EMISSION SCENARIO ANALYSIS.,,,,
S3,Uncertainty,doi:10.1016/j.spc.2025.04.024,Parameters influencing the prospective life cycle emissions of the Austrian building stock: a global sensitivity analysis,2025,Sustainable Production and Consumption,10.1016/j.spc.2025.04.024,Scopus; Web of Science,dynamic_mfa,,"Environmental building stock models have increasingly been developed to inform local policies. However, identifying and quantifying all relevant parameters for such large-scale modelling remains a challenge. This study identifies key dynamic parameters used to project life cycle greenhouse gas (GHG) emissions of the Austrian building stock through 2050, while also analyzing their systemic interactions. Both operational GHG emissions from energy consumption in buildings and embodied GHG emissions from new constructions, renovations and demolitions are included. The Morris screening analysis and the Sobol global sensitivity analysis are applied to a building stock model that combines dynamic material flow analysis with prospective life cycle assessment. The two sensitivity analysis methods produce different rankings of the most influential parameters, underscoring the need to combine them for a more comprehensive analysis. In addition to energy-related parameters, the average living area per person also emerges as one of the most influential parameters, emphasizing the importance of incorporating efficient use of space into current policies. The study also evaluates the impact of the rate at which each parameter will evolve by 2050. For instance, if GHG reduction measures are implemented slowly, reducing personal heating consumption or changing construction material production will have a greater impact than changing heating systems. However, if heating system upgrades can be quickly implemented, they would have a greater effect than the other two measures. This suggests that prioritizing GHG reduction strategies should also take into account the speed at which these measures can be deployed. Additional research is necessary to enhance the application of systems thinking in building stock models. © 2025 The Authors",,,,
S3,Uncertainty,doi:10.1109/access.2021.3112937,Framework to Develop Time- and Voltage-Dependent Building Load Profiles Using Polynomial Load Models,2021,IEEE Access,10.1109/ACCESS.2021.3112937,IEEE Xplore,,,"The power consumption of buildings over the course of each minute, hour, day and season plays a major role in how this load influences the Electric Power System voltage and frequency, and vice versa. This consumption is based on the building’s load component types, efficiencies, and how they consume power and react to changes in real time. Due to this complexity, standard full-building load models are typically voltage-invariant. This paper proposes a novel framework to transform these voltage-invariant building load models into fully time- and voltage-dependent load profiles using available data on the voltage sensitivity of individual load components. While a voltage-dependent building model could theoretically be generated from static load models of every component in a building, this approach faces two challenges: first, load models representing all load components are impractical to develop for all possible load component types; second, building energy consumption is never measured or modeled at the individual component level. The proposed framework compiles available component data in the form of static ZIP load model parameters, and maps them into the end use categories utilized by standard building modeling programs. The voltage sensitivity of each end use category is then bounded by the extrema of the component models within it. This framework is applied to a load profile case study representing the aggregate U.S. residential building stock. In addition to the minimum/maximum conditions, a load profile based on typical load composition and weighted ZIP parameters is generated for the same building stock. The results show that for a 10% drop in voltage, using the least sensitive ZIP parameters, active power is expected to be 3% to 14% lower than nominal, depending on the season and time of day. Using the most sensitive ZIP parameters, the active power is expected to be 9% to 20% lower than nominal, also depending on the season and time of day.",,,,
S3,Uncertainty,doi:10.1111/jiec.13604,Approaching building lifetimes and hazard rates through demolition patterns: Case studies for a historical city center,2025,Journal of Industrial Ecology,10.1111/jiec.13604,Scopus; Web of Science,lifetime; demolition; survival_hazard; turnover_cohort,,"Despite their relevance in building stock modeling, building lifetimes are poorly understood and tend to form the weakest link in forecasting energy use, greenhouse gas (GHG) emissions, waste generation, and resource use. Here, we develop a methodology to trace building lifetimes for cohorts in two central areas built up after fires in the 1840s. Using Geographical Information System (GIS) data of the current building stock and archival material, we determined yearly hazard rates for buildings within the cohort 1841–1845 in the historical center of Trondheim, Norway. We find that hazard rates are very sensitive to events ranging from global to hyperlocal scales and that demolition rates have slowed down significantly since the 1980s when municipal preservation policies came into effect. In contrast, age-based lifetime approaches fail to capture the effects of such events as they only account for the delay between construction and demolition. We discuss the use and limitations of hazard rates to better reflect changes in demolition that are not correlated with building age. Our study underscores that building lifetimes are a property of a wider system rather than an attribute of individual structures. In that sense, hazard rates are a more suitable approach to capture spatiotemporal changes of building stocks and could be further used in scenarios in dynamic models. This article met the requirements for a gold-gold JIE data openness badge described at http://jie.click/badges. © 2024 The Author(s). Journal of Industrial Ecology published by Wiley Periodicals LLC on behalf of International Society for Industrial Ecology.",,,,
S3,Uncertainty,doi:10.1016/j.enpol.2022.112932,Modelling future trends of annual embodied energy of urban residential building stock in China,2022,Energy Policy,10.1016/j.enpol.2022.112932,Scopus,lifetime; turnover_cohort; outflow_forecast,operational_energy,"China is the largest driver of growth in the global building sector. The longstanding construction boom across China has generated a massive flow of materials with significant associated embodied energy consumption and carbon emissions. Despite the serious implications for global emissions, there exist a very limited number of macro-level studies on embodied energy of Chinese buildings, with even fewer exploring future scenarios. There is therefore little in the way of an evidence base to offer policy makers. We develop a probabilistic model to forecast the possible trajectories of embodied energy of residential buildings over the medium to long term in the Chinese urban context. Our results provide clear evidence to substantiate the importance of embodied energy of new construction, which we find to be over 0.3 times the operational energy of existing stock between 2010 and 2018. If current trajectories are followed, embodied energy is likely to peak around 2027, with a 95% credible interval ranging from 87 to 283 Mtce (61 to 198 Mtoe) and a mean of 170 Mtce (119 Mtoe). We show that building lifetime has a substantial impact on future annual and cumulative embodied energy. Our findings reinforce the need to take a whole-life perspective to formulate policies addressing building energy as part of China's efforts to meet the announced overarching target of achieving carbon neutrality by 2060. © 2022 Elsevier Ltd",,,,
S3,Uncertainty,doi:10.1016/j.wasman.2026.115554,A century-scale dynamic modeling of demolition waste metabolism and associated global warming impact in China's urban residential sector,2026,Waste Management,10.1016/j.wasman.2026.115554,Scopus,lifetime; demolition; turnover_cohort; outflow_forecast,,"This paper quantifies demolition waste (DW) from urban residential buildings (URB) in China from 1970 to 2070 under low, medium, and long-lifespan scenarios, as well as the associated global warming impact, quantified as global warming potential (GWP), from DW disposal and avoided through material reproduction under low, medium, and high-recycling rate scenarios. First, DW generation of key construction materials is quantified as a metabolic outflow of URB stocks under alternative building lifespan scenarios. These metabolic flows are then dynamically projected to assess the associated GWP under different recycling rate scenarios. The results indicate that population size and per capita floor area significantly influence URB stock, and that a decline in population leads to a delayed reduction in stock due to system inertia. Longer building lifespans result in slower turnover, increasing cumulative stock, and affecting the timing and magnitude of peak residential stock. The total DW by 2070 is projected to be one-third lower in the long-lifespan scenario compared to the short-lifespan scenario, with 6,577.10 Mt, 13,488.35 Mt, and 20,271.66 Mt in the long, medium, and short-lifespan scenarios, respectively. In the high-recycling rate scenario, GWP becomes negative, with net savings of 27.64 TgCO2e in the short-lifespan scenario, 18.95 TgCO2e in the medium-lifespan scenario, and 9.55 TgCO2e in the long-lifespan scenario. Extending building lifespans and increasing recycling rates markedly reduce both DW generation and associated GWP, with steel and brick offering the highest GWP reduction potential through enhanced recycling practices. © 2026 The Author(s)",,,,
S3,Uncertainty,doi:10.1016/j.spc.2024.02.014,Environmental consequences of shifting to timber construction: The case of Denmark,2024,Sustainable Production and Consumption,10.1016/j.spc.2024.02.014,Scopus; Web of Science,dynamic_mfa; outflow_forecast,,"Many life cycle assessments (LCA) studies on wooden buildings show potential to decarbonise the building industry, though often neglecting to consider the systemic changes of such a shift at the building stock scale. This study applies a consequential LCA to evaluate the transition from conventional construction to increased wood-based construction in Denmark from 2022 to 2050. The assessment models a material flow analysis of the two construction scenarios, incorporating an area forecast and case buildings. By that, we assessed suppliers' capacity to likely meet the demand for wood, steel, and concrete, employed an input-output model to enhance completeness and country representativeness for other materials' markets, and considered the competition for land by indirect land use change. We implemented a dynamic IPCC-based assessment of GHG-emissions concurrently with a carbon forest model to anticipate the relationship between the delayed carbon storage resulting from using wood in buildings and forest regrowth management. The findings indicate wood construction is the most climate-friendly option for multifamily houses. In contrast, single-family houses (SFH) and office buildings (OB) exhibit the lowest climate impacts in the conventional scenario. The SFH result could be credible due to the sizable GWP impact gap between construction scenarios despite uncertainties related to the weight proportion of sedum roofs. The less conclusive OB findings relate to the substantial steel quantities in the wood case buildings, requiring further investigation. Generally, metals, cement-based- and biobased materials demonstrate the largest climate impact among the material categories. Across all three building typologies, the change to timber construction increased the impact on nature occupation (biodiversity). In conclusion, this study emphasises the need for further research on forest management model inputs, land use change approaches, potential steel suppliers' impact, and a broader array of case studies. It is because these are influential factors in facilitating informed decision-making of the increased implementation of wood in buildings. As the first study to integrate these modelling characteristics, it contributes to the research gap concerning geographical circumstances, forestry, and markets relevant to decision support for increased wood utilisation in Europe's building industry. © 2024 The Authors",,,,
S3,Uncertainty,doi:10.1016/j.resconrec.2024.107971,Pathways to a net zero building sector in Colombia: Insights from a circular economy perspective,2025,"Resources, Conservation and Recycling",10.1016/j.resconrec.2024.107971,Scopus,dynamic_mfa,,"The rapid urbanization and economic growth in Colombia have made the residential sector one of the largest energy and material consumers in the country. Circular economy (CE) strategies are a promising alternative to decouple the sector from resource depletion and climate change. The analysis shown here is based on the RECC model framework, a dynamic material flow analysis (dMFA) model. Our results suggest that by 2050 without CE strategies, residential building stock will reach 2.5 billion m2 and emit between 13 and 25 Mt CO2/yr, depending on whether carbon forest sequestration is included or not. A complete implementation of CE strategies and lower floor space can reduce 2020–2050 cumulative primary material production, waste generation, and GHG emissions by 48, 5, and 49 %, respectively. There is a potential to achieve net zero emissions by 2050 if, in addition to the measures mentioned above, more wood materials and forest sequestration are considered. © 2024 The Authors",,,,
S3,Uncertainty,doi:10.1016/j.crsus.2024.100154,Challenges and opportunities in the global net-zero building sector,2024,Cell Reports Sustainability,10.1016/j.crsus.2024.100154,Scopus; Web of Science,,,"Buildings worldwide, which represent the final piece to be addressed in the transition to carbon neutrality, require a multisectoral, comprehensive strategy for decarbonization. We provide an overview of the current global status and features of carbon emissions associated with buildings, then outline pathways and steps to achieving carbon neutrality by mid-century. By synergizing technical innovation, encompassing advanced building technologies and renewable energy solutions, with robust financial support mechanisms, we can expedite the widespread adoption of building electrification and energy system decarbonization. This integrated approach stands as the most practical and effective strategy for decarbonizing building operations. Vital measures for reducing embodied carbon include constraining the building stock growth, decarbonizing materials, and extending building lifetimes. We emphasize the importance of raising awareness of building carbon emissions among governments, residents, and other stakeholders. Understanding the challenges and the urgent need for action is crucial to achieving carbon neutrality in the building sector. © 2024",,,,
S3,Uncertainty,doi:10.1007/978-981-16-8352-7_14,Modelling Chinese Urban Residential Stock Turnover Uncertainties Using System Dynamics and Bayesian Statistical Inference,2022,Sustainable Development Goals Series,10.1007/978-981-16-8352-7_14,Scopus,lifetime; demolition; survival_hazard; turnover_cohort,operational_energy,"Building stock turnover is one of the key determinants in building energy modelling and policy analysis. Building lifetime is integral to the dynamics of stock turnover. However in China, despite anecdotal claims that urban residential buildings are generally short-lived, there are no official statistics on building lifetime, and empirical data is extremely limited. Official statistics on total floor area of Chinese urban residential stock only exist up to 2006. This paper presents a Bayesian approach to estimate Chinese urban residential building lifetime and characterise the overall stock turnover dynamics for the period of 2007 to 2017. Firstly, the building stock evolution process is described by a system dynamics model in which survival analysis is used to characterise the dynamic interplay between new construction, aging, and demolition of buildings. The uncertainties associated with building lifetime are represented using a Weibull distribution. Secondly, based on this model and official statistics on urban residential floor area up to 2006, a Bayesian probabilistic model is developed to simulate the posterior distribution of Weibull parameters through Markov Chain Monte Carlo (MCMC) technique. As a result, the distribution of building lifetime unconditional on the Weibull parameters is obtained. Further, the posterior distributions of Weibull parameters, along with official statistics on annual new construction, enable the estimate of stock turnover in the form of posterior predictive distribution for the period of 2007 to 2017. This Bayesian modelling framework, and its results in the form of probability distributions of annual total stock and underlying age-specific sub-stocks, can provide the basis for further modelling and analysing policy trade-offs of embodied-versus-operational energy consumption and carbon emissions of buildings in the context of sector-wide decarbonisation. © The Author(s), under exclusive license to Springer Nature Singapore Pte Ltd. 2022.",,,,
S3,Uncertainty,doi:10.1111/jiec.12579,A Probabilistic Dynamic Material Flow Analysis Model for Chinese Urban Housing Stock,2018,Journal of Industrial Ecology,10.1111/jiec.12579,Scopus; Web of Science,dynamic_mfa; outflow_forecast,,"The stock-driven dynamic material flow analysis (MFA) model is one of the prevalent tools to investigate the evolution and related material metabolism of the building stock. There exists substantial uncertainty inherent to input parameters of the stock-driven dynamic building stock MFA model, which has not been comprehensively evaluated yet. In this study, a probabilistic, stock-driven dynamic MFA model is established and China's urban housing stock is selected as the empirical case. This probabilistic dynamic MFA model has the ability to depict the future evolution pathway of China's housing stock and capture uncertainties in its material stock, inflow, and outflow. By means of probabilistic methods, a detailed and transparent estimation of China's housing stock and its material metabolism behavior is presented. Under a scenario with a saturation level of the population, urbanization, and living space, the median value of the urban housing stock area, newly completed area, and demolished area would peak at around 49, 2.2, and 2.2 billion square meters, respectively. The corresponding material stock and flows are 79, 3.5, and 3.3 billion tonnes, respectively. Uncertainties regarding housing stock and its material stock and flows are non-negligible. Relative uncertainties of the material stock and flows are above 50%. The uncertainty importance analysis demonstrates that the material intensity and the total population are major contributions to the uncertainty. Policy makers in the housing sector should consider the material efficiency as an essential policy to mitigate material flows of the urban building stock and to lower the risk of policy failures. © 2017 by Yale University",,,,
S3,Uncertainty,doi:10.1080/09613210802184312,"Towards modelling of construction, renovation and demolition activities: Norway's dwelling stock, 1900-2100",2008,Building Research and Information,10.1080/09613210802184312,Scopus,lifetime; demolition; dynamic_mfa,,"The activities of construction, renovation and demolition related to the dwelling (housing) stock have a strong impact on both material and energy demands. A deeper understanding of the dynamics driving these activities is a precondition for a more consistent way to address material and energy demands. The method presented herein is based on a dynamic material flow analysis and is applied to the Norwegian dwelling stock. Input data to the model are population and socio-economic lifestyle indicators such as the average number of persons per dwelling and the average size of dwellings; these determine the size of the floor area stock. Parameters such as the lifetime of dwellings and renovation intervals complete the input set. Outputs of the model are the stock and flows of floor area for the period 1900-2100. Analysis of the renovation activity is given particular attention. Several scenarios are considered in order to test the model's sensitivity to input's uncertainties. Results are compared with statistical data, where the latter are available. The main conclusion is that in the coming decades renovation is likely to overtake construction as the major activity in the Norwegian residential sector.",,,,
S3,Uncertainty,doi:10.1016/j.enbuild.2026.117220,Long-term changes in the lifespan of buildings at the national level: A case study in Japan,2026,Energy and Buildings,10.1016/j.enbuild.2026.117220,Scopus; Web of Science,lifetime; survival_hazard,,"Understanding long-term changes in building lifespan at the national level is essential for predicting future building-related stocks and flows, assessing energy consumption and environmental impacts, and developing effective countermeasures. This study calculated the survival rate of building stock over time for each inflow and stock year and estimated appropriate survival functions and their key parameter—the half-life (defined as the number of elapsed years at which the survival rate reaches 50%)—based on time-series data on building stock by construction year in Japan. Logistic, normal, log-normal, Weibull, and gamma distributions were considered for survival functions. For stock-year-based analysis, the most suitable survival functions were the log-normal distribution for wooden buildings and the Weibull distribution for non-wooden buildings. As of 2021, the estimated half-life was 50 years for wooden buildings and 52 years for non-wooden buildings, an increase of 15 and 16 years, respectively, over the past 30 years. Future half-life projections toward 2050 were explored under multiple scenarios, including unconstrained and saturating forms, to explicitly reflect structural uncertainty in long-term projections. The findings provide insights for projecting future material stocks and flows in the building sector and for assessing life-cycle environmental impacts, thereby supporting environmental planning and policies. © 2026 The Author(s).",,,,
