Title,Authors,Year,Source title,Abstract,Author Keywords,Index Keywords,DOI,Document Type,Cited by,Database provenance,Scopus EID,WoS UT,IEEE Document Identifier,Source files
Exploration of urban deposits: Long-term prospects for resource and waste management,"Wittmer, D Lichtensteiger, T Wittmer, D",2007,Waste Management and Research,"Many materials currently in use are potentially available to become raw materials for future production if the materials are recycled instead of discarded as solid waste. However, the structure and life-expectancy of these secondary resources have not been sufficiently examined, and comprehensive methods for forecasting the availability of such materials are still lacking. This study presents a method for identifying anthropogenic material stocks in combination with the method of material flow analysis (MFA). The method was applied to copper in Switzerland as an example, with the focus on use in buildings. The exploration concept was a three-step process. First, a MFA identified the relevant stocks within the inventory of the region. Second, these stocks were inventoried through a building stock model and determination of key parameters that were defined by surveying selected buildings and from the literature. Third, the Study team developed a dynamic MFA model to describe the copper stocks and flows during the period 1900-2000. The results of the copper stock calculation (in kg capita(-1)) were: buildings 79 +/- 11, infrastructure 107 +/- 25, movables 34 +/- 9, landfills 50 +/- 12. The calibrated model enabled the study team to develop resource and waste management scenarios forecasting waste flows. It is shown that the conversion of buildings into other uses may affect the waste flows significantly.",Construction and demolition debris; Exploration method; Material flow analysis (MFA); Scenario analysis; Secondary resources; Urban deposits; Waste flow prediction; wmr 1166-9; construction and demolition debris; exploration method; material flow analysis (MFA); scenario analysis; secondary resources; urban deposits; waste flow prediction,"Algorithms; Cities; Conservation of Natural Resources; Construction Materials; Copper; Environmental Monitoring; Humans; Industrial Waste; Manufactured Materials; Models, Theoretical; Switzerland; Time Factors; Waste Management; Central Europe; Eurasia; Europe; Copper scrap; Forecasting; Land fill; Mathematical models; Solid wastes; Waste management; copper; debris flow; exploration; resource management; stock assessment; waste management; article; building industry; calculation; calibration; environmental parameters; flow measurement; forecasting; landfill; life expectancy; literature; priority journal; process development; recycling; solid waste; urban area; Exploration method; Material flow analysis; Scenario analysis; Waste flow prediction",10.1177/0734242X07079183,Article; Proceedings Paper,26,Scopus; Web of Science,2-s2.0-34249715296,WOS:000247266100006,,SCOPUS_S2-1.csv; S2-1 result.txt
Resource consumption of new urban construction in China,Fernández J.E.,2007,Journal of Industrial Ecology,"The volume of China's recent additions to its urban-built environment is unprecedented. China now accounts for half of all new building area in the world. Increases in building stocks of all types have occurred during an extended period of accelerated growth of the national economy. This expansion promises to continue through 2030. As a result, the rapid conversion of land from low-density agricultural and light manufacturing to new urban zones of high density and material-intensive commercial and residential buildings has consumed enormous quantities of domestic and imported resources and has irreversibly altered the Chinese landscape. This article examines the consumption of material resources dedicated to Chinese building construction through a survey and analysis of the material intensity of three major building types. This provides a basis for outlining the emerging life-cycle issues of recent additions to the built environment and of continued construction. With this as the starting point, the field of industrial ecology can work toward formulating strategies for a circular economy that include a resource-efficient urban China. © 2007 by the Massachusetts Institute of Technology and Yale University.",Building type; Circular economy; Economic growth; Industrial ecology; Material intensity; Sustainable cities; building type; circular economy; economic growth; industrial ecology; material intensity; sustainable cities,Asia; China; Eurasia; Far East; Concrete construction; Public policy; Resource allocation; Strategic planning; building construction; cleaner production; economic growth; land use change; life cycle analysis; recycling; sustainability; urban development; urban system; urbanization; Building type; Circular economy; Economic growth; Industrial ecology; Material intensity; Resource consumption; Sustainable cities; Urban planning; CITIES; ENERGY; ENVIRONMENT; TRANSFORMATION; EMISSIONS; ECONOMY,10.1162/jie.2007.1199,Article; Proceedings Paper,131,Scopus; Web of Science,2-s2.0-34248357816,WOS:000246782200009,,SCOPUS_S2-1.csv; S2-1 result.txt
Adaptive and high-precision grey forecasting model,Lin Y.-H.; Lee P.-C.; Chang T.-P.,2009,Expert Systems with Applications,"Although the grey forecasting model has been successfully employed in various fields and demonstrated promising results, literatures show its performance still could be improved. Therefore, a new model named EFGMm(1, 1) is proposed in this paper by eliminating the error term resulted from the traditional calculation of background value with an integration equation to substitute for such error term. In addition, Fourier series and exponential smooth technique have also been integrated into the new model to reduce the periodic and stochastic residual errors, respectively. An illustrative example of building material stock index is adopted for demonstration. Results show that the proposed model can increase the prediction accuracy, particularly when the system is instable. (C) 2008 Elsevier Ltd. All rights reserved.",Background value; Building material stock index; Exponential smooth technique; Fourier series; Grey forecasting model,Building materials; Buildings; Construction equipment; Electric currents; Forecasting; Fourier analysis; Fourier series; Harmonic analysis; Background value; Error terms; Exponential smooth technique; Grey forecasting model; High precision; Illustrative examples; New models; Prediction accuracies; Residual errors; Stochastic models; TIME-SERIES; PREDICTION; SYSTEM; IDENTIFICATION,10.1016/j.eswa.2008.12.009,Article,86,Scopus; Web of Science,2-s2.0-64049118704,WOS:000266086600007,,SCOPUS_S2-1.csv; S2-1 result.txt
"New Songdo international city block D24, an iconic and efficient twisted tall building structure",Clark M.; Scott D.M.,2010,Structures Congress 2010,"This paper discusses the structural design of a 50 story, twisted residential building structure. It presents an overview of methods employed in the design of the articulated structural shape. It outlines how the project team imposed this articulation without a significant increase in the use of structural materials beyond that typical for rectilinear tall residential apartment buildings. The column-free design consists of structural concrete dividing walls between five apartments on each floor plate, cantilevered in a radial arrangement from a central cylindrical concrete core. The arrangement of the walls is staggered and alternated between floors, and therefore achieves apparent long spans and column-free apartments. The design also allows the floor plates to be rotated sequentially up the height of the building without imposing torsional force on the central core, a common design challenge associated with towers with a twisted form. The paper details the design process, explaining the motives and constraints of the design, and shows how the unusual structural system was derived. The structural engineering design of the system is explained including discussion of load paths and deflection control. The associated structural consideration of seismic performance is briefly discussed. Finally, a comparison of material quantities is made against two other residential tower structures on the same site, which are mostly rectilinear in form. The comparison shows very similar material quantity use per unit floor area between the three designs. © 2010 American Society of Civil Engineers.",,Apartment houses; Concretes; Floors; Structural design; Tall buildings; Walls (structural partitions); Apartment buildings; Comparison of materials; Cylindrical concrete; Deflection control; Residential building; Seismic Performance; Structural concretes; Tall building structures; Plates (structural components),10.1061/41130(369)275,Conference paper,2,Scopus,2-s2.0-84898414376,,,SCOPUS_S2-1.csv
Analyzing Regional Metabolism,P. Baccini; P. H. Brunner,2012,"Metabolism of the Anthroposphere: Analysis, Evaluation, Design","This chapter contains sections titled: Regions as Anthropogenic Systems, Introducing the Model Region METALAND, Metabolic Status of METALAND Described by Activities, To Nourish and To Clean, To Nourish, To Clean, To Reside & Work And To Transport & Communicate, An Outline of the Cultural Aspects of the Activity To Transport & Communicate, The Material Systems Emerging from Cultural Periods, To Transport & Communicate In Metaland",,,,MIT Press eBook Chapters,,IEEE Xplore,,,MIT Press eBook Chapters,IEEE_S2-1_merged_deduplicated_raw.csv
Experimental investigation of an energy-efficient hybrid composite beam during the construction phase,Hong W.-K.; Jeong S.-Y.; Park S.-C.; Kim J.T.,2012,Energy and Buildings,"The replacement of old equipment in multi-residential apartment buildings with bearing-wall structural systems requires demolition and reconstruction. Several issues arise when performing such tasks, including the degradation of the urban environment, the wasting of resources, and the generation of construction waste. As a potential solution to these issues, a hybrid composite structural system for use in an apartment building was proposed. This system provides a level of architectural flexibility that is not offered by a conventional bearing-wall structure. The architectural flexibility extends the service life of apartment buildings by reducing the need for demolishing and reconstructing bearing-wall apartment buildings. In addition, the alternative system maximizes the efficiency of material use through the optimized relocation of structural steel, cast-in-place concrete, and precast concrete, thereby reducing material quantities and minimizing CO2 emissions. When compared to a conventional bearing-wall apartment, the hybrid composite system consisting of structural steel, cast-in-place concrete, and precast concrete is expected to improve energy efficiency during construction. In this work, the results of analytical and experimental investigations of a hybrid composite beam to be used in multi-residential apartment buildings are presented. The beam was found to yield enhanced energy efficiency when compared to a conventional bearing-wall apartment. The developed analytical prediction method based on the strain compatibility theory was validated by experiment. (c) 2011 Elsevier B.V. All rights reserved.",Composite beam; Limit state; Neutral axis; Strain compatibility; Stress diagram,Apartment houses; Building materials; Carbon dioxide; Composite beams and girders; Construction equipment; Energy efficiency; Precast concrete; Steel construction; Composite beam; Limit state; Neutral axis; Strain compatibility; Stress diagram; Cast in place concrete; STEEL; SYSTEMS,10.1016/j.enbuild.2011.10.048,Conference paper,20,Scopus; Web of Science,2-s2.0-84857063920,WOS:000301750600006,,SCOPUS_S2-1.csv; S2-1 result.txt
Utilizing GIS as a geospatial tool to inventory LEED certified buildings and construction and demolition (C&D) waste flows in the United States,Marcellus K.A.; Spatari S.; Gallagher P.M.,2012,"Life-Cycle and Sustainability of Civil Infrastructure Systems - Proceedings of the 3rd International Symposium on Life-Cycle Civil Engineering, IALCCE 2012","Markets have developed around green building products which provide incentive for developers to track specific building materials and identify strategies for both environmental and economic improvement. We use geospatial analysis to inventory LEED Buildings and subcomponents in two urban centers in Pennsylvania and track construction material stock. Using case study methods we investigate the LEED building stock for Philadelphia, PA and identify waste material flow patterns that result from architecture/designer choices to meet LEED certification, and integrate these with regional construction and demolition (C&D) patterns to understand recipient secondary C&D markets. We use material flow analysis of region-specific C&D waste stocks and flows to understand material exchange and opportunities for recycling C&D waste. We find there are ample resources available in C&D waste in Philadelphia, with potential to be diverted from the solid waste landfills, thus improving material recycle efficiency.",,Civil engineering; Commerce; Life cycle; Recycling; Solid wastes; Building stocks; Construction and demolition; Economic improvements; Geospatial analysis; Geospatial tools; Green buildings; Material flow analysis; Material flow pattern; Material recycle; Pennsylvania; Philadelphia; Solid waste landfill; Stocks and flows; Study methods; Urban centers; Waste flows; Building materials,,Conference paper,2,Scopus,2-s2.0-84874536574,,,SCOPUS_S2-1.csv
Building materials in German non-residential buildings -an analysis; [Baumaterialien in deutschen Nichtwohngebäuden - eine Analyse],Ortlepp R.; Schiller G.,2014,Bautechnik,"The preservation of the natural resources moves more and more into the focus of the politics. It is expected that this shift in perspective will have a future effect on the building and construction industry too. To the judgement of the future requirements for building-materials knowledge is required besides reliable forecasts about the building activity both in the new construction and in the rehabilitation also about the amounts of building-materials which can be regained by deconstruction measures as recycling material from the existing built volumes. The knowledge about the amount and distribution of the building- materials forms the base for a systematic and economic use in terms of circular flow because the attainable level of utilisation also depends on the availability of corresponding amounts of recycled material besides structurally engineered requirements on the building materials in proportion to the general requirements for building-materials. This contribution is thematically particularly aimed at the trade associations of the building-material manufacturers, planners and further persons responsible for announcements. It shall show future evolutional trends of the legislative framework and give insights into the building stock. The article deals with the topic of the building material composition at the example of non-residential buildings in Germany. Different databases are introduced and judged with regard to that one of the quality regarding the information derivable from it. The evaluation of the current building activity statistics gives an impression about the quantitative distribution of the building-materials used mainly over different kinds of non-residential buildings. The result of an analysis based on the BKI object database is opposed to it comparatively. It is shown at the example of agricultural buildings in which places the essential material depositories are located and which quantity these have in the building. © 2014 Ernst & Sohn Verlag für Architektur und technische Wissenschaften GmbH & Co. KG, Berlin.",building materials; non-residential buildings; stock growth; sustainable resource use,,10.1002/bate.201300058,Article,3,Scopus; Web of Science,2-s2.0-84901810420,WOS:000337675300004,,SCOPUS_S2-1.csv; S2-1 result.txt
"Embodied energy and CO2 emissions of building materials for residential buildings in Jakarta and Bandung, Indonesia",Surahman U.; Higashi O.; Kubota T.,2014,30th International PLEA Conference: Sustainable Habitat for Developing Societies: Choosing the Way Forward - Proceedings,"The objective of this study is to evaluate the current building material stock and future demolition waste for urban houses using a material-flow analysis in Jakarta and Bandung. Their embodied energy and CO2 emissions are also analyzed by using an input-output analysis method. The actual on-site building measurements were conducted in Jakarta (2012) and Bandung (2011), focusing on unplanned houses, to obtain building material inventory data. A total of 297 and 247 houses were investigated in Jakarta and Bandung, respectively. These houses were generally classified into the following three categories: simple (45%), medium (39%) and luxurious houses (16%). The results show that overall, the averaged material quantity per m2 used for the houses is 2.14 ton/m2 in Jakarta and 2.06 ton/m2 in Bandung. Two scenarios with zero and maximum reuse/recycling rates were designed to predict future demolition waste and embodied energy/CO2 emissions of building materials in Jakarta. Closed- and open-loop material flows were applied. The maximum reuse/recycling rates not only decrease material waste (0.93-1.22 ton/m2) but also their embodied energy (16.8-151.1 GJ) and CO2 emissions (1.6-14.9 ton CO2-eq). In contrast, the minimum reuse/recycling rates increase environmental burden, and the expansion of unplanned houses is anticipated to cause further urban sprawls and drastic land-use changes by 2020. © Copyright: CEPT University, Center for Advanced Research in Building Science & Energy, Ahmedabad First Published 2014.All rights reserved.",,Building materials; Carbon dioxide; Demolition; Ecosystems; Houses; Land use; Building measurements; Demolition wastes; Environmental burdens; Input output analysis; Material flow analysis; Material inventories; Material quantities; Residential building; Zero energy buildings,,Conference paper,2,Scopus,2-s2.0-85088358592,,,SCOPUS_S2-1.csv
Material across scales: Combining material flow analysis and life cycle assessment to promote efficiency in a neighborhood building stock,Turan I.; Fernández J.E.,2015,"14th International Conference of IBPSA - Building Simulation 2015, BS 2015, Conference Proceedings","A building requires significant material input during both its initial construction and over its lifetime for maintenance and upgrades. The sustained material demand of urban buildings, when aggregated, constitutes a large portion of the total material input in a city. This paper presents a methodological framework for quantifying the stock and flows of construction materials in an urban area. We combine material data for archetypical buildings in a neighbourhood with a three-dimensional urban model to create a picture of total construction materials. The proposed methodology is applied to a 0.5 km2 residential area in Lisbon, Portugal. Through the model we construct a picture of the material composition of the neighborhood's building stock to better understand existing material cycles and investigate ways to make them more efficient.",,Building materials; Buildings; Life cycle; Building stocks; Life Cycle Assessment (LCA); Material compositions; Material demands; Material flow analysis; Methodological frameworks; Residential areas; Urban buildings; Construction,,Conference paper,7,Scopus,2-s2.0-84976402600,,,SCOPUS_S2-1.csv
Quantitative and qualitative dynamic modelling of secondary raw materials from wood products in germany,Cote M.; Poganietz W.-R.; Schebek L.,2015,Materiaux et Techniques,"Wood is a versatile natural resource widely utilized for material and energy purposes. In recent years, the growth in demand of harvested wood in Germany caused by efforts in substituting non-renewable materials and energy-intensive resources, as well as fluctuation in oil prices, has created challenges in the current harvesting and processing rates of primary and secondary wood raw materials, respectively. The supply of primary raw materials is currently covered by the growing rate of forests; however, no significant reserves for a further increase of harvested wood volumes are available. Even more, an increasing use of secondary raw materials for energetic purposes has been perceived, with a crowding-out in material applications. We can say that current use of wood as primary raw material comes near to sustainable harvesting. Thus, an enhanced use of secondary raw materials shall reduce stress in demand for primary sources and should have positive impacts on the environment. Besides the estimation of total amounts of secondary raw materials, a qualitative classification shows to be useful for a potential optimization of recycling. In this article, we estimate potential waste volumes and qualities using a dynamic stock and flow model of anthropogenic wood products. We take Germany as a case study considering consumer-based patterns of material use for satisfaction of services until 2050. Based on a material flow analysis (MFA) methodology, wood products are classified under a service perspective, in 14 product groups and 23 applications with specific in-use lifetime and average raw material compositions. It was found that secondary raw materials from recycled paper wastes suffer a decrease in the following decades, while wood waste, especially from residential buildings and furniture will increase with a possible stabilization by 2040. In the model a qualitative approach is introduced to provide future quality distribution of recovered wastes. This identifies volumes of secondary raw materials in quality groups which are the basis for improvements in waste processing technologies, management and sorting, to increase high quality waste fractions, and reduce the pressure on primary raw materials. © EDP Sciences, 2015.",Dynamic modelling; qualitative waste management; wood resources,Raw Materials; Waste Management; Wood; Wood Products; Dynamic models; Growth (materials); Harvesting; Oil wells; Recycling; Waste management; Wood; Wood products; Material application; Material flow analysis; Qualitative classification; Raw material composition; Residential building; Secondary Raw Materials; Sustainable harvesting; Wood resources; Raw materials,10.1051/mattech/2015001,Article,3,Scopus,2-s2.0-84925423405,,,SCOPUS_S2-1.csv
Time-series analysis and prediction of building material stock and flow using 4d-GIS,Sugimoto K.; Morita H.; Tanikawa H.,2015,CUPUM 2015 - 14th International Conference on Computers in Urban Planning and Urban Management,"We developed 4d-GIS, which is a database of spatial 3D GIS data with a time scale, to estimate building material stock and flow and visualize the transition of buildings in urban districts for contribution to spatial designs. By utilizing 4d-GIS, it was found that steel buildings initially accounted for 60%, but the number of reinforced concrete buildings increased. As for building material stock, it has increased from 0.35 million ton in 1961 to 97.5 million tons in 2010, because of the increase of RC buildings and vir-tualization. We predicted the building renovation for Business As Usual (BAU) and District Renewal Plan (DRP) scenarios up to 2050. The results show that building material stock does not differ much between BAU and DRP scenarios in 2050, but it was observed in the DRP scenario, building material stock increased by 0.2 million ton because buildings will be re-built collectively in units.",,Building materials; Concrete buildings; Reinforced concrete; Time series analysis; Urban planning; Building renovation; Business-as-usual; GIS data; RC buildings; Spatial design; Steel buildings; Time-scales; Buildings,,Conference paper,3,Scopus,2-s2.0-85026419322,,,SCOPUS_S2-1.csv
A method for determining buildings' material composition prior to demolition,Kleemann F.; Lederer J.; Aschenbrenner P.; Rechberger H.; Fellner J.,2016,Building Research and Information,"A prerequisite of the efficient recycling of demolition waste and its evaluation in terms of the material specific recycling rates is information on the composition of the building material stock (as the source of future demolition waste). A practical method is presented that characterizes the material composition of buildings prior to their demolition. The characterization method is based on the analysis of available construction documents and different approaches of on-site investigation. The method is tested in different buildings and the results from four case studies indicate that the documents are useful to quantify bulk materials (e.g. bricks, concrete, sand/gravel, iron/steel and timber). However, on-site investigations are necessary to locate and determine the trace materials such as metals (e.g. copper and aluminium), or different types of plastics. The overall material intensity of the investigated buildings ranges from 270 to 470 kg/m3 gross volume. With ongoing surveys about the composition of different buildings, the collected data will be used to establish a building-specific database about the amount of materials contained in Vienna's building stock. © 2014 Taylor & Francis.",buildings; deconstruction; demolition; demolition waste; material composition; material intensity; recycling; urban mining; waste management,Buildings; Characterization; Recycling; Trace elements; Waste management; Characterization methods; Construction documents; deconstruction; Demolition wastes; Efficient recycling; Material compositions; Practical method; Site investigations; Demolition,10.1080/09613218.2014.979029,Article,73,Scopus; Web of Science,2-s2.0-84946490985,WOS:000365479100004,,SCOPUS_S2-1.csv; S2-1 result.txt
COMBINING GIS DATA SETS AND MATERIAL INTENSITIES TO ESTIMATE VIENNA'S BUILDING STOCK,"Kleemann, F Lederer, J Rechberger, H Fellner, J",2016,EXPANDING BOUNDARIES: SYSTEMS THINKING IN THE BUILT ENVIRONMENT,"The work presented describes a method to analyse the current material stock in buildings in the city of Vienna as a basis for estimating current and future demolition waste available as potential secondary raw material. The assessment of the material stock in buildings is carried out through combining data about the material composition of different building categories and information about the building structure. Data about the material composition of buildings is generated by investigating single buildings (case studies), analysing construction files of demolished buildings, evaluating available documents of newer buildings (tender and billing documents, LCA data), and through literature review. As a result, specific material intensities for different building categories (construction period/utilization) are merged in a database which is continuously enhanced with ongoing research. In order to characterize the building structure of Vienna, GIS data from different municipal departments are used. A data set providing information about gross volume, construction period, and utilization is generated. By combining information about the building structure and the specific material intensities of different building categories, the overall material stock embedded in buildings in Vienna was calculated to be 380 million tons, which equals 210 tons per citizen. Combining the data about the embedded materials with information about demolition activities will allow estimating current and future amounts of demolition waste and thus materials potentially available for recycling. Knowledge about the material stock and flows of buildings is an important step towards closing material cycles in demolition waste management.",building material; building stock; geographic information systems (GIS); industrial ecology; urban metabolism; urban mining,,,Proceedings Paper,1,Web of Science,,WOS:000399016600037,,S2-1 result.txt
Estimating Materials Stocked by Land-Use Type in Historic Urban Buildings Using Spatio-Temporal Analytical Tools,Marcellus-Zamora K.A.; Gallagher P.M.; Spatari S.; Tanikawa H.,2016,Journal of Industrial Ecology,"The construction industry is an important contributor to urban economic development and consumes large volumes of building material that are stocked in cities over long periods. Those stocked spaces store valuable materials that may be available for recovery in the future. Thus quantifying the urban building stock is important for managing construction materials across the building life cycle. This article develops a new approach to urban building material stock analysis (MSA) using land-use heuristics. Our objective is to characterize buildings to understand materials stocked in place by: (1) developing, validating, and testing a new method for characterizing building stock by land-use type and (2) quantifying building stock and determining material fractions. We conduct a spatial MSA to quantify materials within a 2.6-square-kilometer section of Philadelphia from 2004 to 2012. Data were collected for buildings classified by land-use type from many sources to create maps of material stock and spatial material intensity. In the spatial MSA, the land-use type that returned the largest footprint (by percentage) and greatest (number) of buildings were civic/institutional (42%; 147) and residential (23%; 275), respectively. The model was validated for total floor space and the absolute overall error (n = 46; 20%) in 2004 and (n = 47; 24%) in 2012. Typically, commercial and residential land-use types returned the lowest overall error and weighted error. We present a promising alternative method for characterizing buildings in urban MSA that leverages multiple tools (geographical information systems [GIS], design codes, and building models) and test the method in historic Philadelphia. © 2015 by Yale University",building stock; construction materials; geographical information systems (GIS); industrial ecology; land use; material stock analysis (MSA),Pennsylvania; Philadelphia; United States; Buildings; Construction; Construction industry; Economics; Errors; Geographic information systems; Housing; Information systems; Land use; Materials testing; Building life cycle; Building stocks; Economic development; Industrial ecology; Material fractions; Spatio temporal; Stock analysis; Urban buildings; construction industry; construction material; ecological footprint; economic development; estimation method; GIS; historic building; land use; spatiotemporal analysis; stock assessment; urban development; urban planning; Building materials; MATERIAL FLOW-ANALYSIS; IN-USE STOCKS; WASTE MANAGEMENT; MULTILEVEL CYCLE; COPPER STOCKS; CONSTRUCTION; ENVIRONMENT; ENERGY,10.1111/jiec.12327,Article,56,Scopus; Web of Science,2-s2.0-84941312627,WOS:000387326900004,,SCOPUS_S2-1.csv; S2-1 result.txt
Material stocks in Germany's non-domestic buildings: a new quantification method,Ortlepp R.; Gruhler K.; Schiller G.,2016,Building Research and Information,"The building sector consumes large quantities of resources and generates high levels of construction and demolition (C&D) waste. From an ‘urban mining’ perspective, the building stock can be seen as a repository of natural resources. In order to manage this repository, evidence is needed on its quantity and dynamics. Although data exist for domestic buildings, little evidence exists for non-domestic buildings. A new method is presented to quantify the material stock of non-domestic buildings – based on the German building stock. The quantification process involves three steps: (1) material composition indicators (MCIs) are calculated with respect to various building types; (2) the country's total floor space is estimated and disaggregated; and (3) the total material stock is calculated. The main results are MCIs and the floor space for both domestic and non-domestic stocks, as well as the material mass in total. In Germany the total material mass of non-domestic buildings is approximately 6.8 billion tonnes, accounting for 44% of the entire building stock. The method can be adapted and validated for use in other countries. These results will assist both policy-makers and the construction industry to understand the potential for moving toward a more circular economy. © 2015 Informa UK Limited, trading as Taylor & Francis Group.",building stock; fixed assets; material composition indicators; material flow; non-domestic buildings; resource efficiency; urban mining,Construction industry; Floors; Building stocks; Fixed assets; Material compositions; Material Flow; Non-domestic buildings; Resource efficiencies; Buildings; MATERIAL FLOW-ANALYSIS; DEMOLITION WASTE; CONSTRUCTION; MANAGEMENT; INFRASTRUCTURE; ENGLAND; SYSTEMS; JAPAN; TIME,10.1080/09613218.2016.1112096,Article,103,Scopus; Web of Science,2-s2.0-84947229163,WOS:000384072600002,,SCOPUS_S2-1.csv; S2-1 result.txt
"Stochastic Analysis and Forecasts of the Patterns of Speed, Acceleration, and Levels of Material Stock Accumulation in Society",Fishman T.; Schandl H.; Tanikawa H.,2016,Environmental Science and Technology,"The recent acceleration of urbanization and industrialization of many parts of the developing world, most notably in Asia, has resulted in a fast-increasing demand for and accumulation of construction materials in society. Despite the importance of physical stocks in society, the empirical assessment of total material stock of buildings and infrastructure and reasons for its growth have been underexplored in the sustainability literature. We propose an innovative approach for explaining material stock dynamics in society and create a country typology for stock accumulation trajectories using the ARIMA (Autoregressive Integrated Moving Average) methodology, a stochastic approach commonly used in business studies and economics to inspect and forecast time series. This enables us to create scenarios for future demand and accumulation of building materials in society, including uncertainty estimates. We find that the so-far overlooked aspect of acceleration trends of material stock accumulation holds the key to explaining material stock growth, and that despite tremendous variability in country characteristics, stock accumulation is limited to only four archetypal growth patterns. The ability of nations to change their pattern will be a determining factor for global sustainability. (Graph Presented). © 2016 American Chemical Society.",,"Asia; Commerce; Construction Materials; Humans; Japan; Models, Economic; Models, Theoretical; Stochastic Processes; United States; Urbanization; Building materials; Developing countries; Economics; Stochastic systems; Sustainable development; Auto-regressive integrated moving average; Empirical assessment; Global sustainability; Innovative approaches; Stochastic analysis; Stochastic approach; Stock accumulation; Uncertainty estimates; building construction; construction material; demand analysis; empirical analysis; forecasting method; future prospect; industrialization; infrastructure; stochasticity; sustainability; time series analysis; uncertainty analysis; urbanization; acceleration; Article; building material; controlled study; deceleration; developing country; economic development; forecasting; historical period; investment; population growth; socioeconomics; statistics; velocity; commercial phenomena; economic model; economics; human; Markov chain; statistics and numerical data; theoretical model; Uncertainty analysis; MATERIAL EFFICIENCY; CONSTRUCTION; TIME; METABOLISM; DEMOLITION; ECONOMY; JAPAN",10.1021/acs.est.5b05790,Article,89,Scopus; Web of Science,2-s2.0-84963876647,WOS:000373655800051,,SCOPUS_S2-1.csv; S2-1 result.txt
Corrigendum to “Quantifying and mapping embodied environmental requirements of urban building stocks” (Building and Environment (2017) 114 (187–202) (S0360132316304747) (10.1016/j.buildenv.2016.11.043)),Stephan A.; Athanassiadis A.,2017,Building and Environment,The authors regret to inform the readers that a numerical error in the data processing has affected the reported material stock of the City of Melbourne previously disclosed in their paper. The correct material intensity should read 1547 kt/km2 instead of 904 kt/km2. Figure 7 in the original manuscript should be replaced with Figure 1 which corrects the bar chart depicting the material stock. © 2017 Elsevier Ltd,,,10.1016/j.buildenv.2017.06.006,Erratum,3,Scopus,2-s2.0-85020398864,,,SCOPUS_S2-1.csv
Creating a resource cadaster-A case study of a district in the Rhine-Ruhr metropolitan area,Oezdemir O.; Krause K.; Hafner A.,2017,Buildings,"Today, both resource efficiency in general and the efficient use of natural resources specifically in the building sector are major political issues. Recent studies on resource efficiency have found the ""anthropogenic stock"" of the building sector to outweigh natural resource stocks. To make the anthropogenic stock accessible, material quantities with their individual composition need to be estimated and extrapolated to regional level. A geographical information system (GIS) is used as tool to handle the building specific data and combine them on regional level to calculate the anthropogenic stock. The resulting resource cadaster reflects the material quantities, divided into sixteen material fractions, of a specific residential district in the Rhine-Ruhr metropolitan area-a typical urban area in Germany. The case study area was weighted in total between 103.5 kt and 93 kt, depending on the dataset. This paper offers a step-by-step description of this approach, whereby a consistent dataset was created throughout the process of data collection and validation. In order to demonstrate the broader application of the resource cadaster, the results were extrapolated to the residential building sector of the entire federal state of North Rhine-Westphalia. In highly concentrated areas, like the Rhine-Ruhr Metropolitan area, both area-wide classification of material quantities and their regional localization are necessary to make the anthropogenic stock accessible. Information about toxic substances, however, also needs to be included in the process of data collection. This method of mapping could thus provide the foundation for future (re)uses of this stock. This study offers some concrete steps in the direction of achieving a circular economy. © 2017 by the authors.",GIS; Resource cadaster; Secondary material; Urban mining; secondary material; urban mining; resource cadaster,MATERIAL STOCK; COPPER STOCKS; JAPAN; CONSTRUCTION; 20TH-CENTURY; FLOWS; TIME,10.3390/buildings7020045,Article,52,Scopus; Web of Science,2-s2.0-85020285275,WOS:000404438700019,,SCOPUS_S2-1.csv; S2-1 result.txt
"Evaluation of current material stock and future demolition waste for urban residential buildings in Jakarta and Bandung, Indonesia: embodied energy and CO2 emission analysis",Surahman U.; Higashi O.; Kubota T.,2017,Journal of Material Cycles and Waste Management,"First, this paper evaluates the current building material stock and future demolition waste for urban residential buildings in the cities of Jakarta and Bandung using a material-flow analysis. The actual on-site building measurements were conducted in Jakarta (2012) and Bandung (2011), focusing particularly on unplanned houses, to obtain building material inventory data. A total of 297 houses were investigated in Jakarta, whereas 247 houses were measured in Bandung. Second, this paper analyses the embodied energy and CO2 emissions of building materials through an input–output analysis. The results show that, overall, the total material input intensity for the houses is 2.67 ton/m2 in Jakarta and 2.54 ton/m2 in Bandung. Two scenarios with zero and maximum reuse/recycling rates were designed to predict future demolition waste and the embodied energy/CO2 emissions of building materials in Jakarta. Closed- and open-loop material flows were applied. If the maximum reuse/recycling rates are applied to the closed- and open-loop material flows in Jakarta, then it would become possible to not only decrease the final disposal waste (from 123.9 to 2.1 million ton) but also reduce the corresponding embodied energy (from 247.8 to 192.1 PJ) and CO2 emissions (from 24.3 to 19.2 million ton CO2-eq) compared with the zero reuse/recycling scenario from 2012 to 2020. © 2015, Springer Japan.",CO<sub>2</sub> emissions; Demolition waste; Embodied energy; Input–output analysis; Material flow analysis; CO2 emissions; Input-output analysis,Building materials; Carbon dioxide; Demolition; Houses; Waste disposal; CO2 emissions; Demolition wastes; Embodied energy; Material flow analysis; Output analysis; Zero energy buildings; MATERIAL FLOW-ANALYSIS; MATERIALS DEMAND; LIFE-CYCLE; CONSTRUCTION; MANAGEMENT; NEED,10.1007/s10163-015-0460-1,Article,33,Scopus; Web of Science,2-s2.0-84952671671,WOS:000398712800006,,SCOPUS_S2-1.csv; S2-1 result.txt
Fundamentals for efficient planning and building material: building material composition of the German non-domestic building stock; [Grundlagen für materialeffizientes Planen und Bauen: Baustoffzusammensetzung des deutschen Nichtwohngebäudebestands],Ortlepp R.; Gruhler K.; Schiller G.; Ortlepp S.,2017,Bautechnik,"The building sector consumes large quantities of resources and generates high levels of construction and demolition waste. It is predictable that changes in the political setting will affect the construction industry in the future as well. The federal policy focusses on an increased recycling of resource-relevant mass waste, which includes mineral materials in particular. The nationwide harmonization of water and soil conservation as well as waste legislation will lead to a limitation of the usage of mineral recycled material in engineering structures or backfills (down-cycling), which is the common method today. To reach a high quality recycling process in the future, the question rises, which quantities of material from existing buildings can be used for this process. The knowledge of the quantity and distribution of materials in buildings forms a basis for this systematic and economical use of recycled materials, because the reachable recycling rate depends besides structural engineering demands of building products on the availability of appropriate quantity of recycled material in relation to the general demand for building materials. This article is thematically aimed at the trade associations of the building-material manufacturers, planners and further persons responsible for announcements. It gives an insight into the existing building stock and helps to assess the future trends with regard to availability and demand for high-quality recycled building materials. Using the example of non-domestic buildings in Germany a method will be presented to quantify the material stock. The quantification process involves three steps: calculation of Germany's total floor space and disaggregation according to building types; calculation of material composition indicators (MCI) with respect to various building types; calculation of the total material stock and its annual changes. The main results are the floor space of each building type, MCIs for each building type as well as the material mass in total. In Germany the total material mass of non-domestic buildings is approximately 6.8 billion tons, accounting for 44 % of the entire building stock. About 38 million tons of mineral materials annually leave this building stock through demolition and retrofitting, for which ecological and economical recycling methods must be available. Copyright © 2017 Ernst & Sohn Verlag für Architektur und technische Wissenschaften GmbH & Co. KG, Berlin",building stock; fixed assets; material composition indicators; material flow; non-domestic buildings; resource efficiency; urban mining,,10.1002/bate.201600022,Article,4,Scopus; Web of Science,2-s2.0-85007536605,WOS:000394983100002,,SCOPUS_S2-1.csv; S2-1 result.txt
Geospatial characterization of building material stocks for the life cycle assessment of end-of-life scenarios at the urban scale,Mastrucci A.; Marvuglia A.; Popovici E.; Leopold U.; Benetto E.,2017,"Resources, Conservation and Recycling",Demolition waste represents a significant portion of the total generated waste and has a high importance from both a waste management and a resource efficiency perspective. The urban context is highly relevant to assess the environmental impact of the end-of-life stage of buildings and potential for future reduction to properly design corresponding demolition waste management strategies. The goal of this paper is the development of a framework for the characterization of building material stocks and the assessment of the potential environmental impact associated with the end-of-life of buildings at the urban scale to support decision on waste management strategies. The methodology combines a bottom-up material stock model based on geographical information systems (GIS) and a spatial temporal database with life cycle assessment (LCA) for the evaluation of end-of-life scenarios. The approach was tested for the city of Esch-sur-Alzette (Luxembourg) and provided significant results on the quantity and the composition of the housing material stock. Two alternative scenarios involving recycling rates of respectively 50% and 70% for inert materials were assessed and an average reduction potential of 25.6% on abiotic depletion potential and 9.2% on global warming potential was estimated. (C) 2016 Elsevier B.V. All rights reserved.,Building material stock; Demolition waste treatment; Geographical information systems; Life cycle assessment; Urban scale,Building materials; Buildings; Characterization; Demolition; Environmental impact; Environmental management; Geographic information systems; Global warming; Information systems; Life cycle; Waste treatment; limestone; Demolition wastes; Global warming potential; Housing materials; Life Cycle Assessment (LCA); Reduction potential; Resource efficiencies; Urban scale; Waste management strategies; construction material; demolition; environmental impact assessment; GIS; life cycle analysis; urban area; waste treatment; Article; building industry; building material; chemical composition; construction and demolition waste; controlled study; environmental impact; family house; geographic information system; geometry; greenhouse effect; housing; human; industrial waste; life cycle assessment; oxidation reduction potential; recycling; waste management; wood; Waste management; DEMOLITION WASTE MANAGEMENT; ENVIRONMENTAL PERFORMANCE; RESIDENTIAL BUILDINGS; ENERGY ANALYSIS; ASSESSMENT LCA; CONSTRUCTION; CHINA; MODEL; COMPONENTS; EMISSIONS,10.1016/j.resconrec.2016.07.003,Article,138,Scopus; Web of Science,2-s2.0-85019871553,WOS:000403635900006,,SCOPUS_S2-1.csv; S2-1 result.txt
GIS-based Analysis of Vienna's Material Stock in Buildings,Kleemann F.; Lederer J.; Rechberger H.; Fellner J.,2017,Journal of Industrial Ecology,"The building stock is not only a huge consumer of resources (for its construction and operation), but also represents a significant source for the future supply of metallic and mineral resources. This article describes how material stocks in buildings and their spatial distribution can be analyzed on a city level. In particular, the building structure (buildings differentiated by construction period and utilization) of Vienna is analyzed by joining available geographical information systems (GIS) data from various municipal authorities. Specific material intensities for different building categories (differentiated by construction period and utilization) are generated based on multiple data sources on the material composition of different building types and combined with the data on the building structure. Utilizing these methods, the overall material stock in buildings in Vienna was calculated to be 380 million metric tonnes (t), which equals 210 t per capita (t/cap). The bulk of the material (>96%) is mineral, whereas organic materials (wood, plastics, bitumen, and so on) and metals (iron/steel, copper, aluminum, and so on) constitute a very small share, of which wood (4.0 t/cap) and steel (3.2 t/cap) are the major contributors. Besides the overall material stock, the spatial distribution of materials within the municipal area can be assessed. This research forms the basis for a resource cadaster, which provides information about gross volume, construction period, utilization, and material composition for each building in Vienna. © 2016 by Yale University",building material; building stock; geographic information systems (GIS); industrial ecology; urban metabolism; urban mining,Austria; Vienna; Building materials; Buildings; Geographic information systems; Information systems; Mineral resources; Spatial distribution; Building categories; Building stocks; Construction period; Industrial ecology; Material compositions; Multiple data sources; Municipal authorities; Urban metabolisms; building; construction material; data mining; GIS; industrial ecology; material flow analysis; research work; spatial distribution; urban area; Construction; CONSTRUCTION; DEMOLITION; ENERGY; RENOVATION; WASTE; FLOWS; URBAN; TIME,10.1111/jiec.12446,Article,210,Scopus; Web of Science,2-s2.0-84978079893,WOS:000399664800013,,SCOPUS_S2-1.csv; S2-1 result.txt
How important are realistic building lifespan assumptions for material stock and demolition waste accounts?,Miatto A.; Schandl H.; Tanikawa H.,2017,"Resources, Conservation and Recycling","Accurate assessments of construction materials stocked in the built environment have received increased attention in the Industrial Ecology literature over the past few years. Many recent models that estimate building material inflows, stock accumulation and end-of-life waste, however, rely on simplistic assumptions about the lifespan of built infrastructure. While several probability distributions have been proposed (normal, Weibull, log-normal, and so on) there is no agreement on which model is best suited for modelling the accumulation of building material stock at urban and national levels. In this study we introduce an analysis of the hazard rate of buildings and discuss alternative distribution functions to model lifespan, testing the fit of five commonly used distributions to real data from the cities of Nagoya (Japan), Wakayama (Japan), and Salford (UK). The results highlight how cities with fast replacement rates are overall best modelled by right-skewed distributions, but single cohort levels express independent behaviours based on their characteristics. We investigate the sensitivity of a top-down stock accumulation model to the choice of different distributions and input parameters uncertainties. The results show that different lifespan distribution functions result in very similar overall stock accumulation at the national level, but have large impacts on calculated demolition waste flows. Differences are more pronounced for cities and the choice of a certain distribution will significantly affect the calculation of the average lifetime. Our results suggest that top-down national material stock accounts have high reliability, and are only weakly affected by the choice of one distribution over another. For cities, it is beneficial to use a distribution based on the characteristics of the buildings analysed, with regard to density and building characteristics. Stock accumulation research would profit from future bottom-up research into building lifespans to validate top-down estimation procedures. Crown Copyright (C) 2017 Published by Elsevier B.V. All rights reserved.",Buildings; Demolition; Distribution; Lifespan analysis; Material stock analysis; MFA; Modelling,Aichi; Chubu; England; Honshu; Japan; Kinki; Nagoya; Salford [England]; Salford [Salford (DST)]; United Kingdom; Wakayama [Kinki]; Wakayama [Wakayama (PRF)]; Building materials; Buildings; Demolition; Distribution functions; Models; Building characteristics; Different distributions; Distribution; Estimation procedures; Industrial ecology; Life span; Right-skewed distributions; Stock analysis; building; demolition; modeling; spatial distribution; waste; behavior; calculation; city; lifespan; model; profit; reliability; uncertainty; Weibull distribution; MATERIAL FLOW-ANALYSIS; METABOLIC TRANSITION; DYNAMICS; RENOVATION; INDICATORS; TRENDS; CHINA; URBAN,10.1016/j.resconrec.2017.01.015,Article,126,Scopus; Web of Science,2-s2.0-85013152643,WOS:000401881300014,,SCOPUS_S2-1.csv; S2-1 result.txt
Material flow analysis of the residential building stock at the city of Rio de Janeiro,Condeixa K.; Haddad A.; Boer D.,2017,Journal of Cleaner Production,"The extensive use of materials in building stocks contributes to the scarcity of natural resources and impacts from construction and demolition waste (CDW). Therefore, the concern with the efficient use of materials and CDW management made several countries conducted mapping, analysis and performance improvement in activities related to CDW using Material Flow Analysis (MFA). The city of Rio de Janeiro had a high urban development and building stock growth from the beginning of the last century, in which the amount of material consumed has not been documented. This study presents an MFA approach to assess the materials in-use and further flows of CDW from the residential building stock in the city of Rio de Janeiro. The material in-use was estimated from the extrapolation of the Material Intensities (MI) per different building types to the total constructed area in this city considering land occupation. The building types were modelled from the designs of typical buildings in Brazil. An analysis of urban development supported the estimation of buildings age and their remaining lifetime while national standards supported the time of replacement of building elements during the use phase. Results show that the stock in 2010 had about 78,828,770t of building material with MI between 2.58 and 0.74 t/m(2); concrete and aggregates have the higher MI. The Use phase of the buildings will move about 9,807,690t of materials until 2090. These findings support further environmental impacts assessments and decision-making for planning CDW management and strategies for the efficient use of materials. (C) 2017 Elsevier Ltd. All rights reserved.",Bottom-up approach; Building stock; Construction & demolition waste; Material flow analysis; Material intensity,Charge density waves; Concrete aggregates; Construction; Decision making; Demolition; Environmental impact; Housing; Urban growth; Bottom up approach; Building stocks; Construction and demolition waste; Demolition wastes; Material flow analysis; National standard; Residential building stocks; Urban development; Buildings; NORWAY DWELLING STOCK; LIFE-CYCLE; ENVIRONMENTAL-IMPACT; INNER WALLS; CONSTRUCTION; MASONRY; SYSTEM,10.1016/j.jclepro.2017.02.080,Article,88,Scopus; Web of Science,2-s2.0-85015760148,WOS:000403330200110,,SCOPUS_S2-1.csv; S2-1 result.txt
Quantifying and mapping embodied environmental requirements of urban building stocks,Stephan A.; Athanassiadis A.,2017,Building and Environment,"Cities and their building stocks result in huge environmental impacts which are critical to reduce. However, the majority of existing studies focus on operational requirements or on material stocks. To date, very few studies have quantified embodied environmental requirements of building stocks and spatialised them. This study describes a bottom-up approach to spatially model building stocks and quantify their embodied environmental requirements. It uses a highly disaggregated approach where each building's geometry is modelled and used to derive a bill of quantities. Construction assemblies relevant to each building archetype (derived based on land-use, age and height) are defined using expert knowledge in construction. The initial and recurrent embodied energy, water and greenhouse gas emissions associated with each material within each assembly are calculated using a comprehensive hybrid analysis technique. This model is applied to all buildings of the City of Melbourne, Australia. Results show that rebuilding the City of Melbourne's building stock today would require 904 kt of materials/km(2) (total: 32 725 kt), 10 PJ/km(2) (total: 362 PJ), 17.7 Million m(3) of embodied water/km(2) (total: 640.74 Million m(3)) and would emit 605 ktCO(2)e/km(2) (total: 23 530 ktCO(2)e). This study demonstrates the breadth of the model outputs, including material stocks maps and breakdowns of life cycle embodied requirements by material, construction assembly, building and building typology at the city level. Using such model, city councils can better manage building stocks in terms of waste processing, urban mining and circular economy, as well as reducing embodied environmental requirements over time. (C) 2016 Elsevier Ltd. All rights reserved.",Bottom-up; Energy; Greenhouse gas emissions; Material stock; Melbourne; Urban and building environmental models,"Australia; Melbourne; Victoria [Australia]; Buildings; Economics; Environmental impact; Gas emissions; Greenhouse gases; Land use; Life cycle; Bottom up; Building typologies; Energy; Environmental model; Environmental requirement; Melbourne , Australia; Operational requirements; bottom-up approach; building; emission inventory; environmental impact assessment; environmental monitoring; greenhouse gas; mapping; quantitative analysis; urban area; Construction; LIFE-CYCLE ENERGY; CONSTRUCTION MATERIALS; BUILT ENVIRONMENT; CONSUMPTION; METABOLISM; OPTIMIZATION; NEIGHBORHOOD; FRAMEWORK; MODELS; TOOLS",10.1016/j.buildenv.2016.11.043,Article,221,Scopus; Web of Science,2-s2.0-85007110637,WOS:000393249800017,,SCOPUS_S2-1.csv; S2-1 result.txt
Urban Mining: Visualizing the Availability of Construction Materials for Re-use in Future Cities,A. Von Richthofen; W. Zeng; S. Asada; R. Burkhard; F. Heisel; S. M. Arisona; S. Schubiger,2017,2017 21st International Conference Information Visualisation (IV),"This paper presents a method and case study to visualize the urban stock of materials and its availability for use in building future cities. Re-using material from existing buildings for new buildings can be seen as a source for construction materials in times of depleting natural resources. The authors explain the concept of ""urban mining"" and the challenges, such as ""How much resources are available in a city? Today? In the near future?"" We explore what data are needed to answer the questions, and then discuss how to best visualize the data in an effective and intuitive way. We apply the concept to an exemplary real-world district in Singapore that is in transformation. Then, we discuss features of a visual tool prototype and explain the thinking behind the design, e.g., how the spatial and temporal dimensions can be presented. Lastly, we conclude the paper with an outlook of future challenges. The paper presents a multi-disciplinary approach with researchers from computer science, architecture, graphic design and material science, and contributes to the discussion of how to visualize knowledge and plan sustainable future cities.",urban mining;visual analytics;knowledge visualization;information visualization;future cities;sustainable cities,Data visualization; Urban areas; Tools; Prototypes; Concrete; Geometry,10.1109/iV.2017.34,IEEE Conferences,7,IEEE Xplore,,,IEEE Conferences,IEEE_S2-1_merged_deduplicated_raw.csv
A Probabilistic Dynamic Material Flow Analysis Model for Chinese Urban Housing Stock,Cao Z.; Shen L.; Zhong S.; Liu L.; Kong H.; Sun Y.,2018,Journal of Industrial Ecology,"The stock-driven dynamic material flow analysis (MFA) model is one of the prevalent tools to investigate the evolution and related material metabolism of the building stock. There exists substantial uncertainty inherent to input parameters of the stock-driven dynamic building stock MFA model, which has not been comprehensively evaluated yet. In this study, a probabilistic, stock-driven dynamic MFA model is established and China's urban housing stock is selected as the empirical case. This probabilistic dynamic MFA model has the ability to depict the future evolution pathway of China's housing stock and capture uncertainties in its material stock, inflow, and outflow. By means of probabilistic methods, a detailed and transparent estimation of China's housing stock and its material metabolism behavior is presented. Under a scenario with a saturation level of the population, urbanization, and living space, the median value of the urban housing stock area, newly completed area, and demolished area would peak at around 49, 2.2, and 2.2 billion square meters, respectively. The corresponding material stock and flows are 79, 3.5, and 3.3 billion tonnes, respectively. Uncertainties regarding housing stock and its material stock and flows are non-negligible. Relative uncertainties of the material stock and flows are above 50%. The uncertainty importance analysis demonstrates that the material intensity and the total population are major contributions to the uncertainty. Policy makers in the housing sector should consider the material efficiency as an essential policy to mitigate material flows of the urban building stock and to lower the risk of policy failures. © 2017 by Yale University",China; dynamic MFA; housing stock; industrial ecology; probabilistic model; uncertainty analysis,China; Efficiency; Housing; Metabolism; Physiology; Housing stock; Industrial ecology; Material efficiency; Probabilistic dynamics; Probabilistic methods; Probabilistic modeling; Relative uncertainty; industrial ecology; material flow analysis; numerical model; policy making; uncertainty analysis; urban housing; urban policy; urban population; urbanization; Uncertainty analysis; NORWEGIAN DWELLING STOCK; TOTAL FERTILITY RATE; BUILDING STOCK; MATERIALS DEMAND; EMISSION FACTORS; ENERGY; CONSTRUCTION; UNCERTAINTY; PROJECTIONS; COUNTRIES,10.1111/jiec.12579,Article,66,Scopus; Web of Science,2-s2.0-85018534074,WOS:000429716700011,,SCOPUS_S2-1.csv; S2-1 result.txt
Building Material Use and Associated Environmental Impacts in China 2000-2015,Huang B.; Zhao F.; Fishman T.; Chen W.-Q.; Heeren N.; Hertwich E.G.,2018,Environmental Science and Technology,"A rapidly increasing use of building materials poses threats to resources and the environment. Using novel, localized life cycle inventories and building material intensity data, this study quantifies the resource use of building materials in mainland China and evaluates their embodied environmental impacts. Newly built floor area and related material consumption grew 11% per annum from 2000 to 2015, leveling off at the end of this period. Concrete, sand, gravel, brick, and cement were the main materials used. Spatially, construction activities expanded from east China into the central part of the country. Cement, steel, and concrete production are the key contributors to associated environmental impacts, e.g., cement and steel each account for around 25% of the global warming potential from building materials. Building materials contribute considerably to the impact categories of human toxicity, fossil depletion, and global warming, emphasizing that greenhouse gas emissions should not be the sole focus of research on environmental impacts of building materials. These findings quantitatively shed light on the urgent need to reduce environmental impacts and to conserve energy in the manufacturing processes of building materials on the national scale. Copyright © 2018 American Chemical Society.",,China; Construction Materials; Environment; Global Warming; Greenhouse Gases; Humans; Buildings; Cements; Concretes; Construction industry; Gas emissions; Global warming; Greenhouse gases; Historic preservation; Life cycle; cement; concrete; steel; Concrete productions; Construction activities; Embodied environmental impact; Focus of researches; Global warming potential; Life Cycle Inventory; Manufacturing process; Material consumption; construction material; emission inventory; energy conservation; environmental impact assessment; global warming; greenhouse gas; manufacturing; resource use; spatiotemporal analysis; Article; building industry; carbon footprint; controlled study; depletion; ecotoxicity; environmental impact; fossil; greenhouse effect; human; life cycle; manufacturing industry; risk assessment; sand; time series analysis; building material; environment; Environmental impact; LIFE-CYCLE ASSESSMENT; MATERIAL STOCK; RESIDENTIAL BUILDINGS; MATERIALS DEMAND; LCA MODEL; ENERGY; CONSTRUCTION; EMISSIONS; SOCIETY; DESIGN,10.1021/acs.est.8b04104,Article,89,Scopus; Web of Science,2-s2.0-85058124225,WOS:000452693500037,,SCOPUS_S2-1.csv; S2-1 result.txt
Carbon dynamics and GHG implications of increasing wood construction: long-term scenarios for residential buildings in Austria,Kalt G.,2018,Carbon Management,"Wooden construction elements often exhibit lower life cycle greenhouse gas (GHG) emissions than conventional counterparts (‘material substitution effect’). Moreover, the building stock represents a carbon (C) sink if timber inflows (construction) surpass outflows (demolition) (‘C-stock effect’). A dynamic stock model incorporating these effects is applied to quantify potential climate benefits of wood construction in Austria's residential building sector. If present trends are maintained, culminating in a wood construction share (WCS) of 50% during 2050-2100, building shells could contain three times as much C in 2100 as today. Annual timber demand for residential construction could double, but would remain well below Austria's current net exports. Compared to a baseline scenario with constant WCS (22%), cumulated GHG savings from material substitution until 2050 are estimated 2 to 4.2 Tg CO2-equivalent–clearly less than savings from C-stock expansion (9.2 Tg). Savings from both effects would double in a highly ambitious scenario (WCS=80% during 2050-2100). The applied ’Stock Change Approach’ is consistent with IPCC Guidelines, but the above-mentioned savings from C-stock changes would not materialize under the current default GHG inventory accounting approach. Moreover, savings from C-stock effects must eventually be weighed against forest C-stock changes, as growing domestic demand might stimulate wood harvesting. © 2018, © 2018 The Author(s). Published by Informa UK Limited, trading as Taylor & Francis Group.",carbon savings; dynamic stock model; GHG accounting; material stocks; material substitution; wood construction,Carbon; Climate models; Gas emissions; Greenhouse effect; Greenhouse gases; Housing; Life cycle; Timber; Carbon saving; Construction elements; Material substitutions; Residential building; Residential construction; Stock models; Stock-change approach; Wood construction; Wooden construction; GREENHOUSE-GAS DYNAMICS; LIFE-CYCLE ASSESSMENT; ENERGY; PRODUCTS; IMPACTS; SUBSTITUTION; EMISSIONS; BIOMASS,10.1080/17583004.2018.1469948,Article,30,Scopus; Web of Science,2-s2.0-85047921620,WOS:000442617900005,,SCOPUS_S2-1.csv; S2-1 result.txt
Materials in Germany’s domestic building stock: calculation model and uncertainties,Ortlepp R.; Gruhler K.; Schiller G.,2018,Building Research and Information,"Building stocks are the dominant consumers of resources within national economies. Correspondingly, there is high demand for improved knowledge of material stocks and flows in the built environment. Material flow analysis is well suited to meet this demand. Although numerous studies have been conducted on this topic over recent years, these frequently lack applicability and transferability due to insufficient documentation or treatment of uncertainties. A new approach is presented here to calculate material stocks and flows for domestic buildings using the example of multi-family housing (MFH) in Germany. The approach is critically examined to determine its validity. The calculation process involves four steps: (1) building types are classified according to building age; (2) highly specific material composition indicators (MCIs) are calculated for the respective building types; (3) the total material stock as well as inflows and outflows are derived from the total floor space of Germany’s MFH; and (4) validity tests are performed to quantify uncertainties. The main results are age-based MCIs for MFH, the total material mass as well as quantitative information on parameter- and model-related uncertainties. Conclusions are drawn on the validity of results, the scalability and applicability of the model and its implementation, along with potential model refinements. © 2016 Informa UK Limited, trading as Taylor & Francis Group.",age; bottom-up; building stock; circular economy; domestic buildings; Germany; material composition; material flow; resource efficiency; urban mining,Civil engineering; Construction; Bottom up; Building stocks; Circular economy; Domestic buildings; Germany; Material compositions; Material Flow; Resource efficiencies; Buildings; MATERIAL FLOW-ANALYSIS; DEMOLITION WASTE; LIFE-CYCLE; CONSTRUCTION; MANAGEMENT; JAPAN; TIME,10.1080/09613218.2016.1264121,Article,87,Scopus; Web of Science,2-s2.0-85006304256,WOS:000419336500002,,SCOPUS_S2-1.csv; S2-1 result.txt
Modeling the material stock of manufactured capital with production function,Dombi M.,2018,"Resources, Conservation and Recycling","Material stocks play a key role in the increasing and unsustainable utilization of natural resources. However, comprehensive and disaggregated datasets are still scarce in the literature of socio-economic metabolism research. The model presented in this article is able to estimate the capital stocks of agriculture, industry and services both in physical and in monetary dimensions. The estimation method based on Cobb-Douglas production function was introduced in this article through two example sectors of Hungarian economy, namely the agricultural production and transportation. Three capital stock estimations of four are statistically significant. The highest impact on output of transportation sector has the investment into machinery and ICT, it is proved with high input elasticity (0.656) relative to other factors. In case of agriculture, drought and machinery has significant influence on the production (-0.958 and 0.5633). Transportation sector requires 12,654 Mt of building stock and 2064 Mt of machinery and ICT, while agriculture utilizes 347,112 Mt building stock and 1891 Mt machinery and ICT. In this article, a condition determining the weight of annual output relative to the specific type of capital stock is discussed as well. Furthermore, the significance of the internalization of externalities during the life cycle of the built capital stock is analyzed, with a correspondence to standard microeconomic theory. Although marginal product of machinery and ICT exceeds significantly those of buildings and infrastructures in the studied sectors, material stock of buildings and infrastructure are higher, hence they are available at lower per unit cost. © 2018 Elsevier B.V.",Economic sectors; Manufactured capital; Material stock; Production function; Productivity; Stock accumulation,Hungary; Agricultural robots; Agriculture; Investments; Life cycle; Machinery; Manufacture; Motor transportation; Productivity; Service industry; Agricultural productions; Cobb-Douglas production function; Economic sectors; Manufactured capital; Micro-economic theory; Production function; Stock accumulation; Transportation sector; agriculture; capital market; estimation method; industry; microeconomics; modeling; numerical model; production system; productivity; article; drought; elasticity; internalization; investment; life cycle; machine; metabolism; natural resource; writing; Economics; ECONOMIC-GROWTH; MATERIAL FLOW; EFFICIENCY; BUILDINGS; INDICATOR; JAPAN,10.1016/j.resconrec.2018.07.015,Article,15,Scopus; Web of Science,2-s2.0-85050801560,WOS:000444789400020,,SCOPUS_S2-1.csv; S2-1 result.txt
Quantifying potential anthropogenic resources of buildings through hot spot analysis,Cheng K.-L.; Hsu S.-C.; Li W.-M.; Ma H.-W.,2018,"Resources, Conservation and Recycling","This study estimates the amount of urban ores in Taipei City between 1965 and 2014 by analyzing data of the buildings through statistics and geographical information systems (GIS). Hot spot analysis (HSA) is introduced to assess the location of resources. Our results show that up to the year 2014, 186 Mton of construction materials were accumulated in Taipei, and the per capita total building material stock was 68 ton. In the short term, the hot spots with development potential are Da'an (Zone I) and Zhongshan (Zone II) Districts in Taipei City. Zone I (0.1 km2) stored 180 kton of materials; while Zone II (0.6 km2) stored 119 kton of materials. This study provides quantitative data on urban ores with high spatial and temporal resolution for enhancing material recycling planning and management. Material stocks could then combine with the material flow to build a dynamic material flow model for assessing the quantity of extractable urban ores, and the feasibility of exploitation in the future. © 2018 Elsevier B.V.",Anthropogenic resources; Construction material stock; Hot spot analysis; Urban mining,Taipei; Taiwan; Economics; Natural resources management; Waste management; Anthropogenic resources; Development potential; Dynamic materials; Hot spot; Material recycling; Quantitative data; Spatial and temporal resolutions; Taipei cities; anthropogenic source; building; construction material; GIS; mining; recycling; spatiotemporal analysis; urban pollution; anthropogenic resource; Article; environmental parameters; geographic information system; hot spot analysis; quantitative analysis; resource management; statistical analysis; Building materials; LIFE-CYCLE ASSESSMENT; MATERIAL STOCK; RESIDENTIAL BUILDINGS; CIRCULAR ECONOMY; CONSTRUCTION; DEMOLITION; FLOWS; TIME; METABOLISM; COPPER,10.1016/j.resconrec.2018.02.003,Article,79,Scopus; Web of Science,2-s2.0-85041833766,WOS:000429753900002,,SCOPUS_S2-1.csv; S2-1 result.txt
The structure of socio-economic metabolism and its drivers on household level in Hungary,Dombi M.; Karcagi-Kováts A.; Tóth-Szita K.; Kuti I.,2018,Journal of Cleaner Production,"The joint examination of input flows and the stocks of households provides novel perspectives for socioeconomic metabolism (SEM) research. Our study aims to compare household level material flows and stocks, and economy-wide material inputs, and to explore influential factors affecting the level of metabolism at household level. Household diaries and inventories (n = 73) were used to assemble household-level data regarding material flows and stocks. The mean value of the extrapolated annual material inputs 2.16 tons per household member, while household stocks represented 1.17 tons per household member excluding building stocks, and 46 tons if buildings were considered in the estimation. According to our results, material inputs and stocks are depending on household size and income exclusively. Amount of the direct input flows of the economy exceed the direct input flows of households significantly. Household inputs represent 10.3% of the Hungarian direct material consumption (DMC). For better understanding, the material balance of Hungary was compiled and extended using an additional layer of the flows' functions. With regard to input flows, every increment in direct inputs evokes multiple increment on macroeconomic scale. Since several input flows are assumed to be driven by the amount of stocks, an increment in material stocks will add further material consumption surplus to this effect. Improvements in production processes can narrow multiplicative effects especially in food supply chains and construction activity. Similar characteristics in material flow and stock relations of three countries (japan, Germany and Hungary) highlight that the decoupling is not possible without accumulation of lower amount of material in the societies. (C) 2017 Elsevier Ltd. All rights reserved.",Household consumption; Influencing factors; Material balance; Material stocks; Socio-economic metabolism; Stock-flow relations,Construction industry; Food supply; Metabolism; Physiology; Supply chains; Household Consumption; Influencing factors; Material balance; Socio-economics; Stock flows; Economics; MATERIAL FLOW-ANALYSIS; ENVIRONMENTAL IMPACTS; MATERIAL STOCK; CONSUMPTION; JAPAN; METHODOLOGY; INDICATORS; TONS,10.1016/j.jclepro.2017.10.220,Article,23,Scopus; Web of Science,2-s2.0-85038836744,WOS:000423001900068,,SCOPUS_S2-1.csv; S2-1 result.txt
Towards a more circular construction sector: Estimating and spatialising current and future non-structural material replacement flows to maintain urban building stocks,Stephan A.; Athanassiadis A.,2018,"Resources, Conservation and Recycling","Humans are extracting and consuming unprecedented quantities of materials from the earth's crust. The construction sector and the built environment are major drivers of this consumption which is concentrated in cities. This paper proposes a framework to quantify, spatialise and estimate future material replacement flows to maintain urban building stocks. It uses a dynamic, stock-driven, and bottom-up model applied to the City of Melbourne, Australia to evaluate the status of its current material stock as well as estimated replacements of non-structural materials from 2018 to 2030. The model offers a high level of detail and characterises individual materials within construction assemblies for each of the 13 075 buildings modelled. Results show that plasterboard (7 175 t), carpet (7 116 t), timber (6 097 t) and ceramics (3 500 t) have the highest average annual replacement rate over the studied time period. Overall, replacing non-structural materials resulted in a significant flow of 26 kt/annum, 36 kg/(capita·annum) or 721 t/(km2·annum). These figures were found to be compatible with official waste statistics. Results include maps depicting which material quantities are estimated to be replaced in each building, as well as an age pyramid of materials, representing the accumulation of materials in the stock, according to their service lives. The proposed model can inform decision-making for a more circular construction sector. © 2017 Elsevier B.V.",Life cycle assessment; Maintenance; Material flow analysis; Melbourne; Urban metabolism; Urban mining,Australia; Melbourne; Victoria [Australia]; Construction industry; Decision making; Structural geology; 'current; Building stocks; Construction sectors; Life cycle assessment; Materials flow analysis; Non-structural materials; Urban buildings; Urban metabolisms; Urban mining; bottom-up approach; construction industry; construction material; decision making; life cycle analysis; material flow analysis; mining; resource use; urban area; age distribution; ceramics; flow measurement; human; life cycle assessment; metabolism; statistics; Life cycle; LIFE-CYCLE ENERGY; ECONOMY; WASTE; CARPET; TIME,10.1016/j.resconrec.2017.09.022,Article,212,Scopus; Web of Science,2-s2.0-85033407226,WOS:000419417300026,,SCOPUS_S2-1.csv; S2-1 result.txt
"WUDAPT An Urban Weather, Climate, and Environmental Modeling Infrastructure for the Anthropocene","Ching, J Mills, G Bechtel, B See, L Feddema, J Wang, X Ren, C Brousse, O Martilli, A Neophytou, M Mouzourides, P Stewart, I Hanna, A Ng, E Foley, M Alexander, P Aliaga, D Niyogi, D Shreevastava, A Bhalachandran, P Masson, V Hidalgo, J Fung, J Andrade, M Baklanov, A Dai, W Milcinski, G Demuzere, M Brunsell, N Pesaresi, M Miao, S Mu, Q Chen, F Theeuwes, N",2018,BULLETIN OF THE AMERICAN METEOROLOGICAL SOCIETY,"The World Urban Database and Access Portal Tools (WUDAPT) is an international community-based initiative to acquire and disseminate climate relevant data on the physical geographies of cities for modeling and analysis purposes. The current lacuna of globally consistent information on cities is a major impediment to urban climate science toward informing and developing climate mitigation and adaptation strategies at urban scales. WUDAPT consists of a database and a portal system; its database is structured into a hierarchy representing different levels of detail, and the data are acquired using innovative protocols that utilize crowdsourcing approaches, Geowiki tools, freely accessible data, and building typology archetypes. The base level of information (L0) consists of local climate zone (LCZ) maps of cities; each LCZ category is associated with a range of values for model-relevant surface descriptors (roughness, impervious surface cover, roof area, building heights, etc.). Levels 1 (L1) and 2 (L2) will provide specific intra-urban values for other relevant descriptors at greater precision, such as data morphological forms, material composition data, and energy usage. This article describes the status of the WUDAPT project and demonstrates its potential value using observations and models. As a community-based project, other researchers are encouraged to participate to help create a global urban database of value to urban climate scientists.",,CANOPY MODEL; LAND-COVER; LAYER; PARAMETERIZATION; ENERGY; CITY; CLASSIFICATION; IMPACT; ZONES; URBANIZATION,10.1175/BAMS-D-16-0236.1,Article,376,Web of Science,,WOS:000448508300013,,S2-1 result.txt
A spatial analysis of material stock accumulation and demolition waste potential of buildings: A case study of Padua,Miatto A.; Schandl H.; Forlin L.; Ronzani F.; Borin P.; Giordano A.; Tanikawa H.,2019,"Resources, Conservation and Recycling","This research employed a spatially explicit analysis to calculate the total material stock and demolition waste flows for Padua, a medium sized Italian city, for the period 1902–2007. The analysis of maps and aerial photographs allowed for the calculation of building lifespan, which grew until the second half of the twentieth century, but had a sharp decline during the 1990’s caused by a wave of urban renewal triggered by policies to improve the energy efficiency and remove asbestos from buildings. A detailed investigation of historical construction technologies allowed for the creation of a material inventory database by building typology and construction period, which was then used to calculate the total stock of buildings of Padua. Our results show that the historical city centre remained practically unaltered over the past century, and that most of the expansion happened at the city periphery. From 1902 to 2007 the stock of building materials grew from 134 to 209 tonnes per capita, and is expected to further increase to 222 tonnes per capita by 2030. We also implemented a model to estimate the waste potential from demolition activities using the total stock and expected lifespan as input parameters. We estimate that waste flows accounted for 985 kg per capita in 2007 and are expected to raise to 1.9 tonnes per capita in 2030. These results are informative for urban planners, especially those involved in fast urbanising regions (e.g. China, India), who can use these results as a benchmark of future stocks and waste flows. © 2018",Lifespan analysis; Material intensity; Material stock; Spatial analysis; Urban metabolism; Waste potential,Italy; Padova; Padua; Veneto; Antennas; Asbestos; Construction; Demolition; Image enhancement; Spatial variables measurement; asbestos; Building typologies; Construction period; Historical construction; Life span; Material inventories; Spatial analysis; Spatially explicit; Urban metabolisms; accumulation; building; construction industry; demolition; future prospect; spatial analysis; urban planning; waste disposal; waste management; Article; chemical composition; construction and demolition waste; controlled study; environment; environmental policy; geographic distribution; industrial waste; material composition; material stock; residential area; urban area; urbanization; waste potential; Energy efficiency; LIFE-CYCLE ASSESSMENT; SERVICE LIFE; DWELLING STOCK; URBAN; CONSTRUCTION; METHODOLOGY; GENERATION; TIME,10.1016/j.resconrec.2018.12.011,Article,133,Scopus; Web of Science,2-s2.0-85058557396,WOS:000457659400025,,SCOPUS_S2-1.csv; S2-1 result.txt
"An Integrated Material Flows, Stakeholders and Policies Approach to Identify and Exploit Regional Resource Potentials",Volk R.; Müller R.; Reinhardt J.; Schultmann F.,2019,Ecological Economics,"Material flows in the construction and demolition (C&D) sector remain high in many countries. But, their changes or reductions are essential for successful circular economies. Existing material flow analyses do not cover regional characteristics, stakeholders and impacts of policy measures and interactions. We contribute a new, unprecedented way of integrating regional building and infrastructure material stock and flow modelling with stakeholders, policy measures, their impacts and mutual interactions. Stakeholders are considered with their objectives, influences, interactions, willingness to act, to cooperate or contribute to resource conservation. 31 policy measures are crystallized from literature and evaluated in two surveys regarding their expected impact, their bundling and temporal effects. The integrated bottom-up simulation model was tested for the federal state of Baden-Württemberg (Germany). The results show that until 2030 net stock piling can be expected and secondary raw materials from building stock will be sufficient to supply future recycling concrete production until 2030. Most effective policy measures are additional cost/taxes on primary resources, increased disposal fees and curriculae adaption. Bundling these leads to a combined RESPOT of 30.8%. The results are useful for political decision makers, educational institutions, disposal site operators as well as primary and secondary raw material extraction industries. © 2019 Elsevier B.V.",Construction and Demolition Sector; Material Flow Analysis; Policy Recommendations; Reduced Environmental Impact; Resource Efficiency; Stakeholder Analysis; Stakeholder Model,Baden-Wurttemberg; Germany; decision making; environmental impact; environmental policy; flow modeling; integrated approach; material flow analysis; model; resource use; stakeholder; CONSTRUCTION WASTE MANAGEMENT; DEMOLITION WASTE; BUILDING STOCK; URBAN CONSTRUCTION; GENERATION; CHINA; MODEL; IDENTIFICATION; SCENARIOS; DEMAND,10.1016/j.ecolecon.2019.03.020,Article,36,Scopus; Web of Science,2-s2.0-85064385268,WOS:000470049700030,,SCOPUS_S2-1.csv; S2-1 result.txt
BIM-based automated construction waste estimation algorithms: The case of concrete and drywall waste streams,Guerra B.C.; Bakchan A.; Leite F.; Faust K.M.,2019,Waste Management,"Globally, the growth of construction activities over the past years has resulted in large quantities of waste generation. Much of this waste is not reused or recycled and is subsequently redirected to landfills. The environmental impact of construction waste (CW) generation and the shortage of land resources for the creation of new landfills have reinforced the need to adopt more innovative CW management practices. Estimation of CW is a necessary step for the adoption of CW management practices. In this study, Building Information Modeling (BIM) is used to automate CW quantification. In this context, CW generation is estimated as the materials purchased but not incorporated into the actual building structure. Algorithms developed to quantify concrete and drywall waste streams are presented to demonstrate the proposed CW estimation method. The proposed concrete algorithm is validated by comparing estimated waste to actual waste data reported in the waste hauling tickets of a real-world project. Furthermore, CW generation quantities reported in the literature are used to validate estimates of both concrete and drywall waste streams. By leveraging material quantities directly from BIM-as opposed to manual estimations-CW estimation can be streamlined, enabling decision makers to implement more efficient construction waste management practices in the field. (C) 2019 Elsevier Ltd. All rights reserved.",Automated estimation; Building Information Modeling (BIM); Concrete; Construction waste; Drywall,Algorithms; Construction Materials; Industrial Waste; Recycling; Waste Disposal Facilities; Waste Management; Concretes; Construction industry; Decision making; Environmental impact; Information theory; Land fill; Automated construction; Automated estimation; Building Information Model - BIM; Construction activities; Construction wastes; Drywall; Efficient construction; Management practices; algorithm; concrete; estimation method; management practice; modeling; waste management; adoption; article; construction and demolition waste; quantitative analysis; building material; industrial waste; recycling; waste disposal facility; Architectural design; DEMOLITION WASTE; GENERATION; MANAGEMENT; MODEL; METHODOLOGY; SYSTEM; QUANTIFICATION; DEBRIS,10.1016/j.wasman.2019.03.010,Article,127,Scopus; Web of Science,2-s2.0-85063084462,WOS:000470947700082,,SCOPUS_S2-1.csv; S2-1 result.txt
Dynamic Assessment of Construction Materials in Urban Building Stocks: A Critical Review,Göswein V.; Silvestre J.D.; Habert G.; Freire F.,2019,Environmental Science and Technology,"There is a lack of understanding on the different types of dynamics of building stocks, in real life and in models. Moreover, there is now a particular interest in the embodied impacts of construction materials, since with the increasing efficiency of buildings operation, embodied impacts gain more importance in the overall building life cycle. This critical review wants to advance the understanding of the type of dynamics, methods, and tools used. The well-known IPAT equation is adapted for building stocks and three dynamics are defined: Spatial, evolutionary temporal, and spatial-cohort dynamic. A framework is defined that can help researchers choose a method, tool, and dynamics of input parameters depending on their research goal, case study, and data. Moreover, generally valid conclusions are drawn, including MFA is useful to model spatially dynamic material flows; GIS is needed to include spatial dynamics. Retrofit, compared to construction and demolition, is understudied and usually analyzed through top-down methods. Material intensity and emission intensity are rarely modeled in a dynamic way. Overall, scholars seem to perform increasingly data intensive and complex studies tailored to a specific case study. However, there are big differences in the quality depending on the dynamic of input parameters. © 2019 American Chemical Society.",,Construction Materials; Building materials; Buildings; Dynamics; Life cycle; Building life cycle; Construction and demolition; Dynamic assessment; Dynamic materials; Emission intensity; Spatial dynamics; Top-down methods; Urban buildings; assessment method; building; construction material; efficiency measurement; GIS; literature review; urban area; built environment; dynamics; environmental sustainability; geographic information system; greenhouse gas; land use; life cycle; Review; building material; Construction; LIFE-CYCLE ASSESSMENT; MATERIAL FLOW-ANALYSIS; END-OF-LIFE; DEMOLITION WASTE; ENERGY ANALYSIS; ASSESSMENT LCA; BUILT ENVIRONMENT; DWELLING STOCK; METABOLISM; CITY,10.1021/acs.est.9b01952,Review,64,Scopus; Web of Science,2-s2.0-85071787551,WOS:000484644500003,,SCOPUS_S2-1.csv; S2-1 result.txt
Geospatial Characterization of Material Stock in the Residential Sector of a Latin-American City,Mesta C.; Kahhat R.; Santa-Cruz S.,2019,Journal of Industrial Ecology,"Building stock constitutes a huge repository of construction materials in a city and a potential source for replacing primary resources in the future. This article describes the application of a methodological approach for analyzing the material stock (MS) in buildings and its spatial distribution at a city-wide scale. A young Latin-American city, the city of Chiclayo in Peru, was analyzed by combining geographical information systems (GIS) data, census information, and data collected from different sources. Application of the methodology yielded specific indicators for the physical size of buildings (i.e., gross floor area and number of stories) and their material composition. The overall MS in buildings, in 2007, was estimated at 24.4 million tonnes (Mt), or 47 tonnes per capita. This mass is primarily composed of mineral materials (97.7%), mainly concrete (14.1 Mt), while organic materials (e.g., 0.15 Mt of wood) and metals (e.g., 0.40 Mt of steel) constitute the remaining share (2.3%). Moreover, historical census data and projections were used to evaluate the changes in the MS from 1981 to 2017; showing a 360% increase of the MS in the last 36 years. This study provides essential supporting information for urban planners, helping to provide a better understanding of the availability of resources in the city and its future potential supply for recycling as well as to develop strategies for the management of construction and demolition waste. © 2018 by Yale University",geographical information systems; industrial ecology; material intensity; resource recovery; urban environment; urban stocks,Chiclayo; Lambayeque; Latin America; Peru; Building materials; Characterization; Demolition; Geographic information systems; Information systems; Information use; Population statistics; Surveys; Waste management; Construction and demolition waste; Historical census datum; Industrial ecology; Material compositions; Methodological approach; Resource recovery; Urban environments; Urban stocks; concrete; demolition; geological survey; GIS; industrial ecology; metropolitan area; mineral; recycling; residential location; resource assessment; stock assessment; urban ecosystem; Information management; BUILDING STOCK; JAPAN; FLOWS; TIME,10.1111/jiec.12723,Article,68,Scopus; Web of Science,2-s2.0-85040687248,WOS:000459917300021,,SCOPUS_S2-1.csv; S2-1 result.txt
"Parametric design and BIM, systemic tools for circular architecture",Dautremont C.; Jancart S.; Dagnelie C.; Stals A.,2019,IOP Conference Series: Earth and Environmental Science,"The current change in societal model, from linear to circular, coupled with the digital transition, is changing certain architectural practices. The emergence of BIM (Building Information Model, Modeling, Management) generates an evolution of the work process and collaborative tools. However, the BIM tools hardly integrate digital information of the elements found during the material inventory. Moreover, these tools are not really adapted to the modeling of formally complex elements. The designers are thus led to appropriate new tools such as those of parametric design. Although for a long time reserved for ""star-architects"" projects, we will rely on a Belgian research showing that these tools are gradually appearing in architectural agencies. Our study has shown that the use of parametric design can be a lever of creativity in architectural practice as well as a springboard for the integration of reuse materials. We therefore ask several questions in this regard: What are the challenges of a circular architectural approach? How can digital tools be used in this process? Does parametric have a place in a reuse perspective? This contribution analyses how to include a form of circularity in architecture and mainly around the implementation of reuse elements. We propose a workflow between BIM and parametric tools as a means of valuing reuse in architecture. We will approach these questions with concrete examples illustrating the relevance of the link between parametric and reuse. © Published under licence by IOP Publishing Ltd.",,Digital devices; Structural design; Architectural approach; Building Information Model - BIM; Collaborative tools; Contribution analysis; Current change; Digital information; Material inventories; Parametric design; Architectural design,10.1088/1755-1315/225/1/012071,Conference paper,9,Scopus,2-s2.0-85063383581,,,SCOPUS_S2-1.csv
REBUILD: Regenerative Buildings and Construction systems for a Circular Economy,Ajayabi A.; Chen H.-M.; Zhou K.; Hopkinson P.; Wang Y.; Lam D.,2019,IOP Conference Series: Earth and Environmental Science,"Buildings and construction have been identified as having one of the greatest potential for value creation and capture from the application of circular economy principles. To achieve this requires a fundamental transformation in the recovery, remanufacture and re-use of end of service life structural products such as steel, bricks, concrete which make up the largest proportion of materials. At the same time these products must be re-used in new buildings and infrastructure designed for subsequent deconstruction and disassembly. REBUILD is a 3 year way UK research project to address this challenge. Initial findings on quantifying the material intensity of buildings (stock and flow assessment) are presented based on one of our case study cities. Results from new techniques to separate and reclaim bricks from cement mortar shows technical feasibility and ability to retain structural performance. Details on the next stage of scaling this work and techniques for separating and reclaiming steel and concrete are briefly described. Subsequent stage of life cycle assessment, value stream mapping and creating products for new forms of circular building and construction systems are also described. The paper concludes that whilst there are considerable challenges in reclaiming structural products that re-designed circular building and construction system could transform the value of end of service life buildings and the offers new opportunities for circular innovation and the circulation of materials and products at their highest value for the longest period. © Published under licence by IOP Publishing Ltd.",,Brick; Buildings; Concrete products; Ecodesign; Life cycle; Structural analysis; Building and construction; Circular economy; Construction systems; Life Cycle Assessment (LCA); Materials and products; Structural performance; Value creation; Value stream mapping; Construction,10.1088/1755-1315/225/1/012015,Conference paper,38,Scopus,2-s2.0-85063383536,,,SCOPUS_S2-1.csv
Residential building material stocks and component-level circularity: The case of Singapore,Arora M.; Raspall F.; Cheah L.; Silva A.,2019,Journal of Cleaner Production,"                             The residential built environment plays a crucial role in supporting many human activities. In urban areas however, high-rise residential buildings require significant investment of material resources, which are stacked for a long time over the building's lifetime. Assessing the Material Stock (MS) of buildings has been the focus of several studies for insights into in-use materials and their potential availability as secondary resources. The study of material circularity, or the potential to reuse materials emerging from end-of-life buildings, has so far been mostly limited to metals. This study argues that material stock analysis at individual material or material categories e.g. mineral, or metals, need to be complemented with building component stock estimations to enhance the potential for secondary resource recovery. Based on a bottom-up stock analysis approach, we estimate both the material and component stock of public housing developments in the city-state of Singapore and associated annual in- and out-flows. Results show that public housing in this city, which accommodates over 80 percent of its residents, accounts for 125.7 million tons of non-metallic minerals, 6.52 million tons of steel, 6.45 million windows, 8.61 million doors, 1.97 million toilet accessories, 15.33 million lighting fixtures, 0.99 million kitchen accessories (such as cookstove, kitchen cabinets) and 52.54 million m                             2                              of tiles. The average stock of materials for these residential buildings is estimated at 27.4 tons of non-metallic minerals per capita and 1.4 tons of steel per capita. The average annual inflow of materials has been estimated to be 1.94 million tons for concrete and 0.1 million tons of steel, with a considerably low outflow of 0.31 million tons concrete and 0.02 million tons of steel, implying growth in these material stocks. This study provides a methodological approach to quantify building material and component stock and flows, which can be used by policy makers, urban planners and designers to consider responsible resource consumption. In particular, material and component stock estimations like that reported in this study contribute towards component-level circularity in the built environment.                          © 2019 Elsevier Ltd",Built environment; Circular economy; Material flow analysis; Urban metabolism,Building components; Concretes; Economics; Kitchens; Metal analysis; Metal recovery; Metals; Minerals; Secondary recovery; Tall buildings; Built environment; Circular economy; End-of-life buildings; High rise residential building; Material flow analysis; Methodological approach; Resource consumption; Urban metabolisms; Housing; MATERIAL FLOW-ANALYSIS; DEMOLITION WASTE; CONSTRUCTION; URBAN; QUANTIFICATION; DYNAMICS; CHINA; TIME,10.1016/j.jclepro.2019.01.199,Article,97,Scopus; Web of Science,2-s2.0-85060475648,WOS:000460709800021,,SCOPUS_S2-1.csv; S2-1 result.txt
Spatially explicit material stock analysis of buildings in Eastern China metropoles,Guo J.; Miatto A.; Shi F.; Tanikawa H.,2019,"Resources, Conservation and Recycling","China is experiencing a period of rapid urbanization and fervent construction activities, which are responsible for the accumulation of large amount of material stocks (MS). Fundamental in every society, buildings not only shape material flows before and during construction, but also during maintenance and demolition, inducing the extraction of resources and the production of construction waste. It is thus imperative to understand the amount, composition, and location of current building MS as a first step to design appropriate management strategies for an environmentally sustainable society. This research uses the latest GIS dataset of buildings in 14 representative Eastern China metropoles to quantify the current status of building MS by employing a bottom-up method. The selection of the study areas relies on the law of the primate city, which permits to quickly target the most important urban areas of a region. We review and discuss existing material intensity (MI) coefficients for Chinese buildings, and produce a new set of MIs manipulating those available in the literature. We then calculate the total MS, MS density, and per capita MS for each city. Results find that in 14 cities 7.9 Gt of building materials are currently stored in a total area of 3790 km2, resulting on an average density of 2.1 Mt/km2. The per capita building MS results being 283 t/cap, and this value correlates with a growth of the per capita GDP. We conclude the research with a hotspot analysis of the spatial distribution of the MS, identifying the MS clusters. © 2019",Building material stock; Eastern China; GIS; Material intensity; Spatial distribution,China; Primates; Building materials; Construction industry; Geographic information systems; Spatial distribution; Sustainable development; Bottom up methods; Construction activities; Construction wastes; Eastern China; Management strategies; Rapid urbanizations; Spatially explicit; Sustainable society; bottom-up approach; building; data set; GIS; material flow analysis; spatial distribution; sustainable development; Article; construction and demolition waste; construction work; environmental sustainability; geographic information system; materials handling; materials management; urbanization; waste management; Buildings; DEMOLITION WASTE MANAGEMENT; MATERIAL FLOWS; RESIDENTIAL BUILDINGS; MATERIALS DEMAND; CONSTRUCTION; ACCUMULATION; DYNAMICS; SOCIETY; ENERGY; STEEL,10.1016/j.resconrec.2019.03.031,Article,66,Scopus; Web of Science,2-s2.0-85063649551,WOS:000468712900005,,SCOPUS_S2-1.csv; S2-1 result.txt
Tracing the environmental impact origin within the existing build-ing portfolio of prevailing building typologies,Ronholt J.; Malabi Eberhardt L.C.; Birkved M.; Birgisdottir H.; Bey N.,2019,IOP Conference Series: Earth and Environmental Science,"As circular economy (CE) is becoming a growing focus in the building industry due to the industries large resource consumption, waste production and environmental impacts a better understanding of buildings material composition, resource consumption and resulting environmental performance becomes increasingly important in order to support the transition towards CE. The research presented here is a stepping stone in order to investigating the existing building portfolio and the conducted analysis. It is used to get further information on what is included and where there is lack of information, in order to understand what is missing or what is needed to develop CE design strategies. Although, life cycle assessment (LCA) is increasingly used by the industry to assess these aspects, the lack of a systematic analytical approach as well as the high building complexity and diversity between buildings limits generalised knowledge from these studies. However, it is assumed that there are certain commonalities between the existing portfolio of prevailing building typologies which can be deducted. The study at hand is a part of a larger research project that aims at developing industry specific tools to support designers and decision makers select CE design strategies that improve the environmental performance and resource consumption of buildings. On the basis of a comprehensive systematic literature review (SLR) of whole building LCAs the paper at hand aims at tracing the environmental impact origin within the existing building portfolio of prevailing building typologies. To identify potentially important building parameters relevant to the resulting environmental impact performance and resource consumption of different building typologies. Based on 39 building LCA case studies that matched the specific inclusion and exclusion criteria of the SLR a focus on global warming and climate change was detected. It was found that even though buildings have different characteristics (size, typology, storeys, reference study period and location), for most of the buildings' environmental impacts were predominantly related to the production of structurally important concrete components e.g. The structural frame, the external envelope, floor slabs and walls. To point towards which CE design strategies should be used to improve the environmental performance of buildings; the environmental information from the studies was insufficient due to lack of detailed information. © 2019 IOP Publishing Ltd. All rights reserved.",,Air pollution; Architectural design; Concrete products; Construction industry; Decision making; Ecodesign; Energy conservation; Environmental management; Global warming; Life cycle; Concrete components; Environmental information; Environmental performance; Global warming and climate changes; Inclusion and exclusions; Life Cycle Assessment (LCA); Resource consumption; Systematic literature review (SLR); Zero energy buildings,10.1088/1755-1315/352/1/012065,Conference paper,4,Scopus,2-s2.0-85074969561,,,SCOPUS_S2-1.csv
Tracking Construction Material over Space and Time: Prospective and Geo-referenced Modeling of Building Stocks and Construction Material Flows,Heeren N.; Hellweg S.,2019,Journal of Industrial Ecology,"Construction material plays an increasingly important role in the environmental impacts of buildings. In order to investigate impacts of materials on a building level, we present a bottom-up building stock model that uses three-dimensional and geo-referenced building data to determine volumetric information of material stocks in Swiss residential buildings. We used a probabilistic modeling approach to calculate future material flows for the individual buildings. We investigated six scenarios with different assumptions concerning per-capita floor area, building stock turnover, and construction material. The Swiss building stock will undergo important structural changes by 2035. While this will lead to a reduced number in new constructions, material flows will increase. Total material inflow decreases by almost half while outflows double. In 2055, the total amount of material in- and outflows are almost equal, which represents an important opportunity to close construction material cycles. Total environmental impacts due to production and disposal of construction material remain relatively stable over time. The cumulated impact is slightly reduced for the wood-based scenario. The scenario with more insulation material leads to slightly higher material-related emissions. An increase in per-capita floor area or material turnover will lead to a considerable increase in impacts. The new modeling approach overcomes the limitations of previous bottom-up building models and allows for investigating building material flows and stocks in space and time. This supports the development of tailored strategies to reduce the material footprint and environmental impacts of buildings and settlements. © 2018 The Authors. Journal of Industrial Ecology, published by Wiley Periodicals, Inc., on behalf of Yale University.",building material; construction and demolition waste; geographic information systems (GIS); industrial ecology; life cycle assessment (LCA); material flow analysis (MFA),Construction; Demolition; Environmental impact; Floors; Geographic information systems; Life cycle; Waste disposal; Construction and demolition waste; Industrial ecology; Insulation materials; Life Cycle Assessment (LCA); Material flow analysis; New constructions; Probabilistic modeling; Residential building; building; construction material; environmental impact; GIS; industrial ecology; life cycle analysis; material flow analysis; stock assessment; tracking; Building materials; LIFE-CYCLE ASSESSMENT; ENVIRONMENTAL-IMPACT; DWELLING STOCK; LCA; RENOVATION; DYNAMICS; CONCRETE; SYSTEMS; ENERGY,10.1111/jiec.12739,Article,198,Scopus; Web of Science,2-s2.0-85043264886,WOS:000459917300019,,SCOPUS_S2-1.csv; S2-1 result.txt
Calculation and evaluation of circularity indicators for the built environment using the case studies of UMAR and Madaster,Heisel F.; Rau-Oberhuber S.,2020,Journal of Cleaner Production,"Understanding buildings as material depots radically changes the way resources need to be managed within the construction industry and the built environment. Similar to warehousing, buildings, cities and regions will have to keep track and anticipate the stocks and flows of materials, needing to document and communicate (at the right moment) which materials in what quantities and qualities become available for re-use or recycling where and at what time in the future. This paper describes the process of documenting materials and products utilized in the construction of the Urban Mining and Recycling (UMAR) unit within the Madaster platform. UMAR is a fully circular residential unit of Empa NEST created from secondary resources and designed as a material depot for future constructions. Madaster is an online platform, which generates and registers materials passports and calculates a Circularity Indicator for their construction, use, and end-of-life phases. The results of the calculations show that the UMAR unit is 96% circular. Constructed from 95% non-virgin and rapidly renewable materials, the unit has a utility rate of 98% and 92% of its materials are prepared to return into pure-type material cycles at the unit's end of life. In combination, these two case studies provide a unique opportunity to evaluate the capabilities of materials passports and the Madaster Circularity Indicator to document material stocks and flows within a circular built environment, and to assess the potential of circularity indicators as a design tool supporting the transition towards a circular construction industry. The continuous development of tools and systems for material cadastres undoubtedly represents a key prerequisite for the implementation of a paradigm shift towards a functioning circular construction industry. (C) 2019 Elsevier Ltd. All rights reserved.",Circular economy; Circularity indicator; Material bank; Material passport; Recycling; Urban mining,Recycling; Built environment; Circular economy; Continuous development; Materials and products; Online platforms; Renewable materials; Secondary resources; Stocks and flows; Construction industry,10.1016/j.jclepro.2019.118482,Article,168,Scopus; Web of Science,2-s2.0-85072838508,WOS:000498805600023,,SCOPUS_S2-1.csv; S2-1 result.txt
Circular economy in the construction industry: A systematic literature review,Benachio G.L.F.; Freitas M.D.C.D.; Tavares S.F.,2020,Journal of Cleaner Production,"The Construction Industry is responsible for over 30% of the extraction of natural resources, as well as 25% of solid waste generated in the world. This happens because the construction sector mostly adopts a linear economic model of ""take, make, dispose"", using materials to the construction of buildings and disposing them at the end of life, since they are assembled for one time use and don't retain potential for reuse. Over the last decades, a paradigm shift has been occurring in the industry at large, with the adoption of a Circular Economy model, that aims at keeping the materials in a closed loop to retain their maximum value, therefore with a greater potential of reducing the waste generation and resources extraction for the Construction Industry. This article aims at finding the recent developments of how Circular Economy can be used inside the construction industry. To achieve this goal, a systematic literature review was conducted, including 45 articles that were divided into six areas of research: development of Circular Economy, reuse of materials, material stocks, Circular Economy in the built environment, LCA analysis and material passport. An analysis of the content of these articles was made and the knowledge gaps in this area were identified, as well as table with known Circular Economy practices for the Construction Industry was created divided by life cycle stages. Finally, a discussion of each area of research and their findings is made. (C) 2020 Elsevier Ltd. All rights reserved.",Built environment; Circular economy; Construction industry; Literature review,Construction industry; Extraction; Life cycle; Built environment; Circular economy; Construction of buildings; Construction sectors; Economic modeling; Life cycle stages; Literature reviews; Systematic literature review; Industrial economics; BUILDING-MATERIALS; BUILT ENVIRONMENT; MANAGEMENT; REUSE,10.1016/j.jclepro.2020.121046,Review,806,Scopus; Web of Science,2-s2.0-85082023848,WOS:000531561000010,,SCOPUS_S2-1.csv; S2-1 result.txt
Exploring the regional-scale potential of the use of wood products in non-residential buildings: A building permits-based quantitative approach,Cordier S.; Robichaud F.; Blanchet P.; Amor B.,2020,BioResources,"In the construction sector, wood products are gaining interest. Methods are necessary to quantify material use and evaluate their potential effects. When quantifying the building material consumption, many studies are limited to residential buildings due to the lack of data for non-residential buildings. This research aimed at investigating a methodology to account for non-residential building material consumption. A method to estimate the volume of wood products in the structures of the new non-residential buildings was presented. Then, projections of the estimation were suggested according to three scenarios (minimum, average, and maximum). Sensitivity analyses highlighted the parameters that present the greatest contribution to the scenarios. The relative importance of the estimation to the total harvesting of all wood markets was also assessed. Despite the high uncertainty in wood consumption for non-residential building structures, the estimation had a small weight on the total harvesting of the Quebec province. The results showed how and when the resource availability could be constrained depending on the assumptions. This method can serve for life cycle inventory for an environmental assessment or wood flow analysis, but more research on the material composition of the non-residential building archetypes is necessary. © 2020 North Carolina State University.",Building stock; Non-residential buildings; Structure; Wood building; Wood products,Buildings; Consumption; Estimation; Life Cycle; Quebec; Research; Structures; Wood Products; Building materials; Construction industry; Life cycle; Sensitivity analysis; Wood products; Construction sectors; Environmental assessment; Life Cycle Inventory; Material compositions; Material consumption; Quantitative approach; Residential building; Resource availability; Housing; CROSS-LAMINATED TIMBER; MATERIAL FLOW-ANALYSIS; MATERIALS DEMAND; CONSTRUCTION; QUANTIFICATION; MULTISTORY; STOCKS,10.15376/biores.15.1.787-813,Article,9,Scopus; Web of Science,2-s2.0-85088469769,WOS:000511129100058,,SCOPUS_S2-1.csv; S2-1 result.txt
Global construction materials database and stock analysis of residential buildings between 1970-2050,Marinova S.; Deetman S.; van der Voet E.; Daioglou V.,2020,Journal of Cleaner Production,"Huge material stocks are embedded in the residential built environment. These materials have the potential to be a source of secondary materials, an important consideration for the transition towards a circular economy. Consistent information about such stocks, especially at the global level, is missing. This article attempts to fill part of that gap by compiling a material intensities database for different types of buildings and applying that data in the context of a scenario analysis, linked to the SSP scenarios as implemented in the global climate model IMAGE. The database is created on a global scale, dividing the world into 26 regions in compliance with IMAGE. The potential use of the database was tested and served as input for modelling the housing and material stock of residential buildings for the period 1970-2050, according to specifications made for the SSP2 scenario. Six construction materials in four different dwelling types in urban and rural areas are included. The material flows related to those stocks are estimated and analysed in a companion paper (also exploring commercial buildings) by Deetman et al. (2019). The results suggest a significant increase in the material stock in housing towards 2050, particularly in urban areas. The results reflect specific patterns in the material contents across the different building types. China presently dominates developments in the global level building stock. The SSP2 projections show a stock saturation towards 2050 for China. In other regions, such as India and South East Asia, stock growth is presently just taking off and can be expected to become dominant for global developments after 2050. The database is created to be used as input for resource and climate policymaking as well as assessment of environmental impact related to residential buildings and assessment of possibilities for urban mining. In the future, we hope to extend it as new data on materials in the built environment become available. (C) 2019 Elsevier Ltd. All rights reserved.",Construction materials stock; Floor space; Material intensity; Residential buildings; Scenario assessment; Urban mining,Climate models; Construction; Database systems; Environmental impact; Housing; Office buildings; Silicon compounds; Commercial building; Floor space; Global climate model; Global development; Residential building; Scenario assessment; Secondary materials; Urban and rural areas; Building materials; LIFE-CYCLE ASSESSMENT; MATERIAL FLOW-ANALYSIS; EMBODIED ENERGY; ENVIRONMENTAL IMPACTS; CARBON EMISSIONS; ASSESSMENT MODEL; DYNAMICS; STEEL; DEMAND; DEMOLITION,10.1016/j.jclepro.2019.119146,Article,180,Scopus; Web of Science,2-s2.0-85075444603,WOS:000505696700063,,SCOPUS_S2-1.csv; S2-1 result.txt
M-DAB: Towards re-using material resources of the city,Wurzer G.; Lorenz W.E.; Forster J.; Bindreiter S.; Lederer J.; Gassner A.; Mitteregger M.; Kotroczo E.; Pöllauer P.; Fellner J.,2020,Proceedings of the International Conference on Education and Research in Computer Aided Architectural Design in Europe,"If we strive for a de-carbonized future, we need to think of buildings within a city as resources that can be re-used rather than being disposed of. Together with considerations on refurbishment options and future building materials, this gives a decision field for stakeholders which depends on the current ""building stock"" -the set of pre-existing buildings which are characterized e.g. by building period, location and material composition. Changes in that context are hard to argue for since (1.) some depend on statistics, other (2.) on the concrete neighborhood and thus the space in which buildings are embedded, yet again others on (3.) future extrapolations again dealing with both of the aforementioned environments. To date, there exists no tool that can handle this back-and-forth between different abstraction levels and horizons in time; nor is it possible to pursue such an endeavor without a proper framework. Which is why the authors of this paper are aiming to provide one, giving a model ofchange in the context ofre-using material resource ofthe city, when faced with numerous abstraction levels (spatial or abstract; past, current or future) which have feedback loops between them. The paper focuses on a concrete case study in the city of Vienna, however, chances are high that this will apply to every other building stock throughout the world ifenough data is available. As a matter offact, this approach will ensure that argumentation can happen on multiple levels (spatial, statistical, past, now and future) but keeps its focus on making the building stock of a city a resource for sustainable development. © 2020, Education and research in Computer Aided Architectural Design in Europe. All rights reserved.",Design and computation of urban and local systems - XS to XL; Health and materials in architecture and cities; Material reuse; Sustainability; Waste reduction; material reuse; sustainability; waste reduction,STOCK,,Proceedings Paper,2,Scopus; Web of Science,2-s2.0-85124654357,WOS:000651200600013,,SCOPUS_S2-1.csv; S2-1 result.txt
Management system for building materials as a basis for closed loop material flow analysis considering material efficiency and climate change mitigation,Schiller G.; Lützkendorf T.; Lehmann I.; Mörmann K.; Gruhler K.; Knappe F.,2020,IOP Conference Series: Earth and Environmental Science,"Resource management is becoming increasingly important in the construction sector. In order to support the recycling of materials, it is necessary to determine the quantities in the building stock and those caused by construction activities. At present, a large number of different actors use different categories for construction materials and the raw materials they consist of as well as for waste categories, depending on their field of activity. This results in imprecisions that make it difficult to consistently track and influence mass flows and hinder targeted resource management. This is the starting point of this paper as it discusses possibilities to establish a consistent allocation of materials to context-typical groups following the approach of continuous material flow analysis. On the input-side, aspects of mineral planning and on the output-side aspects of waste and secondary raw material management are being considered and references to grey emissions are established along the entire process chain. In this way, cross-departmental planning relating to recycling management and climate protection will be supported. With regard to the object of consideration and the level of action, a distinction is made between two different spatial scale levels: on the one hand, the individual building level, where the material inventory approach is used to provide detailed information on the building's material composition, and on the other hand the regional level, for which more aggregated information on building material groups is provided in the form of material cadastres. Current results of a research project in Germany are presented. © 2020 Institute of Physics Publishing. All rights reserved.",,Buildings; Climate change; Construction industry; Raw materials; Recycling; Resource allocation; Sustainable development; Waste management; Aggregated information; Climate change mitigation; Construction activities; Construction sectors; Material compositions; Material flow analysis; Recycling of materials; Secondary Raw Materials; Building materials,10.1088/1755-1315/588/2/022010,Conference paper,1,Scopus,2-s2.0-85097172150,,,SCOPUS_S2-1.csv
Material flows and stocks in the urban building sector: A case study from Vienna for the years 1990-2015,Lederer J.; Gassner A.; Keringer F.; Mollay U.; Schremmer C.; Fellner J.,2020,Sustainability (Switzerland),"Population growth in cities leads to high raw material consumption and greenhouse gas emissions. In temperate climates were heating of buildings is among the major contributors to greenhouse gases, thermal insulation of buildings became a standard in recent years. Both population growth and greenhouse gas mitigation may thus have some influence on the quantity and composition of building material stock in cities. By using the case study of Vienna, this influence is evaluated by calculating the stock of major building materials (concrete, bricks, mortar, and plaster, steel, wood, glass, mineral wool, and polystyrene) between the years 1990 and 2015. The results show a growth of the material stock from 274 kt in the year 1990 to 345 kt in the year 2015, resulting in a total increase of 26%. During the same period, the population grew by 22%. On a material level, the increase of thermal insulation materials like polystyrene and mineral wool by factors of 6.5 and 2.5 respectively were much higher than for other materials, indicating energy efficiency and greenhouse gas mitigation in the building construction sector. The displacement of brickwork by concrete as the most important construction material, however, is rather a response to population growth as concrete buildings can be raised faster. A question for the future is to which extent this change from brickwork to high carbon-intensive concrete countervails the achievements in greenhouse gas reduction by thermal insulation. © 2019 by the authors.",Buildings; Cities; Greenhouse gas emissions; Material flow analysis; Material flows; Material stocks; Population growth; material stocks; material flows; buildings; cities; material flow analysis; population growth; greenhouse gas emissions,Austria; Vienna; building; building construction; construction material; energy efficiency; greenhouse gas; material flow analysis; mitigation; population growth; urban area; LIFE-CYCLE ASSESSMENT; DEMOLITION WASTE; ENERGY-EFFICIENCY; CONSTRUCTION; METABOLISM; ECOLOGY,10.3390/SU12010300,Article,27,Scopus; Web of Science,2-s2.0-85083880222,WOS:000521955600300,,SCOPUS_S2-1.csv; S2-1 result.txt
Modelling global material stocks and flows for residential and service sector buildings towards 2050,Deetman S.; Marinova S.; van der Voet E.; van Vuuren D.P.; Edelenbosch O.; Heijungs R.,2020,Journal of Cleaner Production,"Residential buildings and service sector buildings have an important contribution to climate change, directly via energy use in these buildings and indirectly through construction activities and the production and disposal of buildings materials. In this paper, we introduce a model that looks at total global building stock for 26 regions between 1970 and 2050 and calculates the floor space and building materials both in new buildings and in demolished buildings. For residential buildings, we build upon the work of Marinova et al. (2019, this issue), who used a building material database to come up with scenarios for materials in the residential building stock. This paper adds two things. First, we introduce a new regression-based model for service building floor space, recognizing 4 different types of service-related buildings. Secondly, we use a dynamic stock model, based on lifetime distributions found in literature, to calculate the construction (inflow) and demolition (outflow) of building floor space for both residential and service-related purposes. We combine this with data from the building material database to come up with scenarios for the annual demand for construction materials worldwide as well as an estimation of the availability of waste materials after building demolition towards 2050. The model can thus be used to assess the potential for closing the material cycles in the construction sector, while distinguishing urban and rural areas explicitly. The results show that demand for construction materials will continue to increase in most regions, even in developed countries. Global demand for steel and cement for the building sector is estimated to be 769 Mt/yr and 11.9 Gt/yr respectively, by the end of the modelling period. This represents a respective growth of 31% and 14% compared to today. Drivers behind this are an expected growth of global residential building stock of about 50%, and a growth of about 150% in the building stock for services. Our model projects that by 2050, only 55% of construction-related demand for copper, wood and steel could potentially be covered by recycled building materials. For other materials the availability of scrap may be higher, reaching up to 71% of new demand in the case of aluminium. This means that in most regions urban mining cannot cover the growing demand for construction materials. (C) 2019 Published by Elsevier Ltd.",Building materials; Circular economy; Dynamic stock modelling; Floor space demand; Scenario assessment,Climate change; Construction; Construction industry; Demolition; Energy utilization; Floors; Housing; Scrap metal reprocessing; Circular economy; Construction activities; Floor space; Life-time distribution; Regression-based model; Residential building stocks; Scenario assessment; Service sector buildings; Building materials; IN-USE STOCKS; LIFE-CYCLE; CONSTRUCTION MATERIALS; ENERGY USE; ENVIRONMENTAL-IMPACT; CO2 EMISSIONS; STEEL; IRON; DYNAMICS; CHINA,10.1016/j.jclepro.2019.118658,Article,212,Scopus; Web of Science,2-s2.0-85074442416,WOS:000503739400084,,SCOPUS_S2-1.csv; S2-1 result.txt
Quantification of material stocks in existing buildings using secondary data—A case study for timber in a London Borough,Romero Perez de Tudela A.; Rose C.M.; Stegemann J.A.,2020,"Resources, Conservation and Recycling: X","The existing building stock represents a huge accumulation of physical resources: a material ‘reserve’ that could be mined in the future to improve resource efficiency. However, in the absence of systematically collected information about materials deposited in the built environment, the ability to manage and exploit them is limited. An approach to quantification of material stocks based on the use of secondary data from external research bodies, national statistics and a housing stock management database is used to estimate the timber stock in residential buildings constructed in the London Borough of Tower Hamlets before 1992. Results show a total timber accumulation of almost 67,000 tonnes across 68,000 dwellings, with a material intensity for timber between 20−34 kg/m2 of building floorspace (6.8–11.2 kg/m3 of gross building volume) for terraced houses and 5.4−11 kg/m2 (1.8–3.6 kg/m3) for flats and maisonettes. Generally, there is more timber in floors and roofs, and in older buildings. This method appears to be robust, as it results in comparable timber intensities to those determined using other methods in previous studies. It can be used for other materials and may be useful in other contexts where data is available (i.e., other scales, building types and materials), and capable of contributing to the growing understand of existing buildings as material banks. © 2019 The Author(s)",Circular economy; Lumber; Material flow analysis (MFA); Material intensity coefficient (MIC); Urban mining; Wood,England; London [England]; Tower Hamlets; United Kingdom; Housing; Lumber; Timber; Wood; Building stocks; Built environment; Circular economy; Material flow analysis; National statistics; Physical resources; Residential building; Resource efficiencies; building; concentration (composition); database; quantitative analysis; residential location; timber; urban design; wood; article; economic aspect; England; flow measurement; mining; Information management,10.1016/j.rcrx.2019.100027,Article,42,Scopus,2-s2.0-85076727807,,,SCOPUS_S2-1.csv
The weight of islands: Leveraging Grenada's material stocks to adapt to climate change,Symmes R.; Fishman T.; Telesford J.N.; Singh S.J.; Tan S.-Y.; De Kroon K.,2020,Journal of Industrial Ecology,"The building stock consumes large amounts of resources for maintenance and expansion which is only exacerbated by disaster events where large-scale reconstruction must occur quickly. Recent research has shown the potential for application of material stock (MS) accounts for informing disaster risk planning. In this research, we present a methodological approach to analyze the vulnerability of the material stock in buildings to extreme weather events and sea-level rise (SLR) due to climate change. The main island of Grenada, a Small Island Developing State (SIDS) in the Caribbean region, was used as a case study. A bottom-up approach based on a geographic information system (GIS) is used to calculate the total MS of aggregate, timber, concrete, and steel in buildings. The total MS in buildings in 2014 was calculated to be 11.9 million tonnes (Mt), which is equivalent to 112 tonnes per capita. Material gross addition to stock (GAS) between 1993 to 2009 was 6.8 Mt and the average value over the time period was 4.0 tonnes per capita per year. In the year following Hurricane Ivan (2004), the per capita GAS for timber increased by 172%, while for other metals, GAS spiked by 103% (compared to average growth rates of 11% and 8%, respectively, between 1993 and 2009). We also ran a future “Ivan-II” scenario and estimated a hypothetical loss of between 135 and 216 kilotonnes (kt) of timber from the building stock. The potential impact of SLR is also assessed, with an estimated 1.6 Mt of building material stock exposed under a 2-m scenario. We argue that spatial material stock accounts have an important application in planning for resilience and provide indication of the link between natural disaster recovery and resource use patterns. © 2019 by Yale University",construction materials; geographical information system (GIS); Grenada; material flow analysis (MFA); natural disasters; small island developing state (SIDS),Grenada [Grenada (NTN)]; Grenada [Windward Islands]; Windward Islands [Lesser Antilles]; Building materials; Buildings; Concrete aggregates; Disasters; Geographic information systems; Information systems; Information use; Sea level; Timber; Average growth rate; Bottom up approach; Extreme weather events; Grenada; Material flow analysis; Methodological approach; Natural disasters; Small island developing state; bottom-up approach; climate change; disaster management; GIS; Hurricane Ivan 2004; island; resource use; Climate change; BUILDINGS; EARTHQUAKE,10.1111/jiec.12853,Article,31,Scopus; Web of Science,2-s2.0-85064525641,WOS:000526142200012,,SCOPUS_S2-1.csv; S2-1 result.txt
Urban buildings material intensity in China from 1949 to 2015,Yang D.; Guo J.; Sun L.; Shi F.; Liu J.; Tanikawa H.,2020,"Resources, Conservation and Recycling","The building material intensity(MI) is one of the most common used and important indicators in buildings metabolism analysis including building material stock analysis, virgin materials extraction demand and construction & demolition (C&D) waste forecasting, as well as its recycling potential. However, in China developing with rapid urbanization and large-scale city construction, a complete building MI database is not documented well although some studies have intended to figure it out. The existing research mainly focused on the building MI for specific cities or construction material. In this study, we complied 813 buildings with different construction periods from 1949 to 2015, structures, functional applications, and their associated background information from 30 Chinese provinces by an extensive survey as the basic MI database for urban buildings. Based on this, material intensity of Chinese urban buildings for 10 kinds of construction materials and 14 categories of buildings is averaged, and its difference between categories was further described. The results indicate that the building MI exhibits specific trends related to the structural, function application, and building construction period. After comparing the MI database to the previous studies, the database established in this research is considered to have an improvement in terms of the building construction period, geographic distribution, application, structure and material categories. It is not only spanning all different combinations, but also acceptable and credible through comparison. © 2020 Elsevier B.V.",China; Material intensity; Material stock and flows; Urban building,China; Building materials; Buildings; Distributed database systems; Geographical distribution; asphalt; calcium oxide; cement; glass; steel; Background information; Building construction; City construction; Construction period; Functional applications; Rapid urbanizations; Recycling potential; Virgin materials; developing world; forecasting method; metabolism; numerical model; urban development; urban planning; Article; building; construction and demolition waste; controlled study; data analysis; data base; geographic distribution; industry; sand; urban area; urbanization; wood; Construction; MATERIAL STOCK ANALYSIS; MATERIALS DEMAND; CONSTRUCTION; SOCIETY; JAPAN; TIME,10.1016/j.resconrec.2020.104824,Article,89,Scopus; Web of Science,2-s2.0-85083460677,WOS:000540610900019,,SCOPUS_S2-1.csv; S2-1 result.txt
A New Estimate of Building Floor Space in North America,Arehart J.H.; Pomponi F.; D'Amico B.; Srubar W.V.,2021,Environmental Science and Technology,"Floor space is a key variable used to understand the energy and material demands of buildings. Using recent data sets of building footprints, we employ a random forest regression model to estimate the total floor space (conditioned and unconditioned) of the North American building stock. Our estimate for total floor space in 2016 is 88033 (+15907/-21861) million m2, which is 2.9 times higher than current estimates from national statistics offices. We also show how floor space per capita (m2 cap-1) is not constant across the North American region, highlighting the heterogeneous nature of building stocks. As a critical variable in integrated assessment models to project energy and material demands, this result suggests that there is much more unconditioned floor space than previously realized. Furthermore, when estimating material stocks, flows, and associated embodied carbon emissions, total floor space per-capita estimates, such as those presented in this study, offer a more comprehensive approach in comparison to national statistics that do not capture unconditioned floor space. This result also calls for an investigation as to why there is such a vast difference between estimates of conditioned and total floor space.  © 2021 American Chemical Society.",building stock; floor space; machine learning; North America,Carbon; North America; Matthiola; Buildings; Decision trees; Regression analysis; carbon; Building footprint; Critical variables; Current estimates; Embodied carbons; Integrated assessment models; Material demands; National statistics; Regression model; building; estimation method; floor; Article; carbon footprint; random forest; regression analysis; space; Floors; ENERGY USE; URBAN; EMISSIONS; SCENARIO; TRENDS; FLOWS,10.1021/acs.est.0c05081,Article,32,Scopus; Web of Science,2-s2.0-85104906975,WOS:000643546400095,,SCOPUS_S2-1.csv; S2-1 result.txt
Blockchain's role in supporting circular supply chains in the built environment,Q. Li; Y. Wang,2021,2021 IEEE International Conference on Blockchain (Blockchain),"The AEC sector is a significant component of the UK economy and is under enormous pressure to improve its environmental sustainability. Though significant progress has been achieved in reusing, remanufacturing, and recycling materials, using blockchain in the circular supply chain is still a relatively new idea and particularly challenging in the building industry. As a result, this study focuses on the importance of blockchain and circular economy in built-environment supply chains. We show the application method of utilising a blockchain-enabled digital platform and the idea of material passports to efficiently monitor materials and resources in the built environment. Based on the methodologies of Life Cycle Assessment (LCA), Life Cycle Costing (LCC), and Building Information Management (BIM), we suggest that blockchain can be used to track environmental performance (e.g. materials, energy, and carbon emissions) and value creation opportunities at each stage of the building life cycle.",Blockchain;circular economy;supply chains;built environment,Industries; Building information management; Supply chains; Ecosystems; Collaboration; Blockchains; Recycling,10.1109/Blockchain53845.2021.00087,IEEE Conferences,29,IEEE Xplore,,,IEEE Conferences,IEEE_S2-1_merged_deduplicated_raw.csv
Circular economy and virtual reality in advanced BIM‐based prefabricated construction,O’grady T.M.; Brajkovich N.; Minunno R.; Chong H.-Y.; Morrison G.M.,2021,Energies,"This paper presents a new virtual reality (VR)‐based approach to advanced learnings and experiences of the circular economy (CE) in the construction industry. The approach involves incor-porating game design and a building information modelling (BIM) digital twin of a purposed CE prototype building. Our novel approach introduces VR environments designed to provide a visual representation of materials and components that can be reintroduced into the supply chain at the end of life and their removal procedures and material provenance. A case study methodology was applied to a purposely designed CE building, namely the Legacy Living Lab (L3). To reflect the real-life building, L3’s BIM model was combined with Unify game software to advance the literature in three key areas. First, the research investigates VR tools that will allow building designers to view and implement their strategies to advance CE design. Second, this research proposes an advanced VR tool to visualise the bill of quantities (BoQ) and material stock embedded in the studied building, further understanding concepts such as buildings as material banks. Finally, the proposed VR environment defines CE techniques implemented within the case study to be disseminated across the vast construction industry. This VR research identifies three key pillars in reducing the waste gen-erated by the construction industry: education, documentation and visualisation. Furthermore, this paper provides a visual link between the BIM, BoQ and resiliency of the selected materials. © 2021 by the authors. Licensee MDPI, Basel, Switzerland.",BIM; Circular economy; Prefabricated construction; Virtual reality; circular economy; virtual reality; prefabricated construction,Construction industry; Digital twin; Supply chains; Virtual reality; Bill of quantities; Building designers; Building Information Modelling; Case study methodologies; Circular economy; Game software; Material provenances; Visual representations; Architectural design; DESIGN; ENERGY; CHALLENGES,10.3390/en14134065,Article,95,Scopus; Web of Science,2-s2.0-85110394623,WOS:000671330300001,,SCOPUS_S2-1.csv; S2-1 result.txt
Component-based model for building material stock and waste-flow characterization: A case in the Île-de-France region,Tirado R.; Aublet A.; Laurenceau S.; Thorel M.; Louërat M.; Habert G.,2021,Sustainability (Switzerland),"Building demolition is one of the main sources of waste generation in urban areas and is a growing problem for cities due to the generated environmental impacts. To promote high levels of circular economy, it is necessary to better understand the waste-flow composition; nevertheless, material flow studies typically focus on low levels of detail. This article presents a model based on a bottom-up macro-component approach, which allows the multiscale characterization of construction materials and the estimation of demolition waste flows, a model that we call the BTP-flux model. Data mining, analytical techniques, and geographic information system (GIS) tools were used to assess different datasets available at the national level and develop a common database for French buildings: BDNB. Generic information for buildings in the BDNB is then enriched by coupling every building with a catalog of macro-components (TyPy), thus allowing the building’s physical description. Subsequently, stock and demolition flows are calculated by aggregation and classified into 32 waste categories. The BTP-flux model was applied in Île-de-France in a sample of 101,320 buildings for residential and non-residential uses, representative of the assessed population (1,968,242 buildings). In the case of Île-de-France, the building stock and the total demolition flows were estimated at 1382 Mt and 4065 kt, respectively. For its inter-regional areas—departments—, stock and demolition waste can vary between 85 and 138 tons/cap and 0.263 and 0.486 tons/cap/year, respectively. The mean of the total demolition wastes was estimated at 0.33 tons/cap/year for the region. Results could encourage scientists, planners, and stakeholders to develop pathways towards a circular economy in the construction sector by implementing strategies for better management of waste recovery and reintegrating in economic circuits, while preserving a maximum of their added value. © 2021 by the authors. Licensee MDPI, Basel, Switzerland.",Bottom-up; Building-stock modeling; Circular economy; Component-based; Material-flow analysis (MFA); Urban metabolism; building-stock modeling; material-flow analysis (MFA); bottom-up; component-based; circular economy; urban metabolism,France; construction material; GIS; Lotka-Volterra model; model; urban agriculture; urban area; waste management; LIFE-CYCLE ASSESSMENT; DEMOLITION WASTE; CONSTRUCTION WASTE; CIRCULAR ECONOMY; RESIDENTIAL BUILDINGS; URBAN; CHALLENGES; MANAGEMENT; GERMANY; SYSTEM,10.3390/su132313159,Article,29,Scopus; Web of Science,2-s2.0-85120159576,WOS:000735103500001,,SCOPUS_S2-1.csv; S2-1 result.txt
"Construction and demolition waste in the Metropolitan City of Naples, Italy: State of the art, circular design, and sustainable planning opportunities",Cristiano S.; Ghisellini P.; D'Ambrosio G.; Xue J.; Nesticò A.; Gonella F.; Ulgiati S.,2021,Journal of Cleaner Production,"This study deals with the perspective of circular economy (CE) transition in the Construction and Demolition Waste Management (C&DWM) system of the Metropolitan City of Naples (Italy). It assesses the current building materials stored in the existing buildings and C&DW generation, composition and management, by means of public databases, i-Tree Canopy software and SWOT analysis (Strengths, Weaknesses, Opportunities and Threats). The final goal is to provide useful feedbacks to the city Administration and stakeholders to increase and improve the management of existing C&DW flows. The statistical database and the use of i-Tree Canopy for geographical assessment point out a large amount of building materials stocked in the existing buildings and potentially available, while results of the SWOT analysis, combined with TOWS matrix, show that the transition to CE in the C&DW management systems in the Metropolitan City of Naples still is at an early stage due to several weaknesses. The latter regard the lack of demand for recycled products, the lack of data in the end-of-life stage of recycling, and the presence of a high fraction of mixed C&DW reflecting the low adoption of reduction measures on C&D sites. Solutions are proposed with the purpose of better realigning the C&DWM system according to the CE principles as well as to increased sustainability. © 2021 Elsevier Ltd",Circular design; Circular economy; Construction and demolition waste; I-tree canopy; SWOT–TOWS analysis; Urban metabolism; Urban planning and policies,Building materials; Demolition; Forestry; Recycling; Sustainable development; Trees (mathematics); Circular economy; Construction and demolition waste; Management systems; Metropolitan cities; Recycled products; Reduction measures; Statistical database; Sustainable planning; Waste management,10.1016/j.jclepro.2021.125856,Article,66,Scopus,2-s2.0-85100429622,,,SCOPUS_S2-1.csv
Determining the material intensities of buildings selected by random sampling: A case study from Vienna,Lederer J.; Fellner J.; Gassner A.; Gruhler K.; Schiller G.,2021,Journal of Industrial Ecology,"Many studies calculate the material stock of buildings by using material intensities and reference values for building dimensions. Often, they lack a clear definition of and transparency in the selection of buildings to be analyzed, as well as adequate description for the determination of the material intensities of buildings. This article presents a randomized selection of buildings and determination of their material intensities using the case study of Vienna. On the basis of a digital geo-information building model, buildings were categorized according to their age, use, and volume. From each category, samples were randomly selected and their material intensities as well as different building dimensions were determined based on building documents such as plans. The building dimensions were used to express the material intensities related to different reference values. The 256 objects analyzed correspond to a sample size of 0.11% relative to the total number and 0.22% relative to the total gross volume of objects in Vienna. Although the total material intensities were comparable to other studies, the material intensities of insulation materials in older buildings were found to be higher in this study because of a higher representativeness of the data used. In addition, the expression of the material intensities related to different reference values such as area or volume of buildings improved comparability with other studies. Nevertheless, further research is required, particularly concerning the selection of representative samples of buildings. © 2021 The Authors. Journal of Industrial Ecology published by Wiley Periodicals LLC on behalf of Yale University",building dimensions; buildings; GIS; material intensity; material stock; random sampling,Austria; Vienna; Economics; Industry; Building dimensions; Building model; Geo-information; Insulation materials; Random sampling; Randomized selection; Reference values; Representative sample; building; construction material; insulation; sampling; Buildings; MATERIAL STOCK ANALYSIS; MATERIAL FLOW-ANALYSIS; RESIDENTIAL BUILDINGS; DEMOLITION WASTE; DATABASE; TIME,10.1111/jiec.13100,Article,33,Scopus; Web of Science,2-s2.0-85098737726,WOS:000610865300001,,SCOPUS_S2-1.csv; S2-1 result.txt
Developing non-residential building stock archetypes for LCI—a German case study of office and administration buildings,Buschka M.; Bischof J.; Meier-Dotzler C.; Lang W.,2021,International Journal of Life Cycle Assessment,"Purpose: To accomplish the national and international climate goals, building renovation and optimisation of their energy and resource efficiency are essential. Thus, reliable information on the building stock (BS) is necessary. Most previous building typologies are focussing on residential buildings and the operational phase. This paper shows the development of a methodology for generating non-residential building (NRB) typologies for life cycle inventory analysis (LCI) of building constructions. Hereby, archetypes of office, administration and department (OAD) buildings are developed, exemplarily for the German NRB stock. The methodology can further be utilised for quantity surveying of urban material stocks, related recycling scenarios and waste management. Furthermore, the exemplarily generated archetypes provide necessary information for the estimation of realistic refurbishment scenarios. Methods: Approaches for the development of NRB archetypes, the descriptions of associated building materials and the LCI of BS were analysed and integrated into a methodology. It provides a clear path on the classification in building usage categories and determination of relevant building parameters for conducting LCI studies. Its aim is the creation of NRB typologies, presenting construction materials and building geometry in a useful way for life-cycle assessments (LCA). To demonstrate the methodology’s usability, it is applied to a case study with the sample of 161 OAD buildings, provided by the German NRB database ENOB:dataNWG. In combination with relevant literature on BS archetypes and materials, a sample OAD building typology has been created. Results and discussion: Minimum data requirements for conducting simplified LCI calculation of BSs were identified by analysing existing LCA methods, like the German BNB system. Important clusters for developing NRB archetypes were determined: building usage category, building construction types and building age. These data gaps between required information for simplified LCA studies and available information in ENOB:dataNWG were identified, and solutions for closing these data gaps were proposed and tested. Since building archetypes must reflect the overall BS, uncertainties were discussed. The ENOB:dataNWG database was not completed at the time this paper was written, so comprehensive uncertainty analyses are important next steps. Conclusions: This methodology development forms the groundwork for creating LCI building typologies for simplified LCA studies. It shows practically how to deal with a BS database and illustrates which typical values can be chosen for closing data gaps. The methodology was tested on an exemplary sample of OAD buildings. Based on this case study, the methodology concept was proven useful for the generation of a NRB typology. © 2021, The Author(s).",Archetypes; Building material composition; Building typology; Life cycle assessment; Life cycle inventory; Methodology; Non-residential building stock; Office and administration buildings,architecture; Article; building; building industry; case study; classification; geometry; Germany; life cycle assessment; methodology; non residential building stock; office and administration building; recycling; urban area; REQUIREMENTS,10.1007/s11367-021-01963-5,Article,12,Scopus; Web of Science,2-s2.0-85115061434,WOS:000696753800001,,SCOPUS_S2-1.csv; S2-1 result.txt
Estimation of structural steel and concrete stocks and flows at urban scale–towards a prospective circular economy,Ajayebi A.; Hopkinson P.; Zhou K.; Lam D.; Chen H.-M.; Wang Y.,2021,"Resources, Conservation and Recycling","Quantification of stocks and flows of construction materials is a key first stage in assessing the potential for creating higher value at end-of-life decisions compared to destructive demolition. Steel and concrete are amongst the most widely used construction materials primarily in structural components. Such components are highly variable in design, type, and dimensions. In the absence of urban-scale digitised models of structural components or building plans, accurate assessment relies on either onsite inspection or modelling by material intensity (MI) co-efficient which can vary by up to a factor of 100. In this study, we extend previous stock modelling approaches through the development of a method that relies on building archetypes and produces MI coefficients of steel and concrete that are representative of frame types, temporally explicit and disaggregated at product level. This is compared to the common existent method of calculating MI to demonstrate the capabilities of the proposed method. Coupled with a spatiotemporal model of urban buildings, the developed MI of both methods are applied to a case study in the UK. The total in-use stock of steel and concrete within multi-storey buildings is estimated at 81,000 tonnes and 655,000 m3 respectively. The stocks of steel and concrete are disaggregated based on their functions as products, for instance steel beams are distinguished from reinforcement steel. Subsequently, the embodied carbon of the in-use stock is calculated as 350 kt CO2eq. The results show the proposed method enables a more granular assessment of the embodied carbon of the structural material quantities. © 2021 Elsevier B.V.",,United Kingdom; Matthiola; Carbon; Circular economy; Embodied carbons; End of lives; Materials intensity; Prospectives; Stocks and flows; Structural component; Structural concretes; Structural steels; Urban scale; concrete; construction material; estimation method; quantitative analysis; steel; urban economy; Building materials; CONSTRUCTION; BUILDINGS,10.1016/j.resconrec.2021.105821,Article,26,Scopus; Web of Science,2-s2.0-85112375955,WOS:000700394400035,,SCOPUS_S2-1.csv; S2-1 result.txt
Information modelling management and green public procurement for waste management and environmental renovation of brownfields,Pellegrini L.; Locatelli M.; Meschini S.; Pattini G.; Seghezzi E.; Tagliabue L.C.; Di Giuda G.M.,2021,Sustainability (Switzerland),"Information Modelling and Management (IMM) methods for Most Economically Advanta-geous Tender (MEAT) can promote the adoption of environmentally sustainable practices. Despite the wide regulatory framework and existing drivers, Construction and Demolition Waste (CDW) trends are still growing. The literature review analyzed IMM and CDW management implementation during design phases although few studies focused on Green Public Procurement (GPP) and CDW management integration from the Public Client’s point of view. This research aims at investigating the integration and efficiency of MEAT and IMM to promote the application of sustainable strategies focused on waste reduction and resource valorization. The study investigates the Public Client’s role in promoting sustainable practices, introducing digital material inventory and BIM during the design phases, and including environmental award criteria in the call for tender documents. A Design Build (DB) procurement model was considered in the case study of a brownfield renovation and the construction of a new school in northern Italy. The methodology provided the Public Client and included a method to evaluate the environmental impact of the bids, allowing for proper selective demolition planning, CDW decrease, and organization while promoting their integration in companies’ expertise and procedures. The replicability of the methodology is demonstrated by positive results of present and previous case studies. © 2021 by the authors. Licensee MDPI, Basel, Switzerland.",Building information modelling (BIM); Construction and demolition waste (CDW); Design build (DB); Environmental assessment; Public client; Waste minimization; building information modelling (BIM); construction and demolition waste (CDW); design build (DB); environmental assessment; public client; waste minimization,POINT CLOUDS; BIM; DECONSTRUCTION; MINIMIZATION; CONCRETE,10.3390/su13158585,Article,21,Scopus; Web of Science,2-s2.0-85112616408,WOS:000682229100001,,SCOPUS_S2-1.csv; S2-1 result.txt
Life cycle assessment framework for embodied environmental impacts of building construction systems,Abouhamad M.; Abu-Hamd M.,2021,Sustainability (Switzerland),"This paper develops a life cycle assessment framework for embodied environmental impacts of building construction systems. The framework is intended to be used early in the design stage to assist decision making in identifying sources of higher embodied impacts and in selecting sustainable design alternatives. The framework covers commonly used building construction systems such as reinforced concrete construction (RCC), hot-rolled steel construction (HRS), and light steel construction (LSC). The system boundary is defined for the framework from cradle-to-grave plus recycling and reuse possibilities. Building Information Modeling (BIM) and life cycle assessment are integrated in the developed framework to evaluate life cycle embodied energy and embodied greenhouse emissions of design options. The life cycle inventory data used to develop the framework were extracted from BIM models for the building material quantities, verified Environmental Product Declarations (EPD) for the material production stage, and the design of construction operations for the construction and end-of-life stages. Application of the developed framework to a case study of a university building revealed the following results. The material production stage had the highest contribution to embodied impacts, reaching about 90%. Compared with the conventional RCC construction system, the HRS construction system had 41% more life cycle embodied energy, while the LSC construction system had 34% less life cycle embodied energy. When each system was credited with the net benefits resulting from possible recycling/reuse beyond building life, the HRS construction system had 10% less life cycle embodied energy, while the LSC construction system had 68% less life cycle embodied energy. Similarly, the HRS construction system had 29% less life cycle greenhouse gas (GHG) emissions, while the LSC construction system had 62% less life cycle GHG emissions. Sustainability assessment results showed that the RCC construction system received zero Leadership in Energy and Environmental Design (LEED) credit points, the HRS construction system received three LEED credit points, while the LSC construction system received five LEED credit points. © 2021 by the authors. Licensee MDPI, Basel, Switzerland.",Building construction systems; Building information modeling; Embodied energy; Embodied greenhouse gas emissions; Life cycle environmental assessment; Sustainability assessment; embodied energy; embodied greenhouse gas emissions; life cycle environmental assessment; building information modeling; building construction systems; sustainability assessment,building construction; concrete; construction material; decision making; environmental impact; integrated approach; life cycle analysis; recycling; sustainability; ENERGY; CARBON,10.3390/su13020461,Article,72,Scopus; Web of Science,2-s2.0-85099132258,WOS:000611762500001,,SCOPUS_S2-1.csv; S2-1 result.txt
Location Dependency on Resilience and Material Intensity of an Office Building Keeping an Eye on Seismic Zone Implications,Ortlepp R.; Gul M.A.,2021,"18TH INTERNATIONAL PROBABILISTIC WORKSHOP, IPW 2020","To describe the urban metabolism of the built environment, bottom-up approaches are often used in literature. In these approaches building typologies play an important role, where the material intensity of building types is described by material composition indicators. These indicators are mostly static and refer to the construction method of the respective type. However, the influence of the geological conditions of the location on the material requirement has so far hardly been examined, if at all. Many of the fast-growing cities, especially in developing countries, which generate a high demand for materials, are located in areas that are regularly hit by earthquakes. This is accompanied by different static requirements for one and the same building type if it is located in different seismic zones. Using FEM, for a selected office building it was investigated which role plays the location of this building with regard to its material consumption, i.e. how the static requirements from the seismic load in different zones affect the demand for mass relevant building materials of the supporting structure. For this purpose, a 3D building model was created and the load-bearing components were dimensioned under the load combinations typical for the seismic zones. The modeling results show a clear dependence of the building material requirement on the seismic zone in which the building type is located. However, static building type-specific approaches with constant material composition indicators do not reflect this effect. In conclusion, it should be noted that seismic zone dependence should be given greater consideration in the modeling of material composition indicators in the future. © 2021, The Author(s), under exclusive license to Springer Nature Switzerland AG.",Buildings; FEM; Material consumption; Seismic simulation,3D modeling; Building materials; Developing countries; Location; Office buildings; Building typologies; Construction method; Geological conditions; Load-bearing components; Material compositions; Material consumption; Material requirements; Supporting structure; Seismology; STOCK; TIME,10.1007/978-3-030-73616-3_37,Proceedings Paper,1,Scopus; Web of Science,2-s2.0-85111170064,WOS:001330679200037,,SCOPUS_S2-1.csv; S2-1 result.txt
Management of the C&D waste in the urban regeneration project; [Gestione del rifiuto da demolizione nel progetto di rigenerazione urbana],Giammetti M.T.; Rigillo M.,2021,TECHNE-JOURNAL OF TECHNOLOGY FOR ARCHITECTURE AND ENVIRONMENT,"This paper presents the first results of the research agreement signed by the Federico II University and CDP Immobiliare concerning reusing and recycling construction waste in the urban regeneration project. The research is aimed to develop a technical protocol for the ex-ante evaluation of the demolition operations, with a special focus on the criteria for picking the material samples to undergo chemical-physical analysis. The article is focused on the demolition process, implementing a BIM-based filing of the building system and aimed at a preliminary understanding of the material quantity, the material consistency and the state of conservation of the elements to be demolished. A tentative precharacterisation, and an inventory of any contaminants present in the materials are also provided. In the form of discussion, further implications related the building characterisation and the planning of material flows with the reuse and recycle supply chains are provided as well. © 2020 Firenze University Press",C&D Waste; Life Cycle Approach; Sampling Plan; Selective Demolition; Urban Mining,,10.36253/techne-10615,Article,6,Scopus; Web of Science,2-s2.0-85119904974,WOS:000725669200028,,SCOPUS_S2-1.csv; S2-1 result.txt
Mining the built environment: Telling the story of urban mining,Aldebei F.; Dombi M.,2021,Buildings,"Materials are continuously accumulating in the human‐built environment since massive amounts of materials are required for building, developing, and maintaining cities. At the end of their life cycles, these materials are considered valuable sources of secondary materials. The increasing construction and demolition waste released from aging stock each year make up the heaviest, most voluminous waste outflow, presenting challenges and opportunities. These material stocks should be utilized and exploited since the reuse and recycling of construction materials would positively impact the natural environment and resource efficiency, leading to sustainable cities within a grander scheme of a circular economy. The exploitation of material stock is known as urban mining. In order to make these materials accessible for future mining, material quantities need to be estimated and extrapolated to regional levels. This demanding task requires a vast knowledge of the existing building stock, which can only be obtained through labor‐intensive, time‐consuming methodologies or new technologies, such as building information modeling (BIM), geographic information systems (GISs), artificial intelligence (AI), and machine learning. This review paper gives a general overview of the literature body and tracks the evolution of this research field. © 2021 by the authors. Licensee MDPI, Basel, Switzerland.",Building information modeling (BIM); Circular economy; Geographic information systems (GISs); Material stock; Urban mining; urban mining; material stock; circular economy; building information modeling (BIM); geographic information systems (GISs),MATERIAL FLOW-ANALYSIS; IN-USE STOCKS; BUILDING MATERIAL STOCKS; FUTURE ENERGY DEMAND; RESIDENTIAL BUILDINGS; CIRCULAR ECONOMY; DEMOLITION WASTE; SOCIOECONOMIC METABOLISM; ANTHROPOGENIC RESOURCES; DYNAMIC-ANALYSIS,10.3390/buildings11090388,Review,47,Scopus; Web of Science,2-s2.0-85114503511,WOS:000699674500001,,SCOPUS_S2-1.csv; S2-1 result.txt
Modelling of mineral construction and demolition waste dynamics through a combination of geospatial and image analysis,"Bogoviku, L Waldmann, D",2021,JOURNAL OF ENVIRONMENTAL MANAGEMENT,"As the construction sector is shifting towards circular economy models, the role of mineral construction materials as main waste fraction in terms of volumes is crucial. A characterization of this mineral stock, as well as the waste derived from it is decisive in ensuring the application of the best practices of circular economy. This paper describes a methodology for assessing the mineral building stock through a combination of geospatial and image analysis. By analysing old topographic maps, buildings are grouped according to their building age into different typologies and based on these maps the construction and demolition activity is evaluated. The mineral stock is assessed and estimations of the mineral construction and demolition waste (CDW) is generated for different stochastic scenarios. This methodology is applied exemplarily on the country of Luxembourg. It was found that the total mineral construction stock for Luxembourg is 276.75 Mt and has been growing at a rate of 20.81%-24.39% in the last 30 years. Furthermore, the study identified a mean age of the urban building stock of about 60 years and a typical maximum building lifetime of 122 years. Based on the stochastic projections the mineral CDW generated from the existing building stock is expected to be up to 226.9 Mt by 2100, while if future building scenarios are considered, it can be as high as 885.3 Mt. The annual CDW production is expected to be sufficient for a viable concrete recycling activity if regulations on the waste volume flows are made available.",Concrete recycling; Material stock quantification; Geospatial analysis; Circular economy; Construction and demolition waste (CDW),,10.1016/j.jenvman.2020.111879,Article,27,Web of Science,,WOS:000618049500001,,S2-1 result.txt
Spatial characterization of construction material stocks: The case of the Paris region,Augiseau V.; Kim E.,2021,"Resources, Conservation and Recycling","Better knowledge of the spatial distribution of anthropogenic stocks is key for the implementation of circular economy policies. This article focuses on the case of construction materials in the Paris region in 2013. A bottom-up approach using GIS modeling is applied to estimate and locate the stocks of 27 materials and 24 building archetypes, three transport networks and six energy and water networks. The stocks of three sub-urban areas inside the region (Paris, PC and GC) and three neighborhoods representative of urban forms are compared. The anthropogenic stocks of the Paris region amount to 204 t/capita and contain 96% of non-metallic minerals. Buildings make up 72% of the stocks. Materials located underground represent 47% of the stocks. The density of total stocks is much higher in central Paris (4.6 t/m² of the urbanized area) than in the outskirts of GC (0.7 t/m²). Higher stock density is associated with lower shares of single-family houses and networks in total stocks. This study suggests the possibility of systematically assessing stocks of construction materials using statistical data and GIS modeling over French regions and cities. As studying stocks with a bottom-up approach is data-intensive, to provide more accurate information, the availability and quality of data are crucial. © 2021 Elsevier B.V.",Anthropogenic stocks; Circular economy; Construction materials; Urban mining; Urbanization,France; Ile de France; Paris; Ville de Paris; Matthiola; Geographic information systems; Urban transportation; mineral; nonmetallic mineral; unclassified drug; Anthropogenic stock; Anthropogenics; Bottom up approach; Circular economy; Energy networks; GIS modeling; Spatial characterization; Transport networks; Urban mining; Urbanization; construction material; GIS; spatial analysis; spatial distribution; stock assessment; urbanization; Article; building floor area; circular economy; controlled study; data quality; economic aspect; environmental impact; geographic and geological parameters; geographic distribution; geospatial model; mining; model; residential area; statistical parameters; urban mining; urbanized area ratio; Building materials; MATERIAL FLOW-ANALYSIS; CIRCULAR ECONOMY; CHALLENGES; METABOLISM,10.1016/j.resconrec.2021.105512,Article,45,Scopus; Web of Science,2-s2.0-85103649449,WOS:000667309200001,,SCOPUS_S2-1.csv; S2-1 result.txt
Temporal analysis of the material flows and embodied greenhouse gas emissions of a neighborhood building stock,Lausselet C.; Urrego J.P.F.; Resch E.; Brattebø H.,2021,Journal of Industrial Ecology,"Low-energy building standards shift environmental impacts from the operational to the embodied emissions, making material efficiency (ME) important for climate mitigation. To help quantify the mitigation potential of ME strategies, we developed a model that simulates the temporal material flows and greenhouse gas embodied emissions (GEEs) of the material use in the construction and renovation activities of a neighborhood by combining life-cycle assessment with dynamic material-flow analysis methods. We applied our model on a “zero emission neighborhood” project, under development from 2019 to 2080 and found an average material use of 1,049 kg/m2, an in-use material stock of 43 metric tons/cap, and GEEs of 294 kgCO2e/m2. Although 52% of the total GEEs are caused by material use during initial construction, the remaining 48% are due to material replacements in a larger timeframe of 45 years. Hence, it is urgent to act now and design for ME over the whole service life of buildings. GEEs occurring far into the future will, however, have a reduced intensity because of future technology improvements, which we found to have a mitigation potential of 20%. A combination of ME strategies at different points in time will best mitigate overall GEEs. In the planning phase, encouraging thresholds on floor area per inhabitant can be set, materials with low GEEs must be chosen, and the buildings should be designed for ME and in a way that allows for re-use of elements. Over time, good maintenance of buildings will postpone the renovation needs and extend the building lifetime. This article met the requirements for a gold-gold JIE data openness badge described at http://jie.click/badges. © 2020 The Authors. Journal of Industrial Ecology published by Wiley Periodicals LLC on behalf of Yale University",building material; circular economy; decision support; industrial ecology; life cycle assessment (LCA); material efficiency,Building codes; Buildings; Ecodesign; Environmental impact; Gas emissions; Greenhouse gases; Life cycle; Climate mitigations; Dynamic materials; Embodied emissions; Future technologies; Life Cycle Assessment (LCA); Low energy buildings; Material efficiency; Temporal analysis; emission; emission inventory; environmental impact assessment; greenhouse gas; life cycle analysis; material flow analysis; mitigation; neighborhood; strategic approach; temporal analysis; Energy efficiency; LIFE-CYCLE ASSESSMENT; BUILT ENVIRONMENT; ENERGY DEMAND; MATERIAL EFFICIENCY; MODEL; IMPACT; METABOLISM; STRATEGIES; EVOLUTION; SCENARIO,10.1111/jiec.13049,Article,101,Scopus; Web of Science,2-s2.0-85087736008,WOS:000546708900001,,SCOPUS_S2-1.csv; S2-1 result.txt
Title: Estimation and mapping of the material stocks of buildings of Europe: a novel nighttime lights-based approach,Peled Y.; Fishman T.,2021,"Resources, Conservation and Recycling","Material Stock Assessments (MSA) form an essential component in our understanding of the functions of built infrastructure within the socioeconomic system and its environmental impacts. Scarce material stock data are a major impediment, and studies are often limited in scope, resolution, or both, and often employ ad-hoc methods hampering comparability between regions. In this study we describe the development of a method to estimate material stocks on a continental scale with a resolution of city districts and small settlements and its application to Europe. We use satellite-derived nighttime lights data to delineate distinct built-up areas. These areas’ radiance values serve as a proxy for built-up volume, estimated using cluster-based regressions with random resampling. Coupled with building intensities of different building materials, we derive a spatial MSA for Europe, presented in multiple levels of aggregation from city district to continental. The total material stocks of Europe are 109 billion tons, with an average of 37 thousand tons/km2. The results reveal multi-level spatial patterns of material stock densities, enabling comparisons between and within regions and countries. The model offers good agreement with previous studies, highlighting its advantage in data acquisition, spatial comparability, and benchmarking abilities. The used data can be updated regularly, offering the ability of future exploration into spatiotemporal dynamics of material stocks. © 2021",Built environment; Construction materials; Material flow analysis; Nighttime lights; Remote sensing; Spatial analysis,Europe; Matthiola; Data acquisition; Continental scale; ITS applications; Multiple levels; Night-time lights; Random resampling; Socio-economic systems; Spatial patterns; Spatio-temporal dynamics; building; construction material; mapping; material flow analysis; remote sensing; spatial analysis; spatial variation; temporal variation; Article; building industry; comparative study; construction work and architectural phenomena; Europe; light related phenomena; material stock assessment; mathematical model; night; satellite imagery; Environmental impact,10.1016/j.resconrec.2021.105509,Article,57,Scopus,2-s2.0-85101821028,,,SCOPUS_S2-1.csv
Using digitized public accessible building data to assess the renovation potential of existing building stock in a sustainable urban perspective,Andersen R.; Jensen L.B.; Ryberg M.,2021,Sustainable Cities and Society,"Being able to assess potentials and obstacles regarding different optimization scenarios for an old building is essential. However, the data needed to provide this information should be operational and suitable for the early design and planning phases of rebuilding or renovation. The purpose of this study is to investigate the possibilities of using information from public registers and databases on existing buildings as possible input data to inform designers and other stakeholders about the renovation potential of existing buildings in urban developments. This includes evaluating sustainability indicators for indoor climate, energy savings, flexibility, affordability, materials composition, recycling opportunities, etc. Denmark is a frontrunner in digitalizing building data and making them publicly accessible. The results of a mapping of three public building registers and databases show that they – although they were initially established for purposes of taxation, preservation, and energy savings can be put to new use in a circularity perspective. However, even though Denmark is far in the digitalization of building data, the analysis also shows that there are data gaps, outdated data, and errors in registrations that still need to be addressed. Therefore, this article lists recommendations for developing national or regional digital building data registers to support better decisions about renovation and urban development. © 2021 The Author(s)",Building indicators; Data from public registers; Data mapping; Digitalization; Retrofitting building stock; Urban development,Denmark; Buildings; Data privacy; Energy conservation; Historic preservation; Mapping; Retrofitting; Building indicator; Building stocks; Data from public register; Data mappings; Denmark; Digitalization; Energy  savings; Energy-savings; Retrofitting building stock; Urban development; accessibility; building; database; digitization; maintenance; sustainability; urban development; Urban growth,10.1016/j.scs.2021.103303,Article,28,Scopus,2-s2.0-85113957674,,,SCOPUS_S2-1.csv
"A scalable data collection, characterization, and accounting framework for urban material stocks",Arbabi H.; Lanau M.; Li X.; Meyers G.; Dai M.; Mayfield M.; Densley Tingley D.,2022,Journal of Industrial Ecology,"Building stocks represent an extensive reservoir of secondary resources. However, common bottom-up characterization of these, often based on archetypal classification of buildings and their corresponding material intensity, are still not suitable to adequately inform circular economic strategies. Indeed, these approaches typically result in a loss of building-specific details, and a building stock characterization in terms of material mass, for example, glass, rather than component, for example, window. To deliver this higher resolution of details, a scalable approach to urban stock characterization, that enables a bottom-up estimation of building stocks at the building component level, is needed. In this paper, we present a framework to automate the characterization of urban stock. By using and combining a mobile-sensing approach with computer vision, urban stocks can be captured as 3D surface maps allowing the identification and semantic classification of stock objects, components, and materials. We demonstrate the potential of this framework through a case study of a neighborhood in Sheffield, UK, by using a prototype workflow comprising a custom-made mobile-sensing platform and an existing suite of neural network models to calculate an estimate count of buildings external doors and windows. The prototype implementation of the framework achieves comparable total and building-level component counts with those achieved through manual human counts. Such automated estimation of components enables an understanding of opportunities across the circular economic hierarchies and informs stakeholders across the supply chain to better prepare for the implementation of circular strategies including building refurbishments. © 2021 The Authors. Journal of Industrial Ecology published by Wiley Periodicals LLC on behalf of Yale University",bottom-up analysis; building material stock; environmental modeling; industrial ecology; machine learning; mobile mapping,Sheffield [Illinois]; Binary alloys; Buildings; Machine learning; Potassium alloys; Semantics; Uranium alloys; Bottom-up analysis; Building material stock; Building stocks; Buildings materials; Data collection; Environmental model; Industrial ecology; Mobile mapping; Urban materials; Yale University; data acquisition; neighborhood; resource use; spatiotemporal analysis; strategic approach; urban area; Supply chains; BUILDING MATERIAL STOCKS; IN-USE STOCKS; MODEL; TIME,10.1111/jiec.13198,Article,44,Scopus; Web of Science,2-s2.0-85115665871,WOS:000698899100001,,SCOPUS_S2-1.csv; S2-1 result.txt
A simulation-based bottom-up approach for analysing the evolution of residential buildings’ material stocks and environmental impacts – A case study of Inner Melbourne,Li S.; Rismanchi B.; Aye L.,2022,Applied Energy,"The building sector is material-intensive and responsible for embodied energy and greenhouse gas (GHG) emissions. Comprehensively analysing the evolution of material stocks (MSs) and associated environmental impacts in the building sector can support better decision-making on material management and energy conservation. However, there is a gap in the literature to evaluate the spatial patterns and dynamics of residential building stocks systematically and comprehensively. A simulation-based bottom-up approach is proposed to systematically analyse the spatiotemporal evolution of residential buildings’ MSs and their environmental impacts at initial and replacement stages with a high resolution. Notably, the development of the material intensity dataset is essential for analysing MSs in the building sector. The proposed innovative approach links different building characteristic factors for developing a specific material intensity dataset. The approach is demonstrated for Inner Melbourne, which has more than 260,000 residential buildings. The results illustrate the spatially and temporally explicit MSs, embodied energy and GHG emissions in the case study area. The initial spatial maps visualise that large quantities of MSs, embodied energy and GHG emissions are located in areas with clusters of houses or apartments. The replacement maps indicate the locations with large replacement material outflows where a cluster of historic buildings exist. The temporal analysis shows that the residential buildings’ MSs in Inner Melbourne have increased by a factor of 9.6 over the past 120 years, reaching 27,488 kt in 2019. The growth rate has accelerated since 1990, particularly in areas (e.g. Melbourne CBD, Docklands, Southbank and South Yarra) with a large number of apartments have been built during this period. The high resolution of the results shows the benefits of the proposed simulation-based bottom-up approach compared to the traditional approach. This result is significant as it provides new insights for evidence-based decision-making on material management and energy conservation towards a more circular construction. © 2022",Circular construction sector; Embodied energy; Embodied GHG emissions; Material stock; Residential building; Simulation-based bottom-up approach; Spatiotemporal analysis,Australia; Melbourne; Victoria [Australia]; Apartment houses; Decision making; Energy conservation; Environmental impact; Gas emissions; Greenhouse gases; Growth rate; Bottom up approach; Circular construction sector; Construction sectors; Embodied energy; Embodied greenhouse gas emission; Greenhouse gas emissions; Material stock; Residential building; Simulation-based bottom-up approach; Spatiotemporal analysis; bottom-up approach; building; energy conservation; environmental impact; greenhouse gas; growth rate; Construction industry; EMBODIED ENERGY; FLOWS; TIME,10.1016/j.apenergy.2022.118941,Article,20,Scopus; Web of Science,2-s2.0-85127135700,WOS:000793751600001,,SCOPUS_S2-1.csv; S2-1 result.txt
Assessing the limits to the growth of urban stocks in areas with horizontal growth constraints,Gutiérrez M.; Kahhat R.,2022,"Resources, Conservation and Recycling","Urban areas accumulate important quantities of secondary resources that in the future could be part of what are called “Urban mines”. While this stock is growing as population in urban areas increases, different types of constraints could limit its growth, especially with regard to the building stock. Applying the concepts and methods of material stock analysis, this research proposes an approach that helps assess the limits to the growth of building stocks in areas with horizontal growth constraints. These limits are studied on the basis of established zoning, urban and building parameters, and are quantified for two neighboring districts in Metropolitan Lima, whose central location amid multiple districts limits their horizontal growth possibilities. Three scenarios are used to explore the limits, which determined that the ratio of current material stock to the theoretical maximum allowed, ranged between 26-30% and 41–50%. Results show that zoning is a limiting factor for the upward growth of cities, and that while generally there is potential to grow, some areas are closer to their limits than others. Though municipal zoning considerations may change in the future, increasing or decreasing the limit, the study provides an important approach for understanding the limits to the growth of urban stocks. © 2022 Elsevier B.V.",Geographical information systems; Material intensity; Resource recovery; Urban environment; Urban stocks; Zoning,Lima [Lima (DPR)]; Lima [Peru]; Peru; Geographic information systems; Population statistics; Urban growth; Building parameters; Building stocks; Horizontal growths; Materials intensity; Resource recovery; Secondary resources; Stock analysis; Urban areas; Urban environments; Urban stock; assessment method; GIS; growth rate; research work; stock market; urban growth; zoning policy; article; city; geographic information system; quantitative analysis; recycling; theoretical study; urban area; Zoning; BUILDINGS; METABOLISM; JAPAN; FLOWS; TIME,10.1016/j.resconrec.2022.106221,Article,9,Scopus; Web of Science,2-s2.0-85124422953,WOS:000767966000006,,SCOPUS_S2-1.csv; S2-1 result.txt
Assessing the potential of decarbonizing China's building construction by 2060 and synergy with industry sector,Zhang Y.; Hu S.; Guo F.; Mastrucci A.; Zhang S.; Yang Z.; Yan D.,2022,Journal of Cleaner Production,"Embodied carbon emissions of the building sector constitute the majority of carbon emissions. The selection of a building stock development pathway, construction mode, and synergy between the building construction and industry sectors will greatly influence the future embodied carbon emissions in China's building sector. The main purpose of this study is to analyze the carbon emission related to China's building construction under different path choices, to provide quantitative support for policy makers, helping to realize low-carbon development in China's construction sector. So, we developed the China Building Construction Model to illustrate the relationship between building stock, material stock, and embodied carbon emissions. The results show that controlling the total building stock at a reasonable level, extending the building lifetime by avoiding the buildings' early demolition, and encouraging building retrofitting can significantly reduce the material demand of construction as well as the carbon intensity of the production of building materials. Over 70% of the reduction in carbon emissions can be realized through these measures by 2060. Moreover, low carbon development depends on recycling and increased efficiency in producing building materials; this way, embodied carbon emissions can be reduced by nearly 50% by 2060. © 2022",Building stock development pathways; Building stock dynamics; China; Embodied carbon emissions; Material demand,Building materials; Carbon; Construction; Construction industry; Building stock development pathway; Building stock dynamic; Building stocks; Carbon emissions; China; Embodied carbon emission; Embodied carbons; Material demands; Stock dynamics; Buildings; MATERIALS DEMAND; CO2 EMISSIONS; STEEL; DEMOLITION; STOCK; IRON; CONSERVATION; DYNAMICS; IMPACTS; URBAN,10.1016/j.jclepro.2022.132086,Article,105,Scopus; Web of Science,2-s2.0-85129501612,WOS:000799876100001,,SCOPUS_S2-1.csv; S2-1 result.txt
Bridging the gap - A database tool for BIM-based circularity assessment,Göswein V.; Carvalho S.; Lorena A.; Fernandes J.; Ferrão P.,2022,IOP Conference Series: Earth and Environmental Science,"The concept of circular economy attracts attention across sectors. Since construction materials are the single largest material stock and flow, there is a particular interest from research and policy to apply the circularity concept to buildings. Large quantities of construction and demolition waste end up in landfill, despite new EU legislation that requires a 70% recovery rate. There is a gap between this ambitious goal and the reality of the construction industry. Building Information Modelling (BIM) has the potential to improve building design and construction processes for an increased recovery of materials. However, insufficient data, inconsistent methods and interoperability issues inhibit BIM application to unfold its full potential in circularity assessments. This paper introduces the CirBIM database framework. It provides BIM users with the required robust data to improve the circularity throughout the building's life cycle: from the design phase throughout renovation activities to the end-of-life stage. The paper proposes a new workflow of building circularity assessment, describe the architecture of the new database tool, and recommends relevant data sources and information models to streamline data mining processes. The new database tool is exemplified through application to a case study building in Portugal, emphasizing the need for different metrics and the need of integration of the end-of-life scenarios in the building design stage. © 2022 Institute of Physics Publishing. All rights reserved.",BIM; building; circularity; database; LCA,,10.1088/1755-1315/1078/1/012099,Conference paper,16,Scopus,2-s2.0-85139095138,,,SCOPUS_S2-1.csv
BTPFlux: a building material flow analysis model to enhance the urban metabolism on French territories,Sorin E.; Tirado R.; Gully E.; Louërat M.; Laurenceau S.,2022,IOP Conference Series: Earth and Environmental Science,"Worldwide, the construction sector is the principal consumer of raw resources (50% of the natural resources) and the leading producer of solid waste (2.2 billion tons per year). Because of their quantity and their potential for development, construction wastes constitute a catalyst for establishing strategies and action programs aimed at making the management of resources circular at several territorial scales. Performing these strategies needs a detailed and structured knowledge of flows. In this context, the CSTB has developed a macro-component bottom-up-based model: BTPFlux, that aims to characterize the materiality of the building stock and the associated demolition, and renovation waste flows. A national database with generic information for every building on the metropolitan French territory was used. This database gathers information such as the surface, the typology, or the year of construction of the buildings and is then linked with a specific database characterizing existing construction products. This method provides a detailed characterization of the building material stock available on the French metropolitan territory. So, the environmental impacts, the treatment costs, and the valorisation potentials can be estimated by implementing different management scenarios for each category of waste assessed. The model was already successfully applied to the “Ile de France” region and can be replicated to any other French territory. The results will allow the stakeholders to better understand the materiality of their territory, giving them the possibility of making optimal decisions to implement the reuse and recycling of secondary resources. However, some improvements can still be made in the description levels of macrocomponents or in the description of infrastructures that BTPFlux does not currently model. © 2022 Institute of Physics Publishing. All rights reserved.",building stock; circular economy; construction sector; material building stock; material-flow analysis,,10.1088/1755-1315/1078/1/012027,Conference paper,5,Scopus,2-s2.0-85139172721,,,SCOPUS_S2-1.csv
Building material stock analysis is critical for effective circular economy strategies: a comprehensive review,Mohammadiziazi R.; Bilec M.M.,2022,Environmental Research: Infrastructure and Sustainability,"Buildings account for the largest share of accumulated materials and waste globally. Tracking the material composition, quantity and location of these materials, known as building material stock analysis (MSA), is a first step in enabling the reuse or repurposing of materials, key strategies of the circular economy. While the number of building MSAs is growing, there is a need to coalesce methods, data and scope. Therefore, in this work, we reviewed and evaluated 62 journal and conference articles on MSA of buildings from different angles including scope, boundaries, archetype classification, material intensity determination, approaches (i.e. bottom-up, top-down, remote sensing) and quantity of materials to identify barriers, gaps and opportunities in this area along with its implications for decision-making, policy and regulations. We cataloged the three major approaches of MSAs and discuss their advantages and shortcomings. We also created a comprehensive directory of building archetypes, references and materials for future researchers. As expected, most of the studies estimated that concrete had the largest mass compared with other materials; however, mass-based distribution of materials showed significant variations in different building stocks across the world. Also, embedded plastics and their types remain under-represented in current studies. A major barrier to MSA is related to a lack of information on physical attributes and geographic information system, design and construction data. Policy makers can play a role in mitigating data barriers through instituting regulations that enforce the reporting of building-related data during the permitting process. Furthermore, outcomes of building MSA can help policy makers when considering incentives for design and construction that utilize these abundant building materials. © 2022 The Author(s). Published by IOP Publishing Ltd.",buildings; circular economy; geographic information systems (GISs); material flow analysis; material intensity; material stock analysis,MATERIAL FLOW-ANALYSIS; LIFE-CYCLE ASSESSMENT; RESIDENTIAL BUILDINGS; DEMOLITION WASTE; CONSTRUCTION MATERIALS; ENVIRONMENTAL-IMPACT; MATERIALS DEMAND; RECOVERED WOOD; ENERGY MODELS; GENERATION,10.1088/2634-4505/ac6d08,Review,42,Scopus; Web of Science,2-s2.0-85138278758,WOS:001060020800001,,SCOPUS_S2-1.csv; S2-1 result.txt
Circularity evaluation as guidance for building design,Nemeth I.; Schneider-Marin P.; Figl H.; Fellner M.; Asam C.,2022,IOP Conference Series: Earth and Environmental Science,"Resource scarcity and global warming call for ambitious strategies in the construction sector to meet the ever-growing demand for indoor spaces with minimal resource consumption and positive environmental impacts. In line with the need to introduce circular economy in the construction sector, the German Public Sustainability Certification System (BNB) is revising its indicator for disassembly, separation and reuse. The proposed assessment is intended to guide in the planning process and to point out challenges and potentials of the circular economy by making the complex interactions and requirements comprehensible in detail. The continuity of the assessment from the building material to the building component to the entire building allows users to track the impact of changes made at each level of aggregation. Based on extensive background research, end-of-life categories are assigned to building materials according to their reusability, taking into account assembly techniques and adjacent, associated materials. Example building components illustrate the method and show the impact of design changes. At the building level, the quantity determination of materials in the end-of-life condition allows transparent comparison of different design variants and documents in detail the material inventory for use in building material passports. Future developments envision the inclusion of building services in the circularity assessment, benchmarking of circularity at the building level, and integration of circular qualities into life cycle analysis calculations. © 2022 Institute of Physics Publishing. All rights reserved.",circular buildings; circular economy; ecological design strategies; end-of-life phase; sustainability assessment method,,10.1088/1755-1315/1078/1/012082,Conference paper,9,Scopus,2-s2.0-85139104189,,,SCOPUS_S2-1.csv
Construction and demolition waste in Tungurahua: A case study from Ecuador,Cabrera Gómez J.D.; Velasco Espín P.C.,2022,Environmental Research and Technology,"This research will make an analysis of the material stock in Tungurahua-Ecuador from 2013 to 2019 using the general purpose of six “s” of Brand (1994) for site, structure, skin and space plan layers, data was taken from the Instituto Nacional de Estadisticas y Censos (INEC), from 2013 to 2019; and for the stuff layer the research applied online forms, the results show that reinforced concrete is the predominantly material used in foundation, structure and skin layers, then bricks and blocks are most common used in space plan layer and timber elements are the most used in the stuff layer, finally the paper proposes some ways to deal with this type of materials and future information to be addressed in new research. © 2022 The authors.",Building material stock; Construction and demolition waste; Six “s” of brand; Tungurahua; Urban mining,,10.35208/ert.1150943,Article,2,Scopus,2-s2.0-85144769986,,,SCOPUS_S2-1.csv
Dataset for Urban Scale Building Stock Modelling: Identification and Review of Potential Data Collection Approaches,Pei W.Y.; Biljecki F.; Stouffs R.,2022,"ISPRS Annals of the Photogrammetry, Remote Sensing and Spatial Information Sciences","Construction materials play an important role in environmental impacts and make cities big resource consumers. To assess the sustainability of cities, the combined use of Life Cycle Assessment (LCA) and Material Flow Analysis (MFA) is considered effective to analyze construction material stock and flows. However, exhaustive data is required for such analyses, making LCA and MFA difficult to apply at the urban scale. Building information, the essential ingredient, is rarely available openly. Common approaches to gather the required data include both obtaining it directly from available datasets, e.g. open data from official sources, and indirectly generating data based on available data, e.g. using machine learning to fill the missing gaps. This research develops a data collection guideline for buildings' geometrical features, components and materials at the urban scale in the context of LCA and MFA. First, it identifies the basic steps of urban-scale building stock modelling and the list of data requirements. Second, the factors influencing the data collection are pointed out. In line with these guidelines, this research picks Singapore as a study area, reviewing the relevant authoritative open data sources and methodologies to estimate missing data. Finally, the suggestion on implementation of data collection are provided. When the data collection for urban scale stock modelling is limited by uncertain reality conditions, identifying and combining open datasets and data generation methods for data preparation is a necessity.  © 2022 W. Y. Pei et al.",Bottom-up Model; Building Material Stock; City Dataset; Data Standards; Urban Information Modelling,Building materials; Buildings; Data acquisition; Environmental impact; Open Data; Sustainable development; Bottom-up modeling; Building material stock; Buildings materials; City dataset; Data collection; Data standards; Information Modeling; Stock models; Urban information modeling; Urban scale; Life cycle,10.5194/isprs-annals-X-4-W2-2022-225-2022,Proceedings Paper,5,Scopus; Web of Science,2-s2.0-85141038909,WOS:000885095400030,,SCOPUS_S2-1.csv; S2-1 result.txt
Experimental GIS analysis of the mass and material composition of the building stock in sample areas in Budapest; [Az épületállomány tömegének és anyagösszetételének kísérleti térinformatikai elemzése budapesti mintaterületeken],Szabó E.,2022,Teruleti Statisztika,"Materials in urban areas in the form of buildings and infrastructure networks have the potential to be recycled and thus partially substitute primary raw material sources. The method presented in this study is suitable for determining the mass and material composition of the building stock and its spatial distribution, based on a combination of material intensity factors specific to the building structure and different building types. The characterisation of the whole building stock requires the linking of geographic information system (GIS) databases for building age and use types, to which specific material intensity factors depending on the building type should be assigned. At the metropolitan level, the building stock may consist of up to hundreds of thousands of units, and a tradeoff between feasibility and accuracy can be made by introducing and applying the concept of synthetic buildings. Based on the sample area survey, the 490 buildings to be taken into account are calculated to have a synthetic volume of 9.3 million m³ and a total material stock of 3674 kilotonnes. The results demonstrate that the methodology presented can be used to establish the resource inventory necessary for the continuous monitoring of the building stock and for a better understanding of urban material flows and stocks (together: urban metabolism). © 2022. Teruleti Statisztika. All Rights Reserved.",Building stock; Gis; Material intensity; Material stock; Urban metabolism,,10.15196/TS620303,Article,0,Scopus,2-s2.0-85133958685,,,SCOPUS_S2-1.csv
Material intensity database for the Dutch building stock: Towards Big Data in material stock analysis,Sprecher B.; Verhagen T.J.; Sauer M.L.; Baars M.; Heintz J.; Fishman T.,2022,Journal of Industrial Ecology,"Re-use and recycling in the construction sector is essential to keep resource use in check. Data availability about the material contents of buildings is significant challenge for planning future re-use potentials. Compiling material intensity (MI) data is time and resource intensive. Often studies end up with only a handful of datapoints. In order to adequately cover the diversity of buildings and materials found in cities, and accurately assess material stocks at detailed spatial scopes, many more MI datapoints are needed. In this work, we present a database on the material intensity of the Dutch building stock, containing 61 large-scale demolition projects with a total of 781 datapoints, representing more than 306,000 square meters of built floor space. This dataset is representative of the types of buildings being demolished in the Netherlands. Our data were empirically sourced in collaboration with a demolition company that explicitly focuses on re-using and recycling materials and components. The dataset includes both the structural building materials and component materials, and covers a wide range of building types, sizes, and construction years. Compared to the existing literature, this paper adds significantly more datapoints, and more detail to the different types of materials found in demolition streams. This increase in data volume is a necessary step toward enabling big data methods, such as data mining and machine learning. These methods could be used to uncover previously unrecognized patters in material stocks, or more accurately estimate material stocks in locations that have only sparse data available. This article met the requirements for a Gold-Gold JIE data openness badge described at http://jie.click/badges. © 2021 The Authors. Journal of Industrial Ecology published by Wiley Periodicals LLC on behalf of Yale University",circular economy; construction; industrial ecology; material stocks and flows; urban mining,Netherlands; Big data; Construction industry; Demolition; Gold; Recycling; Building stocks; Component materials; Construction sectors; Data availability; Demolition projects; Material content; Recycling materials; Structural buildings; building; building code; building construction; data mining; database; demolition; resource use; Data mining; RESIDENTIAL BUILDINGS; DYNAMICS; FLOWS; TIME,10.1111/jiec.13143,Article,87,Scopus; Web of Science,2-s2.0-85105154109,WOS:000647950900001,,SCOPUS_S2-1.csv; S2-1 result.txt
Parametric Stock Flow Modelling of Historical Building Typologies,Negendahl K.; Barholm-Hansen A.; Andersen R.,2022,Buildings,"While the construction sector is a major consumer of new raw materials, it also contributes largely to waste generation. Therefore, improved estimates of demolition waste and the identification of components and materials for reuse or recycling are an important prerequisite for better waste management in the construction sector. The aim of this study is to investigate the differences and possibilities between static bottom-up models and parametric BIM-integrated bottom-up models for material flow analyses to predict the building material composition of historical building typologies. Findings are, when comparing the predictive capabilities of the pre-audit model with a novel implementation of a generative parametric model, that we see a drastic improvement in the error-reduction. The test models and test cases are based on limited data but given the significance of the magnitude of variance between the two models, there is a strong indication that the most precise modelling approach is obtained when utilizing a parametric model based on historical building traditions. In contrast, the use of normal static prediction-based modelling is hard to justify since data on demolition waste is of poor quality. Combining the two modelling approaches might present a new alternative to reduce factor errors in predictions of demolition waste and create a foundation for better pre-demolition audits and BIM models for material passports. © 2022 by the authors.",building information modelling (BIM); building stock; construction and demolition waste; material flow analysis (MFA); parametric modelling,DEMOLITION WASTE; CONSTRUCTION; MANAGEMENT; INFRASTRUCTURE; ECONOMY; JAPAN; TIME,10.3390/buildings12091423,Article,13,Scopus; Web of Science,2-s2.0-85138764328,WOS:000858333700001,,SCOPUS_S2-1.csv; S2-1 result.txt
Prediction of compressive strength of concrete at high heating conditions by using artificial neural network-based Bayesian regularization,Hadzima-Nyarko M.; Trinh S.H.,2022,Journal of Science and Transport Technology,"Cement concrete is the most commonly used material today for constructing residential or commercial buildings, industrial parks, or particular components such as tunnel slabs where there is a high risk of fire. This structure requires concrete to be subjected to high temperatures generated by fires. However, concrete under the influence of high temperature has very complex behavior states with deformations, physical and chemical changes as the temperature rises dramatically. In this study, an artificial neural network-based Bayesian regularization (ANN) model is proposed to predict the compressive strength of concrete. The database in this study includes 208 experimental results synthesized from laboratory experiments with 9 input variables related to temperature change and design material composition. The performance of the ANN model was evaluated using K-fold cross-validation and statistical criteria, including mean absolute error (MAE), root mean square error (RMSE), and coefficient of determination (R2). The results show that the proposed ANN model is a reasonable, highly accurate, and useful prediction tool for saving time and minimizing costly experiments. © 2022, University of Transport Technology. All rights reserved.",ANN; Bayesian regularization; compressive strength; K-fold cross-validation; Machine learning,,10.58845/jstt.utt.2022.en.2.1.9-20,Article,5,Scopus,2-s2.0-85141051762,,,SCOPUS_S2-1.csv
Reuse and Retrofitting Strategies for a Net Zero Carbon Building in Milan: An Analytic Evaluation,Besana D.; Tirelli D.,2022,Sustainability (Switzerland),"The building sector accounts for 38% of carbon emissions, the principal cause of climate change. To meet the targets set by the Paris Agreement, including zero net emissions by 2050, it is necessary that governments develop a culture of sustainability. Whole Life Carbon Assessment of a building, comprehensive of operational and embodied carbon (EC), is described by EN15978:2011. Net Zero Carbon Buildings (NZCB) achieve a balance of zero emissions during their life cycle, promoting both reduction and compensation by adopting many strategies (e.g., reuse of existing structures, design for adaptability and disassembly, circular economy principles). Choosing bio-based materials is also helpful to compensate for EC, thanks to the biogenic carbon stored during their growth. The aim of this research is to find out which strategies are relevant to meet NZCB target, in order to apply them to a case study of reuse of an abandoned building in Milan, highlighting the design process. Material quantities were extracted from the BIM model and imported in OneClick LCA to assess embodied carbon emissions (A1–A5 modules, material production and supply, transport, construction). The final design stage achieved a reduction of 91% in EC compared to a standard new construction, while the bio-based materials compensated for the rest. Further research can improve the Environmental Product Declaration (EPD) of materials and assess the entire building life cycle. © 2022 by the authors.",bio-based materials; carbon emissions; circular economy; embodied carbon; EPD; LCA; Net Zero Carbon Building; retrofit; reuse; sustainable design,Milan [Milano]; building; carbon emission; climate change; compensation; reduction; HEALTH,10.3390/su142316115,Article,47,Scopus; Web of Science,2-s2.0-85143623096,WOS:000896489800001,,SCOPUS_S2-1.csv; S2-1 result.txt
Semisupervised machine learning classification framework for material intensity parameters of residential buildings,Vilaysouk X.; Saypadith S.; Hashimoto S.,2022,Journal of Industrial Ecology,"The material intensity (MI) parameter plays an important role when determining amounts of material stocks, material inflows, and material outflows in material stock models. Recently, several studies have summarized MI parameter information for buildings from around the globe into a single database. Nevertheless, insufficiencies of building type information have led to difficulties when using MI data. This study used semisupervised machine learning to classify MI. An open database of MI parameters of buildings was used as input data for our semisupervised machine learning model. We used material composition data of MI as feature data fed into our machine learning (ML) model. Attribute information of those data points belongs to clusters obtained from the original database was used as information to discover building characteristics of buildings in each building of those clusters to assign building labels for data points of the original dataset. Experiment results revealed seven building clusters in the studied dataset. The probability density function of MI of three building clusters follows a Weibull distribution. The remaining clusters follow gamma and lognormal distributions. Building type labels inferred from the results are useful as additional attributes to the original dataset, providing a new dataset of MI that can be adapted easily for other studies when country-specific MI data are not available. A decision tree for finding appropriate MI parameters was also introduced. The classification model accuracy was 92.73%, which was achieved using only 201 data points. The proposed framework presents possibilities for application to other MI studies. This article met the requirements for a Gold-Gold JIE data openness badge described at http://jie.click/badges. © 2021 by Yale University.",conditional inference tree; industrial ecology; k-means; material stock model; residential buildings; semisupervised machine learning,Database systems; Decision trees; Gold; Machine learning; Probability density function; Weibull distribution; Attribute information; Building characteristics; Classification models; Intensity parameters; Log-normal distribution; Machine learning classification; Machine learning models; Material compositions; building; building construction; data set; machine learning; probability density function; supervised classification; Buildings; MATERIAL FLOW-ANALYSIS; K-MEANS; UNCERTAINTY; STOCKS; CHINA,10.1111/jiec.13174,Article,18,Scopus; Web of Science,2-s2.0-85111904000,WOS:000679907100001,,SCOPUS_S2-1.csv; S2-1 result.txt
Structural material demand and associated embodied carbon emissions of the United States building stock: 2020–2100,"Arehart J.H.; Pomponi F.; D'Amico B.; Srubar W.V., III",2022,"Resources, Conservation and Recycling","This study uses material flow analysis to estimate the material stocks and flows and associated upfront embodied carbon emissions for gravity building structural systems in the United States. Seven scenarios that align with the shared-socioeconomic pathways are conceptualized and used to estimate floor space and structural material demands through 2100. These scenarios consider aggressive, moderate, and low adoption rates of timber-based structural materials. Under all scenarios, total floor space is projected to increase to a maximum upper-bound of 202% (162,187 m2) between 2020 and 2100. The results indicate that the associated increase demand for structural materials cannot be met solely by urban mining of decommissioned buildings. Assuming present-day carbon emissions intensities of structural materials, the average upfront embodied carbon intensity for gravity superstructures in the building stock decreases from 49 kg CO2e/m2 in 2020 to 29 kg CO2e/m2 in 2100 under the scenario with aggressive adoption of timber-based systems. © 2022 Elsevier B.V.",building stock; Circular economy; Embodied carbon; Floor space; Material flow analysis; Structural systems,United States; Building materials; Buildings; Carbon; Floors; Building stocks; Building structural; Carbon emissions; Circular economy; Embodied carbons; Floor space; Material demands; Materials flow analysis; Stocks and flows; Structural systems; building construction; carbon emission; construction material; industrial ecology; material flow analysis; recycling; timber; Article; carbon storage; construction work and architectural phenomena; mathematical computing; mathematical model; mining; Monte Carlo method; socioeconomics; Timber; RESIDENTIAL BUILDINGS; ENERGY USE; CEMENT; DYNAMICS; PROJECTIONS; FLOWS; STEEL,10.1016/j.resconrec.2022.106583,Article,71,Scopus; Web of Science,2-s2.0-85135335264,WOS:000863277600007,,SCOPUS_S2-1.csv; S2-1 result.txt
The dynamic stock-flow and driving force analysis of the building metal and non-metal resources at a city scale: An empirical study in Macao,Long Y.; Li Z.; Song Q.; Cai K.; Tan Q.; Yang G.,2022,Circular Economy,"The construction industry is often seen as one of the most dynamic sectors, referring to large resource consumption and waste generation, and has grown rapidly in the last few decades. Under the background of ""Zero Waste City,"" it will be essential to understand the metabolic stock-flow process and the driving forces of urban building resources. By combining the top-down and bottom-up methods, this study establishes a dynamic material flow analysis (MFA) model to clarify the stock and flow characteristics, driving forces, and future trends of urban building resources in Macao China. The result shows that the total material stock increased from 14.13 million metric tons (Mt) in 1999 to 32.75 Mt in 2018, with an average annual growth rate of 4.29%. In 2018, metal resources accounted for 10.73% of the total building stock (steel and aluminum resources accounted for 10.30% and 0.43%, respectively), and nonmetal resources accounted for 89.27%. The construction demolition waste (CD&W) increased from 0.02 Mt in 1999 to 0.69 Mt in 2018. Among metal materials, steel and aluminum accounted for 7.11% and 0.4%, respectively. The demolition quantity of metal resources increased from 1.6 kilotons (kt) in 1999 to 51.8 kt in 2018 (an average annual increase of 1.59%) and peaked at 95.2 kt in 2007. The IPAT (I-environment impact; P-population factor; A-social affluence factor; T-technology factor) method results show that the economy and population are always the driving force for urban building resources stock in Macao China. The scenario analysis shows that, by 2035, the maximum stock of urban building materials in Macao will reach 65.19 Mt, about twice in 2018. The results are expected to provide a theoretical basis for establishing scientific resource management and recycling systems for urban buildings. (c) 2022 The Author(s). Published by Elsevier B.V. on behalf of Tsinghua University Press. This is an open access article under the CC BY-NC-ND license (http://creativecommons.org/licenses/by-nc-nd/4.0/).",Driving forces; Macao; Material flow analysis (MFA); Metal and non-metal materials; Stock-flow analysis; Urban buildings,Aluminum; Demolition; Metal analysis; Driving forces; Flow analysis; Macao; Material flow analyse; Materials flow analysis; Metal and non-metal material; Metals materials; Non-metals; Stock flows; Stock-flow analyse; Urban buildings; Construction industry; WASTE MANAGEMENT; CIRCULAR ECONOMY; DEMOLITION WASTE; CONSTRUCTION; CHINA; FUTURE; SYSTEM; JAPAN,10.1016/j.cec.2022.100004,Article,14,Scopus; Web of Science,2-s2.0-85153099827,WOS:001555058900007,,SCOPUS_S2-1.csv; S2-1 result.txt
The effect of the COVID-19 epidemic on Moroccan sectoral indices: The entropy approach,Bouhlal F.; Sedra M.B.,2022,Investment Management and Financial Innovations,"The current study investigates the impact of the Coronavirus 2019 (COVID-19) pandemic on the volatility of Moroccan stock market sectoral indices. Shannon entropy with multiple estimators and Rényi entropy for different scales were calculated from February 1, 2019 to May 1, 2022, to measure volatility in the Banking, Oil and Gas, Construction and Building Materials, Beverage, Food Producers and Processors, Distributors, and Mining sector's indices. In this regard, this study uses three periods to quantify the uncertainty in Moroccan sectoral indices before, during, and after the first year of the COVID-19 pandemic in Morocco. The empirical results from Shannon and Rényi entropies indicated higher volatility during the COVID-19 pandemic for all sectoral indices except Oil and Gas. However, the consumer staples sectors have shown a form of resilience compared to other sectors. Indeed, the impact of COVID-19 on the consumer staples sectoral indices' volatilities was negligible compared to other sectors. In addition, investing in a portfolio composed of Mining or Construction and Building Materials stocks was risky due to the increased volatility before and during the epidemic. However, after the COVID-19 pandemic, the entropy level corresponding to all sectors has rearranged except the Beverage sector, which kept the lowest entropy during the three periods. Thus, it seems that the Beverage sector was a safe investment for the three periods. The findings are crucial for governments, businesses, private and public authorities, and investors to create recovery action plans for sensitive sectors and give investors trust to make smarter investment decisions. © The author(s) 2022. This publication is an open access article.",econophysics; return time series; Rényi entropy; Shannon entropy; volatility,,10.21511/imfi.19(4).2022.19,Article,4,Scopus,2-s2.0-85145214261,,,SCOPUS_S2-1.csv
Urban mining potential in Serbia: Case study of residential building material stock,"Nadazdi, A Parezanovic, A Petojevic, Z Naunovic, Z",2022,GRADEVINSKI MATERIJALI I KONSTRUKCIJE-BUILDING MATERIALS AND STRUCTURES,"As governments worldwide attempt to develop sustainable waste management strategies, massive amounts of waste have been accumulating. However, developing an effective waste management strategy requires a thorough understanding of waste types and quantites. The existing efforts to identify waste flows in the built environment are unsuitable for countries with non-reliable statistics as they mostly use location-specific parameters such as data on construction, renovation, demolition activity, and generation rates from the literature. The types and quantities of materials embedded are rarely considered. This study aims to fill the identified gap by estimating the quantities of different material types embedded in Serbian residential building stock. It will do so by calculating the volume and weights of building elements and their materials using information from a detailed building stock typology. The results show that the amounts of materials embedded vary significantly from district to district, ranging from 10 in Toplicka District to 96.9 million tons in Belgrade. The mineral materials are the highest contributors to the material embedded, implying that future waste management strategies should focus on them. Apart from the formulation of location-specific circular economy and waste management strategies, these results may be useful for planning energy efficiency retrofitting activities, deconstruction and reversible design strategies.",material cadastre; material flow; material intensity; construction and demolition waste estimation; circular economy; construction and demolition waste management,MATERIAL FLOW-ANALYSIS; CONSTRUCTION,10.5937/GRMK2203085N,Article,3,Web of Science,,WOS:000888072600001,,S2-1 result.txt
What matters most to the material intensity coefficient of buildings? Random forest-based evidence from China,Zhang R.; Guo J.; Yang D.; Shirakawa H.; Shi F.; Tanikawa H.,2022,Journal of Industrial Ecology,"Material intensity coefficient (MIC) is vital for material stock accounting in the field of industrial ecology. However, the categorization of MIC varies across regions especially for buildings that diverge greatly along the history and space aspect, and acquisition of MIC data and building information have always been a challenge in related studies. In this study, the state-of-art ensemble model “Random Forest” was developed on Chinese buildings to identify the impact of four building attributes (building structure, construction year, use type, and region) on MIC, and these features’ importance was further assessed by considering variable correlations. The features’ importance and their individual effects on MIC were intuitively revealed by depicting the partial dependence plots. Finally, a set of hierarchical MIC values was estimated by integrating the order of four variables’ importance and a quick MIC calculator was provided. Results showed that building structure is the most influential attribute for MIC, followed by the construction year, use type, and region, successively. The RF-based MIC values allow researchers to apply it to material stock and flow analysis by choosing a specific building feature(s) in the MIC calculator, which is (are) available in building physical inventory data. This study provides a method that could help researchers locate key influencing variables and give insights into the comparability of MIC research across regions and play an important role in developing urban mining and circular economy strategies. © 2022 by the International Society for Industrial Ecology.",bottom-up material stock analysis; building material intensity; Chinese buildings; feature importance; industrial ecology; random forest,China; Buildings; Construction; Ecology; Mathematical instruments; Random forests; Bottom up; Bottom-up material stock analyse; Building material intensity; Buildings materials; Chinese building; Feature importance; Industrial ecology; Materials intensity; Stock analysis; bottom-up approach; building; emission inventory; industrial ecology; stock assessment; Decision trees; MATERIAL STOCK ANALYSIS; RESIDENTIAL BUILDINGS; ENVIRONMENTAL-IMPACT; MATERIALS DEMAND; CONSTRUCTION; MODEL; STEEL; METABOLISM; DEMOLITION; SOCIETY,10.1111/jiec.13332,Article,24,Scopus; Web of Science,2-s2.0-85139430897,WOS:000865472500001,,SCOPUS_S2-1.csv; S2-1 result.txt
A bottom-up building stock quantification methodology for construction minerals using Earth Observation. The case of Hanoi,Bide T.; Novellino A.; Petavratzi E.; Watson C.S.,2023,Cleaner Environmental Systems,"Increasing demand for significant volumes of construction materials, especially sand for use in concrete, in rapidly developing urban environments is becoming a significant socio-economic and environmental issue. The consumption of concrete (comprised of sand, aggregates and cement) is especially concerning on a city level as vast volumes of materials are extracted within the urban hinterland, causing direct impacts locally and the potential for supply issues directly impacting city level metabolism. Excessive consumption and poor management of these materials make it increasingly hard for society to ensure new urban development and infrastructure projects, essential for maintaining the health of cities, meet sustainable development objectives. However, it is difficult to implement suitable resource management policies without first understanding how materials are produced and consumed at an appropriate spatial level. For many areas, especially on a city level, such data is absent, especially so for sand and aggregates which can further exacerbate these local supply issues and environmental impacts. This study attempts to address this data gap via combining earth observation datasets with estimates of materials contained within urban infrastructure (material intensities) to calculate the rapid increase of construction material stocks in Hanoi. Spatial data on buildings have been gathered using, producing, and collating a variety of spaceborne open-source datasets on built up areas (GlobalMLBuildingFootpint, World Settlement Footprint 3D, Open Street Map) and land use classification maps. Linking this spatial data with estimated quantities of sand, gravel, cement and concrete in typical buildings in Hanoi enables quantification of building stocks for a range of building types over a time series. The results show that for every new km2 of urban infrastructure approximately 520,000 tonnes of concrete, or 360,000 tonnes of sand, 580,000 tonnes of gravel and 115,000 tonnes of cement are required. If the Hanoi Masterplan is to be achieved by 2030, then the material demand is likely to be for 106 million tonnes of concrete or 73 million tonnes of sand, 118 million tonnes of gravel and 24 million tonnes of cement. These all exceed historical consumption trends and are far in excess of current extraction rates and therefore careful planning is required to ensure access to sustainable resources into the future. © 2023 The Authors",Construction materials; Earth observation; Material intensity; Sand,Buildings; Cements; Classification (of information); Concrete aggregates; Economics; Environmental impact; Extraction; Gravel; Land use; Observatories; Sustainable development; Urban growth; Bottom up; Building stocks; Earth observations; Economic issues; Environmental issues; Materials intensity; Socio-economics; Spatial data; Urban environments; Urban infrastructure; Sand; ENVIRONMENTAL-IMPACT; DEMOLITION; WATER,10.1016/j.cesys.2023.100109,Article,20,Scopus; Web of Science,2-s2.0-85148689336,WOS:000965763700001,,SCOPUS_S2-1.csv; S2-1 result.txt
A Danish model of building macro-components to promote circularity,Francart N.; Gummidi S.R.B.; Hoxha E.; Birgisdottir H.,2023,Journal of Physics: Conference Series,"A better understanding of the material composition of the existing building stock is important for the development of circular economy strategies in the building sector. This paper presents a recently developed model to map the types and amounts of various materials in existing buildings in Denmark, with a high level of detail at the level of components rather than just material types. The model is meant to enable a detailed description of the building stock and a consideration of how components could be reused. Building properties are imported from the Danish national building registry (BBR) and processed into a relational database. Properties are combined with information on past construction techniques from architecture handbooks to estimate the most likely macro-components (types of wall, roof, etc) used in each building, and dimension these components. Material amount estimates from the model are compared with previous estimates as well as with material inventories from case study buildings. While the open-source model currently lacks accuracy, it is intended to be easily modifiable, and can support continuous improvements of the estimates based e.g. on new information from material passports, waste treatment facilities or remote sensing data. The paper discusses future opportunities to improve the model's accuracy and use it to help develop circularity strategies and complement on-site inspections to overcome barriers to circularity. © 2023 Institute of Physics Publishing. All rights reserved.",,Handbooks; Remote sensing; Roofs; Waste treatment; Building property; Building stocks; Buildings sector; Circular economy; Denmark; Developed model; Level-of-detail; Material compositions; Material's type; Relational Database; Buildings,10.1088/1742-6596/2600/19/192001,Conference paper,9,Scopus,2-s2.0-85180627890,,,SCOPUS_S2-1.csv
BIM and IoT Technologies Applied in Material Management System for Construction Projects,Y. Yi; L. Li; Y. Wang,2023,2023 2nd International Conference on Artificial Intelligence and Computer Information Technology (AICIT),"Material management is a critical aspect of construction projects that is closely linked to ensuring the smooth implementation of construction and meeting schedule targets. However, in practice, there are still many problems, including a lack of quality control and inefficient management. To address these issues, this paper proposes the use of IoT and BIM technologies to construct a project material management system, which aims to enhance the visualization, accuracy, and automation of material management. By leveraging the capabilities of these two technologies, this system enables real-time monitoring of material usage, tracking of material quality, and optimization of material procurement and utilization processes. The system can provide construction teams with real-time information on material inventories, usage rates, and potential delays in the supply chain, allowing them to make informed decisions and take appropriate actions to ensure project success. This paper highlights the potential benefits of integrating IoT and BIM technologies in construction material management and provides a practical solution for addressing the challenges faced in this critical area.",Material management;Construction projects;Internet of Things;BIM,Visualization; Schedules; Supply chains; Project management; Transportation; Solids; Real-time systems,10.1109/AICIT59054.2023.10278027,IEEE Conferences,3,IEEE Xplore,,,IEEE Conferences,IEEE_S2-1_merged_deduplicated_raw.csv
Building feature-based machine learning regression to quantify urban material stocks: A Hong Kong study,Yuan L.; Lu W.; Xue F.; Li M.,2023,Journal of Industrial Ecology,"Urban material stock (UMS) represents elegant thinking by perceiving cities as a repository of construction materials that can be reused in the future, rather than a burdensome generator of construction and demolition waste. Many studies have attempted to quantify UMS but they often fall short in accuracy, primarily owing to the lack of proper quantification methods or good data available at a micro level. This research aims to develop a simple but satisfactory model for UMS quantification by focusing on individual buildings. Generally, it is a “bottom-up” approach that uses building features to proximate the material stocks of individual buildings. The research benefits from a set of valuable, “post-mortem” ground truth data related to 71 buildings that have been demolished in Hong Kong. By comparing a series of machine learning-based models, a multiple linear regression model with six building features, namely building type, building year, height, perimeter, total floor area, and total floor number, is found to yield a satisfactory estimate of building material stocks with a mean absolute percentage error of 9.1%, root-mean-square error of 474.13, and R-square of 0.93. The major contribution of this research is to predict a building's material stock based on several easy-to-obtain building features. The methodology of machine learning regression is novel. The model provides a useful reference for quantifying UMS in other regions. Future explorations are recommended to calibrate the model when data in these regions is available. © 2022 by the International Society for Industrial Ecology.",circular economy; construction materials; industrial ecology; machine learning regression; sustainable development; urban material stocks,China; Hong Kong; Demolition; Floors; Learning algorithms; Linear regression; Machine learning; Mean square error; Sustainable development; Buildings materials; Circular economy; Construction and demolition waste; Feature-based; Hong-kong; Industrial ecology; Machine learning regression; Machine-learning; Urban material stock; Urban materials; building; construction material; demolition; error correction; industrial ecology; machine learning; regression analysis; repository; sustainable development; urban economy; Building materials; MATERIAL FLOW-ANALYSIS; DEMOLITION WASTE; CONSTRUCTION; ACCUMULATION; GENERATION; DYNAMICS; ENERGY; JAPAN; TIME,10.1111/jiec.13348,Article,42,Scopus; Web of Science,2-s2.0-85145366524,WOS:000905951400001,,SCOPUS_S2-1.csv; S2-1 result.txt
Building materials in a circular economy,Dalton T.; Dorignon L.; Boehme T.; Kempton L.; Iyer-Raniga U.; Oswald D.; Amirghasemi M.; Moore T.,2023,AHURI Final Report,"Key points • The housing industry is an institution with recognisable 'rules of the game' that shape industry structure and actor interactions, which in turn will shape responses to the development of a circular economy (CE) strategy. • Understanding the structure of building-material supply chains is essential for policy development seeking to reduce carbon intensity of new material choice and use in the housing industry. • Housing industry engagement with the CE and reducing greenhouse gas (GHG) emissions by relying less on virgin materials and increasing reuse, recycling and resource recovery will require development of efficient and responsive 'used' materials markets. Key findings There has been limited consideration and engagement with circular economy (CE) principles within the residential housing industry and its material supply chains. A starting point for informing the development of a CE is to analyse the institutional arrangements of material supply chains that supply manufactured building materials containing embodied GHG emissions to the residential housing industry. This type of analysis can assist in showing how the housing industry and its supply chains can contribute to reducing GHG emissions by using low-carbon materials and relying less on virgin materials. It can also assist by showing how the industry can close loops by reducing waste through reusing, recycling and recovering resources in the industry and its supply chain. The material flow analysis (MFA) found that data for tracking material stocks and flows throughout the residential construction sector is inadequate. This applies to new and existing materials as they move into the construction and demolition waste stream. A novel approach was developed, using top-down available datasets and bottom-up generation of data. It showed that the use of concrete continues to increase, which is increasing the carbon intensity of housing. Further, while the number of houses constructed each year has not changed significantly over the past 50 years, the size of houses constructed and the changes in materials have significantly increased the carbon intensity of new housing. The improved understanding of material flows is important for developing an industry CE. The analysis can be extended and improved through the development of better data systems. Analysis of two sustainable housing developments in Victoria (The Cape and Nightingale Village) highlighted the challenges facing the introduction of CE. Both case studies examined building design and construction, and searched for practices that could be regarded as CE practices. The Cape builders sought to respond to CE principles by facilitating stakeholder collaboration in the design, construction and occupation phases. At the Nightingale Village - while the building life cycle was considered - the emphasis was on reducing costs and meeting environmental objectives by reducing material use. These cases highlight the challenges the industry faces. Some changes were easy, such as brick reuse, while others, such as timber reuse, were constrained by concerns about structural integrity. Also, material reuse was constrained because of the lack of onsite storage space between deconstruction and construction. Further, the cost of disassembly and material reuse incurs costs that builders cannot meet on their own. The research found through three case-study analyses of material supply chains - concrete, steel and timber - that builders source materials from suppliers without assessing embodied carbon created by manufacture. All three supply chains have local and global features, which means that reducing emissions requires governance arrangements that span multiple jurisdictions. At a global level, high-emission concrete and steel industries have committed to staged emission reductions. Their decarbonisation 'pathways' will require significant reinvestment in plant and equipment, product innovation, and change in design and patterns of use in downstream supply chains. Timber use in housing is bifurcated. It continues to be used extensively in detached residential housing. However, its proposed use in the multi-unit apartment industry has stalled. Because the proportion of multi-unit apartment housing is increasing, this means that the carbon intensity of housing as a whole is increasing. Material supply-chain decarbonisation and CE development will require close attention to supply-chain institutional arrangements and collaborative reform supported by broader public policy. Policy development options Important policy issues and possible policy responses were identified during the course of the research, which focussed on: • mapping and analysing the flow of materials into and out of the housing system, and the availability and quality of the necessary data • design and onsite decisions about material choice and material reuse for low-rise and multi-unit apartment housing construction • the institutional arrangements of manufactured material supply chains that supply materials to housing industry builders. The following areas for policy development were identified, and preliminary ideas for their further development are outlined. • Materials data collection and analysis: The research identified significant data gaps that need to be filled if we are to understand the flow of materials used in housing construction; materials already in the housing system; construction and disassembly waste; and reuse. The Commonwealth Scientific and Industrial Research Organisation (CSIRO) has made considerable progress in the development of a data system with its Australian Housing Data Portal. However, further initiatives such as required submission of 'as-built documentation' (ABD), and use of 'material passports' will vastly improve stock in-use and materials tracking. Data should also be geocoded to support analysis at a regional and local scale. • Incentivising disassembly and reuse: It is difficult for building-industry stakeholders to economically justify disassembly and reuse. Policy development should focus on incentivising disassembly for material reuse, as well as encouraging other ways to reduce embodied energy through material selection and the use of local products. Creating markets for materials reuse within Australia is important, but as many materials and products are imbricated in global supply chains, it is likely that these markets will also be connected to international markets. It is important to ensure that local building-industry actors seeking to reuse materials are not penalised by markets that do not value construction waste. • Regulation for low carbon: The National Construction Code (NCC) is a performance-based code that sets minimum levels for the safety, health, amenity, accessibility and sustainability of buildings. The scope of its sustainability regulation could be expanded to support the decarbonisation of the housing system. It could regulate to require the documentation of embodied carbon in material flows and the reuse of construction and demolition waste (CDW). This regulation could be supported by a simple-to-use digital recording system that records the flow of materials into the housing system. Most regulations on recycling and reuse focus on end-of-pipe solutions for CE. They should also support better measurement of material flows, as well as reuse, rethink, repurpose or remanufacture. • Tilting investment flows: Policy makers can shape investment flows in ways that support the decarbonisation in the materials industries. This form of investment, accompanied by regulation, can support the decarbonisation of materials manufacturing and stimulate demand for recycled materials. Strategic use of public procurement is a complementary form of support. The use of taxation policy can also guide optimisation of resource use across materials life cycles, from resource taxes on raw materials to tax relief on reuse and repair, and creation of carbon credits to incentivise reduced emissions. • Building capacity: Expanding the pool of people with a knowledge of CE is a high priority and requires developments in education, training and skills development. This can be done through curriculum development for use in universities and TAFEs, along with professional development in-service training that presents built-environment embodied carbon and CE concepts. These education and training programs would focus on topics such as materials manufacturing, material supply chains, materials innovation, construction, maintenance and deconstruction processes, building-industry institutional arrangements and emissions reduction policy. • Developing low-carbon supply chains: Building-material supply chains are complex and involve different actors that are often uncoordinated and have conflicting interests. They include manufacturers, distributors, retailers, regulators, professional consultants, contractors and subcontractors. There is a case for establishing housing industry low-carbon supply-chain councils. Council members would be drawn from industry and professional associations, along with civil society social movement organisations, including relevant unions. Each council, supported by a federal government industry agency, would support a deliberative consultative process that prepares plans for the development of low-carbon supply chains for the housing industry. The study This research is part of the AHURI Inquiry into housing in a circular economy which asked: How can the transition to a circular economy in housing be implemented to provide more sustainable housing? The focus of this project (which is one of four projects) presented in this report is on the flow of building materials through supply chains into and out of the residential housing system. These supply chains start with the exploitation of natural resources and CO2-emitting and other greenhouse-gas-emitting manufacturing industries. The aim of the project was to understand the following: • The structuring and functioning of the material supply chains supplying manufactured building materials containing embodied GHG emissions to the Australian residential housing industry. • How the housing industry can contribute to the CE by reducing GHG emissions through reducing waste by reusing, recycling and recovering resources and relying less on virgin materials to close the material flow loop. The context for this research into building-material supply chains is dynamic, as the mitigation of climate change has become increasingly challenging in a globalised society. Four features of this context stand out: • Global and Australian Government commitments to reducing GHG emissions have increased. • Continuing rapid urban development using manufactured building materials is a major contributor to global GHG emissions. • There are inadequate responses to growing volumes of waste and disposal, valuing, reusing, reprocessing and recycling of waste across all stages of the dwelling life cycle. • A fragmented housing industry has limited capacity to create demand for a low-carbon building materials market. The research was undertaken across three work packages: • Work package 1 modelled the stocks and flows of material flows in the Australian residential sector through material flow analysis (MFA), using data from multiple datasets. Some data gaps were filled by 'bottom-up' historical analysis of phases in housing construction through collaboration with an experienced quantity surveyor. • Work package 2 evaluated two 'best in class' residential housing case studies. They were selected through a desktop review of recent projects (2017-2021) using CE criteria that identified 82 potential cases. Two cases in Victoria were selected: a low-density development (The Cape) and a medium-density apartment development (Nightingale Village). Semi-structured interviews were undertaken with 13 research participants with deep involvement in the developments. The interviews were supplemented with site visits, photographs and document review. Recorded interview data were transcribed and analysed deductively using key words from the framework created by Potting, Hekkert et al. (2017) to analyse product chain innovation. • Work package 3 examined building-material institutional arrangements for products used extensively in housing construction: concrete, steel and timber. Three methods were used. First, academic and grey literatures and websites were reviewed. Second, industry supply chains were mapped using IBISWorld industry reports (Gecz 2019). Third, semi-structured interviews (n=20) were conducted with industry insiders who had deep knowledge of their industries. In addition, 15 participants drawn from key actor groups in the building materials and residential housing industry contributed to a practitioner workshop. Participants were sent a paper, Building materials in a circular economy: Workshop briefing paper (see Appendix 1), and responded to questions and provocations (see Appendix 1), as well as contributing to an online whiteboard.  © Australian Housing and Urban Research Institute Limited 2023.",Building materials; carbon; circular economy; concrete; steel; sustainable housing; timber; waste,,10.18408/ahuri5328401,Article,15,Scopus,2-s2.0-85164733218,,,SCOPUS_S2-1.csv
Carbon emissions from accumulated stock of building materials in China,Liu T.; Zhao R.; Xie Z.; Xiao L.; Chen A.; Feng W.; You Z.; Feng M.; Li R.,2023,Building and Environment,"The stock of building materials has critical impact on sustainable development and on the reduction of the carbon emissions of the construction industry; however, the accumulated stock of building materials and its carbon emissions remain uncertain. To clarify the stock situation regarding existing buildings in China and provide reference material to support reduction of building–related carbon emissions, the accumulated building material stock and associated carbon emissions were visualized and quantified in this study based on building vector data of 33 cities and nighttime light data. In 2017, 8.8 Gt of building materials in 161.1 billion m3 of accumulated building stock produced emissions of 17.8 Gt CO2eq. Concrete and cement represented the main material types and the greatest sources of emissions. Notable disparities were found in material stock among different regions, determined primarily by factors such as areas of urban and rural construction land, population, GDP, and landform. Spatial visualization of material carbon emission intensity in China revealed a pattern of “higher in the southeast, lower in the north and midland,” and showed three aggregation modes. The results of this study could serve as scientific reference for new policies regarding low–carbon building, thereby promoting carbon emission reduction and sustainable utilization of resources in the construction industry. © 2023 Elsevier Ltd",Accumulated stock; Building materials; Carbon emissions; Material stock; Nighttime light,China; Building materials; Buildings; Carbon; Construction; Emission control; % reductions; Accumulated stock; Building stocks; Buildings materials; Buildings related carbon emissions; Carbon emissions; Material stock; Night time lights; Reference material; Vector data; carbon emission; construction material; emission control; light; nightglow; sustainable development; visualization; Construction industry; IN-USE STOCKS; MATERIAL FLOW-ANALYSIS; CO2 EMISSIONS; NIGHTTIME LIGHTS; MATERIALS DEMAND; ENERGY; CONSTRUCTION; CITY; METABOLISM; POPULATION,10.1016/j.buildenv.2023.110451,Article,39,Scopus; Web of Science,2-s2.0-85160754799,WOS:001014594500001,,SCOPUS_S2-1.csv; S2-1 result.txt
Characterizing the spatiotemporal evolution of building material stock in China's Greater Bay Area: A statistical regression method,Yuan L.; Lu W.; Wu Y.,2023,Journal of Industrial Ecology,"More than half of the materials extracted from natural environments eventually accumulate as building material stock (BMS). From a linear-to-circular economy perspective, BMS transforms the building sector from a virgin material consumer and a waste generator to a future depository of secondary resources. Studies characterizing the amount and distribution of BMS adopt different approaches, but high data requirements restrict their applicability. This research proposes an alternative method for regional BMS quantification. The method leverages the permanent population, electricity consumption, and BMS of a sample city to develop a statistical regression model; then uses it to estimate the BMS of a larger, homogenous region. With relatively low data requirements, the new method is especially applicable in underdeveloped areas where data required for BMS quantification methods are usually unavailable or incomplete. We apply the method to characterize the spatiotemporal evolution of BMS in China's Greater Bay Area. From 2000 to 2021, the total BMS in this region increased from 4.4 to 7.7 billion tonnes, with concrete, brick, and steel accounting for 72.32%, 17.57%, and 4.71% of the total BMS, respectively. The most rapid BMS growth occurred in Guangzhou (from 534.75 to 1277.82 Mt) and Shenzhen (517.80 to 1235.48 Mt). A core–edge BMS accumulation pattern emerged in this area while the BMS peak showed a coast-to-inland shift. Future studies can explore generalizing this new method to characterize BMS in other developing regions. © 2023 The Authors. Journal of Industrial Ecology published by Wiley Periodicals LLC on behalf of International Society for Industrial Ecology.",building material stock; circular economy; construction material; Greater Bay Area; industrial ecology; statistical regression,China; Guangdong; Guangzhou; Shenzhen; Ecology; Population statistics; Regression analysis; Bay areas; Building material stock; Buildings materials; Circular economy; Data requirements; Great bay area; Industrial ecology; Spatiotemporal evolution; Statistical regression; Statistical regression method; construction material; industrial ecology; regression analysis; spatiotemporal analysis; Building materials,10.1111/jiec.13438,Article,6,Scopus; Web of Science,2-s2.0-85171458582,WOS:001067169900001,,SCOPUS_S2-1.csv; S2-1 result.txt
Correlation between building size and material intensity in residential buildings,Miatto A.; Fasanella Y.; Mainardi M.; Borin P.,2023,"Resources, Conservation and Recycling","Material stock analyses of buildings and infrastructure are proliferating in Industrial Ecology literature. One popular approach to calculating material stocks is multiplying the number of buildings present in the study area by their average material content, a parameter often termed material intensity. However, existing studies have primarily focused on tailoring material intensities to specific building typologies without exploring the variability of material intensities within a given typology. The present work addresses this knowledge gap by generating 3D models of five typical residential building archetypes based on Italian housing data. By randomizing their size and material components, we generate summary statistics that highlight the variance of material intensities. Results show a strong correlation between concrete usage and building size, while other materials exhibit significant variation across sizes and typologies. © 2023",BIM; Dynamo; Industrial ecology; Material intensity; Material stock; Revit,Architectural design; Ecology; BIM; Industrial ecology; Material content; Material stock; Materials intensity; Residential building; Revit; Stock analysis; Study areas; Tailoring materials; building; concrete; correlation; three-dimensional modeling; typology; article; ecology; housing; knowledge gap; Housing; MATERIAL STOCK; STRATEGIES,10.1016/j.resconrec.2023.107093,Article,41,Scopus; Web of Science,2-s2.0-85163166080,WOS:001038255700001,,SCOPUS_S2-1.csv; S2-1 result.txt
"Corrigendum to ‘Mapping the evolution of building material stocks in three eastern coastal urban agglomerations of China’ (Resources, Conservation & Recycling (2023) 188, (S0921344922004840), (10.1016/j.resconrec.2022.106651))",Liang H.; Bian X.; Dong L.; Shen W.; Chen S.S.; Wang Q.,2023,"Resources, Conservation and Recycling","The authors would like to apologize for any inconvenience caused. The authors regret that an important reference was omitted from the model and research methodology descriptions at the time of final submission. In order to better demonstrate the application of the watershed detection approach to material stock accounting, the authors decided to add the necessary citations and notes in the following Pages: 1 On Page 2, the beginning of the second penultimate paragraph should be revised: “To fill the above research gaps, this study divides built-up areas within cities into several micro-cells (also referred to as built-up area cells; BAC) based on the spatial distribution characteristics of NTL (Fig. 3).”2 On Page 3, the first sentence of Section 2.3 should be revised: “Fig. 2 presents the overall methodology, which mainly consists of three steps, in similar fashion to Peled and Fishman (2021)”.3 On Page 3, lines 7 – 8 in Section 2.3.1 should be revised: “This method has been used to probe urban centers and their spatial structures (Chen et al., 2017) and was previously used by Peled and Fishman (2021) to estimate material stocks”.4 On Page 3, the beginning of the second paragraph in Section 2.3.2 should be revised: “As buildings in different locations (e.g., commercial and residential buildings) have different luminous efficiencies. We followed the normalization and classification approaches of Liang et al. (2014) and Peled and Fishman (2021) to classify BACs into different clusters according to the luminous efficiency of buildings within the BAC. ”5 On Page 4, the caption of Fig. 2 should be revised: “Fig. 2. Overall methodology adopted in this study to estimate building material stock for the three eastern coastal urban agglomerations of China. Source: adapted from Peled and Fishman (2021)”.6 On Page 5, the caption of Fig. 3 should be revised: “Fig. 3. Illustrative schematic of the delineation of Built-up Area Cells of NTL (BACs). Source: adapted from Peled and Fishman (2021)”. © 2022 Elsevier B.V.",,erratum,10.1016/j.resconrec.2022.106706,Correction,2,Scopus; Web of Science,2-s2.0-85140447678,WOS:000880135300004,,SCOPUS_S2-1.csv; S2-1 result.txt
Estimating the material intensity of wooden residential houses in Finland,Nasiri B.; Kaasalainen T.; Hughes M.,2023,"Resources, Conservation and Recycling","Improving resource efficiency in the building sector is a significant challenge, largely due to a lack of knowledge about material usage in buildings. Material intensity (MI) quantifies materials used in buildings, normalized by floor area or volume. MIs serve as indices for material stock and flow models and as an inventory approach for assessing the environmental impact of the built environment. Therefore, this study aimed to determine MIs of Finnish wooden residential houses built between 1940 and 2010 due to the dominance of them in residential building stock and their demolition rates. Factors influencing MI and cross-country comparisons were also explored because they had not been explored enough in the literature. Results showed construction method, time cohort, floor area, design choices and footprint shape impacted MI. Accounting for variability of MI was recommended, particularly when using it for material stock and flow analysis. Data and method disparities restrict cross-country comparison of MI. © 2023 The Author(s)",Building material; Finland; Inventory data; Material intensity; Residential building,Finland; Floors; Housing; Buildings materials; Country comparisons; Finland; Floor areas; In-buildings; Inventory data; Materials intensity; Residential building; Residential house; Stocks and flows; construction material; construction method; demolition; housing conditions; inventory; residential mobility; Article; building industry; comparative study; construction and demolition waste; construction work and architectural phenomena; controlled study; environmental footprint; environmental impact; family; Finland; flow measurement; human; industry and industrial phenomena; material intensity; residential home; time; trend study; wood; Environmental impact,10.1016/j.resconrec.2023.107142,Article,15,Scopus,2-s2.0-85174898032,,,SCOPUS_S2-1.csv
Framework for the assessment of the existing building stock through BIM and GIS,Honic M.; Ferschin P.; Breitfuss D.; Cencic O.; Gourlis G.; Kovacic I.; De Wolf C.,2023,Developments in the Built Environment,"With 60% of the world's raw materials extraction, the construction sector is the largest consumer of raw materials. The consumption can be reduced through reuse and recycling of building materials which reached their end-of-life; however, there is lack of information on the building stock. This paper presents a bottom-up approach based on Building Information Modeling (BIM) and Geographic Information System (GIS) to assess material quantities. To test this approach, a real-world building is used. The material intensity is calculated based on existing planning documentations, on-site investigations, laser scanning and a BIM-model. The gross volumes (GVs) obtained from GIS enable the modelling and prediction of cities' building stocks. The results of this paper demonstrate the method of calculating material intensities and present how the applied method can be used to predict building stocks. The latter is presented as a framework which can support various cities in assessing their material stock. © 2022 The Authors",Building information modelling; Circular economy; Digital platform; Geographic information system; Reuse; Urban mining,Architectural design; Construction industry; Information systems; Information theory; Information use; Mining; Building Information Modelling; Building stocks; Circular economy; Construction sectors; Digital platforms; Materials intensity; Model informations; Raw material extraction; Reuse; Urban mining; Geographic information systems; CONSTRUCTION,10.1016/j.dibe.2022.100110,Article,52,Scopus; Web of Science,2-s2.0-85145646401,WOS:001020842700001,,SCOPUS_S2-1.csv; S2-1 result.txt
High-resolution mapping of 33 years of material stock and population growth in Germany using Earth Observation data,Schug F.; Frantz D.; Wiedenhofer D.; Haberl H.; Virág D.; van der Linden S.; Hostert P.,2023,Journal of Industrial Ecology,"Global societal material stock in buildings and infrastructure have accumulated rapidly within the last decades, along with population growth. Recently, an approach for nation-wide mapping of material stock at 10 m spatial resolution, using freely available and globally consistent Earth Observation (EO) imagery, has been introduced as an alternative to cost-intensive cadastral data or broad-scale but thematically limited nighttime light-based mapping. This study assessed the potential of EO data archives to create spatially explicit time series data of material stock dynamics and their relation to population in Germany, at a spatial resolution of 30 m. We used Landsat imagery with a change-aftereffect-trend analysis to derive yearly masks of land surface change from 1985 onward. Those served as an input to an annual reverse calculation of six material stock types and building volume-based annual gridded population, based on maps for 2018. Material stocks and population in Germany grew by 13% and 4%, respectively, showing highly variable spatial patterns. We found a minimum building stock of ca. 180 t/cap across all municipalities and growth processes characterized by sprawl. A rapid growth of stocks per capita occurred in East Germany after the reunification in 1990, with increased building activity but population decline. Possible over- or underestimations of stock growth cannot be ruled out due to methodological assumptions, requiring further research. © 2022 The Authors. Journal of Industrial Ecology published by Wiley Periodicals LLC on behalf of the International Society for Industrial Ecology.",buildings; CAT transform; industrial ecology; infrastructure; Landsat; socio-economic metabolism; time series analysis,Germany; Buildings; Ecology; Image resolution; Observatories; Population statistics; Time series analysis; CAT transform; Earth observation data; Industrial ecology; Infrastructure; LANDSAT; Population growth; Socio-economic metabolism; Socio-economics; Stock growth; Time-series analysis; industrial ecology; land surface; Landsat; population decline; population growth; time series analysis; IN-USE STOCKS; SOCIOECONOMIC METABOLISM; BUILDINGS; TIME; TECHNOMASS; DYNAMICS,10.1111/jiec.13343,Article,16,Scopus; Web of Science,2-s2.0-85140619324,WOS:000871443300001,,SCOPUS_S2-1.csv; S2-1 result.txt
High-resolution quantification of building stock using multi-source remote sensing imagery and deep learning,Bao Y.; Huang Z.; Wang H.; Yin G.; Zhou X.; Gao Y.,2023,Journal of Industrial Ecology,"In recent decades, urbanization has led to an increase in building material stock. The high-resolution quantification of building stock is essential to understand the spatial concentration of materials, urban mining potential, and sustainable urban development. Current approaches rely excessively on statistics or survey data, both of which are unavailable for most cities, particularly in underdeveloped areas. This study proposes an end-to-end deep-learning model based on multi-source remote sensing data, enabling the reliable estimation of building stock. Ground-detail features extracted from optical remote sensing (ORS) and spatiotemporal features extracted from nighttime light (NTL) data are fused and incorporated into the model to improve accuracy. We also compare the performance of our feature-fusion model with that of an ORS-only regression model and traditional NTL regression for Beijing. The proposed model yields the best building-stock estimation, with a Spearman's rank correlation coefficient of 0.69, weighted root mean square error of 0.58, and total error in the test set below 14%. Using gradient-weighted class activation mapping, we further investigate the relationship between ORS features and building-stock estimation. Our model exhibits reliable predictive capability and illustrates the tremendous value of the physical environment for estimating building stock. This research illustrates the significant potential of ORS and deep learning for stock estimation. Large-scale, long-term building-stock investigations could also benefit from the end-to-end predictability and the data availability of the model. © 2022 by the International Society for Industrial Ecology.",building stock; deep learning; high-resolution quantification; industrial ecology; multi-source remote sensing imagery,Beijing [China]; China; Buildings; Data mining; Deep learning; Ecology; Learning systems; Optical remote sensing; Regression analysis; Urban growth; Building stocks; High resolution; High-resolution quantification; Industrial ecology; Multi-source remote sensing imagery; Multi-Sources; Remote sensing imagery; Stock estimation; algorithm; construction material; image resolution; industrial ecology; remote sensing; satellite data; satellite imagery; urban area; urbanization; Mean square error; MATERIAL FLOW-ANALYSIS; ENERGY-CONSUMPTION; TIME-SERIES; CONSTRUCTION; DEMOLITION; RESNET,10.1111/jiec.13356,Article,24,Scopus; Web of Science,2-s2.0-85145455861,WOS:000906160200001,,SCOPUS_S2-1.csv; S2-1 result.txt
How changes in urban morphology translate into urban metabolisms of building stocks: A framework for spatiotemporal material flow analysis and a case study,Kolkwitz M.; Luotonen E.; Huuhka S.,2023,Environment and Planning B: Urban Analytics and City Science,"Anthropogenic stocks are increasingly seen as potential reserves for secondary resources, which has led to a rapid development in research of urban metabolic systems. With regard to buildings and their associated material stocks and flows, one of the most critical shortcomings in the state-of-the-art is the knowledge gap for drivers, dynamics, patterns and linkages that affect the urban metabolism. This paper is premised on the idea that urban planning stirs up these material flows, so it should also adopt their sustainable management on its agenda. It presents an approach that highlights the intertwined nature of changing urban morphology and building material stocks and flows in space and time. An analytical framework, based on the principles of material flow analysis, is provided for an integrated, spatiotemporal study of urban morphology and urban metabolism of buildings, using building and plot data as the input and identifying internal processes of the urban metabolism as the output. The identified processes include greenfield development, infill construction, building replacement and shrinkage, each of which can be expected to have tangible yet very different material and environmental consequences in the form of embodied materials and CO2. The use of the framework is demonstrated with a case study in the Finnish city of Vantaa in 2000–2018. The case study shows patterns pertaining to a growing city unrestricted by geographic or historic factors, manifested as vast greenfield developments and replacement of a notably young building stock. As sustainability may soon call into question both these strategies, uncovering the material consequences of a city’s past urban (re)development strategies lay the foundation for using the presented approach proactively in planning support, in pursuit of more circular economy-based and low carbon cities. © The Author(s) 2022.",Built environment; cities; sustainability; time-space analysis; urban morphology,Finland; Uusimaa; Vantaa; analytical framework; material flow analysis; spatiotemporal analysis; sustainability; sustainable development; urban morphology; urban planning; ACCUMULATION,10.1177/23998083221140892,Article,18,Scopus; Web of Science,2-s2.0-85142763857,WOS:000890344000001,,SCOPUS_S2-1.csv; S2-1 result.txt
Mapping the evolution of building material stocks in three eastern coastal urban agglomerations of China,Liang H.; Bian X.; Dong L.; Shen W.; Chen S.S.; Wang Q.,2023,"Resources, Conservation and Recycling","The building material stock (MS) plays a vital role in managing and optimizing the urban built environment. This study proposed a novel approach for mapping the evolution of building MS in China's three eastern coastal urban agglomerations (Beijing-Tianjin-Hebei (BTH), Yangtze River Delta (YRD), and Greater Bay Area (GBA)). We divided urban built-up areas into micro-cell units according to the spatial distribution characteristics of nighttime lights (NTL), to estimate the MS, and examine the evolutionary patterns of MS from 2000 to 2020, to reflect the internal urban agglomeration. The results highlighted the total MS in the three urban agglomerations increased from 9.3 billion to 64.4 billion tons, and the YRD had the largest MS scale and the highest growth rate. The spatial-temporal evolution of MS reflected the various development mode of each urban agglomeration. Finally, we provide the prospects in urban renewal and sustainable resource management using our present MS findings. © 2022",Building material stock; Built-up area; Evolutionary characteristic; Micro-cell units; Nighttime light; Urban agglomeration,Beijing [Beijing (ADS)]; Beijing [China]; China; Hebei; Tianjin; Yangtze Delta; Agglomeration; Growth rate; Mapping; Urban growth; cement; concrete; steel; Building material stock; Buildings materials; Built environment; Built-up areas; Evolutionary characteristic; Micro cell; Micro-cell unit; Night time lights; Urban agglomerations; Yangtze river delta; construction material; mapping; resource management; temporal evolution; urban region; urban renewal; Article; city planning; convolutional neural network; data processing; evolution; geographic mapping; linear regression analysis; nonhuman; particulate matter; population density; sand; spatial analysis; stock assessment; urban agglomeration; urban area; wood; work environment; Building materials; NIGHTTIME LIGHT DATA; USE STEEL STOCK; CO2 EMISSIONS; TIME-SERIES; CONSTRUCTION; EXPANSION; DYNAMICS; SOCIETY; GROWTH; MODEL,10.1016/j.resconrec.2022.106651,Article,30,Scopus; Web of Science,2-s2.0-85137807911,WOS:000864440300001,,SCOPUS_S2-1.csv; S2-1 result.txt
Material inventory dataset for residential buildings in Finland,Kaasalainen T.; Kolkwitz M.; Nasiri B.; Huuhka S.; Hughes M.,2023,Data in Brief,"This dataset contains the material volumes, masses, and intensities for a total of 45 residential building cohorts in Finland from the 1940s to the 2010s. The specific building types included are one dwelling houses and blocks of flats. The data were drawn from representative case buildings and their derivatives. The data are primarily based on construction drawings, complemented by other documents such as bills of materials. The source material was mainly obtained from the archives of the building inspection authority of the city of Vantaa, Finland. Material volumes were derived from the construction drawings either directly from annotations or, when needed, by further measurements made based on the same material. For minor lacks of information in the original documents, documents of similar buildings and literature were consulted. A total of 26 buildings were inventoried directly. For each included combination of building type, construction decade, and bearing material these were the ones with the most common facade material. In addition, 19 buildings with the second most common facade material were formed based on these to represent the 45 cohorts. Material masses, and by extension intensities, were calculated based on the recorded volumes and typical densities of construction materials used in Finland. The material volumes, masses, and intensities per material and in total are presented as three spreadsheet tables, along with a description sheet, on three corresponding hierarchical levels of aggregation: per representative building, per vertical building level (foundations, basement, first storey, etc.), and per building part (floor, exterior walls, interior walls, etc.). Furthermore, they are distinguished between the building structure and complementary building components (windows and doors). The data can be used in academic, policy related, and practical investigations of the building stock, such as in evaluating the material consumption consequences of different spatial planning strategies on various levels or estimating the materials embedded in the built environment and their potential for capitalisation in the circular economy. (c) 2023 The Author(s). Published by Elsevier Inc. This is an open access article under the CC BY license (http://creativecommons.org/licenses/by/4.0/)",Anthropogenic resources; Building stock; Construction materials; Domestic buildings; Housing stock; Material composition; Material contents; Material intensity coefficients,Construction; Housing; Walls (structural partitions); Anthropogenic resources; Building stocks; Domestic buildings; Finland; Housing stock; Material compositions; Material content; Material intensity coefficient; Materials intensity; Residential building; Building materials; MATERIAL STOCK,10.1016/j.dib.2023.109502,Article; Data Paper,7,Scopus; Web of Science,2-s2.0-85168543026,WOS:001066497000001,,SCOPUS_S2-1.csv; S2-1 result.txt
Parametric Archetype A Synthetic Digital Method of Building Material Stock Representation Based on Distance Measurement,Pei W.; Stouffs R.,2023,"Habits of the Anthropocene: Scarcity and Abundance in a Post-Material Economy - Proceedings of the 43rd Annual Conference of the Association for Computer Aided Design in Architecture, ACADIA 2023","Building material stock (BMS) is a crucial inventory of secondary resources which contain comprehensive information for analyzing the potential of material reuse and urban harvesting. Due to the complexity of urban building systems and the large number of buildings, obtaining building information one by one is impractical. Existing methods for stock representation mainly start from data collection, and utilize techniques such as clustering, machine learning, computer vision, et cetera, to process and analyze large and complete datasets. However, it is noticed that data on urban buildings, especially for building materials, is very limited or rather inaccessible. Existing methods cannot be applied in data-scarce cities and are also challenging to update over time. Therefore, this study proposes a synthetic approach named parametric archetype for the digital representation of BMS. This approach combines distance measurement, which is a distance within dimensions describing building features, to match instance buildings dynamically to a parametric archetype with the highest similarity. The weight and types of different building features, which may influence building material (composition and properties) in distance measurement, can be determined by supervised, semi-supervised, or unsupervised learning, whether relying on ample available data or domain rules/expert knowledge when data is scarce. This way, the parametric archetype model can use data more efficiently to form a synthetic and extensible representation for urban-level BMS (Figure 1). The parametric archetype is anticipated to offer an approach for describing, quantifying, and modeling the real building material stock system incrementally and transparently. © ACADIA 2023. All rights reserved.",,Building materials; Computer aided design; Learning algorithms; Parameter estimation; Building systems; Buildings materials; Clusterings; Comprehensive information; Data collection; Digital methods; Machine-learning; Material reuse; Secondary resources; Urban buildings; Machine learning,,Conference paper,5,Scopus,2-s2.0-85192797060,,,SCOPUS_S2-1.csv
Spatial Characterization Analysis of Residential Material Stock and its Driving Factors: A Case Study of Xi’an,Shen L.; Yang Q.; Yan H.,2023,Buildings,"Since the beginning of the 21st century, driven by industrialization and its corresponding economic development, China has been experiencing a period of rapid urbanization. The continued expansion of residential space contributes to material stocks of residential buildings, accounting for a large proportion of the total material stocks. Based on a 4D-GIS model, we studied spatiotemporal distribution characteristics and driving factors of residential building material stock in the central urban area of Xi’an from 1992 to 2021. The study innovatively combined this with the spatial development rule, development speed, and expansion direction of cities to analyze the relationship between stock growth and urban development. We found that residential development in central Xi’an is still undergoing a relatively rapid developmental stage. The spatial growth of residential building stock has a distinct agglomeration pattern, showing the characteristics of multi-center agglomeration, and the hot spots of stock growth are concentrated on and expanding to the edges of central cities. The growth of residential building stock has a distinct direction, primarily in the northeast–southwest direction, consistent with the pattern of urban expansion. We also found that social, economic, and transport-related factors are the main drivers of growth of residential building material stock. This study can help policymakers, urban planners, and environmental planners consider the rational development and utilization of land resources and building materials, and it lays a research foundation for the recycling of construction waste in the future. © 2023 by the authors.",material stock; residential buildings; spatial distribution; sustainable development,BUILDING MATERIAL STOCKS; MATERIAL FLOW-ANALYSIS; ACCUMULATION; JAPAN; TIME,10.3390/buildings13030581,Article,7,Scopus; Web of Science,2-s2.0-85152696515,WOS:000955152800001,,SCOPUS_S2-1.csv; S2-1 result.txt
The building stock as an urban mine: The case of the circular regeneration of disused buildings,Luciano A.; Altamura P.; Baiani S.; Cutaia L.,2023,Sustainable Chemistry and Pharmacy,"European policies are increasingly driving the redevelopment of existing assets within the construction sector. The aim is to boost material and non-material resource efficiency while promoting circularity as well decarbonisation. Objective of the present contribution is to define and implement a methodology to evaluate the materials stocks of the built environment in an urban mining (UM) perspective, to assess their different potentialities in terms of availability of materials and of recovery, for reuse or recycling scopes. Results related to one significant case study, representative of a special typology interesting for the relevant material consistency, are presented, in order to fully illustrate the developed methodology. This contribution sees the refurbishment of existing buildings as providing a strategic opportunity to combine design for disassembly and reuse (at the building, system, component and material level) with a ‘life cycle’ approach. A ‘circular’ and ‘reversible’ analytical and design methodology, aimed at sustainability and resource efficiency, is theoretically defined and verified. This is done by applying this methodology to concrete cases of funded research and using a set of indicators to quantify the achieved level of effectiveness. The proposed approach and the presented results are very useful for the definition of materials stock for various building typologies and at different scales in order to support public administration and other actors, involved in urban planning and management, in developing interventions plans based on urban mining and circular design. © 2023 Elsevier B.V.",Building stock; Circular design; Circularity indicators; Construction and demolition waste; Disused buildings; Embodied carbon; Material stock; Reuse; Urban mining,carbon; concrete; Article; building; built environment; city planning; construction and demolition waste; environmental impact; housing; industry; Italy; mining; school; urban area; INDUSTRIAL SYMBIOSIS; LIFE-CYCLE; BUILT ENVIRONMENT; CONSTRUCTION; ENERGY; FLOWS; IMPROVEMENT; ECONOMY,10.1016/j.scp.2023.101104,Article,22,Scopus; Web of Science,2-s2.0-85157973077,WOS:001003580300001,,SCOPUS_S2-1.csv; S2-1 result.txt
Urban transformation processes and material stock techniques to facilitate circular economy and urban resilience,G. Suciu; I. Petre; C. Stalidi,2023,"2023 15th International Conference on Electronics, Computers and Artificial Intelligence (ECAI)","The most significant material stock accumulated in modern society comprises construction materials. The global material stock accumulation rate is increasing every year. This growth results from high resource and energy consumption, demolition waste emissions, and environmental impacts at the global and local levels, leading to increased greenhouse gas emissions. Thus, material efficiency and the circular economy represent important strategies for reducing these emissions. This paper presents the CREATE project's scope, which aims to support municipalities in developing strategies towards a local/regional Circular Economy approach focusing on buildings, municipal roads, water infrastructure, and wastewater pipes. To inform decision-makers and support a circular built environment, the project will further enhance already existing, validated, and deployed tools and arrangements. The project will follow a co-creation process and a living lab participation approach. Even though the entire Circular Economy range of strategies is discussed, the focus will be on empowering the recycling and reuse of materials stocked in existing buildings and infrastructure.",Circular Economy;material stock and flows;building infrastructure;living lab;co-creation;recycling;reuse,Surveys; Roads; Buildings; Urban planning; Laboratories; Recycling; Wastewater,10.1109/ECAI58194.2023.10194029,IEEE Conferences,1,IEEE Xplore,,,IEEE Conferences,IEEE_S2-1_merged_deduplicated_raw.csv
An interactive visualization tool for circular economy and building materials recovery,I. Cosma; I. Petre; C. Stalidi; G. Suciu; A. Dănilă,2024,2024 IEEE 30th International Symposium for Design and Technology in Electronic Packaging (SIITME),"Construction materials represent the largest material stock accumulated in modern society. The unprecedented growth of material stock is directly linked to high resource and energy consumption, demolition of waste discharges, and is correlated with the increased embodied energy and the associated CO2 emissions. Governments in Europe are looking for possibilities in the construction sector to replace raw materials with secondary resources through reuse and recycling by transitioning to a circular economy. But for cities, the practical aspects of the initiative remain challenging in multiple aspects. This work aims to introduce a visualization tool for built environment material stocks and flows to support circularity enabling recycling and reuse of these materials in existing buildings and infrastructures. The recovery of building materials in the circular economy requires map-based visualization tools through which statistical analyses can be made on buildings or groups of buildings. For this, it is necessary that the visualization tool contains API links to real building inventory data from local public authorities and advanced functions of real-time analysis of the attribute table and geospatial data.",circular economy;building material;stocks and flows;visualization tool;reuse and recycle,Statistical analysis; Building materials; Urban areas; Data visualization; Real-time systems; Raw materials; Recycling; Stakeholders; Visual databases; Interoperability,10.1109/SIITME63973.2024.10814893,IEEE Conferences,1,IEEE Xplore,,,IEEE Conferences,IEEE_S2-1_merged_deduplicated_raw.csv
AN ONTOLOGY-BASED REASONING FRAMEWORK,"Pei, WY Xiong, SY Habert, G Stouffs, R",2024,"PROCEEDINGS OF THE 29TH INTERNATIONAL CONFERENCE OF THE ASSOCIATION FOR COMPUTER-AIDED ARCHITECTURAL DESIGN RESEARCH IN ASIA, CAADRIA 2024, VOL 2","The materials stored in existing urban buildings represent a significant share of globally accumulated resources, the composition and quantity of which should be tracked for management and reuse purposes. Due to the coarse-grained nature of building data at the city level, the description of building material stock (BMS) is usually limited to the material intensity (MI) level of several key materials, omitting the component-level analysis of construction elements, and building devices. Hence, a flexible and compatible modelling framework is needed for BMS modelling to adopt different levels of detailed building data. This study proposes an ontology-based framework, which sets the characteristics of available building data as context and makes reasoning for a feasible modelling level. An ontology is developed to capture context knowledge and define the BMS concepts and their properties. A reasoning algorithm is designed to query and categorise building instances with the same attributes into an archetype, to integrate their various granularity of property data, and to calculate the material stocks at appropriate levels. Some Singapore buildings are used for ontology instantiation and explanation. This framework is anticipated to be a new paradigm for multi-level BMS modelling and contribute strategies for urban circularity design.",Circular City; Building Material Stock; Domain Ontology; Multi-level Modelling; Missing-data Imputation,,,Proceedings Paper,0,Web of Science,,WOS:001248011500033,,S2-1 result.txt
AN ONTOLOGY-BASED REASONING FRAMEWORK: Towards Multi-level and Data-efficient Building Material Stock Modelling,Pei W.; Xiong S.; Habert G.; Stouffs R.,2024,Proceedings of the International Conference on Computer-Aided Architectural Design Research in Asia,"The materials stored in existing urban buildings represent a significant share of globally accumulated resources, the composition and quantity of which should be tracked for management and reuse purposes. Due to the coarse-grained nature of building data at the city level, the description of building material stock (BMS) is usually limited to the material intensity (MI) level of several key materials, omitting the component-level analysis of construction elements, and building devices. Hence, a flexible and compatible modelling framework is needed for BMS modelling to adopt different levels of detailed building data. This study proposes an ontology-based framework, which sets the characteristics of available building data as context and makes reasoning for a feasible modelling level. Anontology is developed to capture context knowledge and define the BMS concepts and their properties. A reasoning algorithm is designed to query and categorise building instances with the same attributes into an archetype, to integrate their various granularity of property data, and to calculate the material stocks at appropriate levels. Some Sing apore buildings are used for ontology instantiation and explanation. This framework is anticipated to be a new paradigm for multi-level BMS modelling and contribute strategies for urban circularity design. © 2024 and published by the Association for Computer-Aided Architectural Design Research in Asia (CAADRIA), Hong Kong.",Building Material Stock; Circular City; Domain Ontology; Missing-data Imputation; Multi-level Modelling,Architectural design; Ontology; Query processing; Based reasonings; Building material stock; Buildings materials; Circular city; Domain ontologies; Missing data imputations; Multilevel modeling; Ontology-based; Reasoning framework; Stock models; Building materials,,Conference paper,2,Scopus,2-s2.0-85196743997,,,SCOPUS_S2-1.csv
Centennial evolution of Hong Kong 1910–2050: a building material metabolism perspective,Yuan L.; Lu W.,2024,"Energy, Ecology and Environment","Building materials and their centennial metabolic patterns offer a perspective from which to understand a city's past, present, and future, but existing studies mostly focus on short-term metabolism. By investigating Hong Kong's building material stock and flow (or building material metabolism, BMM), this study aims to understand the centennial evolution of a city with a rich history, international status, advanced economy, and close connection with the world. We quantify BMM using the stock-driven approach, derive flows based on stock changes, and interpret its patterns based on temporal and correlation (with socioeconomic factors) analyses, respectively. We find that, by the mid-2030s, total building material stock may saturate at around 417.93 Mt with a rough inflow-outflow balance of 13.29 Mt/year, but stock per capita has plateaued at about 53.67 t/capita since the mid-2010s. The long-term changes in both building material stock and flow comply with an S-curve, shaped mainly by industrialization and subsequent deindustrialization but also fluctuating due to key socioeconomic events. Based on a stock productivity comparison, we also find that Hong Kong has achieved and sustained an advanced economy via a lower BMM requirement than other typical developed economies, indicating a more material-efficient development pathway. These findings not only provide insights into the centennial BMM trajectory and its interaction with socioeconomic factors, but also offer historical experience and sustainable development implications for developing economies, especially those in mainland China and throughout Asia. Quantified Hong Kong's building material stock and flow changes from 1910 to 2050.Building material stock and flow comply with an S-curve pattern shaped by industrialization and deindustrialization.Hong Kong has achieved and sustained an advanced economy via a more material-efficient pathway.",Building materials; Material efficiency; Material flow analysis; Stock-driven approach; Sustainability; Urban metabolism,China; Hong Kong; construction material; efficiency measurement; material flow analysis; quantitative analysis; socioeconomic conditions; sustainability; sustainable development; IN-USE STOCKS; MATERIAL FLOW-ANALYSIS; URBAN METABOLISM; CONSTRUCTION WASTE; PATTERNS,10.1007/s40974-024-00322-y,Article,6,Scopus; Web of Science,2-s2.0-85190676726,WOS:001204091800001,,SCOPUS_S2-1.csv; S2-1 result.txt
Characterizing spatiotemporal dynamics of carbon emissions in peri-urban residential communities: A life cycle perspective,Xiao L.; Li W.; Dong L.; Wu X.; Ye H.,2024,Journal of Cleaner Production,"Building stock provides favorable material and welfare support to the urbanization process, but also triggers significant resource extraction and carbon emissions. Spatial explicit stock studies have focused mainly on developed areas and mature cities, with less attention paid to peri-urban areas. In terms of carbon emission, inconsistent system boundary selection and lack of building life cycle analysis limit the accuracy and comparability of results. Moreover, the absence of spatial distribution of emissions undermines support to regional carbon reduction initiatives. In this study, the Yangtze River Delta Integration Demonstration Area (YRDA), which is considered as a typical peri-urban area in China, was selected to study the spatiotemporal pattern of material flows and stocks at the residential community scale since the reform of the housing system in 1998, and to analyze spatiotemporal dynamics of carbon emissions over the life cycle of buildings. The results show that material inputs in peri-urban areas have experienced a fluctuating increase, with a gradual decline after 2016 as housing policies were tightened, and have a lower residential stock intensity than city centers. Residential carbon emissions also fluctuate while trending upwards, with operation accounting for the highest share of emissions, followed by building material production, with demolition now causing a rapid growth in emissions. Material stocks and residential carbon emissions display significant spatial heterogeneity, and a new concentration area has formed at the intersection of the three administrative districts that of YRDA. The study underscores the influence of economic growth and housing policy on the spatiotemporal pattern of building stocks, flows and carbon emissions, offering insights for cross-boundary ecosystem governance and regional circular economy development. © 2024 Elsevier Ltd",Building stock; Carbon emission; Housing reform; Material flow analysis; Peri-urban area,Carbon; Economic and social effects; Economics; Life cycle; Building stocks; Carbon emissions; Housing policy; Housing reform; Materials flow analysis; Peri-urban areas; Residential communities; Spatio-temporal dynamics; Spatiotemporal patterns; Yangtze river delta; Housing; MATERIAL STOCK; DEMOLITION WASTE; URBAN; CONSTRUCTION; BUILDINGS; ACCOUNT; WEIGHT; JAPAN; TIME,10.1016/j.jclepro.2024.141613,Article,12,Scopus; Web of Science,2-s2.0-85187237274,WOS:001286044000001,,SCOPUS_S2-1.csv; S2-1 result.txt
Characterizing temporal and spatial characteristics of urban building material metabolism and embodied carbon emissions through a 4D GIS-MFA-LCA model,"Long, YQ Song, QB Huang, BJ Zeng, XL Wu, HY",2024,"Resources, Conservation and Recycling","Enhancing the understanding on the temporal and spatial distribution of urban building material metabolism is crucial for informing urban resource, waste, and environmental management. However, this endeavor is often impeded by inaccuracies and inconsistencies in the typology and material composition data of buildings. Taking Macao as a case, this study established a 4D GIS-MFA-LCA model and compiled a local material composition database to address these gaps, for a detailed characterization of the quantity, quality, and temporal-spatial distribution of the urban building stocks and flows in Macao. The results show that between 1980 and 2020, the building materials stock (BMS) in Macao increased from 6.3 to 55.1 Mt (equaling 1.1 to 14.7 Mt CO2 eq of embodied carbon emission), accompanied by corresponding increases of 0.03 Mt to 0.7 Mt of building waste (BW). The tourism and entertainment area exhibited the fastest increasing rate of BMS in Macao. IPAT analysis shows that the economy, population growth and demographic changes have been the driving forces for BMS in Macao. The results of this study can help cities take effective measures toward achieving a circular economy and highlight the role of such information and urban planning in urban building resource, waste, and management strategies. © 2024 Elsevier B.V.",4D GIS-MFA-LCA model; Building waste; Embodied carbon emissions; Materials stock; Urban buildings,Building materials; Carbon; Information management; Metabolism; Population statistics; Spatial distribution; Waste management; 4d GIS-MFA-LCA model; Building wastes; Buildings materials; Carbon emissions; Embodied carbon emission; Embodied carbons; Material compositions; Material stock; Resource wastes; Urban buildings; building; carbon emission; GIS; metabolism; spatiotemporal analysis; urban planning; waste management; Article; construction and demolition waste; economic development; entertainment industry; geographic information system; greenhouse gas emission; life cycle assessment; Macao; population growth; recycling; spatial analysis; temporal analysis; tourism; Environmental management; MATERIAL STOCK ACCUMULATION; MATERIAL FLOW-ANALYSIS; ENERGY; FUTURE; CITY,10.1016/j.resconrec.2024.107642,Article,25,Scopus; Web of Science,2-s2.0-85190601230,WOS:001231959300001,,SCOPUS_S2-1.csv; S2-1 result.txt
"City-scale assessment of the material and environmental footprint of buildings using an advanced building information model: A case study from Canberra, Australia",Soonsawad N.; Marcos-Martinez R.; Schandl H.,2024,Journal of Industrial Ecology,"As cities grow, demand for urban materials is set to rise. Meeting sustainability targets will require transformative changes to how cities are constructed. Yet, accurate information on embodied building materials and their environmental impacts at the city scale is still lacking. We use Light Detection and Ranging data, building archetype information, and statistical models to estimate the embodied materials in buildings in Canberra, Australia, and their energy, carbon, and water footprint. In 2015, 57 million tonnes (Mt) of materials were embodied in 140,805 buildings. By weight, concrete was the most used material (44%), followed by sand and stone (32%), and ceramics (11%). Current population growth and building construction trends indicate a need for 2.4 times the building materials stock of 2015 by 2060. Producing such materials would require 1.6 thousand TJ of energy and 793 thousand megaliters of water and emit 48 Mt of CO2e—an environmental footprint 1.6 times the one in 2015. If the additional population were to live only in new single houses, material demand would be 4% higher than under current trends and the environmental footprint 5% higher. Housing new residents in low-rise apartments would reduce from current trends the material demand by 5% and the environmental footprint by 12%. Using only apartments of four or more stories would reduce material demand by 28% and the environmental footprint by 14%. This research can inform circular economy efforts to improve building materials management by helping estimate the implications of alternative configurations of the urban built environment. © 2024 The Authors. Journal of Industrial Ecology published by Wiley Periodicals LLC on behalf of International Society for Industrial Ecology.",building information model; building material footprint; circular economy; embodied GHG emissions; industrial ecology; material flow analysis,Australia; Australian Capital Territory; Canberra; Apartment houses; Building materials; Industrial emissions; Information theory; Population statistics; Sustainable development; Building Information Modelling; Building material footprint; Buildings materials; Circular economy; Embodied GHG emission; Environmental footprints; GHG emission; GHGs emissions; Industrial ecology; Materials flow analysis; building construction; ceramics; environmental economics; greenhouse gas; industrial ecology; material flow analysis; population growth; recycling; sustainability; Greenhouse gases,10.1111/jiec.13456,Article,19,Scopus,2-s2.0-85182814795,,,SCOPUS_S2-1.csv
Combining Building Information Model and Life Cycle Assessment for Defining Circular Economy Strategies,Guerriero A.; Busio F.; Saidani M.; Boje C.; Mack N.,2024,Sustainability (Switzerland) ,"Although the construction industry has the potential to implement circular economy (CE) principles, the sector suffers from a veritable lack of initiatives to develop circular and regenerative design principles. However, existing buildings intended to be demolished could be considered as material banks for future constructions, with the aim to exploit anthropogenic resources, extend material/product efficiency, and reduce the extraction of natural resources. This concept of buildings as material banks is being studied more and more in the scientific literature, but it still requires the existing building stock to be fully digitalized, thus making materials reusable in new buildings starting from the architectural design stage. Moreover, the decision process regarding CE strategies requires the consideration of the environmental impacts of the deconstruction and end-of-life processes, which is essential in CE implementation. This paper introduces a digital platform for generating materials inventory and supporting the definition of reuse strategies. Then, by using digital tools in combination with life cycle assessment (LCA) studies of the deconstruction process and output of materials and components inventories, a method is defined and tested on a pilot building in Luxembourg. © 2024 by the authors.",building information modeling; circular economy; construction industry; life cycle assessment; material reuse,Belgium; Luxembourg [Belgium]; construction industry; emission inventory; environmental economics; environmental modeling; extraction method; life cycle analysis; recycling; strategic approach,10.3390/su16114561,Article,23,Scopus,2-s2.0-85195860140,,,SCOPUS_S2-1.csv
Component-Level Residential Building Material Stock Characterization Using Computer Vision Techniques,Dai M.; Jurczyk J.; Arbabi H.; Mao R.; Ward W.; Mayfield M.; Liu G.; Tingley D.D.,2024,Environmental Science and Technology,"Residential building material stock constitutes a significant part of the built environment, providing crucial shelter and habitat services. The hypothesis concerning stock mass and composition has garnered considerable attention over the past decade. While previous research has mainly focused on the spatial analysis of building masses, it often neglected the component-level stock analysis or where heavy labor cost for onsite survey is required. This paper presents a novel approach for efficient component-level residential building stock accounting in the United Kingdom, utilizing drive-by street view images and building footprint data. We assessed four major construction materials: brick, stone, mortar, and glass. Compared to traditional approaches that utilize surveyed material intensity data, the developed method employs automatically extracted physical dimensions of building components incorporating predicted material types to calculate material mass. This not only improves efficiency but also enhances accuracy in managing the heterogeneity of building structures. The results revealed error rates of 5 and 22% for mortar and glass mass estimations and 8 and 7% for brick and stone mass estimations, with known wall types. These findings represent significant advancements in building material stock characterization and suggest that our approach has considerable potential for further research and practical applications. Especially, our method establishes a basis for evaluating the potential of component-level material reuse, serving the objectives of a circular economy. © 2024 American Chemical Society.",building facade; building material stocks; circular economy; computer vision; deep learning; street view imagery; urban sustainability,United Kingdom; Brick; Deep learning; Digital storage; Glass; Housing; Mortar; Sustainable development; Wages; Building facades; Building material stock; Buildings materials; Circular economy; Component levels; Mass estimation; Residential building; Street view imagery; Urban sustainability; computer vision; construction material; footprint; habitat selection; heterogeneity; machine learning; mortar; spatial analysis; Article; building; built environment; deep learning; economic aspect; habitat; household; housing; human; imagery; recognition; remote sensing; search engine; stone formation; Computer vision; MATERIALS DEMAND; CONSTRUCTION,10.1021/acs.est.3c09207,Article,29,Scopus; Web of Science,2-s2.0-85187275404,WOS:001174702800001,,SCOPUS_S2-1.csv; S2-1 result.txt
Digital workflow to support the reuse of precast concrete and estimate the climate benefit,Dervishaj A.; Gudmundsson K.; Malmqvist T.,2024,"INTERNATIONAL CONFERENCE ON CHALLENGES FOR THE NEXT GENERATION BUILT ENVIRONMENT, NEXTBUILT 2024","Concrete production contributes to around 8-9% of global CO2 emissions. Reusing building components in a circular economy can contribute to closing material loops and lowering CO2 emissions. When reusing concrete elements, it is necessary to have effective methods for evaluating their reuse potential. In this study, a novel digital workflow is developed to support the reuse of precast concrete elements by evaluating their lifespan based on carbonation depth. The workflow relies on automated retrieval of material quantities and information from a digital model. This model is then coupled with environmental data on construction products and calculation methods for CO2 uptake in concrete by carbonation. The remaining service life of concrete elements was calculated for a case study. For reference, CO2 uptake during the first service life was estimated at 4973 kg CO2 or 4% of the embodied carbon. Hence, the potential benefits of reuse outweigh those of carbonation. The presented approach supports the decision-making process when evaluating the reuse potential for concrete elements. The digital workflow can help designers make quick decisions concerning the lifespan and carbon footprint of concrete. The digital tool can be extended in future work with more parameters to evaluate additional sustainability indicators. © Published under licence by IOP Publishing Ltd.",BIM; carbonation; circular construction; concrete; life cycle assessment (LCA); reuse,CEMENT; CARBONATION; CHALLENGES; DESIGN,10.1088/1755-1315/1402/1/012026,Proceedings Paper,4,Scopus; Web of Science,2-s2.0-85207486941,WOS:001760910600026,,SCOPUS_S2-1.csv; S2-1 result.txt
Enhanced Databases on City’s Building Material Stock. An Urban Mining Method Based on Machine Learning for Enabling Building’s Materials Reuse Strategies,Markopoulou A.; Taut O.; Shawqy H.,2024,Sustainable Development Goals Series,"The climate crisis and the growing urbanization needs urge design and construction practices to shift their focus to the anthroposphere as a source of, rather than just a destination for, building materials. The concept of urban mining is revisited by many to manage the existing building material stock exploring the potential for reuse in new constructions. By combining image-based segmentation with cadastral data in a GIS database, this paper proposes an end to end process for an integrated web-based application enclosing and delivering cross-referenced data about a city’s material stock. The study uses unstructured data from Open Street View to identify relevant patterns for making estimations of the quantity, state, and projected availability cycle of concrete, brick, stone, metal, timber, and glass in building facades. By applying predictive modelling at the city scale, the algorithm can identify, geolocate and quantify façade materials with a present accuracy of 87%. The developed method proposes an alternative automated way to physical inspections which makes it applicable to different cities that lack registers of building data. A data repository map is developed in the format of an interface, so that it can be used by different stakeholders including decision-makers in the formulation and planning of urban material reuse strategies, as well as designers in the early stage of circular design processes. Tackling the accuracy limitations of machine learning, the paper concludes with studying the potential of combining the use of image unstructured data with statistical data of existing building registers including age of buildings and preservation state. © The Author(s), under exclusive license to Springer Nature Switzerland AG 2024.",Circular construction; Machine learning; Mapping resources; Material reuse; Urban mining,,10.1007/978-3-031-36554-6_44,Book chapter,4,Scopus,2-s2.0-85192830402,,,SCOPUS_S2-1.csv
From expansion to efficiency: Machine learning-based forecasting of Japan's building material stocks under demographic declines,Wang L.; Zhang R.; Liu Z.; Shirakawa H.; Tanikawa H.,2024,Science of the Total Environment,"Japan's unique demographic trajectory, marked by population decline and aging, coupled with continued urbanization, presents distinct challenges for aligning built environment capacity with resource efficiency. This study aims to investigate the historical evolution and project future scenarios of building material stock (MS) and their spatial distribution across Japan's three major metropolitan areas. Through a comprehensive material flow and stock analysis, the historical accumulation of building materials from 2009 to 2020 was quantified, revealing a dominance of concrete and an increasing overall stock. The contributions of various driving factors to changes in construction areas were explored, identifying population dynamics as the predominant influence. Leveraging shared socioeconomic pathway scenarios (SSPs), this research forecasted building floor area and MS until 2050 under five distinct SSPs. The results indicated an overall reduction across all scenarios, yet with a continued concentration in high-density urban cores. The substantial gap between the highest and lowest projected MS scenarios highlighted opportunities for material conservation and emission reductions through sustainable practices. Sustainable urban development in densely populated regions necessitates a balance between infrastructure provision and environmental conservation, while in sparsely populated areas, the focus shifts to the efficient management and utilization of vacant properties and materials to cope with the impacts of significant population declines. By offering insights into the building floor area and MS implications of Japan's demographic changes, this study underscores the necessity of sustainable urban planning and resource management strategies to navigate the challenges posed by demographic shifts, ultimately contributing to sustainable development and environmental conservation goals. © 2024 Elsevier B.V.",Building floor area; Demographic shifts; Driving factor; Future projection; Material stock,Conservation of Natural Resources; Construction Materials; Forecasting; Japan; Machine Learning; Population Dynamics; Sustainable Development; Urbanization; Building floor area; Building floors; Buildings materials; Demographic shifts; Driving factors; Floor areas; Future projections; Material stock; Population decline; Socio-economics; aging population; conservation management; construction material; demographic trend; efficiency measurement; environmental economics; environmental management; forecasting method; future prospect; machine learning; population decline; resource allocation; resource management; spatial distribution; sustainability; sustainable development; urban planning; urbanization; Article; building; climate change; demography; environmental factor; forecasting; root mean squared error; socioeconomics; stock assessment; support vector machine; total quality management; building material; environmental protection; population dynamics; procedures; Sustainable building; CONSTRUCTION; SOCIETY; ACCUMULATION; METABOLISM; TIME,10.1016/j.scitotenv.2024.175634,Article,3,Scopus; Web of Science,2-s2.0-85201594394,WOS:001300170900001,,SCOPUS_S2-1.csv; S2-1 result.txt
From Material Cadastres to a Materiality Informed City Information Modelling,Schiller G.; Gruhler K.; Zhang N.; Blum A.,2024,IOP Conference Series: Earth and Environmental Science,"Urbanization and built environment significantly impact resource consumption, posing sustainability challenges, especially regionally, due to bulk material dominance. Circular practices, like closing, slowing, and narrowing offer solutions. However, effective circularity management requires understanding built environment material stock comprehensively. Material cadastres model city and regional materiality using typology approaches and GIS Modelling, offering insights into circularity potential and supporting strategic circular city management. Conversely, urban planning digitalization introduced City Information Modelling, linking GIS for urban structure mapping with Building Information Modelling systems for digital building integration and thus support urban planning. Yet, empirically, materiality and circularity issues lack systematic and comprehensive integration in such approaches. To this end, this paper discusses the potential of developing digital material cadastre concepts towards materiality-based urban information modelling using case study results that reveal strengths and limitations of existing cadastre concepts. We present a methodological overview covering a general approach to built environment material cadastres and the main components of the underlying bottom up Material Flow approach: material composition indicators and GIS based building stock modelling and a dynamization approach. To discuss circularity potentials of the built environment in a larger urban regional development context, we furthermore designed material cadastres for two case study cities and calculated exemplary circularity potentials for closing, slowing and narrowing approaches. The findings and drafted conclusions were then reflected with urban planning and development actors in workshops and group discussions. As a result, we present consolidated propositions with respect to bridging the methodological gap between strategic and operational materiality informed urban and regional planning in the transition of the built environment towards circularity. © 2024 Institute of Physics Publishing. All rights reserved.",,,10.1088/1755-1315/1363/1/012084,Conference paper,4,Scopus,2-s2.0-85198431556,,,SCOPUS_S2-1.csv
High-Resolution Mapping of Urban Residential Building Stock Using Multisource Geographic Data,Shen L.; Wang L.; Yang Q.; Ma M.,2024,Buildings,"The rapid pace of urbanization and the increasing concentration of populations in urban areas have generated a substantial demand for architectural structures, resulting in a significant increase in building stock and continuous material flows that interact with the environment. This study emphasizes the importance of high-spatial-resolution mapping of residential building stock for effective urban-construction resource management, planning, and waste management. Focusing on Xi’an as a case study, the research develops a comprehensive framework for mapping urban residential building stock by integrating diverse data dimensions, including temporal, spatial, network, and multi-attribute aspects. The findings indicate that between 1990 and 2020, approximately 4758 residential communities were established in central Xi’an. The analysis of seven key residential construction materials revealed that the building stock escalated from 1.53 million tons to 731.12 million tons, with a steady spatial expansion of material distribution. The study attributes this growth to factors such as population increase, economic advancement, and policy initiatives, which, in turn, have driven the demand for residential building materials and reinforced the interdependence between urban expansion and residential construction development. Remarkably, from 1990 to 2020, the population surged by 2.1-fold, the economy by 66-fold, and the stock of residential building materials by 477-fold, indicating that the growth rate of material stock consistently outpaced that of both population and economic growth. Over the past three decades, the rapid expansion of residential buildings has led to the encroachment of urban ecological spaces by concrete structures. The methodology proposed in this study for quantifying building material offers valuable insights for policymakers and urban and environmental planners to foster responsible resource consumption and supports component-level circularity in the built environment. © 2024 by the authors.",material stock; multisource integration; spatialization method; sustainability,Data integration; Housing; Mapping; Population statistics; Urban growth; Waste management; Building stocks; Buildings materials; Material stock; Multi-source integrations; Residential building; Residential building stocks; Residential construction; Spatialization; Spatialization method; Urban residential buildings; Sustainable development; MATERIAL FLOW-ANALYSIS; LIFE-CYCLE ASSESSMENT; NIGHTTIME LIGHT DATA; ENVIRONMENTAL-IMPACT; DYNAMIC MATERIAL; WASTE MANAGEMENT; OF-LIFE; CONSTRUCTION; METABOLISM; DEMOLITION,10.3390/buildings14051266,Article,7,Scopus; Web of Science,2-s2.0-85194504060,WOS:001232919500001,,SCOPUS_S2-1.csv; S2-1 result.txt
INTELLIGENT RETROFITS IN RESIDENTIAL BUILDINGS: A KNOWLEDGE-BASED APPROACH,Bano S.; Ali U.; Sood D.; O’Donnell J.,2024,Proceedings of the European Conference on Computing in Construction,"Building Life Cycle Assessment (LCA) is crucial to mitigate the environmental impact of residential retrofits. However, a significant gap exists in evaluating the complexity of building life cycles in the context of residential renovations. The proposed intelligent Knowledge Base System methodology integrates existing building materials, stock data, typologies, and retrofit scenarios, employing a hybrid approach that combines rule-based, casebased, and frame-based systems for comprehensive life cycle assessment. The case study focuses on retrofitting the semi-detached housing typology, transitioning from a boiler to a heat pump, and results in a reduction of total carbon emissions to 184 tCO2e and 90 tCO2e over 60 years. This study aids energy policymakers, urban planners, and researchers by offering an intelligent framework to promote eco-friendly renovations and advance sustainable building practices. © 2024 European Council on Computing in Construction.",,,10.35490/EC3.2024.323,Conference paper,1,Scopus,2-s2.0-85203426479,,,SCOPUS_S2-1.csv
Mapping material stocks of buildings and mobility infrastructure in the United Kingdom and the Republic of Ireland,Wiedenhofer D.; Schug F.; Gauch H.; Lanau M.; Drewniok M.P.; Baumgart A.; Virág D.; Watt H.; Serrenho A.C.; Tingley D.D.; Haberl H.; Frantz D.,2024,"Resources, Conservation and Recycling","Understanding the size and spatial distribution of material stocks is crucial for sustainable resource management and climate change mitigation. This study presents high-resolution maps of buildings and mobility infrastructure stocks for the United Kingdom (UK) and the Republic of Ireland (IRL) at 10 m, combining satellite-based Earth observations, OpenStreetMaps, and material intensities research. Stocks in the UK and IRL amount to 19.8 Gigatons or 279 tons/cap, predominantly aggregate, concrete and bricks, as well as various metals and timber. Building stocks per capita are surprisingly similar across medium to high population density, with only the lowest population densities having substantially larger per capita stocks. Infrastructure stocks per capita decrease with higher population density. Interestingly, for a given building stock within an area, infrastructure stocks are substantially larger in IRL than in the UK. These maps can provide useful insights for sustainable urban planning and advancing a circular economy. © 2024 The Author(s)",Earth observation; Infrastructure mapping; Material stocks; Sentinel-1; Sentinel-2; Social metabolism; Sustainability; Sustainable resource use,Ireland; United Kingdom; Aggregates; Buildings; Climate change; Natural resources management; Observatories; Population distribution; Population dynamics; Resource allocation; metal; Earth observations; Infrastructure mapping; Material stock; Mobility infrastructure; Per capita; Sentinel-1; Sentinel-2; Social metabolisms; Sustainable resource use; United kingdom; building; infrastructure; mapping; resource use; Sentinel; stock assessment; sustainability; Article; built infrastructure; city planning; climate change; construction and demolition waste; controlled study; economic aspect; environmental sustainability; Northern Ireland; policy; population density; quality control; random forest; remote sensing; resource management; waste management; Population statistics; IN-USE STOCKS; VIENNA; TIME,10.1016/j.resconrec.2024.107630,Article,19,Scopus; Web of Science,2-s2.0-85190723997,WOS:001231749200001,,SCOPUS_S2-1.csv; S2-1 result.txt
Material stock-service and circularity prospects of buildings in Singapore,Meijer A.; Arora M.; Cheah L.,2024,"Resources, Conservation and Recycling","Estimates of city-scale building material stocks and flows can contribute towards resource circularity opportunities. A bottom-up material flow analysis is carried out to track concrete, steel and embodied carbon in all Singapore buildings, from 2010 to 2020. Most inflows were directed to residential buildings, while the largest outflow originated from the demolition of private industrial buildings. In 2020, 472 million tonnes of concrete and steel stocks were embodied in buildings. Embodied carbon in public residential buildings is the highest (58.4 MtCO2e) among all building types. Resource efficiency of residential and industrial buildings, in terms of material use per service index, remained flat over the past decade, while that for commercial buildings rose. The cumulative outflows for the next 10 years can meet 17 % of projected material demand and deliver significant emissions savings. Efforts to promote material reuse and recycling can help deliver a low-carbon and circular built environment. © 2024 The Author(s)",Built environment; Circular economy; Embodied carbon; Material flow analysis; Stock-service nexus; Sustainable cities,Singapore [Southeast Asia]; Carbon; Concretes; Housing; carbon; Built environment; Circular economy; City scale; Embodied carbons; Industrial buildings; Materials flow analysis; Residential building; Singapore; Stock-service nexus; Sustainable cities; bottom-up approach; building; carbon emission; demolition; environmental economics; material flow analysis; outflow; recycling; sustainability; sustainable development; urban area; Article; biotypology; built environment; carbon emission factor; circular economy; circulation; city; city planning; concrete usage index; design; economic aspect; flow; flow measurement; geographic distribution; industrialization; industry; material intensity factor; material stock service; socioeconomics; stock service nexus; sustainable city; Office buildings; MATERIAL FLOW-ANALYSIS; LIFE-CYCLE ASSESSMENT; ENVIRONMENTAL EMISSIONS; RESIDENTIAL BUILDINGS; EMBODIED CARBON; FOUNDATION; TIME,10.1016/j.resconrec.2024.107697,Article,12,Scopus; Web of Science,2-s2.0-85193737556,WOS:001264065900001,,SCOPUS_S2-1.csv; S2-1 result.txt
Parametric study on the decarbonization potential of structural system and concrete mix design choices for mid-rise concrete buildings,Hafez H.; Bajić P.; Aidarov S.; Malija X.; Drewniok M.; Purnell P.; Tošić N.,2024,Materials and Structures/Materiaux et Constructions,"Mid-rise reinforced concrete buildings are projected to continue being the predominant typology for urban development. Thus, reducing the carbon footprint of such buildings is critical for achieving a sustainable built environment. Reducing the amount of concrete and steel in a building through structural and mix design optimization is identified as a primary resource efficiency strategy. This paper is among the first to present evidence of the decarbonization potential of these dematerialization strategies on a building level. The study combines structural design choices such as slab system design, steel reinforcement optimization and span width with materials-based strategies, such as low binder concrete and low-carbon binders. For each scenario, material quantities are calculated following design prescriptions by EN1992–1–1 while state-of-the art life cycle inventory data are adopted to calculate the carbon footprint. Results show that shifting towards more efficient structural systems (i.e., waffle slab system) could save up to 20% of the carbon footprint on the building level compared to more traditional systems, such as slab on beams and flat slabs. In addition, reducing the spans from 7.5 to 5 m can save up to 20% more. Finally, the use of low-clinker cement in low-binder concrete can save another 50% in terms of CO2 impact per built-up area. Realistically, results of the case study concluded that implementing these three strategies could reduce the typical 232 kg CO2e/m2 value of the carbon footprint of structural elements of a mid-rise building up to only 58 kg CO2e/m2, i.e., a four-fold reduction. © The Author(s) 2024.",Concrete slab; Life cycle assessment; Low carbon concrete; Structural optimization; Structural system; Supplementary cementitious materials,Architectural design; Binders; Carbon footprint; Concrete buildings; Concrete construction; Concrete slabs; Emission control; Life cycle; Reinforced concrete; Structural design; Building levels; Decarbonisation; Life cycle assessment; Low carbon; Low carbon concrete; Parametric study; Slab systems; Structural optimisations; Structural systems; Supplementary cementitious material; Structural optimization; ENVIRONMENTAL IMPACTS; CEMENT; STEEL,10.1617/s11527-024-02367-1,Article,16,Scopus; Web of Science,2-s2.0-85191993442,WOS:001225927200001,,SCOPUS_S2-1.csv; S2-1 result.txt
Prediction of embodied GHG emissions of building materials in Shanghai,Long Y.; Cui H.; Lu Z.; Huang B.; Wang X.; Dou Y.,2024,Carbon Footprints,"The construction sector stands as a fundamental component of urban development, providing indispensable spaces and infrastructure critical to societal demands. However, the consumption of considerable building materials engenders a significant environmental footprint, mainly from the exploitation, manufacturing, and processing. Characterizing the dynamic changes in a city’s future building development and material demand is crucial for achieving the goal of carbon neutrality. As an international metropolis, Shanghai faces challenges, including limited land and resources, high population density, and rapid building renewal rates. Understanding building renewal patterns and developing potential urban mineral resources will help alleviate resource shortages, achieve sustainable use of building materials, and meet carbon reduction goals. Taking Shanghai as a case study, this research applies material flow analysis alongside the carbon emission factor method to forecast the consumption of building materials and the associated embodied carbon emissions within the city. The study meticulously quantifies the evolving patterns of building material consumption and embodied carbon emissions from 2023 to 2060. The results indicate that Shanghai's civil building stock area will undergo incremental growth, attaining a pinnacle in 2030 before embarking downward. In contrast, the scope of new construction and demolition within the urban fabric will follow an ascending trend throughout the same period. Regarding material consumption, gravel, cement, and bricks are identified as the predominant components, accounting for 58%, 18%, and 15% of the total material inflow, respectively. Embodied carbon emissions from Shanghai’s civil buildings are anticipated to rise steadily, mirroring the pattern of material consumption. Notably, emissions from residential buildings are expected to experience a slight decline from 2023 to 2028, ultimately reaching 5.43 Million metric tons (Mt) in 2060. The insights garnered from this research are instrumental in deepening the comprehension of urban development dynamics and the intricacies of resource management. © The Author(s) 2024.",Building material stock; embodied carbon emissions; material flow analysis; Shanghai,MATERIAL FLOW-ANALYSIS,10.20517/cf.2024.12,Article,5,Scopus; Web of Science,2-s2.0-105008989301,WOS:001716054200001,,SCOPUS_S2-1.csv; S2-1 result.txt
Predictive models of embodied carbon emissions in building design phases: Machine learning approaches based on residential buildings in China,"Zhang, XC Chen, HL Sun, JY Zhang, XQ",2024,Building and Environment,"As one of the major architectural forms, residential building construction consumes considerable resources, and it has been regarded as a crucial factor for the implementation of carbon peaking and neutrality targets. Estimation of carbon emissions is essential for making informed decisions regarding building design and carbon reduction measures. Some studies have established predictive models for building operational carbon emissions. However, there are relatively few studies concerning the prediction of embodied carbon emissions. This study established a dataset containing 850 residential building samples. Based on the trade-offs and combinations of different explanatory variables, including building features and material use, this study developed two-phase models. These models, incorporating six scenarios, predicted embodied carbon intensities using twelve machine learning algorithms. For the planning design phase, an extremely randomized tree model using the building height, structural form, seismic fortification intensity, delivery form, geographical region, and material cost as inputs was favored considering R2 as 0.821 on the testing dataset. For the preliminary design phase, an extreme gradient boosting model using both building features and material intensities provided superior performance with R2 and MAPE values of 0.917 and 0.038, respectively. The optimal models and relevant feature importance analysis can be helpful for efficiently predicting embodied carbon emissions, and therefore, facilitate low-carbon designs. © 2024 Elsevier Ltd",Design phase; Embodied carbon emissions; Machine learning; Predictive model; Residential building,China; Architectural design; Carbon; Economic and social effects; Housing; Learning algorithms; Seismic design; Statistical tests; Building design; Carbon emissions; Design phase; Embodied carbon emission; Embodied carbons; In-buildings; Machine learning approaches; Machine-learning; Predictive models; Residential building; architectural design; building; carbon emission; machine learning; numerical model; prediction; Machine learning; LIFE-CYCLE ASSESSMENT; ENERGY; SYSTEM; SECTOR; LCA,10.1016/j.buildenv.2024.111595,Article,53,Scopus; Web of Science,2-s2.0-85192490133,WOS:001237657000001,,SCOPUS_S2-1.csv; S2-1 result.txt
"RASMI: Global ranges of building material intensities differentiated by region, structure, and function",Fishman T.; Mastrucci A.; Peled Y.; Saxe S.; van Ruijven B.,2024,Scientific Data,"The construction materials used in buildings have large and growing implications for global material flows and emissions. Material Intensity (MI) is a metric that measures the mass of construction materials per unit of a building’s floor area. MIs are used to model buildings’ materials and assess their resource use and environmental performance, critical to global climate commitments. However, MI data availability and quality are inconsistent, incomparable, and limited, especially for regions in the Global South. To address these challenges, we present the Regional Assessment of buildings’ Material Intensities (RASMI), a new dataset and accompanying method of comprehensive and consistent representative MI value ranges that embody the variability inherent in buildings. RASMI consists of 3072 MI ranges for 8 construction materials in 12 building structure and function types across 32 regions covering the entire world. The dataset is reproducible, traceable, and updatable, using synthetic data when required. It can be used for estimating historical and future material flows and emissions, assessing demolition waste and at-risk stocks, and evaluating urban mining potentials. © The Author(s) 2024.",,Construction Materials; article; building material; construction and demolition waste; data availability; global climate; mining; LIFE-CYCLE ASSESSMENT; GREENHOUSE-GAS EMISSIONS; MATERIAL FLOW-ANALYSIS; RESIDENTIAL BUILDINGS; EMBODIED ENERGY; MATERIAL STOCK; DEMOLITION WASTE; CO2 EMISSIONS; CONSTRUCTION MATERIALS; CARBON FOOTPRINT,10.1038/s41597-024-03190-7,Data paper,53,Scopus; Web of Science,2-s2.0-85191180142,WOS:001207235400004,,SCOPUS_S2-1.csv; S2-1 result.txt
The carbon footprint of future engineered wood construction in Montreal,Meyer F.; Elliot T.; Craig S.; Goldstein B.P.,2024,Environmental Research: Infrastructure and Sustainability,"Engineered wood (EW) has the potential to reduce global carbon emissions from the building sector by substituting carbon-intensive concrete and steel for carbon-sequestering wood. However, studies accounting for material use and embodied carbon in buildings rarely analyse the city-scale or capture connections between the city and supplying hinterlands. This limits our knowledge of the effectiveness of decarbonising cities using EW and its potential adverse effects, such as deforestation. We address this gap by combining bottom-up material accounting of construction materials with life cycle assessment to analyse the carbon emissions and land occupation from future residential construction in Montreal, Canada. We compare material demand and environmental impacts of recent construction using concrete and steel to future construction using EW at the neighbourhood, urban scales under high- and low-density growth scenarios. We estimate that baseline embodied carbon per capita across the Agglomeration of Montreal is 3.2 tonnes per carbon dioxide equivalents (CO2eq.), but this ranges from 8.2 tonnes CO2eq. per capita in areas with large single-family housing to 2.0 tonnes CO2eq. per capita where smaller homes predominate. A Montreal-wide transition to EW may increase carbon footprint by up to 25% under certain scenarios, but this varies widely across the city and is tempered through urban densification. Likewise, a transition to EW results in less than 0.1% land transformation across Quebec’s timbershed. Moreover, sustainable logging practices that sequester carbon can actually produce a carbon-negative building stock in the future if carbon in the wood is not re-emitted when buildings are demolished or repurposed. To decarbonise future residential construction, Montreal should enact policies to simultaneously promote EW and denser settlement patterns in future construction and work with construction firms to ensure they source timber sustainably. © 2024 The Author(s). Published by IOP Publishing Ltd",building material stock; concrete; embodied carbon; engineered wood; life cycle assessment; mass timber,LIFE-CYCLE COST; LAND-USE CHANGE; MASS TIMBER; SUSTAINABILITY,10.1088/2634-4505/ad2153,Article,14,Scopus; Web of Science,2-s2.0-85188000766,WOS:001184864100001,,SCOPUS_S2-1.csv; S2-1 result.txt
"Towards net zero carbon buildings: Accounting the building embodied carbon and life cycle-based policy design for Greater Bay Area, China",Liang H.; Bian X.; Dong L.,2024,Geoscience Frontiers,"Carbon mitigation of buildings is critical to promote a net-zero society. The international society has vigorously promoted ""Net Zero Carbon Buildings"" across the globe, and accounting for building carbon emissions is critical to support this initiative. Embodied carbon, which represents carbon emissions from the entire lifecycle of the buildings, is fundamental for realizing the idea of zero carbon. However, only limited studies have been conducted so far that take into account the city scale. This paper aimed to act as a first try to account for the embodied carbon emissions in buildings in 2020 for the Guangdong-Hong Kong Macau Greater Bay Area in China (GBA). We integrated remote sensing techniques such as night-time light data (NLT) and building material flows analysis to calculate and spatialize the newly generated building material stocks (MS). Based on the MS data, we further applied life cycle assessment (LCA) to assess the embodied carbon in the buildings. The results highlighted that over 163 million tons of embodied carbon in buildings of GBA are expected to be generated, from 497 million tons of newly generated building MS in 2020. The embodied carbon in each life cycle stage is valuable for further lifecyclebased policy designs for: (i) supporting the updating of the green building certification system with consideration of the embodied carbon; (ii) promoting the green building material application and certification; and (iii) reducing the embodied carbon intensity from compact urban planning policy, such as the urban agglomeration policies in GBA. The goal of this paper was to shed a light on reducing carbon emissions from the perspective of the entire lifecycle and promote the development of net zero carbon buildings in China and Asia-Pacific. (c) 2023 China University of Geosciences (Beijing) and Peking University. Published by Elsevier B.V. on behalf of China University of Geosciences (Beijing). This is an open access article under the CC BY-NC-ND license (http://creativecommons.org/licenses/by-nc-nd/4.0/).",Embodied carbon; Greater Bay area; Life cycle assessment; Life cycle-based policies; Net zero carbon building; Life cycle -based policies,China; Guangdong; Hong Kong; Macau; building; carbon emission; design; life cycle analysis; policy making; NIGHTTIME LIGHT DATA; MATERIAL STOCK; CONSTRUCTION; EMISSION; SOCIETY; TIME,10.1016/j.gsf.2023.101760,Article,39,Scopus; Web of Science,2-s2.0-85178158894,WOS:001232700400001,,SCOPUS_S2-1.csv; S2-1 result.txt
Tradeoffs and synergy between material cycles and greenhouse gas emissions: Opportunities in a rapidly growing housing stock,Igdalov S.; Fishman T.; Blass V.,2024,Journal of Industrial Ecology,"Management of building materials’ stocks and flows is a major opportunity for circularity and de-carbonization. We examine the relationship between material consumption and associated greenhouse gas (GHG) emissions under different scenarios in Israel, a developed country with an already high population density that expects tremendous growth in its housing stock by 2050. We created scenarios of varying housing unit sizes and additional material efficiency practices: fabrication yield, lifetime extension, material substitution, recycling, and their combination, resulting in 18 scenarios. In each scenario, the material flows and stocks needed to supply the housing demand and the resulting life-cycle GHG emissions are quantified. No single material efficiency practice achieves a reduction in all indicators, suggesting a potential conflict between circular economy and decarbonization policies: The material substitution scenario allows for the biggest reduction in material consumption (12%–40% concrete reduction and 15%–51% steel reduction in 2050 compared with the baseline), while the recycling scenario achieves the biggest reduction in GHG emissions (22%–43% reduction in 2050 compared with the baseline). In the long-term, the life-extension scenario reduces most demolition waste. These findings can help policymakers and stakeholders consider the impacts of raw materials consumption and implement this knowledge in light of their priorities in policy packages. The results suggest a narrow window of opportunity within the next decade to influence material consumption and emissions to 2050. The findings could also shed light on the sustainability trajectories of other countries with similarly rapidly developing building stock, which have received little attention in this field. © 2024 The Author(s). Journal of Industrial Ecology published by Wiley Periodicals LLC on behalf of International Society for Industrial Ecology.",circular economy; dynamic material flows and stocks; material use; residential buildings; scenarios; societal metabolism,Low emission; % reductions; Circular economy; Dynamic material flow and stock; Dynamic materials; Greenhouse gas emissions; Material Flow; Material use; Residential building; Scenario; Societal metabolism; concrete; demolition; greenhouse gas; scenario analysis; stakeholder; substitution; sustainability; trade-off; Greenhouse gas emissions,10.1111/jiec.13576,Article,4,Scopus,2-s2.0-85207891135,,,SCOPUS_S2-1.csv
UNCOVERING THE CIRCULAR POTENTIAL: ESTIMATING MATERIAL FLOWS FOR BUILDING SYSTEMS COMPONENTS REUSE IN THE SWISS BUILT ENVIRONMENT,Xiong S.; Escamilla E.Z.; Habert G.,2024,"PROCEEDINGS OF THE 29TH INTERNATIONAL CONFERENCE OF THE ASSOCIATION FOR COMPUTER-AIDED ARCHITECTURAL DESIGN RESEARCH IN ASIA, CAADRIA 2024, VOL 1","The construction industry plays a critical role in global resource consumption and greenhouse gas emissions, highlighting the urgent need for sustainable development practices. However, a key challenge in this area is the lack of effective models for resource use that align with circular economy principles. This gap hinders efforts to achieve sustainable resource management, especially in the face of increasing urbanization and material demand. To address this issue, our study presents a Parametric Predictive Model (PPM) to improve resource efficiency, specifically targeting the often-underestimated building systems. The model takes a bottom-up approach, utilizing local databases to accurately assess material stocks of building systems, thereby improving the granularity of data on material composition. Using advanced machine learning algorithms, the model processes both categorical and non-categorical data. The output, an enriched comprehensive database can support more informed decision making in sustainable resource recovery and allocation, but also contribute to the broader goals of reducing waste and promoting resource efficiency in the built environment. © 2024 and published by the Association for Computer-Aided Architectural Design Research in Asia (CAADRIA), Hong Kong.",Building Stock Modelling; Building Systems; Circular Economy; Parametric Model; Predictive Model,Architectural design; Decision making; Efficiency; Gas emissions; Greenhouse gases; Learning algorithms; Machine learning; Resource allocation; Sustainable development; Building stock modeling; Building stocks; Building systems; Built environment; Circular economy; Material Flow; Parametric models; Predictive models; Resource efficiencies; Stock models; Construction industry,,Proceedings Paper,2,Scopus; Web of Science,2-s2.0-85196712530,WOS:001248011900054,,SCOPUS_S2-1.csv; S2-1 result.txt
Understanding the evolution of cities through urban stocks: A comparative analysis of Andean and coastal urban areas in Peru,Cucchi C.; Kahhat R.; Gutiérrez M.; Dueñas A.; Mesta C.; García S.; Fellner J.,2024,Journal of Industrial Ecology,"The evolution of cities follows distinct patterns that connect to the cultural and socioeconomic aspects of their populations and can be understood by studying their urban stocks. This paper examines the evolution of construction materials stocks (MS) in the building sector in five urban areas in Peru. The study employed a bottom-up methodology and focused on the city of Abancay in the Peruvian Andes, comparing it to the coastal cities of Chiclayo, Tacna, and San Isidro, as well as Lince. Additionally, regression models were employed to examine the influence of socioeconomic factors associated with urban stock. The research highlights a transition from residential building stock to distinct patterns of socioeconomic development, with urban population and economic growth emerging as pivotal drivers of material stock variation. Notably, large coastal cities like Chiclayo, Tacna, San Isidro, and Lince exhibit significantly higher concrete MS per capita, albeit with varying growth rates. In contrast, Abancay, with lower income levels, displays a higher per capita level of adobe MS, reflecting its historical connection to Peru's heartland. The correlation of urban stock components with the human development index (HDI) emphasizes the latter's significance in understanding the trends of the stocks of the different construction materials that constitute a city. By examining MS in various locations, unique Peruvian traits are unveiled, offering insights for urban development in the Global South. These findings provide valuable guidance for aligning urban stock growth and related environmental burdens with socioeconomic development, fostering sustainability, and promoting rational planning for economic growth. © 2024 by the International Society for Industrial Ecology.",Global South; industrial ecology; material stocks; pattern and drivers; urban growth; urban stocks,Andes; Chiclayo; Lambayeque; Peru; Tacna; Building materials; Ecology; Economic analysis; Economic and social effects; Population statistics; Regression analysis; Sustainable development; Coastal cities; Comparative analyzes; Economic growths; Global south; Industrial ecology; Material stock; Pattern and driver; Per capita; Socio-economic development; Urban stock; coastal zone; comparative study; economic growth; human development index; industrial ecology; socioeconomic impact; urban area; urban development; urban growth; urban population; Urban growth; MATERIAL FLOWS; JAPAN; INFRASTRUCTURES; BUILDINGS; TIME,10.1111/jiec.13501,Article,4,Scopus; Web of Science,2-s2.0-85193465244,WOS:001226954900001,,SCOPUS_S2-1.csv; S2-1 result.txt
3D CITY MODEL CONVERSION TO BIM FOR AUTOMATIC MATERIAL QUANTITIES ASSESSMENT,Isailovic D.; Nadazdi A.; Parezanovic A.; Petojevic Z.; Visnjevac N.,2025,Proceedings of the European Conference on Computing in Construction,"Accurate material quantification is essential for circular construction and urban material management. This paper presents a novel method for automating BIM generation from 3D city models (CityGML LOD 3) to assess material quantities. Exterior elements are converted into BIM for precise material takeoff, while interior materials are estimated using a bottom-up approach. A case study in Belgrade demonstrates the method’s reliability, particularly for older buildings. By enhancing automation and scalability, this GIS-to-BIM workflow improves accuracy in urban material stock assessment. © 2025, European Council on Computing in Construction (EC3). All rights reserved.",Building Typology; CIM; Circular Economy; CityGML; IFC; Point Cloud,,10.35490/EC3.2025.378,Conference paper,0,Scopus,2-s2.0-105029501558,,,SCOPUS_S2-1.csv
A Computer Vision Approach for Estimating Embodied Carbon to Support Circular Economy Decisions,D. Rajaratnam; R. A. Stewart; T. Liu; A. S. Vieira; I. Amarasinghe,2025,"2025 5th International Conference on Advanced Research in Computing: Converging Horizons: Uniting Disciplines in Computing Research through AI Innovation, ICARC 2025 - Proceedings","The circular economy of urban settlements is essential for sustainability and limiting climate change to under 2°C. While the circular economy in building stocks can be achieved through design optimized for resource recovery, challenges persist due to insufficient data on existing building stocks, material weights, and geo-locations. Urban building stock estimation and mining address these issues by mapping and analysing building resources. However, traditional urban mining methods are time-consuming, costly, and rely on expert assumptions. This study applied a novel computer vision approach and tested ResNet and DenseNet deep learning models to classify typical building facades in Australia. It automatically estimated the façade material stock and its embodied carbon. The ResNet-50 model achieved the highest performance (F1-score: 0.77, Accuracy: 0.803) and was deployed in Southport (SA 3) of the city of Gold Coast. Of the available image data, 78% was successfully inferred in Southport, while 22% remained unidentified due to the coverage limitations of open-street view images. Using model predictions, semantic data, and expert consensus, façade material stock weight was estimated, and embodied carbon coefficients were applied to account for the total embodied carbon. Results show that larger-scale autonomous stock estimation is feasible, offering significant advantages over traditional methods. This approach supports data-driven circular economy applications for sustainable urban planning and climate change mitigation.  © 2025 IEEE.",building façade; circular economy; computer vision; embodied carbon; estimation,Architectural design; Global warming; Interiors (building); Urban planning; Building facades; Building stocks; Circular economy; Embodied carbons; Facade materials; Geolocations; In-buildings; Resource recovery; Stock estimation; Stock materials; Facades; Computer vision; Climate change; Biological system modeling; Computational modeling; Buildings; Estimation; Data mining; Carbon; Sustainable development,10.1109/ICARC64760.2025.10963282,Conference paper,2,Scopus; IEEE Xplore,2-s2.0-105004558189,,IEEE Conferences,SCOPUS_S2-1.csv; IEEE_S2-1_merged_deduplicated_raw.csv
"A dynamic model to hindcast historical material stocks and flows from current stocks: Application to the buildings of 1159 administrative regions of the EU27, 1970–2050",Böcher C.; Cunha S.; Fishman T.; van der Voet E.; Kippert K.; Mogollón J.M.,2025,"Resources, Conservation and Recycling","Assessing material stocks and flows with high spatiotemporal resolution can promote circularity in the building sector. Understanding historic material stocks and flows is essential to capture material use dynamics. However, traditional modeling approaches are time and data intensive and difficult to upscale. We present a method for estimating past and future stocks and flows on a large scale with high spatial resolution. This methodology is demonstrated by hindcasting and forecasting building stocks and flows of 19 materials for 27 European countries at a NUTS3 spatial resolution for 1970–2050. Our model recreates historical stocks ranging from 55 Mt in Malta and 13,600 Mt in Germany in 1970, increasing to 97 Mt in Malta and 21,900 Mt in Germany in 2019. The results align with previous findings, where available. The model can be applied beyond buildings to other contexts in the built environment, enhancing our understanding of the material economy. © 2025 The Author(s)",Buildings; Construction materials; GIS; Material stocks and flows; Spatiotemporal modelling; Urban metabolism,Germany; 'current; Buildings sector; Dynamics models; Hindcasts; Material stock and flow; Material use; Spatio-temporal models; Spatio-temporal resolution; Stocks and flows; Urban metabolisms; building; construction material; GIS; hindcasting; spatiotemporal analysis; urban area; Article; built environment; case study; dynamics; economic aspect; forecasting; geographic information system; Malta; material stock and flow; methodology; stock assessment; LIFE; SOCIETY; JAPAN; TIME,10.1016/j.resconrec.2025.108198,Article,6,Scopus; Web of Science,2-s2.0-85218911139,WOS:001437203800001,,SCOPUS_S2-1.csv; S2-1 result.txt
A framework for building material recycling potential: Whole-life carbon assessment for residential buildings at city-scale,Alva P.; Talami R.; Pei W.; Miller C.; Stouffs R.,2025,Journal of Physics: Conference Series,"As nations strive to reduce resource consumption and carbon emissions, optimise building life cycles, and promote circular economy strategies, Whole Life Carbon Assessment (WLCA) has emerged as a critical tool for quantifying embodied and operational carbon emissions. However, only a limited number of studies have conducted WLCA at an urban scale, often addressing operational or embodied emissions in isolation without considering their cumulative impact. This study addresses this gap by proposing a city-scale WLCA framework that integrates both embodied and operational carbon assessments to evaluate the material recycling potential of urban building stock. Using Singapore as a case study, this paper estimates upfront and operational carbon emissions for public residential buildings (sample size = 5,915 buildings). Upfront carbon emissions are calculated based on material intensity factors and building information, while operational carbon emissions are derived from collected energy use data and building age. Reference values for embodied and operational carbon emissions - 5,901.6 tCO2e and 22.6 kg CO2e/m2.yr, respectively - are defined using sample means. Applying these reference values, we develop a city-wide building material recycling potential analysis, offering insights into resource efficiency and long-term sustainability. Beyond advancing urbanscale WLCA methodologies, this study contributes to broader discussions about circularity and climate action. By demonstrating a scalable and regionally adaptable approach, it provides a foundation for integrating WLCA into urban planning, policy development, and sustainability initiatives worldwide.  © Published under licence by IOP Publishing Ltd.",,Architectural design; Building materials; Carbon; Carbon cycle; Carbon Economy; Carbon emissions; Carbon sequestration; Circular economy; Life cycle; Life cycle assessment; Recycling; Sustainable building; Sustainable city; Sustainable development; Urban planning; Zero-carbon; Building life cycle; Building materials recycling; City scale; Recycling potential; Reference values; Residential building; Resources consumption; Urban scale; Housing,10.1088/1742-6596/3140/13/132008,Proceedings Paper,1,Scopus; Web of Science,2-s2.0-105027931627,WOS:001686944400269,,SCOPUS_S2-1.csv; S2-1 result.txt
A global spatialized approach to estimate residential building floor area and material stocks,Foong A.; Svintsov S.; Seydewitz T.; Holsten A.; Reck B.K.,2025,"Resources, Conservation and Recycling","A better understanding of the material stock in the built environment is needed to reduce its climate and environmental impacts while also improving its circularity. We introduce a comprehensive, globally consistent method to estimate residential floor area and material stock at a fine-scale spatial resolution, using the latest publicly available datasets on key building parameters and material intensity. Applying our validation analysis for a selected number of countries and subnational regions, we found that our floor area estimations underestimated official statistics by 30–40 %. Comparing our material stocks estimations with various definitions of building typologies and results from other studies, we found some degree of variation. These results highlight the need for more strengthened and concerted efforts in filling data and research gaps in various world regions. Overall, the presented approach allows for more rapid and regionally specific assessments of the material stocks and related impacts to inform policy directions. © 2025",Building materials; Building stock; Built environment; Floor area; Material intensity; Material stock,Apartment houses; Hotels; Motels; Shipbuilding materials; Structural metals; Tile; Building floors; Building stocks; Buildings materials; Built environment; Fine-scale; Floor areas; Floor materials; Material stock; Materials intensity; Residential building; building; comparative study; construction material; construction method; database; estimation method; model validation; spatial analysis; spatial resolution; typology; Article; built environment; climate; environmental impact; error; gross floor area; material intensity; policy; residential building floor; sensitivity analysis; stock assessment; subnational region; validation process; Houses; LOCAL CLIMATE ZONES; MATERIAL FLOWS; CONSTRUCTION,10.1016/j.resconrec.2025.108398,Article,1,Scopus; Web of Science,2-s2.0-105005749825,WOS:001500348500001,,SCOPUS_S2-1.csv; S2-1 result.txt
A novel computer vision-based approach for autonomous building facade material stock estimation,Rajaratnam D.; Stewart R.A.; Liu T.; Vieira A.S.,2025,"Resources, Conservation and Recycling","Estimating building stock at the elemental level is essential for a circular economy. However, the lack of information on building stock due to considerable time and costs associated with data collection poses a significant challenge in large-scale analysis. This study employed computer vision-based fa & ccedil;ade classification and weighted material intensity to estimate building fa & ccedil;ade material stock using a bottom-up approach. Autonomous semantic enhancements on fa & ccedil;ade material typologies and opening areas aided better estimation of building-facing materials' weight. ResNet 50 deep learning architecture was chosen, with an F1 score of 0.77 and 80 % accuracy. Most fa & ccedil;ade classes have achieved a relatively high level of accuracy of predictions. ""Common Brick"", ""Face Brick"", ""Concrete Blocks"", and ""Concrete"" were identified as the most widespread fa & ccedil;ade materials in the model deployed area of interest: Southport (SA3), City of Gold Coast, Australia. The model provides the necessary foundations for progressing circular economy and urban metabolism efforts.",Building stock; Circular economy; Computer vision; Deep learning; Estimation; Façade; Fa & ccedil; ade,Australia; Gold Coast; Queensland; aluminum; cement; concrete; metal; Building facades; Building stocks; Circular economy; Data collection; Deep learning; Facade materials; Large-scale analysis; Stock estimation; Vision based; Vision-based approaches; circular economy; computer vision; estimation method; learning; accuracy; algorithm; apartment; architecture; Article; automated rule based algorithm; Autonomous semantic enhancement; building facade; building stock; building stock database; carbon emission; classification performance; construction work and architectural phenomena; convolutional  architecture; cost benefit analysis; curtin wall; deep learning; deep learning based image classification model; economic aspect; economic parameters; F1 score; geometry; GeoScape building; human; image based prediction; learning rate decay factor; material stock distribution; material stock estimation; mathematical analysis; model convergence; model parameters; NEXIS typology; nonhuman; performance; product parameters; Pytorch framework; qualitative research; residual neural network; sample size; spatial analysis; spatial distribution; stock market; timber; training; training efficiency; window wall; CIRCULAR ECONOMY; DEMOLITION WASTE; BUILT ENVIRONMENT; CONSTRUCTION; CHALLENGES; JAPAN; TIME; CITY,10.1016/j.resconrec.2025.108311,Article,3,Scopus; Web of Science,2-s2.0-105002138910,WOS:001482413900001,,SCOPUS_S2-1.csv; S2-1 result.txt
A Novel Design Approach for Enhancing Material Circularity in Urban Development,"Versaci, M Pittau, F Masera, G",2025,"NEW FRONTIERS OF CONSTRUCTION MANAGEMENT, CMW 2024","The demand of raw materials has increased significantly over the past decades, and the pressure on resources is expected to continue in the next years due to the global demographic growth, causing serious threats to the economic, social, and ecological equilibrium. The construction sector is the main driver of material demand, with a major flow concentrated towards cities. The transition of the built environment to the circular economy is a key factor in achieving a resource-effective society. However, the full shift to a circular economy model is a great challenge that needs a revised approach to urban planning and building design. As the building industry is expected to remain the first contributor to resource depletion in the future, a holistic approach to material selection should be included in the early-stage phase of a building project to support designers and contractors to identify and promote material circularity as well as city planners and developers to better manage the secondary resources available at municipal or regional scale. This paper aims to investigate existing knowledge on circular economy in the built environment, highlighting synergies and connections of circular design with material stock analysis and criticality assessment. The outcome of this work is the development of a design framework crossing data from building material stock for enhancing the circular design. The framework, supported by digital tools, aims to help the stakeholders to understand which option best pursues the objectives of resource efficiency, considering the design inputs and externalities.",Circular materials; Resource depletion; Material flow analysis; Bottom-up approach; Building stock,CRITICALITY; INDICATOR,10.1007/978-3-031-87224-2_31,Proceedings Paper,0,Web of Science,,WOS:001562652300031,,S2-1 result.txt
"A Satellite-Driven Model for Monitoring Urban Material Metabolism, Embodied Emissions, and Carbonation",Nie Y.; Mao T.; Liu Y.; Chen Y.; Liu Y.; Chen W.-Q.,2025,Environmental Science and Technology,"Urban systems are central to global material consumption and carbon emissions. However, systematically understanding urban metabolism remains a challenge due to the reliance on aggregated, top-down data which fails to capture fine-scale urban dynamics. To address this challenge, we developed an integrated, bottom-up framework and reconstructed the 30-year metabolic history of Xiamen, China. Our approach leverages a custom machine learning workflow on multitemporal, open-source satellite imagery to create a dynamic 3D Building Dynamics (3D-BD) model. This model accurately maps key building attributes (footprint, height, type, and construction/demolition year), achieving an R2of 0.81 for height estimation and F1-scores of 0.89 and 0.81 for detecting construction and demolition years, respectively. This high-resolution database then drives a GIS-MFA and LCA model to quantify material stocks, flows, embodied emissions across key lifecycle stages, and the often-overlooked carbon sink from cement carbonation. Results for Xiamen revealed a 5-fold increase in building stock, with material inflows peaking in the early 2000s while demolition outflows steadily rise, signaling a shift to urban renewal. Over the study period, cement carbonation provided a significant, distributed carbon sink, offsetting an estimated 6.6% of the building stock’s total lifecycle embodied emissions. This transferable framework provides a more complete accounting of the urban carbon budget, offering a powerful tool for guiding sustainable planning and net-zero transitions. © 2025 American Chemical Society",building height; building stock; building vintage; carbonation; industrial ecology; life cycle assessment; material flow analysis; remote sensing; urban metabolism; urbanization; materialflow analysis; industrialecology,Carbon; China; Cities; Environmental Monitoring; Satellite Imagery; Fujian; Xiamen; 3D modeling; Budget control; Cements; Demolition; Ecology; Life cycle; Metabolism; Physiology; Sustainable development; Urban planning; Zero-carbon; carbon; cement; Building height; Building stocks; Building vintage; Carbon sink; Embodied emissions; Industrial ecology; Materials flow analysis; Remote-sensing; Urban metabolisms; Urbanization; building construction; carbon emission; carbon sink; cement (construction material); industrial ecology; life cycle analysis; machine learning; material flow analysis; metabolism; remote sensing; satellite imagery; urban area; urbanization; Article; carbon dynamics; carbon sequestration; city planning; data base; data extraction; environmental monitoring; greenhouse gas emission; information processing; life cycle assessment; random forest; time series analysis; uncertainty; urban material metabolism; validity; city; Carbonation; Remote sensing; MATERIAL STOCKS; TIME-SERIES; DYNAMICS; CONSTRUCTION; BUILDINGS,10.1021/acs.est.5c03058,Article,1,Scopus; Web of Science,2-s2.0-105022699678,WOS:001614147300001,,SCOPUS_S2-1.csv; S2-1 result.txt
A Study on the Development of Embodied Carbon Emission Calculation Model for the Automation of Building Life Cycle Assessment- Based on Open BIM -,Kang C.-H.; Jung B.; Park C.Y.; Kwon Y.-C.; Choi C.-H.,2025,Journal of the Architectural Institute of Korea,"This study presents a BIM-based automated model for estimating embodied carbon emissions, aimed at supporting life cycle assessments in building projects. Traditional manual LCA methods often involve time-consuming processes and are prone to errors, particularly during the quantity takeoff of building materials. To overcome these issues, the proposed model automatically extracts material quantities using the Industry Foundation Classes (IFC) format within an Open BIM framework. It applies material surcharge rates from national construction cost standards to calculate gross quantities, using a 99 percent cut-off threshold to prioritize key materials. By incorporating data from environmental product declarations, the model accurately estimates embodied carbon emissions. The model was tested on four completed buildings of varying types and scales. Results showed that BIM-based estimates were within plus or minus 10 percent of actual measurements, confirming both accuracy and practical usability. However, slight overestimations occurred for materials with high global warming potential, such as glass and insulation, due to limitations in IFC data and modeling assumptions. These findings point to the need for further refinement through correction factors and integration with real construction data. Overall, the model offers an efficient and reliable method for early-stage carbon assessments and supports the development of more integrated LCA tools in the construction sector. © 2025, Architectural Institute of Korea. All rights reserved.",Automated Calculation; Circular Economy; Embodied Carbon Emissions; Life Cycle Assessment; Open BIM,,10.5659/JAIK.2025.41.9.283,Article,0,Scopus,2-s2.0-105019508802,,,SCOPUS_S2-1.csv
A systematic review of physical and environmental indicators for BIM implementation in construction and demolition waste management,Ismaeel W.A.; Mohammed A.A.,2025,Research on Engineering Structures and Materials,"Construction and Demolition (C&D) waste poses significant environmental and economic challenges globally, with conventional management methods proving inefficient. This systematic review evaluates Building Information Modeling (BIM) applications in C&D waste management through analysis of physical and environmental indicators. Using a mixed-methods approach combining case study analysis of an 8-tower residential complex with comparative lifecycle assessment, we demonstrate BIM’s capacity to: (1) reduce material waste by 22.8% for blocks and 4.6% for concrete compared to traditional methods, (2) decrease CO2 emissions by 25% through optimized transport and recycling strategies, and (3) achieve near-zero waste (96.42% reduction) when implementing Dynamo-based parametric design controls. Key findings reveal: • Economic benefits: 15-20% cost reduction through precise material quantification • Environmental gains: 664, 100 kg CO2e reduction potential per project • Operational efficiency: 87.18% improvement in waste forecasting accuracy This study establishes BIM as a transformative tool for achieving UN SDGs 11 (Sustainable Cities) and 12 (Responsible Consumption), particularly in high-waste regions like Iraq where current recycling rates remain below 3%. © 2025 MIM Research Group. All rights reserved, https://creativecommons.org/licenses/by-nc/4.0/legalcode.",Building information modeling; Carbon footprint; Circular economy; Construction waste; Dynamo,Carbon Economy; Circular economy; Construction; Cost reduction; Environmental management; Information management; Life cycle; Life cycle assessment; Recycling; Solid wastes; Sustainable development; Waste management; Building Information Modelling; Circular economy; Construction and demolition waste; Construction wastes; Economic challenges; Environmental challenges; Environmental indicators; Model implementation; Physical indicators; Systematic Review; Demolition,10.17515/resm2025-918st0527rs,Article,1,Scopus,2-s2.0-105025811794,,,SCOPUS_S2-1.csv
Accelerating circular cities with semi-automatic building information modeling for existing buildings,Triantafyllidis G.; Müller D.B.; Wellinger S.; Huang L.,2025,Journal of Cleaner Production,"The lack of high-granularity information on existing building stock impedes efficient material reuse and recycling, which is essential for promoting the circular economy in the building industry. Building Information Modeling (BIM) can fill this gap by offering detailed information about the material composition of buildings. However, creating BIM models for existing buildings remains costly, time-consuming, and labor-intensive. This study proposes a novel method for accelerating the creation of georeferenced BIM models by integrating heterogeneous mass data and domain knowledge about building construction. The method achieves 95 % accuracy in estimating material intensities for external load-bearing timber frame walls and roof components. This approach provides valuable insights for stakeholders, facilitating the transition to circular cities by supporting material stock analysis at both macro and micro levels. By expediting the BIM modeling process, this method enhances the granularity of material stock analysis, supports efficient material reuse and recycling, and promotes urban sustainability. © 2025 The Authors",Circular economy; Existing buildings; High-granularity data; Material remanufacturing; Material reuse; Parametric BIM modeling; Sustainable construction,Architectural design; Walls (structural partitions); Building Information Modelling; Circular economy; Existing building; High granularity; High-granularity data; Material remanufacturing; Material reuse; Parametric building information modeling modeling; Parametric buildings; Sustainable construction; Building Information Model; ECONOMY; WASTE; STOCK,10.1016/j.jclepro.2025.145783,Article,4,Scopus; Web of Science,2-s2.0-105006762915,WOS:001504558200004,,SCOPUS_S2-1.csv; S2-1 result.txt
Advancing Circular Economy Strategies in Modular Architecture through Design for Disassembly and Reuse,Belkhiri K.; Mitache A.; Ungureanu V.,2025,INZYNIERIA MINERALNA-JOURNAL OF THE POLISH MINERAL ENGINEERING SOCIETY,"The current transition to the circular economy of construction is imperatively concerned with diminishing resource depletion, construction waste mitigation, and sustainability. The concept of modularity involves prefabrication of the building elements, accomplishing great efficiency and reduced environmental impact and therefore, creates a perfect ground for transitioning the ideals of the circular economy. The existing research suggested that modular buildings can take advantage of Design for Disassembly (DfD) principles in achieving up to 50% better rates of resource recovery compared to traditional construction methods, including embodied carbon and resource consumption. In addition, the use of material passports and blockchain-enabled tracking systems contributes to greater traceability of building components, ensuring that elements of a building are used at the end of their lifecycle. Through BIM, such designs can be optimized for circularity by enabling precise material quantification and adaptive reuse planning. There are still significant constraints holding up the realization of these benefits, including regulatory constraints, non-standardized modular component options, and financial disincentives relating to material reuse. This study therefore advocates policy intervention, financial incentives, and collaborative frameworks to address these barriers. The research moves forward by discussing some of the issues facing the construction industry and even embracing cutting-edge technological novelties by thinking about moving the industry closer to its transformative journey away from the linear ""take-make-dispose"" concept and into regenerative politics through circular action by highlighting all the benefits of circular, modular construction. The potential of sustainable architecture would be greatly transformed and promoted with how modular construction is applied, particularly to match circular economy principles which are aiming for a new level of resource efficiency. © 2025, Polish Mineral Engineering Society. All rights reserved.",Circular economy; Design for disassembly (DfD); Modular architecture; Prefabrication; Sustainable construction,CONSTRUCTION; BUILDINGS,10.29227/IM-2025-02-02-021,Article,3,Scopus; Web of Science,2-s2.0-105025138537,WOS:001696974000026,,SCOPUS_S2-1.csv; S2-1 result.txt
AN ANALYSIS OF REGIONAL BUILDING STOCKS FOR MATERIAL FLOW ASSESSMENT; [EINE ANALYSE REGIONALER GEBÄUDEBESTÄNDE ZUR BEWERTUNG DES MATERIALFLUSSES],Gong S.; Brasseur A.; Courard L.; Teller J.,2025,gis.Science - Die Zeitschrift fur Geoinformatik,"This study develops a GIS-based framework to create a high-resolution building inventory for Wallonia, Belgium, addressing a critical data gap for regional material flow assessment. Key methodological innovations include the use of LiDAR to estimate building volume, a jointness analysis to supplement missing building typologies, and a spatial matching technique to identify demolished structures, collectively addressing common data scarcity issues. The resulting inventory identified 1.43 million residential buildings. The detected trend in demolition activity aligns with official statistics, validating the methodology’s ability to capture meaningful stock dynamics at a regional scale. This work demonstrates that a spatially explicit inventory is a foundational and transferable tool for quantifying material stocks and determining construction and demolition volume, providing a critical evidence base for regional circular economy strategies. © 2025 VDE Verlag GmbH. All rights reserved.",circular economy; construction and demolition waste; GIS; material flow assessment; Regional building inventory,Belgium; Wallonia; building; circular economy; demolition; emission inventory; GIS; industrial waste; lidar; material flow analysis; residential location,10.14627/gis.Science.2025.4.1,Article,0,Scopus,2-s2.0-105025239109,,,SCOPUS_S2-1.csv
An estimation approach on material intensities and global warming potential of Turkish residential stock,Somer M.E.,2025,Ain Shams Engineering Journal,"After the devastating earthquake on February 6, 2023, the importance of analyzing Turkey's current building stock to rethink construction technologies and materials used became clear. Databases of existing building materials are needed to achieve improvements. This study aims to partially fill the data gap required for the development of future strategies, especially regarding the construction technologies and materials used in existing residential buildings. To this end, existing statistical data were gathered, limited, simplified and documented. Material intensities were then estimated and the potential of global warming as a sustainability factor was assessed. The results of the study demonstrate the significant impact of residential buildings on Turkey's urban material stock and provide a data base for future calculations towards a more environmentally friendly building stock. © 2025 The Author(s)",Building material stock; Building stock; Global warming potential; Statistical data documentation; Turkish material intensities; Turkish residential stock,Building materials; Construction; Housing; Statistics; Sustainable development; Building material stock; Building stocks; Buildings materials; Data documentation; Global warming potential; Materials intensity; Residential stock; Statistical data documentation; Turkish material intensity; Turkish residential stock; Turkishs; Global warming; CONSTRUCTION SECTOR; BUILDING STOCK; CLIMATE-CHANGE; ENERGY; EMISSIONS; GERMANY; CARBON; SYSTEM; IMPACT,10.1016/j.asej.2025.103725,Article,1,Scopus; Web of Science,2-s2.0-105014933912,WOS:001566753100003,,SCOPUS_S2-1.csv; S2-1 result.txt
An LCA Mapping of Off-Site Biodiversity Impacts for 107 Newly Constructed Buildings,Sigvert L.; Svedin R.A.; Collin C.; Ottosen L.M.,2025,IOP Conference Series: Earth and Environmental Science,"In 2024, the World Economic Forum identified the loss of biodiversity and ecosystem collapse as one of the top three global risks to society. The average size of monitored wildlife populations has shrunk by 73% since 1970. While climate change has been the primary focus of the construction sector, it is crucial to recognize that the biodiversity crisis is equally pressing. The construction industry, characterized by substantial energy and material consumption, significantly contributes to a large share of the impact of climate change and biodiversity losses. This study utilizes an automated and refined version of the Doughnut Biotool to comprehensively map and analyse the off-site biodiversity impact of 107 projects from Sweco Denmark's Life Cycle Assessment database. Since the dataset is based on Danish construction, the buildings' layout and material composition represent typical new construction in northern Europe. The study's findings reveal significant burden-shifting associated with transitioning to a more wood-based construction industry. While increasing the use of wood effectively lowers the Global Warming Potential, it concurrently elevates the impact on off-site biodiversity. Furthermore, the study identifies which building components and material types that impact biodiversity the most. By adopting a more holistic approach that encompasses both Global Warming Potential and biodiversity impact, the construction industry can achieve a more comprehensive understanding of its environmental impact, which is essential for making informed decisions. The study investigates the off-site biodiversity impact of 11 building typologies and eight structural concepts, laying the groundwork for future construction practices with a lower biodiversity impact. The scientific novelty of the study is primarily the broad mapping of an extensive dataset of new construction and the automation of the calculation for off-site biodiversity impact. © Published under licence by IOP Publishing Ltd.",,,10.1088/1755-1315/1554/1/012161,Proceedings Paper,0,Scopus; Web of Science,2-s2.0-105027135804,WOS:001764648000161,,SCOPUS_S2-1.csv; S2-1 result.txt
Autonomous building material stock estimation using 3D modeling and multilayer perceptron,Li Q.; Zhao B.; Wang X.; Yang G.; Chang Y.; Chen X.; Chen B.M.,2025,Sustainable Cities and Society,"Building material stock (BMS) modeling is crucial to promote circular economy in urban environment. This study presents a fully autonomous bottom-up approach for BMS estimation using 3D modeling and Multilayer Perceptron (MLP). Firstly, an archetype-based MLP model for concrete and steel stock estimation is developed and trained using the feature information collected from BIM (Building Information Modeling) models of local buildings, reaching 91.0 % estimation accuracy for concrete and 87.6 % for steel. A novel 3D modeling workflow is then developed using an innovative point cloud reconstruction method, in order to create editable 3D building models. These models facilitate the extraction of key building features, which are then inputted into pre-trained MLP models to estimate the BMS. The full pipeline was validated through three experiments at a neighborhood, with concrete and steel stock estimation errors of 13.7 % and 10.9 %. Such bottom-up method allows for a more precise assessment of building material composition, intensity, and geographic distribution, offering crucial insights for resource management. In summary, the proposed method enables automated, scalable quantification of building material stocks directly from UAV-acquired data, supporting material reuse planning, demolition decision-making, and circular economy initiatives in urban areas. © 2025 Elsevier Ltd",3D reconstruction; Circular economy; Machine learning; UAV; Urban mining,Building Information Model; Circular economy; Concretes; Data mining; Decision making; Demolition; Economics; Historic preservation; Information use; Multilayers; Three dimensional computer graphics; Urban planning; 3D models; 3D reconstruction; 3d-modeling; Buildings materials; Machine-learning; Multilayers perceptrons; Steel stocks; Stock estimation; Urban mining; bottom-up approach; estimation method; three-dimensional modeling; urban area; urban development; urban planning; Learning systems; LIFE-CYCLE ASSESSMENT; URBAN,10.1016/j.scs.2025.106522,Article,16,Scopus; Web of Science,2-s2.0-105008273187,WOS:001511230300001,,SCOPUS_S2-1.csv; S2-1 result.txt
BIM to GIS: Multi-Criteria Queries for Material Tracking in Circular Built Environments,"Triantafyllidis, G Mahnert, KC Huang, LZ",2025,JOURNAL OF CIRCULAR ECONOMY,"This study proposes a lightweight approach to BIM-GIS integration for circular economy applications, focusing on timber component repurposing in the Norwegian housing stock. Rather than emphasizing detailed geometric representations, we address key challenges in material stock assessment by prioritizing semantic data. Using the Level of Information Need (LOIN) framework, we identify critical parameters for timber reuse based on European standards EN 14080 and EN 14081. We implement a GeoJSON-based method that selectively extracts purposespecific information from IFC models, achieving an 80.73% reduction in data volume while preserving all required semantic attributes. This enables multi-criteria queries linking 525 timber components to a cadaster dataset of 14,081 detached houses in Trondheim. Validation results confirm complete semantic data retention and sub-3second query execution on standard GIS hardware. By focusing on essential material attributes rather than computationally intensive 3D models, the method supports scalable material stock assessments and efficient identification of reusable components. These findings demonstrate that selective information extraction enhances computational performance while maintaining decision-critical detail. Future work should explore ontology-driven approaches to improve multi-domain interoperability and enable more advanced semantic querying.",Circular Cities; BIM-GIS Integration; Component Reuse; Material Stock,,10.55845/LLZN4383,Article,1,Web of Science,,WOS:001582038700001,,S2-1 result.txt
Building Information Modeling in Endof-Life Waste Management: A Brief Review,Roslim A.; Rahman M.M.; Yusof I.H.M.,2025,Sustainable and Eco-Friendly Process Management: Advancing Cleaner Technologies,"Integration of advanced technologies in managing construction and demolition waste (CDW) is crucial for sustainable construction. While Building Information Modeling (BIM) has been used in managing CDW in general, its use in demolition waste management at the End-of-Life (EOL) phase remains limited. Efficient EOL waste management using BIM appears to considerably reduce landfill waste and promote a Circular Economy (CE) in construction. As such, this study identified potential uses of BIM in effectively managing demolition wastes generated during EOL by conducting a systematic literature review (SLR). Nine potential uses of BIM in enhancing EOL waste management were identified. These include generating as-built digital drawings, better prefabrication, deconstruction, and demolition planning, enabling visualization and simulation, maintaining digital material inventories, developing site waste management plans, detecting clashes, efficient life cycle cost analyses, and facilitating collaborative communication. Among these, BIM is commonly cited for its role in digitally tracking and managing building materials and components throughout a project’s lifecycle, effectively managing the wastes generated at the EOL phase. Most importantly, the SLR results presented practical insights into real-world BIM applications contributing to a better understanding of its potential and limitations in enhancing EOL waste management in construction. © 2026 by Apple Academic Press, Inc. All rights reserved.",3D visualization; building information modeling; circular economy; demolition planning; digital material inventory; end-of-life; greenhouse gas; prefabrication; sustainable waste management; waste management,Building Information Model; Building materials; Circular economy; Cost benefit analysis; Demolition; Electronic Waste; Information management; Information systems; Information theory; Life cycle; Project management; Sustainable building; Sustainable development; Three dimensional computer graphics; Wastes; 3D Visualization; Building Information Modelling; Circular economy; Demolition planning; Digital material inventory; Digital materials; End of lives; Greenhouses gas; Material inventories; Prefabrication; Sustainable waste management; Greenhouse gases,10.1201/9781779643179-3,Book chapter,0,Scopus,2-s2.0-105024181862,,,SCOPUS_S2-1.csv
Building-level material stock calculation method based on the room-specific material intensity and floorplan inferred by generative adversarial networks (GANs),Kim S.; Jang S.-Y.; Kim S.-A.,2025,"Resources, Conservation and Recycling","Material intensity (MI) considers an entire building as a single unit or a few large blocks. Therefore, current MI-based material stock analysis (MSA) methods have difficulty capturing detailed material stock changes according to design variations in individual buildings and securing reliability. This study introduces room-specific material intensity (RSMI) and proposes a building-level material stock calculation method based on RSMI and floorplans inferred through generative adversarial networks (GANs). Using the RSMI and room-specific areas extracted from the floorplan, the proposed method can calculate material stocks that vary depending on the building design. However, building floorplans on an urban scale are generally restricted. Therefore, the proposed method uses GANs to infer floorplans by analyzing building exterior information, which is obtainable from street view imagery, offering high accessibility and facilitating spatialized analysis. The results show that the proposed method improves the material stock calculation accuracy for the volume and sum of absolute errors. © 2025 Elsevier B.V.",Building information modeling; Floorplan; Generative adversarial networks; Material intensity; Material stock analysis,'current; Adversarial networks; Building Information Modelling; Building levels; Floorplans; Large blocks; Material stock analyze; Materials intensity; Specific materials; Stock analysis; architectural design; building; machine learning; modeling; article; calculation; controlled study; generative adversarial network; human; imagery; reliability,10.1016/j.resconrec.2025.108289,Article,1,Scopus,2-s2.0-105002039423,,,SCOPUS_S2-1.csv
Building material stocks and embodied carbon dataset for two urban agglomerations in China from 2000 to 2020,Liang H.; Zhang B.; Qian X.; Chen Y.; Luo Y.; Huang Y.; Sun L.; Zhou C.; Long J.; Dong L.,2025,Scientific Data ,"Built environment is critical for net zero transition. Urban agglomerations, characterized by dense concentrations of buildings, significantly contribute to these emissions. Therefore, it is critical to analyze and manage embodied carbon emissions (ECE) from buildings across all lifecycle stages. Notably, the “cradle to gate” stage, spanning from raw material extraction to product manufacturing, accounts for the majority of total lifecycle emissions. This study provides comprehensive data inventories of material stocks and associated embodied carbon emissions for the cradle-to-gate stage in China’s two major urban agglomerations: the Yangtze River Delta (YRD) and the Greater Bay Area (GBA). The dataset provides data, theoretical foundation and application scenarios for further research. By providing a comprehensive dataset and valuable technical support for future research in carbon mitigation strategies, this study contributes to global efforts to meet the carbon reduction targets established by the Paris Agreement. It lays the groundwork for informed urban planning and environmental policy, facilitating detailed, longitudinal analyses of building materials and their carbon footprints, which are crucial for sustainable development. © The Author(s) 2025.",,carbon; article; building material; built environment; carbon emission; carbon footprint; city planning; environmental policy; metropolitan area; river; sustainable development,10.1038/s41597-025-05258-4,Data paper,2,Scopus; Web of Science,2-s2.0-105007295776,WOS:001500811100003,,SCOPUS_S2-1.csv; S2-1 result.txt
Building stock modelling for circularity: Insights from a Danish component-level model,Francart N.; Gummidi S.R.B.; Hoxha E.; Birgisdottir H.,2025,"Resources, Conservation and Recycling","This paper presents the iBuildGreen building stock model, which estimates the material content of the Danish building stock based on macro-component archetypes (types of wall, roof, floor slab, etc). The model draws up a detailed material inventory and estimates the embodied carbon content for each building, based on publicly available Danish National Building Registry data. The high level of detail provides new insights for urban mining and life cycle assessment. The model is first tested for the municipality of Odense, and the results are then compared to the case of Copenhagen. The model is also compared with other archetype models, in terms of output and relevance as a decision-support tool. © 2025 The Authors",Building stock model; Circular economy; Circularity; Embodied carbon; LCA; Urban mining,Copenhagen [(CTY) Hovedstaden]; Denmark; Fyn; Hovedstaden; Odense; Syddanmark; Architectural design; Facades; Shipbuilding materials; Tile; aluminum; concrete; Building stock model; Building stocks; Circular economy; Circularity; Component level models; Embodied carbons; LCA; Material content; Stock models; Urban mining; carbon; circular economy; comparative study; decision support system; inventory; life cycle analysis; numerical model; acidification; agricultural management; air pollution; Article; city planning; construction work; construction work and architectural phenomena; eutrophication; greenhouse gas emission; health care facility; hospital; human; iBuildGreen building stock model; infrastructure; life cycle; life cycle assessment; mathematical model; mining; model; prediction; recycling; waste management; Walls (structural partitions),10.1016/j.resconrec.2025.108397,Article,1,Scopus; Web of Science,2-s2.0-105005520961,WOS:001498502600001,,SCOPUS_S2-1.csv; S2-1 result.txt
Calibration of building material intensities by bill of quantity (BoQ): A China study,DONG L.; YUAN L.; GUO H.; LAU S.S.-Y.,2025,"Resources, Conservation and Recycling","Promoting circular economy within the building and construction sector requires precisely modelling the material stock and flow of buildings. This necessitates accurate quantification of material intensity coefficients (MICs, material mass per square meter of building area). Existing MICs are not sufficiently accurate and reliable because they were derived from empirical estimates relying on indirect references (e.g., construction drawings), rather than direct calculation based on actual material usage data. Benefiting from a BoQ (bill of quantity) dataset encompassing the actual material use statistics of 211 China's buildings, this research contributed more comprehensive and reliable intensities of 13 material types across 11 building cohorts, thereby enriching the MIC data pool. Crucially, this study revealed that previous MIC estimates exhibit systematic biases for multiple materials, while potential causes include omitting the material content of building foundations, mechanical and electrical (M&E) systems, and decorations. These findings contribute quantitative evidence to calibrating MICs. © 2025 Elsevier B.V.",Bill Of Quantity; Building materials; Circular economy; Material intensity coefficients; Material Stock and Flow Modelling,China; aluminum; calcium sulfate; concrete; plastic; steel; Bill of quantities; Building and construction; Buildings materials; Circular economy; Flow modelling; Material intensity coefficient; Material stock and flow modeling; Materials intensity; Stock models; Stocks and flows; calibration; circular economy; construction material; flow modeling; Article; bill of quantity; construction work; data analysis; economic aspect; electric potential; spatial analysis; structure analysis; MATERIAL STOCK ANALYSIS; DEMOLITION WASTE; CONSTRUCTION; TIME; DYNAMICS; IMPACTS; SOCIETY; DEMAND,10.1016/j.resconrec.2025.108316,Article,5,Scopus; Web of Science,2-s2.0-105002374085,WOS:001470290900001,,SCOPUS_S2-1.csv; S2-1 result.txt
CNN-Based Optimization of Paper Recycling through Automated Classification and Process Enhancement,G. Shasikanth; R. K. S; R. Jagadeesh Kannan; J. S. Kumar; M. Muthulekshmi; M. P,2025,2025 IEEE 6th Global Conference for Advancement in Technology (GCAT),"Enhancing paper recycling using automated sorting systems is crucial for increasing recycling rates and minimizing environmental impact. This research introduces a Convolutional Neural Network (CNN) methodology for the classification and optimization of the paper recycling process. We present a CNN model designed to identify and classify various types of paper trash, facilitating accurate sorting and reducing contamination. The data set comprises 10,000 images of diverse kinds of paper, including newspapers, cardboard, and office paper, sourced from an actual recycling centre. The model attained an accuracy of 94.5% in categorizing paper kinds, with a precision of 92.3% and a recall of 93.6%. The CNN-based approach exhibited a 30% enhancement in sorting speed relative to conventional human techniques. The automated system decreased contamination by 15%, resulting in superior output for recycling. The proposed method demonstrates substantial enhancements in operational efficiency and environmental sustainability, providing a scalable solution for paper recycling operations. These findings underscore the capacity of AI and machine learning (ML) to transform waste management and advance a circular economy.",Paper Recycling;Waste Management;Real-Time Monitoring;Image Classification;Recycling Efficiency,Waste management; Training; Accuracy; Scalability; Transforms; Recycling; Convolutional neural networks; Optimization; Contamination; Sorting,10.1109/GCAT66372.2025.11368502,IEEE Conferences,,IEEE Xplore,,,IEEE Conferences,IEEE_S2-1_merged_deduplicated_raw.csv
Comparative life cycle assessment of a modular cross-laminated timber residential building designed for disassembly and reuse versus traditional wood frame construction,McCord K.H.; Dillon H.E.; Hu A.; Carlson S.; Phillips A.R.; Jung Y.J.; Gunderson P.; Tarufelli B.; Antonopoulos C.A.,2025,Journal of Cleaner Production,"There is a need for affordable housing across the U.S., with high-performance modular and prefabricated buildings providing a logical avenue for meeting some of this demand. However, there is a need to balance high performance construction – including low emissions – with affordability. To provide a proof-of-concept in meeting these goals, the Circular Home is a cross-laminated timber (CLT)-based deconstructible and reconfigurable single-family residence that meets high performance targets in moisture, energy, design, economics, and life cycle assessment (LCA). This study focuses on the LCA, presenting a cradle-to-cradle whole-building life cycle assessment (WBLCA) for the Circular Home and a functionally equivalent Baseline Home constructed with traditional materials and methods. The functional unit is 1 m2 of gross floor area across 60 years. Revit building information models (BIM) provided material quantities and Tally LCA was utilized for impact data (inclusive of biogenic carbon sequestration), supplemented with manufacturer environmental product declarations (EPDs). The Circular Home outperforms the baseline residence in most measured impact categories, including global warming potential (GWP), producing −2.73 kgCO2eq/m2 in embodied emissions, whereas the modeled baseline has an embodied GWP of 428 kgCO2eq/m2. The careful material selection and advanced building design optimizes performance, with the Circular Home containing only −0.006 times the embodied emissions and −0.02 times the operational emissions of its traditional counterpart. The unique contribution of this work is in the environmental impact comparison of a high-performance modular CLT structure that can be affordably scaled and mass produced in a U.S. market, compared to typical single family home construction. © 2025 Elsevier Ltd",Circularity; Cross-laminated timber; LCA; Modular; Residential; Reuse,Architectural design; Carbon cycle; Carbon sequestration; Ecodesign; Economics; Environmental impact; Global warming; Laminating; Life cycle; Life cycle assessment; Modular construction; Structural design; Timber; Wooden construction; Circularity; Cross laminated; Cross-laminated timber; Embodied emissions; Global warming potential; Laminated timber; Modulars; Performance; Residential; Reuse; Housing,10.1016/j.jclepro.2025.146541,Article,12,Scopus; Web of Science,2-s2.0-105017860704,WOS:001590309100001,,SCOPUS_S2-1.csv; S2-1 result.txt
Design and optimisation of timber-framed structures using a stock of reclaimed elements,Gattas J.M.; Ottenhaus L.-M.; Liu H.; Xie Y.M.,2025,Automation in Construction,"The reuse of reclaimed timber in structural applications is limited by irregular geometries and mixed material properties, posing complex optimisation challenges. This paper presents a computational framework for designing timber-framed modular buildings from mixed reclaimed material stock. It combines a set-based stock allocation method with an integer linear programming optimisation, where cutting and jointing patterns are decision variables. Two case studies demonstrate the framework, including the construction of multiple modular houses using nearly two kilometres of recycled timber. A globally optimal solution for six houses was found in under 1.5 s, using 760 parts with 77.6% stock utilisation and 83.7% cutting efficiency. Compared to existing stock-constrained structural design tools, the framework expands capability by handling mixed grades, stock allocation across structural subsystems, and enabling cutting and jointing into shorter, longer, or laminated members. It further allows near-real-time optimisation of materially efficient part arrangements within framed structural systems. © 2025 The Authors. Published by Elsevier B.V. This is an open access article under the CC BY license. http://creativecommons.org/licenses/by/4.0/",ILP optimisation; Recycled timber; Reused timber; Set-based design; Stock-constrained structural design; Timber-framed structures,Architectural design; Constrained optimization; Cutting; Cutting tools; Integer linear programming; Life cycle; Modular construction; Recycling; Shape optimization; Structural design; Structural frames; Structural optimization; Timber; Design and optimization; Framed structure; ILP optimizations; Recycled timber; Reuse; Reused timber; Set-based designs; Stock-constrained structural design; Structural applications; Timber-framed structure; Integer programming; WOOD; TYPOLOGY,10.1016/j.autcon.2025.106527,Article,2,Scopus; Web of Science,2-s2.0-105017681044,WOS:001577291900001,,SCOPUS_S2-1.csv; S2-1 result.txt
Design for Disassembly as a Circular Design Strategy: Toward an Environmental and Economic Assessment of Single-Family Houses,Montalbano G.; Aloini D.; Martino M.; Santi G.,2025,Lecture Notes in Civil Engineering,"The building and construction sector is one of the most impactful for the environment, contributing to high CO₂ emissions, waste generation, and raw material consumption. Design for Disassembly (DfD) emerges as a promising circular economy strategy to enable material reuse and extend the building lifecycle. However, to the best of the author’s knowledge, its large scale implementation, especially in the residential sector, remains underex-plored. This study aims to assess the environmental and economic impacts of applying DfD principles to single-family houses, which constitute a pre-dominant segment of the European building stock. Using a research design integrating Life Cycle Assessment (LCA) and Life Cycle Costing (LCC) methodologies, the study evaluates different technological scenarios ranging from traditional construction to varying levels of DfD integration. Currently, a representative building typology has been developed based on Europe-an data and modeled in a Building Information Modeling (BIM) environment, allowing detailed material quantification. The next steps will involve implementing the LCA and LCC analyses. Evidence from the literature suggests that while DfD enhances circularity and resource efficiency, its economic feasibility may remain a challenge due to high initial costs and market constraints. This research could contribute valuable data to inform sectoral policies and macroeconomic models supporting sustainable building strategies.  © The Author(s), under exclusive license to Springer Nature Switzerland AG 2025.",Average Residential Building; Building Information Modelling; Circular Economy; Life Cycle Assessment; Life Cycle Cost,Architectural design; Artificial life; Building Information Model; Circular economy; Construction; Construction industry; Costs; Ecodesign; Economic analysis; Economic and social effects; Houses; Information theory; Intelligent buildings; Life cycle assessment; Sustainable building; Sustainable development; Average residential building; Building Information Modelling; Circular designs; Circular economy; Design strategies; Economic assessments; Environmental assessment; Life cycle cost; Residential building; Single-family house; Life cycle,10.1007/978-3-032-06993-1_34,Conference paper,1,Scopus,2-s2.0-105020825662,,,SCOPUS_S2-1.csv
Developing a Framework for Post-Demolition Material Flow Analysis in Urban Residential Buildings,Keles C.; Hoque S.; Rios F.C.,2025,AEI 2025: Delivering Future Ready Buildings - An Integrated Approach - Proceedings of the Architectural Engineering Conference 2025,"Current estimates indicate that urban populations will comprise 68% of the global total by 2050, intensifying demand for limited ecological resources and materials to support this growth. The building sector in urban areas is the primary consumer of raw materials and generator of waste from construction and demolition activities. This global increase in material utilization and waste production correlates with escalating environmental impacts, including carbon emissions. As operational carbon emissions decrease due to extensive research and innovation toward Net-Zero buildings, embodied carbon from material extraction, transportation, construction, maintenance, and end of life is becoming an increasingly significant proportion of buildings' total life cycle carbon emissions. CE strategies, including reuse, repair, repurposing, remanufacturing, and recycling of building materials, can potentially mitigate embodied carbon emissions and promote sustainable management of construction, renovation, and demolition waste. However, there is a lack of reliable data regarding post-demolition material information in the United States. This study aims to develop a methodology for collecting data on material flows from demolished residential buildings in Philadelphia, Pennsylvania, starting at a neighborhood scale. We first used publicly available resources to identify the building envelope materials of demolished residential buildings. Then, we combined photogrammetry and GIS-based spatial analysis to develop an archetype-based bottom-up model to quantify the mass of materials generated from building demolitions. The scope of this study is centered around residential single-family, multi-family, and commercial mixed-use buildings that were demolished between 2007 and 2024 in the neighborhood of Fishtown, Philadelphia, Pennsylvania. In this paper, we present our methodology and preliminary results for three building archetypes. The methodology represents a scientific contribution to the field of material stocks and flows analyses and can be adapted to other neighborhoods and cities. Findings from this study can inform policymakers when making decisions about CE policies in cities. © ASCE.",,Apartment houses; Carbon; Construction; Construction industry; Environmental management; Life cycle; Materials handling; Office buildings; Population statistics; Sustainable development; Urban growth; Waste utilization; Zero-carbon; Carbon emissions; Current estimates; Embodied carbons; Materials flow analysis; Neighbourhood; Pennsylvania; Philadelphia; Residential building; Urban population; Urban residential buildings; Demolition,10.1061/9780784486610.027,Conference paper,0,Scopus,2-s2.0-105032111199,,,SCOPUS_S2-1.csv
Digital Inventory of Swiss Construction Systems,Arceo A.; Bastien-Masse M.; Lambec B.; Fivet C.,2025,Scientific Data ,"Wider implementation of circular economy practices in the construction sector requires predicting the availability, properties, and qualities of reusable components beyond mere material quantities. However, data describing the geometric attributes, material properties, and modes of assembly of products available in current buildings is limited. To address this data gap, we present the Digital Inventory for Swiss Construction Systems (DISCS), a database structure that provides detailed information on component attributes in as-built load-bearing and insulating layers of existing buildings. The dataset currently provides granular data for 102 buildings in Switzerland, each digitalised into a building information model and parameterised using a custom library of 78 attributes. The database structure facilitates the operationalisation of an inventory for construction systems, providing a basis for stock prediction that supports the upscaling of component reuse in new projects. This data descriptor motivates the need for such a database, describes its ontology, and validates its use through a series of first-level analyses. © The Author(s) 2025.",,article; data base; economic aspect; human; information gap; information model; load bearing; prediction,10.1038/s41597-025-06101-6,Data paper,2,Scopus; Web of Science,2-s2.0-105022188135,WOS:001618365200009,,SCOPUS_S2-1.csv; S2-1 result.txt
Dynamic life cycle assessment of buildings and building stocks – A review,Slavkovic K.; Stephan A.,2025,Renewable and Sustainable Energy Reviews,"Although life cycle assessment (LCA) as a method and framework has been extensively examined in the scientific literature, a new emphasis is put on integrating evolving spatiotemporal conditions of the analysed system, aiming to promote a more robust assessment through dynamic LCA. However, dynamic LCA methodologies remain inconsistent across multiple aspects, including on time-dependency, dynamic parameters, and links with other widely applied tools, such as material stocks and flows analysis or geographic information systems. Focusing on the four main phases of the LCA framework, this work presents a systematic review of the latest scientific literature reporting on prospective LCA modelling of buildings, while covering at least one dynamic parameter, such as the decarbonisation of the energy mix. First, this research presents the bibliometric structure of 64 published documents on the dynamic LCA of buildings, through four network visualisation maps. Then, it identifies a sample of 218 documents through the literature review method, and deeply analyses a sub-sample of 34 documents to systematise the emerging knowledge on dynamism in LCA as applied to buildings. We need a more comprehensive dynamic LCA modelling framework that can assess environmental performance of multiple building types, at a high level of spatial and temporal detail. Such framework should be able to integrate dynamic parameters in a simplified manner, and allow flexible time horizons and spatial scopes. Such framework should be able to quickly provide modelling results that may inform decision-making processes in finding solutions towards the challenges of resource depletion and climate change. © 2024 The Authors",Built environment; Dynamic parameter; Environmental impact; Environmental performance; Geographic information systems (GIS); Life cycle assessment (LCA); Material flow analysis (MFA); Modelling framework; Temporal evolution,Built environment; Dynamic parameters; Environmental performance; Geographic information; Geographic information system; Life cycle assessment; Material flow analyze; Materials flow analysis; Modelling framework; Temporal evolution; BIOGENIC CARBON; LCA; ENERGY; SUSTAINABILITY; CHALLENGES; POTENTIALS,10.1016/j.rser.2024.115262,Review,53,Scopus; Web of Science,2-s2.0-85215093997,WOS:001405468000001,,SCOPUS_S2-1.csv; S2-1 result.txt
Estimating Demolition Waste Recoverable Fractions in Rapidly Transforming Urban Zones,Nauyryzbay A.; Kumisbek A.; Amangeldiyeva A.; Kim J.R.; Guney M.,2025,Sustainability (Switzerland),"The construction sector is a major contributor to global solid waste generation, with demolition waste posing substantial environmental and economic challenges. The present study introduces a demolition waste estimation tool and applies it to a rapidly transforming city: Astana, the capital of Kazakhstan. The approach is also readily applicable to cities in transformation with similar characteristics, e.g., those in the Commonwealth of Independent States region and beyond. The key materials of interest were identified as those that can be efficiently extracted from buildings slated for demolition. A comprehensive analysis of current building stocks and demolition plans (2023–2029) was then conducted. Based on the height, purpose, and main material of the building, the main types and subtypes of the building stock in Astana were created. The results for Astana showed that 67.52% or 1736.5 thousand tons of all demolition waste could be recovered. Concrete had the highest recovery potential by mass (162.42 thousand tons annually) and by percent (91%). The economic analysis of construction and demolition waste illustrated a financial potential from construction and demolition waste recovery in Astana at USD 4600 million per year, with concrete having the highest potential among fractions (56% of total). © 2025 by the authors.",material stock analysis; recycling demolition waste; solid waste composition; solid waste management; urban sustainability; waste quantity estimation,Astana; Kazakhstan; Commonwealth of Nations; concrete; demolition; economic analysis; material form; solid waste; sustainability; waste management; RECYCLED AGGREGATE CONCRETE; LIFE-CYCLE ASSESSMENT; ESTIMATING CONSTRUCTION; DEBRIS GENERATION; MATERIAL STOCK; BUILDINGS; MANAGEMENT; PROJECT; MODEL,10.3390/su17219686,Article,2,Scopus; Web of Science,2-s2.0-105021548316,WOS:001613100600001,,SCOPUS_S2-1.csv; S2-1 result.txt
For how long can the global buildings sector operate as Net-Zero?,Al Shawa B.,2025,Environmental Impact Assessment Review,"Reaching Net-Zero emissions is often proposed as the solution to climate change, which can be achieved – it is argued – through large deployment of renewable energy. This paper tests the Net-Zero concept within the global buildings sector by assessing if the sector could operate within its share of renewable energy systems' maximum output under an Energy Return On Investment (EROI) ≥ 10, and for how long it could do so given the amount of minerals needed to build these systems. The paper shows that the sector could become Net-Zero in operation under ‘relaxed’ buildings' energy efficiency rates but, from a minerals' availability perspective, it can only remain so until 2067. Notably, improving energy efficiency could extend this period to 2124. The paper demonstrates the ‘shortsightedness’ of focusing exclusively on CO2 emissions to limit climate change and questions the extent to which such an approach can truly be considered ‘science-based’. © 2025 Elsevier Inc.",Building stock model; Energy efficiency; Energy Return On Investment (EROI); Material intensity; Net-zero buildings; Renewable energy,Climate change; Energy Intensity; Green buildings; Investments; Renewable energy; Zero energy buildings; Zero-carbon; Building stock model; Building stocks; Buildings sector; Energy; Energy return on investment; Energy return on investments; Materials intensity; Renewable energies; Stock models; Zero emission; alternative energy; carbon dioxide; carbon emission; climate change; energy efficiency; mineral; Energy efficiency; LIFE-CYCLE ASSESSMENT; ELECTRICITY-GENERATION; POWER-GENERATION; ENERGY RETURN; INVESTMENT; EMISSIONS,10.1016/j.eiar.2025.108028,Article,3,Scopus; Web of Science,2-s2.0-105008572416,WOS:001517888500003,,SCOPUS_S2-1.csv; S2-1 result.txt
Forecasting Future Construction Demands: A Deep Learning approach for material stock circularity analysis of Singapore residential buildings,Shen Y.; Wang X.; Lin C.-H.; Li S.; Pei W.; Stouffs R.,2025,Proceedings of the International Conference on Computer-Aided Architectural Design Research in Asia,"Exploring sustainable urban development models for building material recycling is essential to achieving net-zero emissions. This study develops a Building Material Stock (BMS) prediction model, focusing on concrete and steel, and maps embodied carbon by identifying geographic hotspots for material recycling and flow. Specifically, to predict future demolition and construction trends at Singapore’s Housing Development Board (HDB), a Generative Adversarial Network (GAN)-based model is utilised to generate distributional images of HDB developments. A categorised map of construction sites from 2019 is used as input to generate the predicted public housing layout for 2024. These predictions are then integrated with material intensity (MI) and carbon emission factors to estimate floor area requirements and potential construction activity locations for future HDB projects. This approach establishes a closed-loop system aligned with the Sustainable Development Goals (SDGs), supporting material inventory and flow management, enhancing resource reuse efficiency, and mitigating urban development’s environmental impact. Moreover, the findings provide valuable insights for the Singapore government and industry organisations to expand the adoption of PPVC technology and circular economy practices in HDB development. © 2025 and published by the Association for Computer-Aided Architectural Design Research in Asia (CAADRIA), Hong Kong.",Deep learning; Embodied carbon; Material flow analysis; Material stock modelling; Residential construction,Architectural design; Building materials; Carbon; Circular economy; Construction industry; Environmental impact; Environmental management; Recycling; Sustainable building; Sustainable development; Sustainable development goals; Urban growth; Construction demands; Deep learning; Embodied carbons; Housing development; Material Flow; Material stock modeling; Materials flow analysis; Residential construction; Singapore; Stock models; Housing,10.52842/conf.caadria.2025.3.499,Conference paper,1,Scopus,2-s2.0-105023508934,,,SCOPUS_S2-1.csv
Geometry-informed material intensity reveals considerable intra-archetype material variability of UK housing,Dai M.; Gillott C.; Jurczyk J.; Sun K.; Li X.; Liu G.; Densley Tingley D.,2025,"Resources, Conservation and Recycling","Building stock modelling underpins energy and environmental assessments of the built environment. Material Intensity (MI), representing material mass per unit dimension, is vital for bottom-up estimation of building material stocks. However, reliance on sparse or uniform MI data can lead to significant inaccuracies due to intra-archetype variability, often stemming from differing building morphologies. This paper develops a geometry-informed MI (GIMI) method to characterise MI variability using machine learning and morphology features, applied to four materials—brick, concrete, mortar, and stone—in Sheffield, UK. Results indicate that GIMI reduces potential material uncertainties by up to 18% compared to conventional unitary MIs. This approach enhances bottom-up building mass accounting, advancing a circular economy and low-carbon building sector. © 2025 Elsevier B.V.",Building material stocks; Circular economy; Machine learning; Material intensity; Urban sustainability,England; Sheffield [England]; United Kingdom; Apartment houses; Hotels; Masonry materials; Motels; Prestressed materials; Shipbuilding materials; Structural metals; Tile; Building material stock; Building stocks; Buildings materials; Circular economy; Energy assessment; Machine-learning; Material variability; Materials intensity; Stock models; Urban sustainability; building construction; carbon footprint; concrete; construction industry; environmental assessment; machine learning; mortar; sustainability; urban housing; accuracy; algorithm; Article; building; computer aided design; construction work; data analysis; geographic information system; geometry; image reconstruction; material intensity; material variability; materials science; measurement accuracy; multilayer perceptron; nonhuman; publication; socioeconomics; spatial analysis; Houses; MATERIAL STOCK; CONSTRUCTION; BUILDINGS; TIME,10.1016/j.resconrec.2025.108392,Article,2,Scopus; Web of Science,2-s2.0-105006814416,WOS:001504329500001,,SCOPUS_S2-1.csv; S2-1 result.txt
Greenhouse Gas Emissions and Decarbonization Potential of Global Fired Clay Brick Production,Olsson J.A.; Hafez H.; Miller S.A.; Scrivener K.L.,2025,Environmental Science and Technology,"Fired clay bricks (FCBs) are a dominant building material globally due to their low cost and simplicity of production, especially in low- and middle-income countries. With a projected rising housing demand, commensurate growth in brick demand is anticipated, the production of which could result in significant greenhouse gas (GHG) emissions. Robust models are needed to estimate brick demand and emissions to systematically address decarbonization pathways. Few sources report production values; hence, we present two novel proxy models: (i) a consumption prediction model, relying on country-specific clay extraction data, dynamic building stock modeling, and average material intensity use allowing for projections to 2050; and (ii) a GHG emissions model, using literature-based data and production technology-specific inputs. Based on these models, the current global FCB consumption is estimated as 2.18 Gt annually, resulting in approximately 500 million tCO2e (1% of current global GHG emissions). If unaddressed, this fraction could increase to 3.5–5% in 2050 considering a moderate SSP 2-4.5 climate change mitigation scenario. Consequently, we explored three potential decarbonization pathways: (i) improving energy efficiency; (ii) shifting production to best practices; and (iii) replacing half of FCB demand with hollow concrete blocks, resulting in 27%, 49%, and 51% reduction in GHG emissions, respectively. © 2025 The Authors. Published by American Chemical Society",Brick production; Decarbonization potential; Fired clay brick; Low-carbon construction; Material demand mapping; Low-carbonconstruction; Decarbonizationpotential,"Aluminum Silicates; Clay; Construction Materials; Greenhouse Effect; Greenhouse Gases; Models, Theoretical; Brick; Brickmaking; Concrete blocks; Kyoto Protocol; Low emission; carbon dioxide; aluminum silicate; 'current; Brick production; Buildings materials; Decarbonisation; Decarbonization potential; Fired-clay bricks; Greenhouse gas emissions; Low carbon constructions; Material demand mapping; Material demands; carbonization; climate change mitigation; greenhouse gas emission; housing; Note; predictive model; sensitivity analysis; building material; chemistry; clay; greenhouse effect; greenhouse gas; theoretical model; LIFE-CYCLE ASSESSMENT; ENERGY EFFICIENCY; CONSTRUCTION; BUILDINGS; SCENARIOS; IMPACTS",10.1021/acs.est.4c08994,Article,35,Scopus; Web of Science,2-s2.0-85215959539,WOS:001405330300001,,SCOPUS_S2-1.csv; S2-1 result.txt
Implementing BIM-Based Material Passports for Sustianable Resource Management in the Construction Industry,Ekin Y.; Colakoglu M.B.,2025,Proceedings of the International Conference on Education and Research in Computer Aided Architectural Design in Europe,"The construction industry’s high carbon emissions and resource use demand innovative material management. Traditional methods rely on static, non-standardized data, hindering collaboration and sustainability efforts. This study introduces a BIM-based material passport framework that integrates dynamic material data to enhance interoperability, environmental assessment, and decision-making. Unlike platforms like BAMB and Madaster, this approach offers an integrated, automated, and accessible BIM workflow. While earlier studies focus on limited tasks, this research establishes a comprehensive 3D-7D BIM system for material information management. Using Revit, Dynamo, Excel, and DiRootsOne, the framework automates PDF-to-BIM data transfer, standardizes material properties, and enables real-time tracking and sustainability evaluations. Applications include material quantification, energy modeling, and LCA using EPDs, TDSs, and catalogs. Results show improved efficiency, accurate carbon tracking, and better interdisciplinary collaboration through standardized classification and COBie integration. This study presents a scalable and practical solution for sustainable material management in the AEC industry. © 2025, Education and research in Computer Aided Architectural Design in Europe. All rights reserved.",Automated Data Integration; BIM; Circular Economy; Digital Transformation; Lifecycle Analysis (LCA); Material Passport,,,Conference paper,0,Scopus,2-s2.0-105026143436,,,SCOPUS_S2-1.csv
Informative integration of modern spolia in public landscapes,Üçer Erduran D.,2025,Journal of Sustainable Construction Materials and Technologies,"Spolia refers to repurposing components from older buildings into new constructions, a concept with a rich history. Traditionally, unique components were the primary focus; however, this approach remains relevant today for mass-produced components. By diverting materials from waste streams, spolia preserves their inherent properties and facilitates the rapid transfer of stylistic features in the modern world. When a 1970s movie theatre in Moscow, Russia, was demolished in 2019, a substantial amount of steel was recycled, while brick and concrete were sent to landfills. This study investigates potential spolia options as an alternative to demolition. The research involved documenting the building's urban and architectural context through a literature review and on-site visual documentation conducted during the demolition. This process also aimed to uncover the history related to the production and characteristics of the materials used in the building. The study focused on estimating the building's material stock and identifying the approximate quantity of reusable items to strengthen the rationale for potential spolia execution. The research emphasizes developing a design alternative that utilizes the identified materials within a public landscape. This approach includes adding data labels to inform the community about the source of the materials. The significance of this study lies in providing a valuable record of this lost building. It also offers a proposal that contributes to the community's memory through the materials of a demolished neigh-borhood structure while highlighting the importance of recovering materials from waste streams. © 2025, Kare Publishing. All rights reserved.",Demolition; end-of-life; repurposing; spolia,,10.47481/jscmt.1666198,Article,1,Scopus,2-s2.0-105001819810,,,SCOPUS_S2-1.csv
Integrated BIM-GIS framework for holistic building stock assessment using 5D geo-modeling and digital twin concepts,Elshaboury N.; AlMetwaly W.M.; Hesham A.; Abbas A.,2025,Journal of Building Engineering,"Rapid urbanization has resulted in enormous quantities of demolition waste in recent years. Designing effective waste management strategies requires assessment of generated waste during the end-of-life stage of buildings; however, information on the quantity and composition of building stock is lacking. This paper presents a robust bottom-up approach using 5D geo-modeling and digital twin concepts to predict building stocks and analyze their spatial distribution by leveraging the capabilities of building information modeling (BIM) and geographic information system (GIS). The material intensity and composition are estimated based on on-site investigations, laser scanning to capture detailed building geometry, and a BIM model to represent building components digitally. Additionally, the spatial distribution of building stock is modeled based on a GIS model. The proposed approach is demonstrated and verified in a case study of 23 typical residential buildings in an Egyptian district. The proposed BIM-GIS framework is a potential game-changer in the architecture, engineering, and construction industry. It thereby promotes effective waste management strategies across various districts by assessing their building stock. © 2025 Elsevier Ltd",Building information modeling (BIM); Building stock; Demolition waste; Geographic information system (GIS); Urban mining; Waste estimation,Architectural design; Building components; Building Information Model; Construction industry; Geographic information systems; Geometry; Information management; Information systems; Information theory; Information use; Spatial distribution; Waste management; Building information modeling; Building Information Modelling; Building stocks; Demolition wastes; Geographic information; Geographic information system; System framework; Urban mining; Waste estimation; Waste management strategies; Demolition; DEMOLITION WASTE; CONSTRUCTION,10.1016/j.jobe.2025.113391,Article,6,Scopus; Web of Science,2-s2.0-105009887558,WOS:001529761700002,,SCOPUS_S2-1.csv; S2-1 result.txt
Integrating Noise Pollution into Life Cycle Assessment: A Comparative Framework for Concrete and Timber Floor Construction,Sultana R.; Khanam T.; Rashedi A.,2025,Sustainability (Switzerland),"Despite the well-documented health risks of noise pollution, its impact remains overlooked mainly in life cycle assessment (LCA). This study introduces a methodological innovation by integrating both traffic and construction noise into the LCA framework for concrete construction, providing a more holistic and realistic evaluation of environmental and health impacts. By combining building information modeling (BIM) with LCA, the method automates material quantification and assesses both environmental and noise-related health burdens. A key advancement is the inclusion of health-based indicators, such as annoyance and sleep disturbance, quantified through disability-adjusted life years (DALYs). Two scenarios are examined: (1) a comparative analysis of concrete versus timber flooring and (2) end-of-life options (reuse vs. landfill). The results reveal that concrete has up to 7.4 times greater environmental impact than timber, except in land use. When noise is included, its contribution ranges from 7–33% in low-density regions (Darwin) and 62–92% in high-density areas (NSW), underscoring the critical role of local context. Traffic noise emerged as the dominant source, while equipment-related noise was minimal (0.3–1.5% of total DALYs). Timber slightly reduced annoyance but showed similar sleep disturbance levels. Material reuse reduced midpoint environmental impacts by 67–99.78%. Sensitivity analysis confirmed that mitigation measures like double glazing can cut noise-related impacts by 2–10% in low-density settings and 31–45% in high-density settings, validating the robustness of this framework. Overall, this study establishes a foundation for integrating noise into LCA, supporting sustainable material choices, environmentally responsible construction, and health-centered policymaking, particularly in noise-sensitive urban development. © 2025 by the authors.",BIM; concrete; exposure–response relationship; life cycle assessment; noise impact; timber; exposure-response relationship,Australia; Darwin; New South Wales; Northern Territory; comparative study; concrete; construction material; environmental impact; health impact; life cycle analysis; noise pollution; policy making; sensitivity analysis; timber; urban development; GLOBAL WARMING MITIGATION; ROAD TRAFFIC NOISE; IMPACT ASSESSMENT; TRANSPORTATION NOISE; HEALTH IMPACTS; ANNOYANCE; EXPOSURE; LEVEL; PREDICTION; DAMAGES,10.3390/su17146514,Article,4,Scopus; Web of Science,2-s2.0-105011863468,WOS:001535961300001,,SCOPUS_S2-1.csv; S2-1 result.txt
Integration of BIM and GIS to reduce construction and demolition waste,Petojević Z.; Parezanović A.; Nadaždi A.; Isailović D.; Višnjevac N.,2025,"Advances in Construction and Demolition Waste Recycling: Digital Technologies, Management, Processing and Environmental Assessment","Effective management of construction and demolition waste is critical for sustainable development, requiring advanced technologies for detection, logistics, and treatment. Building Information Modeling (BIM) and Geographic Information Systems (GIS) have emerged as valuable tools in this domain. Combining both technologies leverages the detailed accuracy of BIM and the spatial capabilities of GIS, offering a powerful approach to comprehensive waste management. BIM and GIS integration is utilized in all the phases of a construction project's lifecycle. However, most research focuses on operation and maintenance, with fewer studies on planning, design, construction, and end-of-life phases. This chapter analyses the application of BIM and GIS integration in the context of construction and demolition waste minimization for each project phase, highlighting their potential and challenges. A showcase of BIM-GIS integration for digital material stock map creation in Belgrade's neighborhood is presented and enriched with relevant circular economy data to facilitate efficient waste minimization and material reuse. © 2025 Elsevier Ltd. All rights reserved.",BIM; Building stock; CityGML; GIS; Material flow analysis; Point cloud; Urban mining; Waste prevention LiDAR scanning; Waste reduction,Architectural design; Building Information Model; Construction; Demolition; Information management; Information systems; Information use; Integration; Life cycle; Project management; Sustainable development; Waste treatment; Building Information Modelling; Building stocks; CityGML; Geographic information; Materials flow analysis; Point-clouds; Urban mining; Waste prevention; Waste prevention LiDAR scanning; Waste reduction; Geographic information systems,10.1016/B978-0-443-23962-5.00002-5,Book chapter,1,Scopus,2-s2.0-105011233039,,,SCOPUS_S2-1.csv
"Investigating circularity in the construction and demolition sector through remote sensing: A case study of Bolzano/Bozen, Italy",Shkirman K.; Stoppato A.; Giussani F.; Pezzutto S.,2025,Circular Economy,"The built environment in urban areas contributes significantly to global waste generation through construction and demolition activities, highlighting the need for circular economy strategies to ensure sustainable development. Digital technologies offer fast and reliable methods to track material flows and improve resource efficiency. This study proposes a novel approach that integrates data from OpenStreetMap (OSM) and the Urban Atlas for land-use identification. The material stock (MS) is estimated via a geographic information system (GIS) to analyse the spatial characteristics of buildings, combined with material intensity (MI) data to assess the mass of materials within structures. Together with the quantification of material stock, hotspots of construction materials within the building stock are identified. When applied to the case study of Bolzano/Bozen, Italy, this approach estimated 130 tonnes per capita of accumulated building stock in the city and 40 tonnes per capita of material stock in infrastructure networks. This remote sensing methodology provides detailed insights into the quantity and distribution of materials in buildings and networks. The openness and availability of OSM data, as well as their independence from cadastral records, make this approach particularly advantageous for obtaining input data for the life cycle assessment (LCA) of buildings and the development of waste management strategies. (c) 2025 The Author(s). Published by Elsevier B.V. on behalf of Tsinghua University Press. This is an open access article under the CC BY license (http://creativecommons.org/licenses/by/4.0/).",Building stock mapping; Material stock analysis; Remote sensing; Urban mining,Building materials; Demolition; Economics; Geographic information systems; Information management; Land use; Life cycle; Life cycle assessment; Sustainable building; Sustainable development; Waste management; Building stock mapping; Building stocks; Case-studies; Construction and demolition; Construction sectors; Material stock analyze; Per capita; Remote-sensing; Stock analysis; Urban mining; Remote sensing; MATERIAL STOCK; BUILDINGS; WASTE; MAPS,10.1016/j.cec.2025.100156,Article,3,Scopus; Web of Science,2-s2.0-105011985631,WOS:001554285900001,,SCOPUS_S2-1.csv; S2-1 result.txt
live (a) little: GHG emissions from residential building materials for all 400 counties and cities of Germany until 2050,Napiontek J.; Fishman T.; Pichler P.-P.; Heintz J.; Weisz H.,2025,"Resources, Conservation and Recycling","Germany is trying to solve the housing crisis in many of its cities with new construction. At the same time it is trying to meet its greenhouse gas emissions commitments under the Paris Agreement. This study examines how measures to tackle the housing crisis affect the climate crisis by looking at whether material emissions from the construction sector are in line with Germany's decarbonization targets. We project material demand and associated emissions from 2024 to 2050 using dynamic material flow analysis of a novel high-resolution building stock model based on synthetic population microdata. The model incorporates technological improvements in building design and material efficiency, finding that these fall short of carbon neutrality targets in 2045 and beyond. A reduction in per capita floor area is required to meet the targets. The high spatial resolution of this study allows the identification of reduction hotspots within Germany's 400 cities and counties, emphasizing the need for location-specific policy for national goals. © 2025 The Authors",Built environment; Cities; Industrial ecology; Material stocks; Scenarios; Synthetic population,Germany; Low emission; carbon dioxide; % reductions; Buildings materials; Built environment; City; GHG emission; GHGs emissions; Industrial ecology; Material stock; Scenario; Synthetic populations; architectural design; construction material; efficiency measurement; emission inventory; greenhouse gas; policy approach; pollution incidence; recycling; residential location; spatial resolution; targeting; Article; chemical modification; climate change; decarbonization; demographics; economic development; economics; environmental impact; flow measurement; German Democratic Republic; greenhouse effect; greenhouse gas emission; housing; human; life cycle; population growth; random forest; shared socioeconomic pathway; social status; sociology; Greenhouse gas emissions; GREENHOUSE-GAS EMISSIONS; MATERIAL EFFICIENCY; ENERGY DEMAND; HOUSE SIZE; MITIGATION,10.1016/j.resconrec.2024.108117,Article,14,Scopus; Web of Science,2-s2.0-85214337856,WOS:001399767400001,,SCOPUS_S2-1.csv; S2-1 result.txt
Mapping nationwide material stock turnover: High-resolution spatial analysis of building material stock and flow patterns across Japan 2003–2020,Nagata S.; Hasegawa M.; Fishman T.; Shirakawa H.; Tanikawa H.,2025,Journal of Industrial Ecology,"Understanding the dynamics of building material stocks and flows, including the turnover processes of building stock, is important for promoting sustainable resource use in cities. This study provides high-resolution, integrated mapping of building material stocks and flows across various cities and regions in Japan, offering a detailed view of the country's spatial material metabolism. This research combines bottom-up estimates of material stocks and flows with spatial analysis using material metabolism indicators, examining how patterns of material stock turnover vary across Japan. Spatial variations in material stock turnover highlight regional factors that influence stock–flow dynamics and offer insights into local resource use and policy development tailored to specific regional contexts. In this study, the national stock turnover rate in 2020 is estimated to be 1.16%/year for inflow and 0.64%/year for outflow, with more active metabolism observed in the central areas of large metropolitan regions and lower levels in low-density rural areas. Additionally, distinct patterns of material metabolism were observed across districts, associated with redevelopment and urban sprawl. This study illustrates how spatially detailed approaches can support the analysis of stock–flow dynamics across the country and contribute to the development of sustainable resource use strategies tailored to local conditions. © 2025 The Author(s). Journal of Industrial Ecology published by Wiley Periodicals LLC on behalf of International Society for Industrial Ecology.",built environment; industrial ecology; material stock turnover rate; material stocks; spatial analysis; urban metabolism,Japan; Building materials; Dynamics; Ecology; Metabolism; Physiology; Spatial variables measurement; Sustainable building; Sustainable development; Buildings materials; Built environment; Industrial ecology; Material stock; Material stock turnover rate; Spatial analysis; Stock turnover; Stocks and flows; Turnover rate; Urban metabolisms; construction material; industrial ecology; material flow analysis; spatial analysis; spatial resolution; spatial variation; sustainable development; turnover; Mapping; SOCIETY; TIME,10.1111/jiec.70100,Article,1,Scopus; Web of Science,2-s2.0-105016182761,WOS:001635790900001,,SCOPUS_S2-1.csv; S2-1 result.txt
"Mapping operational and embodied emissions in relation to household and ownership profiles with bottom-up building stock analysis: The case of Vaud, Switzerland","Singhvi, A Sirenko, M Athanassiadis, A Binder, CR",2025,RESOURCES CONSERVATION AND RECYCLING,"We conducted a bottom-up, spatially explicit building stock analysis to examine the social and spatial heterogeneity of operational and embodied emissions of residential buildings in Canton Vaud, Switzerland. Variations emerged between locations, household profiles and ownership types. Urban households exhibited lower embodied emissions per resident, but higher annual operational emissions (1500-1900 kg CO2/resident), compared to rural households, which showed greater overall variation (1200-2200 kg CO2/resident). Ownership patterns were less geographically distinct but stratified by type: mixed-ownership buildings exhibited the highest embodied energy, largest material stock and the most modern buildings, whereas community-owned buildings showed the widest variation in annual operational emissions (1500-2300 kg CO2/resident). Our findings suggest that tailoring emission-reduction interventions to specific social and physical housing contexts would enhance the materials-energy nexus in the built environment. We discuss avenues for reducing energy losses, closing material loops, and incorporating sufficiency into building stock management.",Energy-materials nexus; Building stock analysis; Operational emissions; Embodied carbon; Material coefficients,CIRCULAR ECONOMY; ENERGY; LIFE,10.1016/j.resconrec.2025.108431,Article,5,Web of Science,,WOS:001504894300001,,S2-1 result.txt
"Mapping the urban building stock for a circular economy by integrating GIS and BIM. A case study from Belgrade, Serbia",Parezanović A.; Nadaždi A.; Isailović D.; Višnjevac N.; Petojević Z.,2025,"Resources, Conservation and Recycling","Assessing the rapidly expanding building stock, particularly at a large urban scale, remains challenging for the circular built environment. The growing use of digital technologies in new building designs has partially addressed it, but estimating existing stock is still a concern. Although numerous models are based on cadaster, building typologies, material intensities, and spatial analysis, their limiting factor is the level of detail. This study presents an innovative methodology that combines the existing estimation models and exploits the potential of remote sensing, 3DGIS, and BIM. The methodology is tested and validated in a municipality district in Belgrade, Serbia, characterized by different building types and fast urban regeneration. The results reveal better estimations of the existing stock at building, element, and material levels. As such, they may serve as a valuable base for pre-demolition audits, resource cadaster, and a support tool in creating a more feasible circular economy and decarbonization strategies. © 2024 Elsevier B.V.",3D city modeling; CityGML; Construction and demolition waste; LiDAR scanning; Material intensity coefficient (MIC); Material stock analysis,Belgrade; Serbia; asphalt; calcium sulfate; concrete; 3D city modeling; Building stocks; Circular economy; CityGML; Construction and demolition waste; LiDAR scanning; Material intensity coefficient; Material stock analyze; Materials intensity; Stock analysis; architectural design; building; environmental economics; GIS; lidar; mapping; material flow analysis; modeling; remote sensing; three-dimensional modeling; urban renewal; waste; Article; built environment; case study; city; clinical audit; construction and demolition waste; digital technology; economic aspect; geographic information system; geographic mapping; model; municipal solid waste; nonhuman; reliability; spatial analysis; urban area; validity; Demolition; FLOWS,10.1016/j.resconrec.2024.108075,Article,9,Scopus; Web of Science,2-s2.0-85211639376,WOS:001385704400001,,SCOPUS_S2-1.csv; S2-1 result.txt
Mapping urban building material stocks to understand potentials for circular construction: A case study in Germany's Ruhr area,Jegen P.; Huber O.; Gast L.; Faulstich M.,2025,Sustainable Cities and Society,"The building sector is responsible for the accumulation of the largest material inventories in industrialised societies. Buildings embody temporal and spatial lock-ins concerning emissions, while representing a reservoir of secondary materials. Spatial material stock analysis is an instrument for comprehending the composition of building stocks and building material distribution to facilitate transition towards sustainable cities. Several studies have presented methods for quantifying material stocks in Germany. Building on these this study applies a bottom-up approach to analyse the building and material stock by integrating spatial data with information on 35 different building typologies and age-cohorts for residential building focussing on the Ruhr area in Germany. Building foundation area and material intensity coefficients were applied to estimate the building material stock. The generated spatial high-resolution datasets provide a detailed basis that inform end-of-life material recovery strategies in the context of circular construction by establishing a link between primary material resources and projected flows of secondary resources. For the Ruhr area the total building material stock is estimated at approximately 1160 million tonnes, the majority of which comprises mineral material. 57 % of this material stock is embodied in residential buildings, while 43 % resides within non-residential buildings. Approximately 15 % of existing residential buildings have exceeded their technical lifespan, while approximately 50 % of the residential building stock was constructed between 1949 and 1978, which require renovation and modernisation in order to achieve an energy efficiency building stock. Renovation or demolition efforts could recover significant quantities of materials, especially with a potential in recycling of concrete which cumulates to about 530 million tons in the Ruhr Area. The findings concerning the spatial distribution of buildings of different age-cohorts and materials can facilitate the implementation of regional circular construction, by providing incentive for resource recovery and integrating material stock analysis into regional urban planning processes. © 2025",Circular economy; Construction and demolition waste; GIS; Spatial analysis; Urban mining,Germany; North Rhine-Westphalia; Ruhr; Building materials; Circular economy; Construction; Construction industry; Housing; Recovery; Secondary recovery; Spatial distribution; Spatial variables measurement; Urban planning; Building stocks; Buildings materials; Case-studies; Construction and demolition waste; Residential building; Spatial analysis; Stock analysis; Urban buildings; Urban mining; bottom-up approach; circular economy; construction industry; construction material; demolition; GIS; mapping; spatial analysis; spatial resolution; urban area; urban planning; Energy efficiency; MATERIAL FLOW-ANALYSIS; ECONOMY; MODEL; TIME,10.1016/j.scs.2025.106942,Article,4,Scopus; Web of Science,2-s2.0-105021580415,WOS:001619235200002,,SCOPUS_S2-1.csv; S2-1 result.txt
Material intensity and embodied carbon of Korea's residential buildings over four decades,Moon E.-J.; Lim H.; Seo B.; Park J.,2025,"Resources, Conservation and Recycling","Assessing the material intensity of buildings, defined as material inputs per floor area or household, is crucial for decarbonizing building stock. To address the paucity of usable material intensity data, this study developed a structured database and conducted detailed assessments of material intensity and embodied carbon for residential buildings in Korea. The database covered 28 end-use types, 6 structural types, 14 functional elements, and 44 materials. Detailed bills of materials were collected from 79 samples, encompassing 158 multi-family apartments and 21 single-family houses built between 1985 and 2023. Our results indicated that buildings became more material intensive over time, attributed to increased use of concrete, steel, and other materials. In comparison, single-family houses showed higher material inputs per square meter or per household exhibiting significant variability. Furthermore, Korean multi-family apartments showed lower embodied carbon emissions compared to European counterparts, but higher annualized emissions due to shorter building lifetimes. © 2025 Elsevier B.V.",Embodied carbon; Korea; Material intensity; Multi-family apartment; Residential buildings; Single-family houses,Korea; calcium sulfate; carbon; concrete; Building stocks; De-carbonizing buildings; Embodied carbons; Floor areas; Intensity data; Materials intensity; Multi-family apartment; Residential building; Single-family house; building; carbon emission; residential development; Article; comparative study; documentation; educational status; government; greenhouse gas emission; health care policy; household; material intensity; materials handling; prevalence; residential area; simulation; temporal analysis; trend study; MATERIALS DEMAND; CONSTRUCTION,10.1016/j.resconrec.2025.108228,Article,4,Scopus; Web of Science,2-s2.0-86000569521,WOS:001445231300001,,SCOPUS_S2-1.csv; S2-1 result.txt
Material metabolism and spatial distribution characteristics of urban residential buildings in Chongqing based on dynamic material flow analysis and 4D-GIS approaches; [基于动态物质流与 4D-GIS 的重庆城镇住宅物质代谢与空间分布特征研究],Fan M.; Gao X.,2025,Huanjing Kexue Xuebao / Acta Scientiae Circumstantiae,Building materials form the physical foundation of cities，yet their extensive use，accumulation，and disposal pose significant challenges to urban resource and waste management. Understanding their temporal dynamics and spatial distribution is critical for guiding urban planning and enhancing resource management resilience. To investigate the material metabolism and spatial distribution of urban residential buildings，promote resource-efficient urban development，and alleviate construction and demolition（C&D）waste management pressures，this study uses Chongqing as a case study. We developed a dynamic material flow model for urban residential buildings and a 4D-GIS model for the main urban area，cross-validating both approaches. The results showed that material stock of Chongqing’s urban residential buildings is growing rapidly，projected to peak at 2.55 billion tons in 2040，with sand and gravel comprising ~70%. Steel-concrete structures have largely replaced brick-concrete as the dominant form. The building material demand for new urban residential buildings peaks twice，in 2016（110 million t·a-1）and 2080（35.48 million t·a-1），with C&D waste peaking in 2077（58.35 million t·a-1）. An 80% recycling rate could fully meet residential material demands. The 4D-GIS analysis shows significant variation in residential stock across Chongqing’s main urban districts，with Yubei District highest at 130 million tons，displaying a pronounced spatial agglomeration effect. The error margin between dynamic material flow and 4D-GIS results is within ±30%，confirming their complementarity. This study provides a scientific foundation for Chongqing’s long-term construction resource management and low-carbon urban planning. © 2025 Science Press. All rights reserved.,4D-GIS; dynamic flow analysis; material metabolism; residential building stock,China; Chongqing; agglomeration; building; GIS; material flow analysis; metabolism; recycling; resource management; spatial distribution; urban area; urban planning,10.13671/j.hjkxxb.2025.0285,Article,0,Scopus,2-s2.0-105029120036,,,SCOPUS_S2-1.csv
"Material stocks and embodied carbon in UK buildings: An archetype-based, bottom-up, GIS approach",Gillott C.; Lanau M.; Mitchell Reid E.; Sharmin F.; Densley Tingley D.,2025,Journal of Industrial Ecology,"Decarbonizing construction through a circular economy requires an in-depth understanding of the materials stocked within, and flows into, between, and beyond, the global built environment. Archetype-based bottom-up material stock analysis (MSA) is increasingly used to estimate the quantity, location, and embodied carbon of different construction materials within existing buildings. European MSA studies typically employ archetypes based on building use (e.g., residential/non-residential) and/or age (e.g., historic/modern), potentially missing significant variation in material composition across different construction types. Such work also generally focuses on residential buildings and derives aggregated and/or synthetic material intensities (MIs), with non-residential buildings in the United Kingdom rarely being considered through real-world design data. This paper investigates the suitability of different archetyping approaches in the bottom-up estimation of material stocks and embodied carbon in UK buildings. Concrete is revealed to consistently contribute the majority of material mass irrespective of use or construction type, with steel consistently representing a majority of superstructural embodied carbon. Despite the relative agreement between overall structural MIs for use- and construction-based archetypes, varying material and sub-/superstructural composition introduces increased heterogeneity in individual-material and sub-building MIs when considering building construction type. Mapping of use- and construction-based MIs to the building stock level is shown to be inhibited by the infrequent specification of construction type within the utilized inventory. This gives rise to a novel, parallel use and/or construction archetyping approach, reiterating the need for the inclusion of building construction types within both MSA archetyping approaches and national building inventories. © 2025 The Author(s). Journal of Industrial Ecology published by Wiley Periodicals LLC on behalf of International Society for Industrial Ecology.",archetype; bottom-up; buildings; embodied carbon; industrial ecology; material stocks,United Kingdom; Binary alloys; Building materials; Carbon; Circular economy; Construction; Ecology; Archetype; Bottom up; Building construction; Decarbonising; Embodied carbons; Industrial ecology; Material stock; Materials intensity; Residential building; Stock analysis; building construction; circular economy; GIS; heterogeneity; industrial ecology; spatiotemporal analysis; Housing; MATERIAL FLOW-ANALYSIS; TIME; STEEL; IRON; JAPAN,10.1111/jiec.70066,Article,7,Scopus; Web of Science,2-s2.0-105012140079,WOS:001587206400001,,SCOPUS_S2-1.csv; S2-1 result.txt
"Material stocks and flows embedded in residential buildings: A spatially explicit and temporally dynamic bottom-up study of Vantaa, Finland",Kolkwitz M.,2025,"Resources, Conservation and Recycling","Resource extraction to facilitate urban growth exerts significant environmental pressure. Formulating targeted Circular Economy strategies to reduce cities’ primary material consumption requires knowledge of existing urban building stocks and the most resource-intensive spatial patterns of construction and demolition. This paper presents a spatially explicit and temporally dynamic study of Vantaa, Finland. The research targets the city's residential building stock, the embedded materials, and their development between 2000 and 2018. Over the study period, material inflows of 4.0 Mt correspond to an increase in the per capita material stock by 14.3 %. This development was catalyzed by the ongoing densification of material stock clusters and the resurgence of blocks of flats. Overall, three spatial patterns are distinguished by variations in population growth, material flows, residential floor area, and housing typology. In conclusion, spatial distinctions in urban building and material stock development call for location-specific circular approaches to mitigate cities’ environmental footprints. © 2025 The Author(s)",Building stock research; Circular economy; Construction and demolition; Material flow analysis; Residential buildings; Spatial Research,Finland; Uusimaa; Vantaa; Population statistics; Building stock research; Building stocks; Circular economy; Construction and demolition; Materials flow analysis; Residential building; Spatial research; Spatially explicit; Urban buildings; bottom-up approach; building; construction; demolition; material flow analysis; research work; spatiotemporal analysis; sustainability; article; catalysis; economic aspect; environmental footprint; flow measurement; housing; human; pharmacology; population growth; Demolition; URBAN METABOLISM; SPACE,10.1016/j.resconrec.2025.108157,Article,4,Scopus; Web of Science,2-s2.0-85216558952,WOS:001419653500001,,SCOPUS_S2-1.csv; S2-1 result.txt
Milano Urban Mine: Towards a Material Resource Cadastre,Bortolotti A.; Clementi M.; Luongo E.; Godino F.,2025,Journal of Physics: Conference Series,"Estimating the type and amount of material contained in the built environment is critical for optimal management of building material stocks and flows. Among the bottom-up approaches, the paper explores the use of the Material Intensity Coefficient (MIC) for different types of buildings inferred from cadastral data and other building indicators (e.g., type, age, and function). This approach offers high levels of detail, and the results are generally accurate. However, it is time-consuming and labor-intensive, so it is usually applied to small geographic areas. To overcome this limitation, we conducted a combined exercise between the urban planning and architectural technology courses at Politecnico di Milano, involving 48 students in fieldwork and producing original MIC estimates for the most recurring building types in a 4x4 km southwestern portion of the city of Milan. The results show that the period between 1957 and 1965 recorded the highest volume of building construction, and that material components are mainly concrete and hollow bricks, followed by clay bricks, clay tiles and glazed surfaces. The GIS model facilitates the visual understanding of the distribution of materials in the area and can be used to quickly estimate potential material flows out of demolition and renovation sites. However, greater automation is needed to speed up the process and reduce errors. © 2025 Institute of Physics Publishing. All rights reserved.",,Buildings; Education computing; Microwave integrated circuits; Urban planning; Bottom up approach; Buildings materials; Built environment; Geographic areas; Labour-intensive; Level-of-detail; Material resources; Materials intensity; Optimal management; Stocks and flows; Brick; MATERIAL STOCKS; BUILDINGS,10.1088/1742-6596/3140/15/152005,Proceedings Paper,0,Scopus; Web of Science,2-s2.0-105028317464,WOS:001686944400293,,SCOPUS_S2-1.csv; S2-1 result.txt
Modeling interior component stocks of UK housing using exterior features and machine learning techniques,Dai M.; Jurszyk J.; Gillott C.; Sun K.; Lanau M.; Liu G.; Densley Tingley D.,2025,Journal of Industrial Ecology,"Building stock modeling is a vital tool for assessing material inventories in buildings, playing a critical role in promoting a circular economy, facilitating waste management, and supporting socio-economic analyses. However, a major challenge in building stock modeling lies in achieving accurate component-level assessments, as current approaches primarily rely on archetype-based statistical data, which often lack precision. Addressing this challenge requires scalable methods for estimating the dimensions of interior components across large building stocks. In this study, we introduce the UKResi dataset, a novel dataset containing 2000 residential houses in the United Kingdom, designed to predict interior wall systems and room-level spatial configurations using exterior building features. Benchmark experiments demonstrate that the proposed approach achieves high predictive performance, with an (Formula presented.) score of 0.829 for interior wall length and up to 0.880 for bedroom counts, 0.792 for lounge counts, and 0.943 for the kitchen counts. Contributions of this work also include the introduction of a multi-modal approach into the field of building stock modeling, integrating exterior features and facade imagery. Furthermore, we analyze the driving factors influencing wall length and room predictions using permutation importance and SHapley Additive exPlanations values, providing insights into feature contributions, especially facade opening information being a critical driving factor of modeling interior features. The UKResi dataset serves as a foundation for future component-level building stock modeling, offering a scalable and data-driven solution to assess building interiors. This advancement holds significant potential for improving material inventory assessments, enabling more accurate resource recovery, and supporting sustainable urban planning. © 2025 by the International Society for Industrial Ecology.",building material; building stock modeling; circular economy; households; machine learning; urban sustainability,United Kingdom; Benchmarking; Building Information Model; Circular economy; Economic analysis; Housing; Interiors (building); Learning algorithms; Learning systems; Machine learning; Scalability; Statistics; Sustainable building; Urban planning; Walls (structural partitions); Waste management; Building stock modeling; Building stocks; Buildings materials; Household; In-buildings; Machine-learning; Material inventories; Stock models; Urban sustainability; circular economy; construction material; inventory; machine learning; residential development; sustainability; urban housing; waste management; Building materials; BUILDINGS; IMPACT,10.1111/jiec.70048,Article,3,Scopus; Web of Science,2-s2.0-105008074769,WOS:001544283500001,,SCOPUS_S2-1.csv; S2-1 result.txt
Parametric archetype: An incremental learning model based on a similarity measure for building material stock aggregation,Pei W.; Stouffs R.,2025,Automation in Construction,"To reduce reliance on virgin resources, the building material stock (BMS) serves as a source for material recycling and reuse. However, quantifying BMS in urban areas with scarce material data remains challenging. This paper addresses this challenge by proposing a “parametric archetype” method, which integrates similarity measures in BMS modelling. The similarity in material content between buildings is quantified using an Euclidean distance measure based on multidimensional building feature parameters. By mapping material data to similar buildings, a cohesive dataset can be formed and further enriched, enabling incremental larger-scale BMS aggregation. This model is trained using a dataset with 52 Singapore buildings, achieving a 20.24% error rate in material predictions for all urban buildings. The finding highlights the feasibility of conducting BMS aggregation with quantifiable accuracy even with limited material data points. The proposed model can be integrated with environmental impact analysis of material circularity and support sustainable urban resource management. © 2025 The Authors",Building material stock; City information modelling; Data prediction; Parametric archetype; Similarity measure,Data accuracy; Building material stock; Buildings materials; City information modeling; Data prediction; Incremental learning; Information Modeling; Learning models; Material data; Parametric archetype; Similarity measure; LIFE-CYCLE ASSESSMENT; INDICATORS; GERMANY; FLOWS,10.1016/j.autcon.2025.106064,Article,5,Scopus; Web of Science,2-s2.0-85217907182,WOS:001430141900001,,SCOPUS_S2-1.csv; S2-1 result.txt
Pathways to a net zero building sector in Colombia: Insights from a circular economy perspective,Vélez-Henao J.A.; Pauliuk S.,2025,"Resources, Conservation and Recycling","The rapid urbanization and economic growth in Colombia have made the residential sector one of the largest energy and material consumers in the country. Circular economy (CE) strategies are a promising alternative to decouple the sector from resource depletion and climate change. The analysis shown here is based on the RECC model framework, a dynamic material flow analysis (dMFA) model. Our results suggest that by 2050 without CE strategies, residential building stock will reach 2.5 billion m2 and emit between 13 and 25 Mt CO2/yr, depending on whether carbon forest sequestration is included or not. A complete implementation of CE strategies and lower floor space can reduce 2020–2050 cumulative primary material production, waste generation, and GHG emissions by 48, 5, and 49 %, respectively. There is a potential to achieve net zero emissions by 2050 if, in addition to the measures mentioned above, more wood materials and forest sequestration are considered. © 2024 The Authors",Circular economy; Climate change mitigation; Material flow analysis; Material stocks; Residential sector; Resource efficiency,Colombia; copper; Buildings sector; Circular economy; Climate change mitigation; Economic growths; Material stock; Materials flow analysis; Rapid urbanizations; Residential sectors; Resource efficiencies; carbon dioxide; carbon emission; carbon sequestration; climate change; economic growth; emission control; forest; green economy; greenhouse gas; material flow analysis; resource depletion; urbanization; anaerobic digestion; Article; building sector; calibration; circular economy; consumer; dynamic material flow analysis; economic aspect; fabrication yield improvement; gas chromatography; greenhouse gas emission; health care cost; municipal solid waste; population density; productivity; public health; questionnaire; recycling; residential sector; resource efficiency; sensitivity analysis; Low emission; EMISSIONS; ENERGY,10.1016/j.resconrec.2024.107971,Article,15,Scopus; Web of Science,2-s2.0-85206667223,WOS:001339945500001,,SCOPUS_S2-1.csv; S2-1 result.txt
Prioritizing low-carbon materials and reducing material quantities to mitigate embodied GHG emissions in buildings,Tozan B.; Hoxha E.; Stapel E.B.; Birgisdóttir H.,2025,Sustainable Cities and Society,"As regulations for buildings become increasingly stringent, Life Cycle Assessment (LCA) is emerging as a key method of documenting and reducing embodied greenhouse gas emissions (GHGe). Mitigation strategies often focus on optimizing material quantities or substituting conventional materials with low-carbon alternatives. However, these approaches are typically applied in isolation and to specific building components. This study examines which mitigation strategies should be prioritized to reduce embodied GHGe at the whole-building level while ensuring compliance with regulatory limits for new construction in Denmark. Using data from 172 residential buildings and 1054 Environmental Product Declarations (EPDs) across 21 material categories, Monte Carlo Simulations were employed to generate LCAs by combining real buildings' material intensity coefficients (MICs) with EPD data. The results indicate a 66 % probability of compliance with the regulatory limit values for row houses and 64 % for multi-family buildings, but only 15 % for single-family homes. Sensitivity analyses across material categories identified key contributors to both total embodied emissions and variability, such as mineral boards and ready-mixed concrete. This highlights areas where mitigation efforts should be concentrated, either by selecting lower-impact materials or by reducing material quantities. The findings suggest that prioritizing reductions in material quantities may be the most effective approach, though low-carbon materials remain a crucial strategy. These results provide valuable insights for making informed material choices early in the design process and offer strategies for improving life cycle embodied GHGe in line with regulatory compliance for building projects. © 2025 The Authors",Environmental product declarations; Life cycle assessment; Limit values; Low-carbon materials; Material intensity coefficients; Monte carlo simulation,Denmark; Building components; Carbon; Carbon cycle; Carbon emissions; Ecodesign; Greenhouse gases; Intelligent buildings; Life cycle; Life cycle assessment; Low emission; Sensitivity analysis; Carbon material; Environmental product declarations; Greenhouse gas emissions; Limit values; Low carbon; Low-carbon material; Material intensity coefficient; Material quantities; Materials intensity; Monte Carlo's simulation; building; carbon emission; greenhouse gas; life cycle analysis; limit analysis; Monte Carlo analysis; sensitivity analysis; Regulatory compliance,10.1016/j.scs.2025.106770,Article,10,Scopus,2-s2.0-105015136351,,,SCOPUS_S2-1.csv
Quantifying and mapping informal and formal building material stocks in Lima,Alessia L.-C.; Kahhat R.; van Oorschot J.; Heintz J.L.; Fishman T.,2025,Environmental Research: Infrastructure and Sustainability,"Construction materials are essential for meeting societal needs in urban areas; however, they pose significant challenges for decarbonization, particularly in rapidly growing cities that struggle to meet the needs of all their citizens, such as those in the Global South (GS). This research develops and applies a GIS-based methodology to create an urban material stock map for Lima, Peru, encompassing both nonresidential and residential buildings, with the latter categorized into informal and formal housing. This study combines block-level spatial data with a refined definition of informality that better captures the nuances of reality while acknowledging its limitations, along with an extensive housing typology to calculate the material stocks present in the city. Material intensity (MI) factors were developed for each housing type, allowing for the estimation of material stocks across Lima’s districts. The MI of informal housing is up to 70% less than that of formal housing. The results indicate that informal settlements comprise a substantial share of the housing (50%) and residential stock (31%) in the city. The research also highlights spatial disparities in material accumulation and their correlation with income inequality. This approach provides a replicable framework for other cities in the GS, addressing the urgent need for local data and tailored methodologies to inform sustainable urban planning and decarbonization strategies. © 2025 The Author(s). Published by IOP Publishing Ltd.",building materials; geographic information systems (GIS); Global South; industrial ecology; informal housing; urban stocks,RESIDENTIAL BUILDINGS; DEMOLITION WASTE; CITY,10.1088/2634-4505/adfe8d,Article,3,Scopus; Web of Science,2-s2.0-105015846317,WOS:001562181400001,,SCOPUS_S2-1.csv; S2-1 result.txt
Recycling potential of secondary resources in built environment stocks: Evidence from Hong Kong public rental housing,Liu X.; Ye Z.; Hsu S.-C.; Poon C.-S.,2025,Journal of Industrial Ecology,"In urban environments, region-specific knowledge of building material intensities and stocks is vital for efficient resource recovery in the construction sector, especially for city regeneration and redevelopment. Previous studies often relied on generalized data, leading to inaccuracies due to local variations in construction practices, materials, and urban density. This study addresses these limitations by developing a locally refined inventory through a GIS-based, bottom-up material stock analysis that integrates archetype-specific building design data, demonstrated with evidence from Hong Kong's public rental housing (PRH). The results show that material intensities for Hong Kong PRH buildings range from 1567 to 2386 kg/m2, with a total stock of 60.85 megatons as of 2022. Up to 46.95 megatons may have recycling potential over the next three decades, offering significant opportunities for sustainable resource management. Spatiotemporal and hotspot identification reveals a shift in material stock distribution toward the northern territories, reflecting urban development trends. This research enhances the accuracy of material stock assessments and supports strategic planning for achieving a circular economy, particularly in densely populated areas like Hong Kong. By promoting circular and generative city concepts and establishing benchmark archives for key construction materials, the study advances practical applications for sustainable urban resource management, aiding policy development for efficient spatial planning and urban mining strategies. © 2025 The Author(s). Journal of Industrial Ecology published by Wiley Periodicals LLC on behalf of International Society for Industrial Ecology.",circular economy; industrial ecology; material stock analysis; resource management; sustainable development,China; Hong Kong; Architectural design; Benchmarking; Building materials; Circular economy; Construction industry; Ecology; Housing; Industrial economics; Industrial management; Resource allocation; Strategic materials; Sustainable building; Sustainable city; Urban growth; Hong-kong; Industrial ecology; Material stock analyze; Materials intensity; Public rental housings; Recycling potential; Resource management; Secondary resources; Stock analysis; redevelopment; spatiotemporal analysis; sustainability; urban area; urban development; Sustainable development; MATERIAL FLOW-ANALYSIS; URBAN METABOLISM; DEMOLITION WASTE; INDUSTRIAL ECOLOGY; BUILDINGS; CONSTRUCTION; GERMANY; DEPOSITS; DATABASE; MODEL,10.1111/jiec.70063,Article,3,Scopus; Web of Science,2-s2.0-105009294796,WOS:001544257100001,,SCOPUS_S2-1.csv; S2-1 result.txt
Resource consumption and GHGe of future new construction: Hotspots for mitigation efforts in Denmark,Tozan B.; Hoxha E.; Sørensen C.G.; Birgisdóttir H.,2025,Sustainable Production and Consumption,"The construction industry, which accounts for 37 % of global greenhouse gas emissions (GHGe), is a crucial sector in which efforts must be made to mitigate such emissions. Understanding future resource demand and related GHGe is essential to pinpointing where these efforts must be concentrated. Based on Denmark, this study aims to estimate future resource consumption and GHGe caused by new buildings annually between 2024 and 2050 and to identify hotspots where mitigation efforts should be focused. Combining spatiotemporal predictions of new construction with life cycle assessments (LCA) of 289 buildings' GHGe, it is found that an average of 6.6 million m2 of new buildings are expected to be constructed yearly. This results in an annual use of 7 million tons of resources, i.e., building materials, varying between 2.1 and 13.8 million tons, and the emission of 3 million tons of CO2e, ranging between 1.5 and 5 million tons. Overall, 91 % of future GHGe is related to embodied emissions. Moreover, of all the new construction considered in the study, residential and office buildings will be responsible for 78.4 % of annual resources and 76.5 % of GHGe between 2024 and 2050. Identified hotspots reveal that mitigation efforts must focus on building-envelope elements for all building typologies, such as roofs, walls, and slabs. Also, three main types of material – mineral products, steel, and insulation materials – contribute significantly to GHGe, indicating the necessity of focusing mitigation on these products in the future. © 2024 The Authors",Buildings; Greenhouse gas emissions; Hotspots; Life cycle assessment; Material intensity coefficients,Kyoto Protocol; Low emission; Buildings materials; Denmark; Greenhouse gas emissions; Hotspots; Material intensity coefficient; Materials intensity; New constructions; Resource demands; Resources consumption; Spatio-temporal prediction; BUILDINGS; IMPACTS; CARBON,10.1016/j.spc.2024.12.014,Article,10,Scopus; Web of Science,2-s2.0-85213279541,WOS:001403236200001,,SCOPUS_S2-1.csv; S2-1 result.txt
Rethinking rural material stocks: Pathways to circularity and sustainable development for Eastern Europe,Toșa C.; Milchiș T.; Beca I.M.,2025,Sustainable Futures,"This short communication presents a framework for estimating material stocks in rural buildings, specifically addressing the challenges of data scarcity and heterogeneity in depopulating regions. Using Romania as a case study, the research presents a replicable, two-phased approach that combines community-led qualitative assessment with advanced analytical techniques. This mixed-methods approach is designed to quantify material stocks, assess environmental impacts, and identify opportunities for material reuse and recycling in a context-aware manner. The findings inform policy recommendations that support a circular economy in rural Romania, offering a transferable model for post-industrial and remote regions globally facing the challenges of depopulation and building stock degradation. © 2025 The Author(s)",Circularity; Depopulation; Eastern Europe; Material stock; Rural areas,ROMANIA; AREAS; BUILDINGS,10.1016/j.sftr.2025.101066,Article,0,Scopus; Web of Science,2-s2.0-105012107280,WOS:001545037100002,,SCOPUS_S2-1.csv; S2-1 result.txt
Spatiotemporal Characteristics of Global Building Material Intensity Revealed for Circular and Low-Carbon Construction,Liu Q.; Ouyang X.; Zhu W.; Sun K.; Song J.; Li X.; Li Y.; Chen W.; Liu G.,2025,Environmental Science and Technology,"Quantifying the material intensity of buildings (MIB) is fundamental for built environment stock accounting, construction resource and waste management, and embodied carbon assessment. However, existing MIB data reported in the literature are often sparse, heterogeneous, and scattered across archetypes, which hinders comparability, quality checks, and harmonization. Here, we compiled a global MIB database containing 3051 MIB records in a unified form measured in kg/m2for 31 types of construction materials, based on both secondary and primary data from multiple sources. Applying a mean-absolute-deviation (MAD) rule to generate archetype-specific general MIBs, we revealed that the upward pressure on MIB from increases in floor area and building height has been partly offset by the use of light-weight materials, yielding a current aggregate MIB of 1464.3 kg/m2that is comparable to the pre-1920 levels. Global building material composition shifted markedly away from brick and wood and toward higher shares of steel, cement, sand, and stone, alongside sizable heterogeneity across archetypes, regions, and periods. This expanded, standardized, and harmonized global MIB database can help inform material efficiency targets, embodied carbon baselines, and stock-aware planning for selective demolition, procurement, and renovation in a circular and low-carbon construction transition. © 2025 American Chemical Society",building stock; construction materials; Material intensity; mean absolute deviation; resource and waste management; mean absolutedeviation; constructionmaterials,Carbon; Construction Materials; Construction; Demolition; Environmental management; Low carbon steel; Project management; Waste management; carbon; Building stocks; Buildings materials; Built environment; Construction resource; Embodied carbons; Low carbon constructions; Materials intensity; Mean absolute deviations; Resource and waste management; Spatiotemporal characteristics; aggregate; construction material; database; heterogeneity; spatiotemporal analysis; waste management; wood; Article; building; controlled study; developed country; dispersion; lifespan; rural area; sand; urban area; building material; Light weight building materials; STOCK; DEMOLITION; FLOWS,10.1021/acs.est.5c05684,Article,1,Scopus; Web of Science,2-s2.0-105022733462,WOS:001614146300001,,SCOPUS_S2-1.csv; S2-1 result.txt
The digital twin on a residential housing in the Czech Republic on the BIM platform and its importance for the circular economy,Jašek M.; Kubečková D.,2025,Structures,"The construction sector is one of the industries that produces up to around 39 % of all global carbon emissions. The society and the European Community are seeking to change this adverse situation in line with the principles of the circular economy and in line with the spirit of the “Fit for 55” programme document. The aim of this paper is to show through a case study of an apartment building constructed in the 1970s, how the innovative BIM platform can contribute to the reduction of pollutants and emissions, reinforce the principles of circularity and sustainable construction, in a residential building constructed in the last century, a building that currently has no digital passporting based on a building information modelling. Using BIM, a digital model of the selected housing building will be created containing information about the individual materials used in the construction at that time. The digital materials inventory developed will provide an overview of the available sources of building materials, making it easier to identify and manage them. At the same time, a discourse for a shared platform will be promoted to exchange information on the available materials, their quality status and the possibilities of their reuse in construction. The BIM platform will thus become an integral part of the circular economy of the existing buildings and will contribute to a better codification in the environment of digitalisation in the construction industry, at the same time, it will use the remaining life of structural elements to the maximum extent. © 2025",BIM; Circular economy; Construction; Digital passporting; Residential housing; Sustainable construction,Apartment houses; Building Information Model; Hotels; Mobile homes; Motels; Structural metals; Circular economy; Community IS; Construction sectors; Czech Republic; Digital passporting; European community; Global carbon emission; Residential housings; Show through; Sustainable construction; Construction industry,10.1016/j.istruc.2025.109180,Article,9,Scopus,2-s2.0-105005834346,,,SCOPUS_S2-1.csv
"The “Scale Expansion Trap” in Cross-River Urbanization: Building Stock Vacancy and Carbon Lock-In for Nanchang, China",Tang S.; Cheng X.; Xie X.; Lu G.; Tu H.; Li Y.; Liu G.; Luo B.; Lei B.; Shi L.,2025,Sustainability (Switzerland),"Understanding spatial characteristics of urban building systems is critical for unraveling urban building stock growth patterns, addressing housing vacancy challenges, and advancing urban carbon neutrality. However, existing research on built environment stocks and housing vacancy spatial distribution remains limited, particularly in underdeveloped cross-river cities—where rapid urbanization often prioritizes scale expansion over demand matching, leading to unresolved issues of resource waste and environmental pressure. This study integrated material stocks analysis (MSA) and geographical information system (GIS) to uncover the spatial patterns of urban building material stocks and housing vacancy at a high spatial resolution for Nanchang, China—a typical underdeveloped cross-river city facing the “scale expansion trap” in its urbanization across the Ganjiang River. Results show that (1) Nanchang’s building stock exhibits a “butterfly-shaped” spatial pattern centered on the Ganjiang River, with simultaneous horizontal expansion (40-fold urban area growth since 1949) and vertical growth (super high-rises in new west-bank districts), reflecting aggressive cross-river scale expansion; (2) the total building material stock reached 1034 Mt (204 t/cap) in 2021, with over 85% accumulated post-2000—coinciding with large-scale cross-river development. Vacant buildings locked in 405 Mt of materials (39.17%), which is a direct consequence of the “scale expansion trap” where construction outpaced actual demand; (3) total embodied carbon emissions from building materials amounted to 264 Mt, with 104 Mt (39.39%) attributed to vacant stocks. This “vacant carbon lock-in” stems from mismatched urban construction and actual demand in the process of cross-river scale expansion; (4) spatially, high-value clusters of material stocks and carbon emissions overlapped at two cores (old town and Honggutan CBD), while housing vacancy rates were significantly higher in the urban periphery and Ganjiang’s west bank—the primary areas of cross-river scale expansion—than in the old town and east bank. These findings empirically demonstrate how the “scale expansion trap” in cross-river urbanization drives building stock vacancy and carbon lock-in. These findings also offer data-driven strategies for optimizing urban resource allocation, reducing housing vacancy, and promoting low-carbon transitions, especially for other underdeveloped cross-river cities globally. © 2025 by the authors.",cross-river city; embodied CO<sub>2</sub>; housing vacancy rate (HVR); material stock analysis (MSA); spatial pattern; urban building stock; embodied CO2,China; Jiangxi; Nanchang; carbon dioxide; construction material; GIS; housing; spatial distribution; spatial resolution; urban area; urbanization; MATERIALS DEMAND; CONSTRUCTION; DEMOLITION; CITIES; IMPACT; FLOWS,10.3390/su172210375,Article,2,Scopus; Web of Science,2-s2.0-105023070429,WOS:001625897500001,,SCOPUS_S2-1.csv; S2-1 result.txt
Towards a structural condition assessment framework for selective reuse,Carson E.M.; der Merwe J.E.; Davey C.A.,2025,"Engineering Materials, Structures, Systems and Methods for a More Sustainable Future","The construction sector has a substantial negative impact on the environment. Despite this impact and the costs associated with building structures, there is typically little consideration for this inherent value at the end of a structure's design life. Deconstruction for selective reuse of elements might address this problem. However, the viability of reusing a structural element will depend on its condition. Following a basic Building Information Modelling (BIM) workflow, and based on a case study structure, this paper proposes a novel Structural Condition Assessment System (SCAS) to systematically capture such material inventory information for the future development of digital twin models. The study critically considers suggestions in the literature regarding the extent of levels of detail (LOD) in a BIM workflow that is needed to capture such information. The study shows that sufficient information on structural condition can be captured to support strategic decisions regarding the viability of deconstruction for selective reuse at a level of detail less than LOD500. Ultimately, the study forms the basis to support ongoing research towards improved circular value chains of building materials. © 2025 selection and editorial matter, Alphose Zingoni; individual chapters, the contributors. All rights reserved.",Building Information Modelling; Circularity; End-of-Life; Selective reuse; Structural Condition Assessment,Architectural design; Building Information Model; Building materials; Information theory; Structural design; Building Information Modelling; Circularity; Condition assessments; End of lives; Level-of-detail; Reuse; Selective reuse; Structural condition; Structural condition assessment; Work-flows; Construction industry,10.1201/9781003677895-269,Book chapter,0,Scopus,2-s2.0-105022962561,,,SCOPUS_S2-1.csv
Unveiling the building embodied carbon dynamics in Yangtze River Delta: Spatial and life cycle perspectives,Liang H.; Zhang B.; Bian X.; Shen J.; Wang Y.; Dong L.,2025,Journal of Urban Management,"Understanding and reducing the greenhouse gas emissions from building sector is significant to realize the net zero society. This research presents a bottom-up approach leveraging nighttime light (NTL) data to quantitatively assess and spatially represent urban building Material Stock (MS) and Embodied Carbon Emissions (ECE) throughout the “cradle-to-gate” lifecycle, at the micro-unit level, within the rapidly urbanizing Yangtze River Delta (YRD) region. Our primary focus is on investigating the dynamics and evaluating the impacts of building material stocks and the associated embodied carbon under urban expansion. Key findings include: (1) From 2000 to 2020, the YRD experienced a significant increase in building MS, with development expanding more rapidly along the southeast-northwest axis than the southwest-northeast axis. (2) Building ECE grew markedly in the YRD, especially in coastal areas, shifting from a concentrated single-center pattern to a multi-center one. The growth trends of building ECE among these cities varied widely, ranging from 0.64 to 85.71 ​Tg per year (Tg/a). (3) Construction materials such as sand, gravel, cement, and brick dominated the MS in both residential and non-residential buildings. Cement, steel, brick, and aluminum were the main contributors to building ECE. Notably, despite their lower volumes, copper and aluminum had substantial environmental impacts due to their high ECE contributions. (4) By categorizing cities into four types based on ECE per capita and growth trends, we identified varied urban development and environmental impacts across the YRD. © 2024 The Authors",Building material stock; Construction materials; Embodied carbon emission; Life cycle assessment; Nighttime lights; Yangtze river Delta,NIGHTTIME LIGHT DATA; USE STEEL STOCK; ENVIRONMENTAL IMPACTS; URBAN METABOLISM; MATERIAL FLOWS; EMISSIONS; URBANIZATION; ENERGY; TIME; LCA,10.1016/j.jum.2024.10.004,Article,3,Scopus; Web of Science,2-s2.0-85207806694,WOS:001440999000001,,SCOPUS_S2-1.csv; S2-1 result.txt
Urban fabric decoded: High-precision building material identification via deep learning and remote sensing,Sun K.; Li Q.; Liu Q.; Song J.; Dai M.; Qian X.; Gummidi S.R.B.; Yu B.; Creutzig F.; Liu G.,2025,Environmental Science and Ecotechnology ,"Precise identification and categorization of building materials are essential for informing strategies related to embodied carbon reduction, building retrofitting, and circularity in urban environments. However, existing building material databases are typically limited to individual projects or specific geographic areas, offering only approximate assessments. Acquiring large-scale and precise material data is hindered by inadequate records and financial constraints. Here, we introduce a novel automated framework that harnesses recent advances in sensing technology and deep learning to identify roof and facade materials using remote sensing data and Google Street View imagery. The model was initially trained and validated on Odense's comprehensive dataset and then extended to characterize building materials across Danish urban landscapes, including Copenhagen, Aarhus, and Aalborg. Our approach demonstrates the model's scalability and adaptability to different geographic contexts and architectural styles, providing high-resolution insights into material distribution across diverse building types and cities. These findings are pivotal for informing sustainable urban planning, revising building codes to lower carbon emissions, and optimizing retrofitting efforts to meet contemporary standards for energy efficiency and emission reductions. (c) 2025 Published by Elsevier B.V. on behalf of Chinese Society for Environmental Sciences, Harbin Institute of Technology, Chinese Research Academy of Environmental Sciences. This is an open access article under the CC BY-NC-ND license (http://creativecommons.org/licenses/by-nc-nd/4.0/).",Building material intensity; Built environment; Deep learning; Remote sensing; Streetview image,MATERIAL STOCK; CONSTRUCTION; SECTOR; DEMOLITION; DATABASE; CHINA; TIME,10.1016/j.ese.2025.100538,Article,11,Scopus; Web of Science,2-s2.0-85217756418,WOS:001428673800001,,SCOPUS_S2-1.csv; S2-1 result.txt
Validation of a building material stock model using demolition record data,Schmid C.; Krych K.; Hellweg S.,2025,Journal of Physics: Conference Series,"Building material stock studies can help to implement circular economy measures by identifying future availability of secondary material and by comparing the environmental impact of different circularity measures. However, the accuracy of these models is often uncertain due to limitations in data quality, granularity, and assumptions made during model development. Validation of building material stock models with additional empirical data is rare. Here, we address this gap by comparing the material amounts on the single building level predicted by an archetype- and component-based building material stock model from a previous study for a number of individual demolished buildings with the amounts recorded in demolition data for the same buildings submitted to city authorities. Our results show a good agreement between the model and demolition data for the total amount and for mineral materials, but not for metals, insulation materials and wood. The findings highlight the importance of further work validating existing building material stock models and warrant caution when using predictions of material amounts for specific materials on individual building level. © 2025 Institute of Physics Publishing. All rights reserved.",,Building materials; Environmental impact; Building levels; Buildings materials; Circular economy; Data assumption; Data granularity; Data quality; Empirical data; Model development; Secondary materials; Stock models; Demolition,10.1088/1742-6596/3140/15/152001,Proceedings Paper,0,Scopus; Web of Science,2-s2.0-105028310927,WOS:001686944400289,,SCOPUS_S2-1.csv; S2-1 result.txt
A layered dynamic material flow framework for modeling building renovations,Liu Q.; Lanau M.; Rootzén J.; Cao Z.; Johnsson F.,2026,Journal of Industrial Ecology,"Dynamic material flow analysis (dMFA) is widely used to study the material demands of residential building stocks. In most of the studies conducted to date, buildings are modeled as homogeneous units instead of a system of components. A limitation of this assumption is that the material flow dynamics from renovations cannot be fully captured. In this study, we develop a cohort-based, layered dMFA framework that explicitly links renovation lifetimes to structural lifetimes, while allowing for different building layers to be renovated independently. This framework tracks the temporal evolution of building cohorts and applies a lifetime convolution approach to ensure that renovation probabilities are conditional on building survival. Cohort-specific material intensities are further differentiated across structural, skin, and space layers. We apply the framework to residential buildings in Sweden using a unique set of building inventory and disaggregated material intensity data. Compared with conventional monolithic renovation models, the layered lifetime approach reduces the estimated renovated floor area by approximately 10%, with larger differences seen for older cohorts that are approaching demolition. These corrections translate into substantial changes in renovation-related material flows. The results demonstrate that neglecting lifetime interdependencies between building components and structures leads to inflated estimates of the demand for renovation. By conceptualizing buildings as systems that have components with interrelated lifetimes, this study advances dMFA methods for renovation modeling. © The Author(s) 2026.",Dynamic material flow analysis; Material stocks; Renovations; Residential buildings,Building components; Dynamic analysis; Building renovation; Dynamic material flow analyze; Dynamic materials; Material demands; Material Flow; Material stock; Materials flow analysis; Materials intensity; Renovation; Residential building; Housing; MATERIAL STOCK; LIFETIME,10.1007/s44498-026-00164-3,Article; Early Access,0,Scopus; Web of Science,2-s2.0-105047857281,WOS:001855197600001,,SCOPUS_S2-1.csv; S2-1 result.txt
An AI-BIM Based Predictive Framework for the Optimization of Construction Waste Recycling in Saudi Arabia,Y. Al-Atawneh; R. Ismail; F. Albtoush; M. Aljamal; HashemAl-Mattarneh; E. Arrasheed,2026,2026 International Conference on Artificial Intelligence for Sustainable Engineering and Innovation (AISEI),"With the escalation of infrastructure and urban construction in Saudi Arabia, C&D waste continues to generate enormous quantities as well as place an ever-growing burden on landfills. While the national reforms in Vision 2030 encourage recycling and the implementation of circulatory economy ideas (recycling of resources), the development of artificial intelligence (AI) and Building Information Modelling (BIM) is not yet comprehensive throughout project phases. This paper puts forward an AI–BIM scheduled arrangement: over the full picture of infrastructure projects, it combines BIM-enabled material quantification, machine-learning waste prediction and decision-support analysis to raise recycling efficiency and economic effectiveness. The survey, which studied construction stakeholders from Saudi Arabia via descriptive statistics, relative importance index (RII), ANOVA and questionnaires on regression modeling groups. It is evident that the persistent usefulness of sustainable design approaches (Mean=4.16) and BIM-mediated preparing $(M e a n=4.01)$ are elevated to exceptionally high aggregate. In the same line, AI-supported sorting-analysis scored a decent mean (Mean=3.84), although it appears under-utilized in practice The linear regression results show that innovative technologies can significantly predict economic benefits $(B=0.237, p=0.001; F=12.328)$. Based on these results, a general framework is presented that lays out an applied workflow from data acquisition for ML inference and policy integration whereupon a conceptual prototype based on Random Forest/XGBoost is described. The study supports providing an empirically grounded roadmap for deploying integrated artificial intelligence (AI) strategies in circular construction, focusing on Saudi Vision 2030.",AI;BIM;Construction Waste Recycling;Machine Learning;Circular Economy;Sustainable Engineering,Aluminum; Modeling; Artificial intelligence; Building information management; Recycling; Printing; Technology; Construction; Design methodology; Machine learning,10.1109/AISEI68628.2026.11572970,IEEE Conferences,,IEEE Xplore,,,IEEE Conferences,IEEE_S2-1_merged_deduplicated_raw.csv
An Integrated BIM-AI Framework for Intelligent Cost Management,O. Olugboyeg; E. Dele Omopariola; E. Ibrahim; U. Afonne,2026,Journal of Intelligent Construction,"Accurate cost estimation and adaptive budget control remain central challenges in building project delivery, where traditional methods are often slow, subjective, and poorly equipped to respond to design changes or market volatility. Building information modeling (BIM) provides a digital foundation for integrating cost and design data, whereas artificial intelligence (AI) offers both predictive and adaptive capabilities. However, their integration into practice remains limited. This study addresses this gap by developing and testing an integrated BIM-AI framework for intelligent cost management. A single case study of a proposed residential building was used to operationalize the framework. Machine learning regression models were applied to predict the total project cost and cost per square meter. Random forests identified the most influential cost drivers, while neural networks captured non-linear relationships between design variables and cost outcomes. Natural language processing was used to extract material quantities and specifications from textual data, and computer vision techniques were used to quantify components directly from the building documentation. Optimization algorithms were then applied to suggest cost-effective materials and design alternatives. The results demonstrated that regression models produced reliable baseline estimation, with neural networks improving the predictive accuracy by handling complex design-cost interactions. Random forest analysis revealed material choices, structural specifications, and finish quality as the most significant cost drivers. Optimization runs showed that substituting selected materials could reduce the overall cost by up to 12% without compromising the performance. The findings confirm that integrated BIM-AI techniques can intelligently generate cost estimation, adapt to dynamic project conditions, and optimize budget allocations. This research advances knowledge by bridging methodological gaps and provides practical insights for digital construction management.",artificial intelligence;machine learning;cost optimization;predictive analytics;natural language processing;BIM-AI integration framework,Artificial intelligence; Building information management; Costing; Costs; Design methodology; Modeling; Optimization; Materials; Construction; Estimation,10.26599/JIC.2026.9180125,TUP Journals,,IEEE Xplore,,,TUP Journals,IEEE_S2-1_merged_deduplicated_raw.csv
Assessing the sensitivity of material-intensity-based building stock estimates to design parameters,Jia Y.; Feng C.,2026,Journal of Industrial Ecology,"Accurate estimates of building material stocks (BMS) are critical for advancing circular economy strategies. The widely used material intensity (MI) method applies fixed values per square meter and therefore overlooks variations introduced by architectural design. To assess the sensitivity of MI-based estimates to design parameters—a question difficult to address with real-world data—we developed an automated workflow that combines parametric modeling and deep learning to generate synthetic building datasets and calculate their component-based material stocks. We generated 48,600 residential buildings, all with a constant gross floor area (GFA) of 2,400 m2, while systematically varying footprint shape, corridor type, number of units, room layout, number of floors, and structural system configuration. Statistical analysis reveals that within this controlled design space, even under identical GFA, total material stock ranges from 758 to 2,888 m3. Multiple regression analysis shows that number of floors and structural system configuration exert the strongest influence, followed by footprint shape and number of units, while corridor type and room layout contribute only marginally. These results demonstrate how component-based approaches can be used to assess design-induced variability in MI-based estimates. The findings also provide guidance on when MI values may require design-specific refinement by considering dominant design parameters. © The Author(s) 2026.",Building material stock; Circular economy; Component-based method; Generative design; Material intensity; Parametric modeling,Architectural design; Building materials; Circular economy; Deep learning; Economics; Regression analysis; Structural analysis; Building material stock; Buildings materials; Component-based method; Design parameters; Floor systems; Generative design; Gross floor areas; Materials intensity; Parametric models; circular economy; construction material; detection method; material flow analysis; parameter estimation; regression analysis; Floors; NETWORK,10.1007/s44498-026-00138-5,Article,0,Scopus; Web of Science,2-s2.0-105045340259,WOS:001826172400001,,SCOPUS_S2-1.csv; S2-1 result.txt
"Augmented BIM log-based real-time design change monitoring, selective rollback, and design patching",Lee J.; Lee G.; Jang S.; Hyun S.,2026,Advanced Engineering Informatics,"Existing building information modeling (BIM) server-based design change management requires heavy and proprietary systems. Recently, several studies explored BIM log mining for design change management. However, they rely on post-hoc analysis and do not support real-time, interactive review or direct model modification. To address these limitations, this study proposes a lightweight design change management method using a new schema for element-level BIM logs, named augmented BIM logs . The proposed method consists of three components: (1) design change monitoring that enables sequential monitoring and visualization of material quantity changes along the design timeline; (2) selective rollback that allows users to view selected parts of a design at a certain point in time; (3) design patching that allows users to restore only specific parts of the BIM model to previous design status. The method was validated through multiple case studies involving multi-stage design changes. Element-level design changes were tracked and reconstructed with an accuracy of 96.3%, and selective rollback and design patching enabled partial restoration of BIM models to previous states with an accuracy of 93.6%. In addition, on a log-augmented model scaled to tens of thousands of elements, temporal navigation remained interactive without perceptible delay. Overall, the augmented BIM log provides a practical basis for log-based design change tracking and design decision-making. © 2026 Elsevier Ltd.",BIM log; Building information modeling (BIM); Design patching; Quantity change; Selective rollback; Visualization,Architectural design; Building Information Model; Information management; Information theory; Restoration; Three dimensional computer graphics; Building information modeling; Building information modeling log; Building Information Modelling; Change management; Design change; Design patching; Element level; Quantity change; Selective rollback; Visualization; MODELS; REWORK,10.1016/j.aei.2026.105109,Article,0,Scopus; Web of Science,2-s2.0-105047647228,WOS:001855462200001,,SCOPUS_S2-1.csv; S2-1 result.txt
"Beyond Building Structure: Estimating the Material Stock of Mechanical, Electrical and Plumbing Systems",Xiong S.; Krych K.; Zea Escamilla E.; Habert G.,2026,Sustainability (Switzerland),"Current national-scale building stock models mainly focus on structural materials, overlooking the significant resource potential of Mechanical, Electrical, and Plumbing (MEP) systems. These systems are resource-intensive and contain standardized components with high-value materials such as copper and steel, yet their potential remains largely untapped due to fragmented data. This study introduces the novel systematic framework to estimate MEP components at high granularity and national scale. It integrates harmonized public data, machine-learning imputation (>90% accuracy under sparse conditions), and parametric rules reflecting building type, energy system, and construction decade. A Swiss case study yields scalable material stock estimates and lifespan-based turnover projections, showing strong consistency with existing GHG benchmarks. The framework highlights contrasting patterns across regions and building types, indicating where policy and industry can upscale reuse and recovery. Its modular design enables transferability and integration with circular economy planning and material-efficiency targets. © 2026 by the authors.",building sustainability; building systems; circular economy; material stock estimation,benchmarking; building; circular economy; construction method; copper; machine learning; stock identification; turnover; CIRCULAR ECONOMY; BOTTOM-UP; CONSTRUCTION; BIM; PERFORMANCE; EQUIPMENT,10.3390/su18042093,Article,0,Scopus; Web of Science,2-s2.0-105031369253,WOS:001702309600001,,SCOPUS_S2-1.csv; S2-1 result.txt
Beyond Positive Energy Districts Monitoring: Integrating Circularity and Recyclability into Data-Driven Impact Assessment,J. L. Hernández; R. G. Martinez; A. Arriazu-Ramos; R. Sanz,2026,2026 11th International Conference on Smart and Sustainable Technologies (SpliTech),"Positive Energy Districts (PEDs) have emerged as a key strategy for urban decarbonisation. The main feature is the net-positive annual energy balance through integrated renewable generation, efficient buildings and smart energy management. Existing PED monitoring frameworks are predominantly energy-centric, relying on Key Performance Indicator (KPI)-based methodologies to quantify operational performance, grid interactions and primary energy balances within defined district boundaries. While these approaches enable transparent and comparable evaluation of energy flows, they largely overlook embodied impacts, material stocks and end-of-life recovery potential, thereby limiting the assessment of long-term sustainability performance. This paper advances beyond conventional energy monitoring by proposing an extended data-driven impact assessment framework that integrates circularity and recyclability indicators. The study identifies the methodological divergence between dynamic operational energy metrics and lifecycle-based material indicators, highlighting differences in temporal scales, system boundaries and data granularity. To address this gap, a complementary set of circular KPIs is introduced. These indicators are conceptually embedded within the existing monitoring architecture, aligning energy flows and material stocks under harmonised boundaries and interoperable data structures. By integrating operational and lifecycle dimensions within a unified KPI-driven approach, the proposed framework supports multidimensional impact assessment at district scale. The results contribute to the transition from energy-positive to circular-positive districts, enabling more comprehensive, transparent and data-informed decision-making toward climate-neutral and resource-efficient urban developments.",positive energy districts;recyclability;circularity;data;monitoring;impact assessment,Energy; Monitoring; Materials; Key performance indicator; Fluid flow; Modeling; kWh; Printing; Energy consumption; Measurement,10.23919/SpliTech70133.2026.11685526,IEEE Conferences,,IEEE Xplore,,,IEEE Conferences,IEEE_S2-1_merged_deduplicated_raw.csv
Beyond the surface: a comprehensive hybrid life cycle assessment of embodied greenhouse gas emissions in green and conventional roofs in Melbourne,Pianella A.; Loffler M.; Crawford R.H.,2026,Energy and Buildings,"Green roofs are increasingly recognised as multifunctional solutions to urban environmental challenges; however, the embodied greenhouse gas (GHG) emissions associated with their construction remain an underexplored component of their environmental performance, particularly in the Australian context. This study applies a hybrid life cycle assessment (LCA) approach to quantify and compare the life cycle embodied GHG emissions of conventional and green roof assemblies commonly used in Melbourne, Australia. Extensive and intensive green roofs were assessed over a 50-year lifespan and compared with conventional concrete, flat timber and pitched timber roof assemblies. Embodied emission calculations were performed using material quantities and hybrid life cycle inventory data from the Environmental Performance in Construction (EPiC) database, which combines process-based and environmentally extended input–output data to capture upstream supply chain emissions. Results show that conventional roofs in Melbourne have average annual life cycle embodied emissions of approximately 2.54 kgCO₂-eq/m2 for concrete roofs and 1.64–1.66 kgCO₂-eq/m2 for timber roofs. Extensive green roofs increased embodied emissions by approximately 0.97 kgCO₂-eq/m2/year, while intensive green roofs increased emissions by approximately 1.99 kgCO₂-eq/m2/year, primarily due to substrate and additional system layers. Substrate depth and composition and structural system selection were identified as the main drivers of embodied emissions. The results also show that hybrid LCA produces higher embodied emission estimates than many process-based studies due to more comprehensive system boundary coverage, highlighting the importance of methodological choice in life cycle assessment. This study provides region-specific hybrid LCA data for green roof systems in Australia and identifies key design parameters that can reduce embodied emissions, supporting more informed material selection and low-carbon roof design. © 2026 The Authors.",Green roofs; Greenhouse gas emissions; Life cycle assessment; Melbourne,Carbon cycle; Concretes; Ecodesign; Environmental management; Gas emissions; Greenhouse gas emissions; Life cycle; Life cycle assessment; Low emission; Roofs; Structural design; Timber; Australia; Embodied emissions; Environmental performance; Green roof; Melbourne; Multifunctionals; Process-based; Roof assemblies; Timber roofs; Greenhouse gases,10.1016/j.enbuild.2026.118036,Article,0,Scopus; Web of Science,2-s2.0-105046514772,WOS:001842813600001,,SCOPUS_S2-1.csv; S2-1 result.txt
BIM-BASED EARTHQUAKE RISK ANALYSIS: ASSESSING BUILDING DAMAGE AND ECONOMIC LOSS USING GEM TAXONOMY,Krama A.V.; Meilano I.; Suwardhi D.; Virtriana R.; Atmaja F.W.; Raharja R.; Qamilah N.; Trisyanti S.W.,2026,International Journal of GEOMATE,"This study presents a Building Information Modeling (BIM)-based approach for earthquake risk assessment that integrates the Global Earthquake Model (GEM) structural taxonomy to evaluate potential building damage and associated economic losses. The analysis focuses on four reinforced-concrete building complexes (a total of four buildings) at Institut Teknologi Bandung (ITB), West Java, which are located near the active Lembang Fault. Three-dimensional building exposure models were developed using BIM to represent key structural parameters, including building height, material composition, construction type, and floor configuration. These exposure models were combined with seismic hazard data characterized by peak ground acceleration (PGA) corresponding to a Mw 7.0 scenario earthquake to estimate damage probabilities using GEM-recommended fragility curves for comparable reinforced-concrete building typologies and associated vulnerability functions. The results indicate that approximately 30–40% (mean ≈ 35%) of the assessed buildings are expected to experience moderate damage under the selected earthquake scenario, with average direct economic losses ranging from USD 31,000 to USD 45,000 per building, reflecting uncertainties in fragility and vulnerability modeling. Overall, the proposed approach demonstrates the capability of BIM to enhance multi-dimensional exposure representation and to improve the accuracy of post-disaster economic loss estimation within the context of a limited campus-scale case study, thereby supporting resilience planning and risk informed decision making at the institutional level. Copyright © Int. J. of GEOMATE All rights reserved, including making copies, unless permission is obtained from the copyright proprietors.",3D exposure modeling; Building Information Modeling; Lembang Fault; Seismic Risk Assessmen; Seismic Risk Assessment,GLOBAL EXPOSURE MODEL; SEISMIC HAZARD; INDONESIA,10.21660/2026.139.5336,Article,0,Scopus; Web of Science,2-s2.0-105036661072,WOS:001737714500006,,SCOPUS_S2-1.csv; S2-1 result.txt
Blockchain-digital twin integration in construction material passports: preparing for digital product passport implementation,"Aklashie, S Agyekum, K Tachao, ET Adinyira, E Nani, G",2026,BUILT ENVIRONMENT PROJECT AND ASSET MANAGEMENT,"Purpose Poor material lifecycle data management prevents construction industry circular economy transformation. Stakeholders cannot reliably verify secondary material quality despite massive embedded material stocks in existing buildings. Current material passport (MP) frameworks operate in isolation, with blockchain providing verification but lacking real-time monitoring, while digital twins offer dynamic tracking without cryptographic security. This study aims to systematically review blockchain-digital twin integration in MP research to inform digital product passport (DPP) implementation strategies in construction material lifecycle management. Design/methodology/approach This systematic literature review follows the Preferred Reporting Items for Systematic reviews and Meta-Analyses (PRISMA) framework. A bibliometric analysis was conducted on 62 publications and content analysis on 29 studies from Scopus and Web of Science. The methodology was limited by database selection and English-language publications, potentially excluding some relevant studies. Findings Integration creates synergistic effects where blockchain ensures data integrity while digital twins provide dynamic material intelligence, transforming static documentation into intelligent responsive systems. However, significant barriers exist including technical interoperability issues, data storage conflicts, performance limitations and standardization deficits. Current isolated deployments fail to address comprehensive requirements of dynamic material lifecycle management. Future research should focus on developing standardized integration frameworks, addressing real-time synchronization challenges and conducting comprehensive performance evaluations across diverse construction contexts to support DPP regulatory compliance. Originality/value The study establishes theoretical foundations for MP integration research that informs DPP deployment, demonstrating how integrated systems can serve as foundational mechanisms connecting blockchain verification capabilities with digital twin intelligence for regulatory compliance preparation.",Material passports; Digital product passports; Blockchain technology; Digital twin; Lifecycle data management; Circular economy; Construction industry,BIM,10.1108/BEPAM-07-2025-0188,Review; Early Access,2,Web of Science,,WOS:001664728400001,,S2-1 result.txt
Bottom-up and top-down modelling of building material flows: a case study from Austria,Lederer J.; Walk T.; Scsepka M.; Blasenbauer D.,2026,"Resources, Conservation and Recycling","AbstractMaterial flows of buildings should be modelled by bottom-up and top-down approaches for validation purposes, but only few studies aimed to do so. Using the case of Austria 2022, this study modelled building material stocks by bottom-up and building material flows by bottom-up and top-down. Results were compared to each other and to other studies. Bottom-up results in this study match well with the bottom-up study of Alaux but differ from the bottom-up studies of Haberl, Lotz, and Boecher, presumably due to different reference values used. Moreover, top-down input and output material flows in this study were 38% and 28% higher than the bottom-up, respectively. This gap, which likely origins from material intensity data and unaccounted renovation activities, should be closed by improving the datasets used. By disaggregating national top-down data to federal states or districts, the gap between bottom-up and top-down can be closed, also at lower administrative levels. © 2026 The Author(s). Published by Elsevier B.V. This is an open access article under the CC BY license. http://creativecommons.org/licenses/by/4.0/",Bottom-up; Buildings; Construction materials; Demolition waste; Material flows; Top-down,Austria; Abstracting; Computational methods; Construction; Demolition; Information systems; Bottom up; Bottom-up and top-down; Buildings materials; Case-studies; Demolition wastes; Material Flow; Top down approaches; Top down models; Topdown; bottom-up approach; construction material; industrial waste; material flow analysis; top-down approach; Building materials; DEMOLITION WASTE; CONSTRUCTION; STOCK,10.1016/j.resconrec.2026.108941,Article,0,Scopus; Web of Science,2-s2.0-105034729631,WOS:001740772400001,,SCOPUS_S2-1.csv; S2-1 result.txt
BUD-MI: a template that optimizes material intensity data collection and utilization,Lanau M.; Gillott C.; Mihkelson W.; Zamora K.; Berrill P.; Heeren N.; Schiller G.; Mao R.; Arora M.; Gruhler K.; Liu G.; Tanikawa H.; Densley Tingley D.,2026,Journal of Industrial Ecology,"Mapping construction material stocks is essential for understanding socioeconomic metabolism and informing the circular economy. However, spatial material stock studies often produce coarse results owing to challenges in material intensity development. This paper introduces BUD-MI (Bottom-Up Data: Material Intensity), a material intensity data collection template designed with three core objectives: streamlining the data collection process during building sampling, supporting cumulative research while ensuring project-specific relevance, and enhancing the utility of results for the construction industry. BUD-MI aims to assist researchers, students, and construction practitioners in developing material intensity data in line with these three objectives. The development process required identifying material intensity challenges, eliciting requirements, mapping relevant domain work and creating missing ones, and assembling them all into BUD-MI. The template consists of three data input tabs, two mini-tools for data input assistance, four result generation tabs, and additional tabs for background data and ancillary information. A case study in Sheffield, UK, illustrates BUD-MI’s functionalities, enabling bespoke material intensity results to be disaggregated across building elements and components. BUD-MI supports future material intensity data collection efforts, ensuring data quality, granularity, comparability, transferability, and availability, thereby advancing socioeconomic metabolism and circular economy research and practice. © The Author(s) 2026.",Building material stock; Circular economy; Cumulative research; Data collection template; Industrial ecology; Material intensity,England; Sheffield [England]; United Kingdom; Building materials; Construction; Construction industry; Data acquisition; Data collection; Industrial economics; Mapping; Bottom up; Building material stock; Buildings materials; Circular economy; Cumulative research; Data collection template; Data materials; Industrial ecology; Materials intensity; building construction; circular economy; construction material; industrial ecology; mapping method; spatiotemporal analysis; Industrial research; MATERIAL STOCKS; RESIDENTIAL BUILDINGS; CIRCULAR ECONOMY; MATERIAL FLOWS,10.1007/s44498-026-00044-w,Article,2,Scopus; Web of Science,2-s2.0-105033547086,WOS:001760704100001,,SCOPUS_S2-1.csv; S2-1 result.txt
Building material stock drives embodied carbon emissions and risks future climate goals in China,Zhang C.; Yang L.; Wiedenhofer D.; Guo J.; Chen Z.; Li S.; Wang Z.; Kwan M.-P.; Zhou Y.; Lin L.; Zhang L.; Li M.; Zhu Q.; Yu B.; Chen B.; Yan X.; Wang X.; Gao B.; Liang Y.; Hu J.; Fu Y.; Lv Q.; Yang J.; Wang Y.; Wang Q.; Wang Q.,2026,Nature Climate Change,"Long-term effects of massive building material use in China, which experienced intense urbanization in the past two decades, remain insufficiently explored. Here, to fill these gaps, we developed a high-resolution time-series database of building material stocks from 2000 to 2019 and found that China held 15% of the global stock, which accounted for 19% of the country’s total carbon emissions. Although rapid urbanization generally increased per capita building material stock, the extent of this increase varied across cities and building types. We show that the growth rate has slowed since 2016; however, it remains challenging to simultaneously achieve both carbon-neutrality and urbanization goals. Future urbanization in China is projected to consume 12.5% of the nation’s total 1.5 °C carbon budget and 37.4% of its average annual budget allocation. Addressing these challenges requires targeted urban interventions, such as aligning low-carbon material production with projected regional demand and strategically planning materials recycling from future building demolitions. © The Author(s), under exclusive licence to Springer Nature Limited 2026.",,China; carbon budget; carbon emission; construction material; growth rate; recycling; spatiotemporal analysis; strategic approach; urbanization; ENVIRONMENTAL-IMPACT; URBANIZATION; STRATEGY,10.1038/s41558-025-02527-3,Article,10,Scopus; Web of Science,2-s2.0-105026395197,WOS:001652369500001,,SCOPUS_S2-1.csv; S2-1 result.txt
Circularity potential of plastic insulation: a material flow analysis of EPS and XPS in the Norwegian building stock,Lausselet C.; Hingorani R.; Moschetti R.,2026,Journal of Industrial Ecology,"The in- and outflows of expanded polystyrene (EPS) and extruded polystyrene (XPS) in the Norwegian residential and service building stock were estimated for the period from 1980 to 2050. Archetypes were selected to represent typical structures within each building type and age cohort. EPS and XPS material intensities were calculated based on construction details of relevant building components and assumptions about the presence of EPS and XPS in those components. Key findings include a comparison between model estimates and production data for EPS and XPS materials. Based on this comparison, a calibration of material intensities was carried out to improve the model's predictive accuracy, especially for future material flows. Material outflows resulting from demolition activities are significantly lower than inflows from new construction and renovation activities. Although material outflows have likely been somewhat underestimated, due to the exclusion of material outflows from renovation activities, the results indicate that future EPS/XPS demand in new construction and renovation cannot be met solely with recycled material from existing buildings. This also reflects the fact that large amounts of EPS/XPS were not introduced into the Norwegian building stock until after the 1980s. Therefore, it can be expected that material outflows will increase further in the future, which enhances the opportunities for circular use of EPS and XPS. © The Author(s) 2026.",EPS; Industrial ecology; MFA; Plastic insulation; Resource efficiency; XPS,Norway; Building components; Demolition; Building stocks; Expanded polystyrene; Extruded polystyrene(XPS); Industrial ecology; Materials flow analysis; Materials intensity; MFA; New constructions; Plastic insulation; Resource efficiencies; building; calibration; demolition; industrial ecology; insulation; material flow analysis; plastic waste; resource use; X-ray spectroscopy; Construction; ENERGY; MODEL; IMPACT,10.1007/s44498-026-00122-z,Article,0,Scopus; Web of Science,2-s2.0-105042617033,WOS:001800106000001,,SCOPUS_S2-1.csv; S2-1 result.txt
Computer vision-based approach for autonomous estimation of building envelope material stock,Rajaratnam D.; Stewart R.A.; Liu T.; Vieira A.S.; Esraz-Ul-Zannat M.,2026,Sustainable Cities and Society,"Building envelope components, such as fa & ccedil;ades and roofs, typically have shorter life spans than structural elements and experience more frequent replacement rates. These components present critical opportunities for promoting circular economy (CE) strategies, particularly reuse, recycling, and material recovery, while minimising down-cycling and landfill. However, accurate and scalable building stock estimation at the elemental level remains a challenge due to the significant time and cost involved in conventional data collection methods. To address this gap, this study employs computer vision-based approaches to autonomously estimate building envelope material stock, focusing on fa & ccedil;ades and roofs within the Southport North Statistical Area Level 2 (SA2) region of Queensland, Australia. For fa & ccedil;ade classification, a ResNet50 model with an 80 % accuracy rate was deployed. Roof material and roof type, instance segmentation was undertaken using the YOLOv8 model, which achieved approximately 70 % accuracy. High-resolution street-level and aerial imagery supported the classification and segmentation tasks. Where image data were unavailable, weighted material intensity values were applied to supplement stock estimation. Unlike prior studies that relied on aggregated data, this study introduces a point-level spatial analysis framework to estimate stock at the individual building level. This granularity supports CE applications, such as material recovery planning and facility locating strategies. The integrated approach demonstrates a scalable pathway for autonomous, bottom-up envelope material stock estimation using computer vision, offering a significant advancement in closing the information gap for CE planning and applications.",Building stock; Circular economy; Computer vision; Envelope; Materials,Australia; Queensland; Antennas; Circular economy; Facades; Image segmentation; Roofs; Solar buildings; Building envelopes; Building stocks; Envelope; Lifespans; Material recovery; Replacement rates; Stock estimation; Structural elements; Vision-based approaches; building; circular economy; computer vision; estimation method; numerical model; roof; segmentation; Computer vision; CIRCULAR ECONOMY; JAPAN,10.1016/j.scs.2025.107049,Article,1,Scopus; Web of Science,2-s2.0-105024666996,WOS:001642318300001,,SCOPUS_S2-1.csv; S2-1 result.txt
"Demolition as product extraction for the next cycle: a circular business model enabled by a BIM-driven, multichannel e-commerce framework","Kuzminykh, A Granja, J Parente, M Azenha, M",2026,CONSTRUCTION MANAGEMENT AND ECONOMICS,"Current demolition practices require enhancement to align with circular economy principles. In this paper, demolition is framed as product extraction: the selective recovery of building components and materials for reintroduction into the market as products, as opposed to conventional demolition, which treats them as waste. Thus, a new demolition business model is proposed, positioning the demolition contractor as a key supplier of secondary materials and stimulator of downstream circular businesses. The analytical framework is derived from the Business Model Canvas and OECD circular business model typologies, with a Business Process Modeling workflow translating strategy into operational tasks. To operationalise this model, an open-source IT toolkit extracts material inventories from BIM models, manages data, and synchronizes the resulting catalogue with multiple e-commerce marketplaces. This open, decentralized framework shortens time-to-market for secondary products, standardises and promotes information sharing. The paper also discusses a unified template for a distributed marketplace for secondary materials and strategies for scaling the business model. The framework was validated through pilot projects, demonstrating its viability and readiness for real-world deployment and enhancement. The findings suggest the proposed framework is a viable, immediately deployable first step towards repositioning demolition as a proactive material-sourcing activity within the circular economy.",Circular business models; demolition; BIM; multichannel e-commerce; resource efficiency,DECONSTRUCTION; MANAGEMENT; WASTE,10.1080/01446193.2026.2727496,Article; Early Access,0,Web of Science,,WOS:001876281200001,,S2-1 result.txt
Embodied carbon dataset for residential building structures in Finland,Kiernicki C.; Kolkwitz M.; Kaasalainen T.; Huuhka S.,2026,Data in Brief,"This dataset contains estimates of embodied carbon in building structures for a total of 53 residential building cohorts in Finland from the 1940s to the 2010s, which have been reconstructed using present-day GWP coefficients. The building types covered are one dwelling houses and blocks of flats. The dataset was created by combining and extending two existing datasets: (1) a building part specific material inventory dataset for residential buildings in Finland, and (2) the generic Finnish national emissions database CO2data. Materials presented in the former dataset were matched with the most appropriate corresponding material in the latter. The volumes and densities of materials were multiplied by the GWP coefficients of present-day Finnish construction materials to approximate the embodied carbon of materials present in structures of Finnish housing archetypes. The resulting embodied carbon estimates are presented at the scale of a building, a horizontal building level, and at smaller scales of components. The embodied carbon estimates are also presented as intensities that divide by the floor area of building archetypes; this enables comparing structural embodied carbon between archetypes. The data can be used for life cycle analysis (LCA) on the neighbourhood level or higher, or combined with the original material inventory dataset, for a combined material stock and flow analysis (MSFA) and LCA. (c) 2026 The Author(s). Published by Elsevier Inc. This is an open access article under the CC BY license (http://creativecommons.org/licenses/by/4.0/)",Building stock; Construction materials related CO<sub>2</sub> emissions; Domestic buildings; Embodied CO<sub>2</sub>; Housing stock; Life cycle analysis (LCA); Material stock and flow analysis (MSFA); Product stage; emissions,Building materials; Carbon; Carbon cycle; Carbon dioxide; Construction; Life cycle; Structural analysis; Building stocks; CO 2 emission; Construction material related CO2 emission; Domestic buildings; Embodied CO; Embodied CO2; Flow analysis; Housing stock; Life cycle analysis; Life cycle analyze; Material stock and flow analyze; Product stage; Stock analysis; Stocks and flows; Housing,10.1016/j.dib.2026.113243,Article; Data Paper,0,Scopus; Web of Science,2-s2.0-105050028380,WOS:001877596400001,,SCOPUS_S2-1.csv; S2-1 result.txt
Embodied impacts of Australian building materials highlight trade-offs for sustainability policy,Marcos-Martinez R.; Soonsawad N.; Emami N.; Schandl H.; Whitten S.; Fasanella Y.; Miatto A.,2026,Cell Reports Sustainability,"Science for societyThe environmental impacts of building materials extend far beyond greenhouse gas emissions. Our analysis of 13.76 million structures reveals a staggering 3.11 billion metric tons of embodied materials—mostly concrete, steel, and timber—in Australian buildings, impacting resource extraction, pollution, and toxicity alongside carbon footprints. Single-family homes, dominant in sprawling suburban areas, demand vast land but have lower per-unit impacts, while high-rise towers in city centers concentrate energy-intensive materials, amplifying environmental burdens per square meter of gross floor area. These trade-offs show that urban growth strategies must balance density with sustainability. By mapping material stocks and impacts spatially, we provide a blueprint for planners and policymakers to rethink construction, prioritize circular material use, and design cities that thrive within planetary limits, ensuring healthier, more resilient communities for the future. © 2025 The Author(s). Published by Elsevier Inc. This is an open access article under the CC BY-NC-ND license. http://creativecommons.org/licenses/by-nc-nd/4.0/; SummaryThe environmental footprint of the built environment extends far beyond carbon, yet urban planning often lacks the spatially explicit, multi-dimensional data needed to address the full scope of the planetary crisis. Analyzing 13.76 million Australian buildings via life cycle assessment, we quantify a 3.11 billion metric ton embodied material stock and assess impacts across resource depletion, pollution, and toxicity. Our findings reveal critical trade-offs in urban form: single-family homes have lower per-unit impacts but drive sprawl, while high-rise buildings conserve land but concentrate environmental burdens. Spatially, suburban areas account for the majority (∼60%) of the total national impact, yet urban and industrial zones are hotspots for specific harms like mineral depletion and human toxicity. These results demonstrate that effective sustainability strategies for the built environment must be spatially targeted, deploying distinct policies to address the challenges of suburban scale versus urban intensity. © 2025 The Author(s). Published by Elsevier Inc. This is an open access article under the CC BY-NC-ND license. http://creativecommons.org/licenses/by-nc-nd/4.0/; Analyzing 13.76 million Australian buildings, Marcos-Martinez et al. reveal a critical sustainability trade-off in urban design. Their findings show that while low-density single-family homes drive land-intensive urban sprawl, high-rise buildings concentrate environmental impacts due to their intensive use of steel and concrete. This trade-off underscores the need for spatially targeted policies, which balance the land-use impacts of suburbs with the material intensity of dense city centers. This approach can help reconcile the demands of urban growth with planetary health. © 2025 The Author(s). Published by Elsevier Inc. This is an open access article under the CC BY-NC-ND license. http://creativecommons.org/licenses/by-nc-nd/4.0/",building stock; circular economy; embodied materials; industrial ecology; resource depletion; urban planning,,10.1016/j.crsus.2025.100580,Article,1,Scopus,2-s2.0-105023533890,,,SCOPUS_S2-1.csv
Estimating material intensity of mass timber products in contemporary tall timber buildings,Victorero F.; Bustamante W.,2026,Journal of Building Engineering,"Tall timber buildings are increasingly promoted as a low-carbon alternative to conventional construction systems; however, consistent quantitative data on the material intensity (MI) of mass timber products across new building typologies remain limited. Estimating MI is essential to improve understanding of material use in timber construction and to support assessments of environmental impacts and potential benefits. This study quantifies the material intensity of mass timber products in contemporary tall timber buildings using a statistically representative global sample. The novelty of the work lies in the aggregation of plan-based material quantities across multiple regions, building uses, and structural systems, enabling systematic cross-project comparison beyond single case studies. A representative sample of 56 projects was selected from a worldwide dataset of 301 tall timber buildings, stratified by continent, building use, and structural system. Material intensity was estimated for representative floor sections using architectural drawings, construction details, and project specifications, excluding non-structural elements. The results indicate an average MI of 132.8 kg/m2 for mass timber products (e.g., CLT or GLT, not equivalent to solid wood mass). Hybrid buildings exhibit lower timber MI values (123.0 kg/m2) than timber-only structures (173.3 kg/m2), while panel-based systems show higher MI than post-based configurations. These findings provide a first-order benchmark for material use in tall timber buildings and highlight their potential contribution to sustainable urban development through the substitution of carbon-intensive materials, while acknowledging methodological limitations related to reliance on project documentation and variability in product composition. © 2026 Elsevier Ltd",Mass timber products; Material intensity of wood; Tall timber buildings; Timber building typologies; Timber structures,Building materials; Carbon; Environmental impact; Sustainable development; Timber; Wood products; Wooden construction; Building typologies; Mass timber product; Material intensity of wood; Materials intensity; Tall timber building; Timber building typology; Timber buildings; Timber products; Timber structures; Wooden buildings; MATERIAL STOCK; TIME,10.1016/j.jobe.2026.115608,Article,0,Scopus; Web of Science,2-s2.0-105030047583,WOS:001693898400001,,SCOPUS_S2-1.csv; S2-1 result.txt
From lifecycle material tracking to urban-scale material stock modeling: A tool for building material assessment from low-LOD BIM models,Pei W.; Wang X.; Yuan P.F.; Stouffs R.,2026,"Resources, Conservation and Recycling","Transitioning to a circular built environment requires understanding urban material stocks, but limited digital data constrains large-scale assessments. Building Information Modeling (BIM) can parametrically represent buildings; however, high-LOD models are rarely feasible due to the lack of component-level material data. Low-LOD BIM models are increasingly available but contain limited material data, restricting their direct use for urban assessments. This study introduces a workflow, further developed into a custom BIM calculation script to automatically enrich and assess material intensity coefficients (MICs) from low-LOD BIM. At the building level, the script queries missing data from a relational database using preset rules, identifying minor deviations (2.5% concrete, 11.4% steel). In contrast, the “material take-off” method overestimated concrete by 12% and provided no estimate for steel. Applied to 65 BIM models, urban-level concrete and steel stocks are modeled, providing a scalable framework that supplements missing data and improves precision in urban-scale BMS modeling. © 2025",Automated data extraction; BIM-based quantification; Circular design; Digital material stock management; Lifecycle material tracking,Architectural design; Building components; Building Information Model; Concretes; Information management; Automated data; Automated data extraction; Building information modeling-based quantification; Building Information Modelling; Circular designs; Data extraction; Digital material stock management; Digital materials; Lifecycle material tracking; Material tracking; Model-based OPC; Stock management; construction material; design; life cycle analysis; numerical model; quantitative analysis; tracking; Article; building industry; comparative study; computer model; development; finite element analysis; geometry; lifecycle material tracking; low level of development; mathematical model; stock market; urban area; urban scale material stock modeling; Life cycle,10.1016/j.resconrec.2025.108659,Article,3,Scopus; Web of Science,2-s2.0-105019743663,WOS:001608134200001,,SCOPUS_S2-1.csv; S2-1 result.txt
"Influence of construction practices, regulatory changes, and geometric factors on historical wood use in timber frame stud walls",Gedde K.B.; Triantafyllidis G.; Miatto A.; Ross L.; Huang L.; Müller D.B.,2026,Journal of Industrial Ecology,"The building sector accounts for a significant share of global material stocks and embodied greenhouse gas emissions. Material intensity (MI), defined as construction materials per unit floor area, is a key metric for understanding resource use and environmental performance. Existing approaches estimate MI for specific building types and cohorts but rarely explore additional factors that influence the structural element requirements. This study refines traditional methods by incorporating building geometry, number of floors, geographical context, construction methods, and regulatory changes, using Norwegian residential buildings as a case study. We focus on stud use in exterior walls to understand how their MI (kg/m2) varies across buildings. Our correlation analysis reveals that construction year (ρ = 0.69) and energy efficiency standards (ρ = 0.51) are associated with higher MI of studs while building length shows a notable negative correlation (ρ = –0.38). Timber stud MI increases with footprint complexity and number of floors but decreases as building length and floor area grow. Snow load further contributes to increased stud MI. Studs' MI also varies across periods, reflecting changes in regulations and construction practices. These findings enhance our understanding of material use drivers in timber structures and provide a foundation for developing more nuanced building stock models to improve resource efficiency assessments and support targeted climate mitigation strategies. © The Author(s) 2026.",Building stock; Industrial ecology; Material intensity; Multi-parameter correlation; Spatial classification,Building materials; Climate models; Construction industry; Correlation methods; Energy efficiency; Environmental management; Floors; Greenhouse gases; Studs (fasteners); Timber; Walls (structural partitions); Wooden buildings; Wooden construction; Building stocks; Construction practice; Floor areas; Industrial ecology; Materials intensity; Multi-parameter correlation; Multiparameters; Parameters correlations; Regulatory change; Spatial classification; building; correlation; efficiency measurement; energy efficiency; greenhouse gas; industrial ecology; parameter estimation; timber; wood; Studs (structural members); RESIDENTIAL BUILDINGS; MATERIAL STOCKS; TIME,10.1007/s44498-026-00026-y,Article,0,Scopus; Web of Science,2-s2.0-105030975149,WOS:001772714700006,,SCOPUS_S2-1.csv; S2-1 result.txt
Integrated Machine Learning-Based Material Quantity Estimation and Carbon Footprint Assessment for Circular Construction,Senjak Pejić M.; Novaković Bežanović M.; Radović M.; Peško I.; Petrović M.,2026,Clean Technologies,"The construction sector is a major consumer of raw materials and a significant source of greenhouse gas emissions, necessitating data-driven approaches to support circular economy implementation and sustainable project management. This study develops an integrated framework combining machine learning-based material stock prediction, carbon footprint assessment, and Environmental, Social, and Governance (ESG) performance evaluation for construction projects. A dataset of 128 residential buildings was compiled from official use-permit documentation. After dimensionality reduction using variance filtering and Spearman correlation analysis, 25 regression algorithms were evaluated to estimate quantities of concrete, reinforcement, and brick products. The K-Nearest Neighbor (KNN) Regressor achieved the best predictive performance, with mean absolute percentage errors of 10.64% for concrete, 10.23% for reinforcement, and 16.05% for brick products. Predicted material quantities were used to calculate CO2 emissions across materialization, demolition, and disposal phases under linear and circular scenarios. The results indicate that circular economy implementation significantly reduces total emissions, particularly for concrete, with reductions of up to 97% under idealized full-substitution conditions, representing an upper-bound estimate. ESG assessment using the Delphi method identified environmental indicators as the most significant sustainability dimension. The proposed framework enables early-stage emission estimation and supports informed decision-making toward low-carbon and resource-efficient construction practices. © 2026 by the authors.",carbon footprint assessment; circular economy; Delphi method; embodied carbon; machine learning; sustainable construction,DEMOLITION WASTE; ECONOMY; DESIGN; REUSE,10.3390/cleantechnol8030071,Article,0,Scopus; Web of Science,2-s2.0-105043116743,WOS:001802001100001,,SCOPUS_S2-1.csv; S2-1 result.txt
Mapping material stocks in Pakistan’s built environment: Rethinking the definition of house across socio-economic contexts,Aslam S.; Berrill P.; Fishman T.,2026,Journal of Industrial Ecology,"Building material stocks (MS) account for over half of global raw material demand, significantly contributing to carbon emissions and land-use change. Yet, most research on material use in built environments focuses on Global North, overlooking rapidly urbanizing Global South. In this study, we present first spatially resolved estimates of building MS for three distinct socio-economic contexts in Pakistan. We develop a bottom-up framework that integrates census data with Google Open Buildings, Humanitarian OpenStreetMap, and World Settlement Footprint building heights data to classify building stocks by structural type. We derive material intensity (MI) through expert surveys, field measurements, local carpenters’ interviews, and bills of quantity. We quantify MIs of seven major construction materials across seven building archetypes. The estimated material stock is 616,328 kt for Karachi, 9,084 Kt for Hyderabad, and 46 kt for Deh 294. For pacca (permeant) buildings, in Karachi, we observe variation in MIs between high and low-income neighborhoods. To address lack of household-level socioeconomic data, we estimate MS in Karachi using a range-based approach, from 215,360 kt (low-income scenario) to 616,328 kt (high-income scenario). Our approach distinguishes rural settings, where multifunctional plots and semi-built spaces like verandas complicate standard floor area measures and house definition. By disaggregating MIs into sheltered and fenced areas, we reveal substantial variation: Semi-Pacca shows 1,759 kg/m2 over a total area of 1,633 kg/m2, while Katcha shows 469 kg/m2 over 258 kg/m2. Our mixed-methods approach captures urban–rural building diversity and provides a transferable framework for MS accounting in under-documented Global South contexts. © The Author(s) 2026.",Building archetypes; Global South; Hyderabad; Karachi; Material intensity; Rural area,Hyderabad [Sind]; Karachi; Pakistan; Sind; Building materials; Buildings; Economic analysis; Land use; Population statistics; Building archetype; Buildings materials; Built environment; Global south; Hyderabad; Low incomes; Materials intensity; Socio-economics; bottom-up approach; building; carbon emission; census; expert system; land use change; mapping method; neighborhood; research work; rural area; socioeconomic impact; Rural areas; EMBODIED ENERGY; CONSTRUCTION MATERIALS; URBAN; BUILDINGS; METABOLISM; INDIA,10.1007/s44498-026-00039-7,Article,0,Scopus; Web of Science,2-s2.0-105033920360,WOS:001760704800001,,SCOPUS_S2-1.csv; S2-1 result.txt
Material intensity variability-driven archetype classification for bottom-up modelling of building material stocks and flows,Dong L.; Yuan L.; Long W.; Lau S.S.-Y.,2026,"Resources, Conservation and Recycling","Material archetypes are essential to bottom-up building material stock-flow modelling, analogous to the role of energy archetypes in building stock energy modelling, for supporting circular construction. Using a bill-of-quantities dataset of 211 buildings in China, this study evaluates the effect of 13 non-collinear structural, morphological, semantic, socioeconomic, and geographic variables on building material intensity variability to identify key archetyping variables. Results indicate that structural and geographic variables exert the strongest effects on overall material intensity, while material-specific variability is governed by distinct variables. This study further identifies optimal archetyping variable combinations and suboptimal alternatives for accommodating varying data availability. Incorporating more than six variables tends to diminish archetyping due to the accumulation of minor yet inherent information redundancy among variables. These findings provide quantitative criteria for building material archetyping to reduce stock-flow modelling uncertainties, while offering valuable references for material-embodied energy and carbon archetype development. © 2025 Elsevier B.V.",Bottom-up modelling; Building material archetype; Circular construction; Material Intensity; Material Stock and Flow Analysis,China; Building materials; Buildings; Construction; Economics; Bottom-up modeling; Building material archetype; Buildings materials; Circular construction; Flow analysis; Material stock and flow analyze; Materials intensity; Stock analysis; Stock flows; Stocks and flows; bottom-up approach; construction material; material flow analysis; modeling; Article; classification; flow measurement; methodology; semantics; socioeconomics; Uncertainty analysis,10.1016/j.resconrec.2025.108751,Article,0,Scopus; Web of Science,2-s2.0-105024724320,WOS:001641582200001,,SCOPUS_S2-1.csv; S2-1 result.txt
Modeling and analysis of material stocks in areas susceptible to flooding: case study in novo Hamburgo-RS,de Oliveira J.; Schreiber D.; Jahno V.D.; de Quevedo D.M.; Riegel R.P.,2026,Natural Hazards,"Extreme weather events have become more frequent in Rio Grande do Sul, with a climate disaster that affected more than 96% of the state's municipalities being recorded in 2024. In this event, one of the main problems observed was the absence of a management plan for construction and demolition waste (CDW) from the affected buildings, with its disposal being carried out inadequately. The Rio dos Sinos Hydrographic Basin (BHRS), one of the most affected, has conflicts over land use and occupation, resulting in large urban areas being susceptible to flooding. Considering this problem and the proposal of the model of buildings as material banks to reduce the impacts of the volume of CDW on floods, the objective of the article is to estimate the stock of materials present in the building stock of regions susceptible to flooding, using as a study area the municipality of Novo Hamburgo-RS, located in the BHRS. To this end, the methodology combined calculation models reported in the literature, a georeferenced building database, and studies estimating flood-susceptible areas. The results indicate that 22,767 buildings are located in flood-prone zones, corresponding to 2,317,000 m2 of built area and an estimated 1,599,000 tons of concrete. These figures highlight the limited feasibility of large-scale relocation, underscoring the need to revise urban planning strategies and implement structural measures to reduce flood impacts and enhance resilience to future disasters. © The Author(s) 2026.",Buildings as material banks; Construction and demolition waste; Disasters; Material stock,Brazil; Rio Grande do Sul; building; construction; demolition; disaster management; flooding; numerical model; solid waste; BUILDING STOCK; URBAN,10.1007/s11069-026-08329-w,Article,0,Scopus; Web of Science,2-s2.0-105045515706,WOS:001830864500004,,SCOPUS_S2-1.csv; S2-1 result.txt
Modelling and Assessing the Potential of Structural Timber for Achieving Latvia’s Sustainable Development Goals,Pudzis E.; Grants E.; Kundziņa A.,2026,Sustainability (Switzerland),"The use of structural timber in buildings can serve as a significant source of long-term biogenic carbon storage and a tool for climate change mitigation. This study assesses the potential of structural timber and its associated Harvested Wood Products (HWP) within the Latvian building stock using a normative building typology and a material intensity modelling approach. The model links statistical data on the Latvian building stock, the official functional classification of buildings, and structural timber material intensity coefficients. It analyses changes in total building floor area and timber building floor area from 2010 to 2025 and develops deterministic HWP development scenarios up to 2050. Under the assumed typological configuration, the reference models indicate that structural timber intensity decreases with the number of storeys and approaches approximately 0.07 m3/m2 in the extrapolated range. A significant disproportion was identified between the share of timber buildings by count and by floor area, with the largest latent HWP potential concentrated in multi-apartment, industrial, agricultural, and logistics building groups. Under the historical timber floor-area trend scenario, the reference embedded structural timber stock increases from 0.957 million m3 in 2025 to 1.194 million m3 in 2050. After applying the material intensity correction factors, the adjusted HWP stock estimate reaches 1.313–1.611 million m3, corresponding to 1.05–1.29 million t CO2eq of biogenic carbon storage. Under the 50% reference floor-area scenario, where the timber floor-area share in selected functional groups increases linearly to 50% of the 2025 reference floor area by 2050, the reference embedded structural timber stock reaches 6.764 million m3. The adjusted HWP stock estimate reaches 7.441–9.132 million m3, corresponding to 5.95–7.31 million t CO2eq of biogenic carbon storage. The required annual increase in reference embedded structural timber stock under this benchmark scenario is approximately 0.232 million m3/year, or about 6.6% of Latvia’s annual sawn timber production flow. The results suggest that targeted promotion of structural timber in priority building groups could substantially increase long-term carbon storage in the built environment, while providing an order-of-magnitude link between construction sector development and national HWP carbon accounting. © 2026 by the authors.",climate neutrality; construction; Harvested Wood Products (HWP); sustainable development; timber resources,Latvia; accountability; carbon storage; climate change; environmental impact assessment; forest resource; forestry production; statistical data; sustainable development,10.3390/su18147184,Article,0,Scopus; Web of Science,2-s2.0-105045770462,WOS:001833552200001,,SCOPUS_S2-1.csv; S2-1 result.txt
Multi-scale assessment of the relationship between building weight and urban land subsidence: A case study of Shanghai,Wu K.; Niu X.; Zhu H.; Li P.; Dong B.; Shen Z.; Wang K.,2026,"Resources, Conservation and Recycling Advances","Land subsidence in coastal cities may increase the risk of being submerged, and building load is one of the important causes of urban land subsidence. Considering the rapid urbanization of China, it is increasingly urgent to examine the impact of the growing building load on urban land subsidence in coastal cities of China. At present, few studies have introduced building weight as an indicator to characterize building loads, and there is a lack of large-area and multi-scale research on the relationship between land subsidence and building loads. On such a basis, this study raised a 10 m resolution urban building weight estimation method, and proposed a multi-scale, multi-index, and multi-subsidence-level investigation framework for the relationship between urban land subsidence and building load. Specifically, XGBoost model was applied on Sentinel images and OSM data to estimate the building floors in Shanghai; Then, building material intensity factors and building type vectors were introduced and combined with the estimated building floors to calculate building weight(The total weight was 2.12x10(9) t, the weight per unit area was 1.46x10(6) t/km(2), the average weight exceeded 5,000 t). Meanwhile, SBAS-InSAR technology and Sentinel data were employed to obtain the land subsidence situation in Shanghai from 2015 to 2022(The average subsidence rate ranged from -18.25 similar to 12.19 mm/y, the cumulative subsidence range was -128.71 similar to 79.10 mm). Subsequently, the relationship between urban land subsidence and four building load indicators (building weight, building floor, building volume, and building density) at multi-scale (pixel, building, block, and grid) and multi-subsidence levels (all areas, subsidence area, and severe subsidence area) were revealed. The main findings could be demonstrated as follows: (1) the correlation between building weight and land subsidence was more significant than other building load indicator(-0.22 similar to-0.15 versus -0.20 similar to-0.02 at block scale); (2) in areas where subsidence has already occurred, places with heavy building weight would be more likely to aggravate subsidence(-0.22 similar to-0.04 versus 0.05 similar to 0.07 at block scale); (3) the relationship between building loads and land subsidence in various scales were significantly different, the negative impact of building loads on ground subsidence would be more pronounced on a large scale(-0.22 similar to-0.15 at block scale versus -0.12 similar to-0.01 at pixel and building scale); (4) the construction loads of residential buildings would be more likely to cause land subsidence than other building types(-0.15 similar to-0.09 versus -0.02 similar to-0.01 at building scale). Our proposed framework can conducive to a more targeted selection of research scale, indicator system, and monitoring scope for coastal urban land subsidence research in the future. It would also be of great significance to the geological risk management and sustainable development of coastal cities.",Building weight; High-density city; Urban geological safety; Urban land subsidence,China; Shanghai; Building materials; Buildings; Geology; Scales (weighing instruments); Subsidence; Building floors; Building load; Building types; Building weight; Coastal cities; High-density cities; Land subsidence; Multi-scales; Urban geological safety; Urban land subsidence; building; construction material; estimation method; floor; remote sensing; risk assessment; satellite imagery; Sentinel; subsidence; urban planning; Article; building weight; case study; construction work and architectural phenomena; controlled study; geographic and geological phenomena; land subsidence; urban area; Floors; AREA,10.1016/j.rcradv.2026.200312,Article,0,Scopus; Web of Science,2-s2.0-105027214639,WOS:001671608800001,,SCOPUS_S2-1.csv; S2-1 result.txt
Optimising Construction Material Quantification in South Africa Through BIM Integration,Govender S.; Davey C.; Afinowi T.,2026,Lecture Notes in Civil Engineering,"This paper aims to address how Building Information Management (BIM) can be used to address efficient quantification of construction materials in South Africa towards sustainable and efficient project delivery. This research explores new knowledge that can inform approaches to developing and updating educational curricula with BIM-Based quantification processes. We used a case study approach of two existing buildings to test and quantify building data and evaluate the efficiency of the process. The pilot study employed a manual approach, where building elements were classified before proposing BIM-Based quantification processes and workflows. Despite the limited adoption and understanding of BIM in South Africa, the research shows significant benefits in professionals adopting a BIM-Based quantification regarding cost management, efficiency, and effective project delivery. The study acknowledges the specific context of BIM adoption in South Africa and considers the findings’ broader applicability to similar contexts globally. However, there is a need for further studies to be carried out with different scenarios and pieces of software to gain better traction in material quantification. This research concludes that BIM can improve the quantification of construction materials by providing a central repository of information used to quantify elements, enabling the use of digital applications, and facilitating collaboration between professionals in the built environment. Adopting the Uniclass standards with an additional national-related extension is a promising solution, as it will provide international-level standards while adhering to local policies and attributes. © The Author(s), under exclusive license to Springer Nature Switzerland AG 2026.",5; BIM; BIM-Based Approach; processes; Quantification,Architectural design; Building Information Model; Building materials; Construction; Curricula; Information management; Integration; Project management; Building information management; Building information management-based approach; Case study approach; Management integration; Material quantification; Process; Project delivery; Quantification; South Africa; Waveform centroidal; Efficiency,10.1007/978-3-032-18712-3_8,Conference paper,0,Scopus,2-s2.0-105044885333,,,SCOPUS_S2-1.csv
Potential contributions of building material stocks in soviet-era buildings to urban mining and circular economy strategies,Sundetova A.; Olagunju S.O.; Varol H.A.; Karaca F.,2026,Waste Management,"Post-Soviet urban renewal generates large material flows, yet building-level mapping of an entire city for urban mining remains absent from the literature. This study fills that gap using Astana as a case, quantifying material stocks in 193 Soviet-era residential buildings scheduled for demolition by 2030. A bottom-up Material Flow Analysis estimates material composition from geometric parameters drawn from technical passports, Soviet construction norms for material densities, and municipal demolition records. Buildings are classified into six typologies, reflecting Soviet industrialization phases between 1930 and 1990. Total material stocks reach 509 kilotonnes. Khrushchevki buildings account for 78% of total mass. Material composition profiles shift from wood-dominated low-rise structures (43.5–48% wood) to concrete-intensive mid-rises (52–59% concrete). Spatial analysis identifies concentrated material clusters near the Baikonur-Saryarka boundary, forming 1 to 3-kilometer catchments suitable for localized recovery infrastructure. The framework uses these clusters to identify where selective demolition yields the highest material returns, how demolition sequencing can reduce transport demand, and which districts justify targeted investment in recovery facilities. The standardized building typologies, municipal demolition schedules, and accessible geometric data are common across post-war prefabricated housing stocks globally, supporting broader applicability beyond the post-Soviet context. © 2026 Elsevier Ltd",Circular economy; Construction demolition waste; Material flow analysis; Soviet-era housing; Urban mining,Cities; Construction Materials; Mining; Urban Renewal; USSR; Waste Management; Astana; Kazakhstan; Circular economy; Construction; Demolition; Economics; Investments; Buildings materials; Construction demolition waste; Demolition wastes; Material compositions; Material Flow; Materials flow analysis; Soviet-era housing; Urban mining; Urban renewal; circular economy; construction material; historic building; industrial waste; material flow analysis; mining; Article; building; economic aspect; geographic information system; geographic mapping; geolocation; geometry; methodology; building material; city; city planning; procedures; waste management; Housing; END,10.1016/j.wasman.2026.115776,Article,0,Scopus; Web of Science,2-s2.0-105046356121,WOS:001841808000001,,SCOPUS_S2-1.csv; S2-1 result.txt
Potential recyclable materials in buildings: A framework for greenhouse gas emissions assessment of residential buildings in Singapore,Alva P.; Talami R.; Pei W.; Sibenik G.; Mosteiro-Romero M.; Miller C.; Stouffs R.,2026,"Resources, Conservation and Recycling","As countries aim to reduce resource consumption and greenhouse gas (GHG) emissions, Whole Life Carbon Assessment (WLCA) has become a vital method for quantifying embodied and operational GHG emissions. However, few studies have conducted WLCA on an urban scale, often addressing operational or embodied GHG emissions in isolation without considering their cumulative impact. This study introduces a city-wide WLCA framework to assess the potential recyclable materials of urban building stock, using Singapore as a case study with 5915 public residential buildings. Upfront GHG emissions are calculated from material intensity and building information, while operational emissions are based on energy use and building age. Mean reference values for embodied and operational GHG emissions are set at 5901.6 tCO2[jls-end-space/]e and 22.6 kg CO2[jls-end-space/]e/m2.yr, respectively. By comparing individual values and reference values, we analyse the potential recyclable materials that highlight the environmental impact of the building stock and the availability of resources. © 2026 The Authors. Published by Elsevier B.V. This is an open access article under the CC BY-NC license. http://creativecommons.org/licenses/by-nc/4.0/",Circular economy; Life cycle assessment; Material reuse; Recycling; Resource management; Sustainability metrics,Singapore [Southeast Asia]; Architectural design; Carbon emissions; Circular economy; Environmental impact; Greenhouse gas emissions; Greenhouse gases; Housing; Life cycle; Life cycle assessment; Low emission; Resource allocation; Sustainable building; Sustainable development; Building stocks; Material reuse; Recyclable material; Reference values; Residential building; Resource management; Singapore; Sustainability metrics; building; carbon emission; circular economy; greenhouse gas; life cycle analysis; recycling; resource management; sustainability; aging; Article; decision making; economic aspect; electricity; energy; environmental impact; geometry; greenhouse gas emission; housing; life cycle assessment; process optimization; real estate; Recycling; LIFE-CYCLE ASSESSMENT; BUILT ENVIRONMENT; URBAN; STOCKS,10.1016/j.resconrec.2026.108954,Article,0,Scopus; Web of Science,2-s2.0-105035641896,WOS:001746745300001,,SCOPUS_S2-1.csv; S2-1 result.txt
Project-Level Embodied Carbon Prediction Across Building Design Stages Using a Machine Learning Framework,Wang Z.; Zhang L.; Pu M.,2026,Sustainability (Switzerland),"Rapid and reliable prediction of embodied carbon emissions is essential for supporting sustainable design decision-making and reducing the environmental impacts of building engineering projects. However, existing studies have mainly focused on single buildings, with limited attention to project-level prediction and variations in information availability across design stages. To address this gap, this study developed a machine learning framework for project-level embodied carbon prediction based on a dataset of 78 projects involving 426 individual buildings. Using project attributes, scale indicators, structural characteristics, material quantities, and construction-related information, nine machine learning models were developed for the schematic design stage and the construction drawing design stage. Two residual-corrected weighted ensemble models were further introduced to improve predictive performance. The results show that the Extra Trees–KNN residual-corrected weighted ensemble model achieved the best performance at the construction drawing design stage, with a test-set R2 of 0.949. SHAP analysis further revealed a stage-dependent shift in dominant drivers: gross floor area and land area dominated at the schematic design stage, whereas concrete and reinforcement quantities became the leading predictors at the construction drawing design stage. The proposed framework provides interpretable and stage-specific quantitative support for low-carbon design decision-making, thereby facilitating embodied carbon reduction and the transition toward a more sustainable built environment. © 2026 by the authors.",building engineering projects; design stage; embodied carbon emissions; machine learning; predictive model,building; carbon emission; data set; decision making; design; environmental impact; machine learning; reinforced concrete; sustainability; EMISSIONS,10.3390/su18157723,Article,0,Scopus; Web of Science,2-s2.0-105047056298,WOS:001847156800001,,SCOPUS_S2-1.csv; S2-1 result.txt
Promoting Circular Design in the Built Environment: Insights from the Application of Material Stock Analysis to a Case Study in Milan,Versaci M.; Pittau F.; Pizzutilo I.; Masera G.,2026,Applied Sciences (Switzerland),"The construction sector plays a central role in global resource depletion and waste generation, with construction and demolition activities accounting for more than one-third of total waste produced in the European Union. Despite growing interest in circular construction, one of the major barriers to large-scale material reuse is the lack of reliable information on the type, quantity, location, and availability of secondary materials during the early stages of a project. The research addresses this gap between architectural design and planning decision-making by providing a replicable workflow for urban scale circular economy strategies. This study presents the application of a spatially explicit bottom-up Material Stock Analysis (MSA) to quantify and map the embedded materials within an urban district of Milan. The adopted methodology combines municipal GIS datasets, historical cartography, building archetype classification, and literature-derived material intensity coefficients. The result is the estimation of stock amounts disaggregated by material type and the creation of a secondary material cadaster, that allows us to visualize their distributions and generate material-specific spatial analyses and heat maps. Applied to the Porta Vittoria district in Milan, the workflow reveals that masonry accounts for over 66% of the total embedded mass, underscoring the need to factor the reuse of masonry and brick materials into the early design phases, from material selection to architectural concept. Ultimately, the study equips architects, urban planners, and policymakers with decision-support information to steer design and governance toward circular future cities. © 2026 by the authors.",bottom-up approach; building stock; circular design; material cadaster; secondary materials,Architectural design; Circular economy; Construction; Construction industry; Decision making; Economics; Maps; Masonry materials; Urban planning; Zoning; Bottom up approach; Building stocks; Built environment; Case-studies; Circular designs; Construction sectors; Material cadaster; Secondary materials; Stock analysis; Work-flows; article; built environment; bullock; case study; decision support system; economic aspect; European Union; geographic information system; human; spatial analysis; workflow; Decision support systems; DEMOLITION WASTE; BUILDING-STOCK; FLOW; CONSTRUCTION,10.3390/app16125864,Article,0,Scopus; Web of Science,2-s2.0-105042969116,WOS:001801918800001,,SCOPUS_S2-1.csv; S2-1 result.txt
Research on Low Carbon During the Construction Design Process Based on BIM and Life Cycle Assessment,Pululu Jordan B.; Yang X.; Shi Y.; Wang S.; Cao X.; Zhang D.; Yang Y.; Peng H.,2026,Buildings,"Reducing embodied greenhouse gas emissions in the initial design phase is essential for attaining low-carbon buildings, as the highest potential for reduction exists prior to the finalization of construction decisions. While Building Information Modelling (BIM) and Life Cycle Assessment (LCA) have been progressively integrated for embodied carbon evaluation, current frameworks are predominantly deterministic, offer minimal uncertainty quantification, and seldom utilize machine-learning-assisted optimization to facilitate design decision-making. This paper presents an uncertainty-aware BIM–LCA methodology to solve these shortcomings, integrating automated quantity takeoff, probabilistic carbon assessment, and explainable machine-learning optimization. The proposed methodology integrates IFC-based BIM models, Bills of Quantities (BoQs), and regional life cycle inventory databases to conduct a cradle-to-grave embodied carbon assessment. Quantities produced from BIM were checked against BoQ data, and the uncertainty related to material quantities and emission factors was assessed by Monte Carlo simulation. A machine-learning surrogate model was created with 1200 design samples to facilitate swift optimization, and SHapley Additive exPlanations (SHAPs) were utilized to determine the most significant design factors. A mid-rise residential structure in Chongqing, China, encompassing a gross floor area of 9750.03 m2, was used as a case study. The baseline Global Warming Potential (GWP) was calculated as 514.29 ± 30.09 kgCO2e/m2 (A1–A5), with product-stage emissions (A1–A3) accounting for roughly 89.28% of total embodied carbon, predominantly from concrete and steel. Enhanced BIM maturity lowered uncertainty by roughly 20%. Optimization resulted in a 38.13% decrease in embodied carbon, reducing GWP to 318.21 kgCO2e/m2. SHAP research identified the percentage of material reuse and concrete composition as the primary factors influencing carbon reduction. The suggested framework offers a clear and replicable decision-support mechanism for low-carbon building design that accounts for uncertainty. © 2026 by the authors.",BIM-LCA integration; early-stage design; embodied carbon; net-zero buildings; parametric optimization; uncertainty analysis,Architectural design; Artificial life; Behavioral research; Building Information Model; Carbon; Carbon cycle; Concretes; Construction; Decision making; Decision support systems; Ecodesign; Greenhouse gases; Learning systems; Life cycle; Life cycle assessment; Machine learning; Monte Carlo methods; Optimization; Product design; Structural design; Zero-carbon; Building information modeling-life cycle assessment integration; Building Information Modelling; Early stage designs; Embodied carbons; Global warming potential; Machine-learning; Optimisations; Parametric optimization; Shapley; Uncertainty; Intelligent systems,10.3390/buildings16132653,Article,0,Scopus; Web of Science,2-s2.0-105044539498,WOS:001817790700001,,SCOPUS_S2-1.csv; S2-1 result.txt
Resource efficiency and circularity under rapid urbanization: Insights from dynamic material stock–flow analysis in Vietnam,Nguyen T.P.T.; Hasegawa M.; Martinico-Perez M.F.; Shirakawa H.; Tanikawa H.,2026,Journal of Cleaner Production,"Emerging economies face major data gaps in modeling material transitions, especially for building stocks and demolition. This study develops a lifespan-differentiated, stock-driven dynamic material flow analysis for Vietnam's residential sector (1986–2050), integrating socio-economic decomposition and circular-economy assessment under data scarcity. Using the Residential Building Material Metabolism and Efficiency Assessment Framework, we reconstruct material inflows, in-use stocks, and demolition outflows; identify socio-economic drivers through Logarithmic Mean Divisia Index decomposition; and compare legacy-stock circular-economy scenarios. Results reveal a pronounced shift toward long-lived, cement-intensive housing and indicate that demolition outflows are likely to peak in the 2040s due to accumulated stock inertia and lifetime structure. Although material inflows show partial decoupling from GDP, floor-area expansion and service-level improvement remain dominant drivers of long-term stock growth. The scenario analysis is intentionally bounded to the accumulated residential stock under a no-new-inflow-after-2023 condition. Within this boundary, selective dismantling–based recovery (SD) is more effective for landfill reduction, whereas lifetime extension (LE) yields stronger embodied-CO2 mitigation by reducing replacement demand; combining SD and LE provides the strongest overall result. These findings should be interpreted as comparative conditional estimates rather than forecasts, indicating that slowing-loop and closing-loop strategies affect different components of the stock–flow system. The results further indicate that housing-service expansion and structural upgrading reinforce upstream material demand and contribute to long-term stock-related lock-in in the residential system. The study contributes a typology-resolved, lifespan-differentiated framework for analyzing residential material dynamics under data scarcity and offers bounded comparative insights for stock-driven circular-economy assessment in emerging economies. © 2026 The Authors.",Building stock dynamics; Circular economy; Construction and demolition waste; Dynamic material flow analysis; Emerging economies; Residential building; Urban metabolism,Building materials; Circular economy; Dynamic analysis; Dynamics; Economic analysis; Efficiency; Expansion; Housing; Building stock dynamic; Building stocks; Construction and demolition waste; Dynamic material flow analyze; Dynamic materials; Emerging economies; Materials flow analysis; Residential building; Stock dynamics; Urban metabolisms; Demolition; ECONOMY; CONSTRUCTION; METABOLISM; DEMOLITION,10.1016/j.jclepro.2026.148488,Article,1,Scopus; Web of Science,2-s2.0-105039464040,WOS:001777503400001,,SCOPUS_S2-1.csv; S2-1 result.txt
Semantic Approaches to Circularity in the Built Environment: A Review of Ontology and Knowledge Graph Research,Chang Y.-T.,2026,Proceedings of the International Conference on Computer-Aided Architectural Design Research in Asia,"Circular Economy (CE) strategies are increasingly recognised as critical for reducing material waste and environmental impacts in the built environment, yet their implementation requires interoperable and machine-readable representations of materials, components, and lifecycle processes. Semantic technologies— particularly ontologies and knowledge graphs—have emerged as key enablers for integrating heterogeneous data across BIM, GIS, IoT, material passports, and Life Cycle Assessment (LCA) systems. This study reviews 14 peer-reviewed publications from 2015 to 2025 that apply semantic modelling to support circularity in buildings and cities. Thematic synthesis identifies five major research directions: component-level reuse ontologies, building-scale material passport frameworks, urban material-stock knowledge graphs, semantic LCA and reasoning-based evaluation models, and emerging digital-twin and AI-enabled semantic ecosystems. Comparative analysis reveals substantial variation in modelling granularity, system integration, reasoning capability, and CE strategy coverage. Despite notable progress, persistent gaps remain, including fragmented semantic ecosystems, limited socio-economic integration, low levels of ontology automation, and scarce real-world deployment. To address these challenges, this paper proposes a unified multi-scale semantic framework to support scalable and interoperable circularity assessment. © 2026 and published by the Association for Computer-Aided Architectural Design Research in Asia (CAADRIA), Hong Kong.",AI-enabled ontology engineering; Circular building ontology; digital twin circularity; knowledge graph modelling; material passport frameworks; semantic LCA integration,Architectural design; Building components; Circular economy; Computer aided design; Digital twin; Economics; Environmental impact; Integration; Life cycle; Semantic Web; Semantics; AI-enabled ontology engineering; Circular building ontology; Digital twin circularity; Graph model; Knowledge graph modeling; Knowledge graphs; Material passport framework; Ontology engineering; Ontology's; Semantic life cycle assessment integration; Ontology,,Conference paper,0,Scopus,2-s2.0-105048739385,,,SCOPUS_S2-1.csv
Streamlining Processes in Civil Engineering Using BIM: From 3D Design to Selective Deconstruction,Alexandru-Ionel I.; Mădălina S.M.; Marian-Valentin P.; Andreea G.; Camelia S.R.; Mihaela S.O.,2026,Lecture Notes in Civil Engineering,"The transition from traditional 2D design methods to 3D work assisted by the Building Information Modelling (BIM) methodology is a major step towards streamlining civil engineering processes. While working in 2D requires a large amount of physical documentation, redundancies, errors, and extended lead times, using BIM in 3D provides quick access to centralized information, reduces errors, and optimizes communication between specialties. Thus, the amount of physical documentation is significantly reduced, being replaced by a common data environment, much more manageable. The presented case study is focused on the C7 student residence building used by Technical University of Civil Engineering Bucharest, where the concept phase involved modelling the construction object with the help of information systems that can be integrated with the help of BIM, highlighting the advantages of this approach from the early stages of the building life cycle. At the final stage, the selective deconstruction phase, 3D modelling allows precise determination of the resulting material quantities, with emphasis on concrete and its reuse or recycling route. Future research directions aim at completing the analysis by integrating the fittings used in the structural elements of the building, with a view to assessing the possibilities of reuse. The results confirm the significant potential of the BIM concept in supporting the sustainability and efficient management of the entire construction life cycle, with a focus on the situation in Romania. © The Author(s), under exclusive license to Springer Nature Switzerland AG 2026.",2D modelling; 3D modelling; BIM,Building Information Model; Construction; Ecodesign; Engineering education; Information management; Information use; Life cycle; Project management; Stages; Structural design; Sustainable building; 2-D model; 3-d designs; 3D models; 3d-modeling; Building Information Modelling; Design method; Engineering process; Large amounts; Modeling methodology; Reuse; Architectural design,10.1007/978-3-032-34174-7_34,Conference paper,0,Scopus,2-s2.0-105048759481,,,SCOPUS_S2-1.csv
Using earth observation for national high resolution dynamic material stock modelling through time; assessing sand consumption in Malaysia from 1989 to 2020,Bide T.; Novellino A.; Watson C.S.; Cai B.; Holland L.; Shao Z.; Wang S.; Othman N.S.,2026,Journal of Industrial Ecology,"Understanding the spatio-temporal dynamics of volumes of construction materials is becoming crucial for environmental sustainability and achieving long-term development goals. Whilst direct data collection is always the preferable option it is not always practical. This study presents a new methodology for quantifying national-scale material stocks in Malaysia using high-resolution Earth Observation (EO) data. The study includes construction materials; sand, crushed rock / gravel, bricks, tiles, and cement but particular focus is given to sand as it generates the greatest risks to the supply chain, the most significant environmental and social impacts and exhibits the most persistent data gaps. The study integrates EO-derived building footprint and elevation data with deep learning-based classification of building types and ages. Material Intensity coefficients, adapted from regional literature, are applied to estimate material volumes across ~ 9.1 million buildings. Results reveal that modern Malaysia’s building stock has consumed approximately 5.8 billion tonnes of construction materials. Modelled sand consumption shows a good correlation to reported national level production but only when the full value chain for sand, including transport and major infrastructure projects, are factored in. Demonstrating requirements for location specific knowledge when modelling for construction material use and the deficiencies of using simple proxies based on limited parts of the supply chain. This methodology offers a scalable mechanism for capturing data for construction material flows with a high spatial and temporal resolution when directly collected data is not available. It supports evidence-based policymaking for resource governance, circular economy planning, and mitigation of impacts from primary resource consumption. © United Kingdom Research and Innovation as represented by the British Geological Survey 2026.",Construction materials; Earth observation; Industrial ecology; Material intensity; Sand,Buildings; Circular economy; Construction; Deep learning; Ecology; Sand; Supply chains; Sustainable development; Dynamic materials; Earth observations; Environmental sustainability; High resolution; Industrial ecology; Long-term development; Malaysia; Materials intensity; Spatio-temporal dynamics; Stock models; Building materials; BUILDING STOCK; URBAN; CONSTRUCTION; ENERGY; FLOWS,10.1007/s44498-026-00109-w,Article; Early Access,0,Scopus; Web of Science,2-s2.0-105047464516,WOS:001846345700001,,SCOPUS_S2-1.csv; S2-1 result.txt
"Where if? Using spatial, building-stock-driven simulations to explore construction circularity strategies in Gothenburg, Sweden",Cohen J.; Lanau M.; Rosado L.; Gil J.,2026,Sustainable Cities and Society,"Recycling construction materials can significantly reduce the environmental impact of the construction and demolition sector. However, implementing circularity strategies requires a spatially refined understanding of material stock dynamics. This study introduces a stock-driven and rule-based simulation that forecasts – over space and time – material stocks, flows, and associated embodied carbon resulting from construction, renovation, and demolition activities. It enables the exploration of how urban parameters, such as the recycled content of new constructions, demolition rates, renovation rates, and different types of new construction, influence material flows and embodied carbon. Using Gothenburg's residential building stock, the simulation's capabilities are demonstrated by tracking eight building materials along with their embodied carbon over time, across the parameters, and for two scenarios: a baseline, and a policy on energy efficiency. Results show that prioritizing renovation over demolition consistently reduces embodied carbon impacts, while increasing material circulation further enhances these benefits. Additionally, aligning new housing typologies with the composition of materials released from demolitions improves resource efficiency, although in the Gothenburg case, varying the share of single- versus multi-family housing has limited influence on overall outcomes. The primary contribution of this study is the model developed for evaluating the interactions between demolition, renovation, and material circulation in a spatially and temporally explicit manner. The model provides urban planners with actionable insights into the spatiotemporal dynamics of material supply, supporting more informed strategies for transitioning toward a sustainable and circular construction sector. © 2026 The Author(s)",Buildings; Circularity; Embodied carbon; Gothenburg Sweden; Material stock; Rule-based; Spatial simulation,Goteborg; Sweden; Vastra Gotaland; Building materials; Carbon; Construction; Construction industry; Demolition; Environmental impact; Housing; Recycling; Sustainable development; Urban planning; Building stocks; Circularity; Construction sectors; Embodied carbons; Gothenburg sweden; Material circulation; Material stock; New constructions; Rule based; Spatial simulation; construction industry; construction material; demolition; environmental impact; recycling; Energy efficiency; BUILT ENVIRONMENT; METABOLISM; DYNAMICS; MODEL; IMPLEMENTATION; LIFETIME; ECONOMY; SUPPORT; CHINA; TIME,10.1016/j.scs.2026.107554,Article,0,Scopus; Web of Science,2-s2.0-105041663322,WOS:001796960300001,,SCOPUS_S2-1.csv; S2-1 result.txt