Stage,Layer,Record key,Title,Year,Source title,DOI,Database provenance,Positive scope signals,Candidate noise flags,Abstract,Manual decision (relevant/irrelevant/uncertain),Exclusion or uncertainty reason,Reviewer,Evidence note
S2,Broad,doi:10.1016/j.resconrec.2025.108659,From lifecycle material tracking to urban-scale material stock modeling: A tool for building material assessment from low-LOD BIM models,2026,"Resources, Conservation and Recycling",10.1016/j.resconrec.2025.108659,Scopus; Web of Science,material_stock; spatial_bim,,"Transitioning to a circular built environment requires understanding urban material stocks, but limited digital data constrains large-scale assessments. Building Information Modeling (BIM) can parametrically represent buildings; however, high-LOD models are rarely feasible due to the lack of component-level material data. Low-LOD BIM models are increasingly available but contain limited material data, restricting their direct use for urban assessments. This study introduces a workflow, further developed into a custom BIM calculation script to automatically enrich and assess material intensity coefficients (MICs) from low-LOD BIM. At the building level, the script queries missing data from a relational database using preset rules, identifying minor deviations (2.5% concrete, 11.4% steel). In contrast, the “material take-off” method overestimated concrete by 12% and provided no estimate for steel. Applied to 65 BIM models, urban-level concrete and steel stocks are modeled, providing a scalable framework that supplements missing data and improves precision in urban-scale BMS modeling. © 2025",,,,
S2,Broad,doi:10.1016/j.resconrec.2024.107642,Characterizing temporal and spatial characteristics of urban building material metabolism and embodied carbon emissions through a 4D GIS-MFA-LCA model,2024,"Resources, Conservation and Recycling",10.1016/j.resconrec.2024.107642,Scopus; Web of Science,material_stock; inventory_quantity; mfa; spatial_bim,,"Enhancing the understanding on the temporal and spatial distribution of urban building material metabolism is crucial for informing urban resource, waste, and environmental management. However, this endeavor is often impeded by inaccuracies and inconsistencies in the typology and material composition data of buildings. Taking Macao as a case, this study established a 4D GIS-MFA-LCA model and compiled a local material composition database to address these gaps, for a detailed characterization of the quantity, quality, and temporal-spatial distribution of the urban building stocks and flows in Macao. The results show that between 1980 and 2020, the building materials stock (BMS) in Macao increased from 6.3 to 55.1 Mt (equaling 1.1 to 14.7 Mt CO2 eq of embodied carbon emission), accompanied by corresponding increases of 0.03 Mt to 0.7 Mt of building waste (BW). The tourism and entertainment area exhibited the fastest increasing rate of BMS in Macao. IPAT analysis shows that the economy, population growth and demographic changes have been the driving forces for BMS in Macao. The results of this study can help cities take effective measures toward achieving a circular economy and highlight the role of such information and urban planning in urban building resource, waste, and management strategies. © 2024 Elsevier B.V.",,,,
S2,Broad,doi:10.1016/j.wasman.2026.115776,Potential contributions of building material stocks in soviet-era buildings to urban mining and circular economy strategies,2026,Waste Management,10.1016/j.wasman.2026.115776,Scopus; Web of Science,material_stock; inventory_quantity; mfa; spatial_bim,,"Post-Soviet urban renewal generates large material flows, yet building-level mapping of an entire city for urban mining remains absent from the literature. This study fills that gap using Astana as a case, quantifying material stocks in 193 Soviet-era residential buildings scheduled for demolition by 2030. A bottom-up Material Flow Analysis estimates material composition from geometric parameters drawn from technical passports, Soviet construction norms for material densities, and municipal demolition records. Buildings are classified into six typologies, reflecting Soviet industrialization phases between 1930 and 1990. Total material stocks reach 509 kilotonnes. Khrushchevki buildings account for 78% of total mass. Material composition profiles shift from wood-dominated low-rise structures (43.5–48% wood) to concrete-intensive mid-rises (52–59% concrete). Spatial analysis identifies concentrated material clusters near the Baikonur-Saryarka boundary, forming 1 to 3-kilometer catchments suitable for localized recovery infrastructure. The framework uses these clusters to identify where selective demolition yields the highest material returns, how demolition sequencing can reduce transport demand, and which districts justify targeted investment in recovery facilities. The standardized building typologies, municipal demolition schedules, and accessible geometric data are common across post-war prefabricated housing stocks globally, supporting broader applicability beyond the post-Soviet context. © 2026 Elsevier Ltd",,,,
S2,Broad,doi:10.1016/j.buildenv.2023.110451,Carbon emissions from accumulated stock of building materials in China,2023,Building and Environment,10.1016/j.buildenv.2023.110451,Scopus; Web of Science,material_stock,,"The stock of building materials has critical impact on sustainable development and on the reduction of the carbon emissions of the construction industry; however, the accumulated stock of building materials and its carbon emissions remain uncertain. To clarify the stock situation regarding existing buildings in China and provide reference material to support reduction of building–related carbon emissions, the accumulated building material stock and associated carbon emissions were visualized and quantified in this study based on building vector data of 33 cities and nighttime light data. In 2017, 8.8 Gt of building materials in 161.1 billion m3 of accumulated building stock produced emissions of 17.8 Gt CO2eq. Concrete and cement represented the main material types and the greatest sources of emissions. Notable disparities were found in material stock among different regions, determined primarily by factors such as areas of urban and rural construction land, population, GDP, and landform. Spatial visualization of material carbon emission intensity in China revealed a pattern of “higher in the southeast, lower in the north and midland,” and showed three aggregation modes. The results of this study could serve as scientific reference for new policies regarding low–carbon building, thereby promoting carbon emission reduction and sustainable utilization of resources in the construction industry. © 2023 Elsevier Ltd",,,,
S2,Broad,doi:10.1016/j.resconrec.2025.108157,"Material stocks and flows embedded in residential buildings: A spatially explicit and temporally dynamic bottom-up study of Vantaa, Finland",2025,"Resources, Conservation and Recycling",10.1016/j.resconrec.2025.108157,Scopus; Web of Science,material_stock; inventory_quantity; mfa,,"Resource extraction to facilitate urban growth exerts significant environmental pressure. Formulating targeted Circular Economy strategies to reduce cities’ primary material consumption requires knowledge of existing urban building stocks and the most resource-intensive spatial patterns of construction and demolition. This paper presents a spatially explicit and temporally dynamic study of Vantaa, Finland. The research targets the city's residential building stock, the embedded materials, and their development between 2000 and 2018. Over the study period, material inflows of 4.0 Mt correspond to an increase in the per capita material stock by 14.3 %. This development was catalyzed by the ongoing densification of material stock clusters and the resurgence of blocks of flats. Overall, three spatial patterns are distinguished by variations in population growth, material flows, residential floor area, and housing typology. In conclusion, spatial distinctions in urban building and material stock development call for location-specific circular approaches to mitigate cities’ environmental footprints. © 2025 The Author(s)",,,,
S2,Broad,doi:10.1016/j.resconrec.2024.107630,Mapping material stocks of buildings and mobility infrastructure in the United Kingdom and the Republic of Ireland,2024,"Resources, Conservation and Recycling",10.1016/j.resconrec.2024.107630,Scopus; Web of Science,material_stock,,"Understanding the size and spatial distribution of material stocks is crucial for sustainable resource management and climate change mitigation. This study presents high-resolution maps of buildings and mobility infrastructure stocks for the United Kingdom (UK) and the Republic of Ireland (IRL) at 10 m, combining satellite-based Earth observations, OpenStreetMaps, and material intensities research. Stocks in the UK and IRL amount to 19.8 Gigatons or 279 tons/cap, predominantly aggregate, concrete and bricks, as well as various metals and timber. Building stocks per capita are surprisingly similar across medium to high population density, with only the lowest population densities having substantially larger per capita stocks. Infrastructure stocks per capita decrease with higher population density. Interestingly, for a given building stock within an area, infrastructure stocks are substantially larger in IRL than in the UK. These maps can provide useful insights for sustainable urban planning and advancing a circular economy. © 2024 The Author(s)",,,,
S2,Broad,doi:10.1088/1755-1315/1078/1/012099,Bridging the gap - A database tool for BIM-based circularity assessment,2022,IOP Conference Series: Earth and Environmental Science,10.1088/1755-1315/1078/1/012099,Scopus,material_stock; spatial_bim,,"The concept of circular economy attracts attention across sectors. Since construction materials are the single largest material stock and flow, there is a particular interest from research and policy to apply the circularity concept to buildings. Large quantities of construction and demolition waste end up in landfill, despite new EU legislation that requires a 70% recovery rate. There is a gap between this ambitious goal and the reality of the construction industry. Building Information Modelling (BIM) has the potential to improve building design and construction processes for an increased recovery of materials. However, insufficient data, inconsistent methods and interoperability issues inhibit BIM application to unfold its full potential in circularity assessments. This paper introduces the CirBIM database framework. It provides BIM users with the required robust data to improve the circularity throughout the building's life cycle: from the design phase throughout renovation activities to the end-of-life stage. The paper proposes a new workflow of building circularity assessment, describe the architecture of the new database tool, and recommends relevant data sources and information models to streamline data mining processes. The new database tool is exemplified through application to a case study building in Portugal, emphasizing the need for different metrics and the need of integration of the end-of-life scenarios in the building design stage. © 2022 Institute of Physics Publishing. All rights reserved.",,,,
S2,Broad,doi:10.1016/j.jum.2024.10.004,Unveiling the building embodied carbon dynamics in Yangtze River Delta: Spatial and life cycle perspectives,2025,Journal of Urban Management,10.1016/j.jum.2024.10.004,Scopus; Web of Science,material_stock; inventory_quantity,,"Understanding and reducing the greenhouse gas emissions from building sector is significant to realize the net zero society. This research presents a bottom-up approach leveraging nighttime light (NTL) data to quantitatively assess and spatially represent urban building Material Stock (MS) and Embodied Carbon Emissions (ECE) throughout the “cradle-to-gate” lifecycle, at the micro-unit level, within the rapidly urbanizing Yangtze River Delta (YRD) region. Our primary focus is on investigating the dynamics and evaluating the impacts of building material stocks and the associated embodied carbon under urban expansion. Key findings include: (1) From 2000 to 2020, the YRD experienced a significant increase in building MS, with development expanding more rapidly along the southeast-northwest axis than the southwest-northeast axis. (2) Building ECE grew markedly in the YRD, especially in coastal areas, shifting from a concentrated single-center pattern to a multi-center one. The growth trends of building ECE among these cities varied widely, ranging from 0.64 to 85.71 ​Tg per year (Tg/a). (3) Construction materials such as sand, gravel, cement, and brick dominated the MS in both residential and non-residential buildings. Cement, steel, brick, and aluminum were the main contributors to building ECE. Notably, despite their lower volumes, copper and aluminum had substantial environmental impacts due to their high ECE contributions. (4) By categorizing cities into four types based on ECE per capita and growth trends, we identified varied urban development and environmental impacts across the YRD. © 2024 The Authors",,,,
S2,Broad,doi:10.20517/cf.2024.12,Prediction of embodied GHG emissions of building materials in Shanghai,2024,Carbon Footprints,10.20517/cf.2024.12,Scopus; Web of Science,material_stock; mfa,,"The construction sector stands as a fundamental component of urban development, providing indispensable spaces and infrastructure critical to societal demands. However, the consumption of considerable building materials engenders a significant environmental footprint, mainly from the exploitation, manufacturing, and processing. Characterizing the dynamic changes in a city’s future building development and material demand is crucial for achieving the goal of carbon neutrality. As an international metropolis, Shanghai faces challenges, including limited land and resources, high population density, and rapid building renewal rates. Understanding building renewal patterns and developing potential urban mineral resources will help alleviate resource shortages, achieve sustainable use of building materials, and meet carbon reduction goals. Taking Shanghai as a case study, this research applies material flow analysis alongside the carbon emission factor method to forecast the consumption of building materials and the associated embodied carbon emissions within the city. The study meticulously quantifies the evolving patterns of building material consumption and embodied carbon emissions from 2023 to 2060. The results indicate that Shanghai's civil building stock area will undergo incremental growth, attaining a pinnacle in 2030 before embarking downward. In contrast, the scope of new construction and demolition within the urban fabric will follow an ascending trend throughout the same period. Regarding material consumption, gravel, cement, and bricks are identified as the predominant components, accounting for 58%, 18%, and 15% of the total material inflow, respectively. Embodied carbon emissions from Shanghai’s civil buildings are anticipated to rise steadily, mirroring the pattern of material consumption. Notably, emissions from residential buildings are expected to experience a slight decline from 2023 to 2028, ultimately reaching 5.43 Million metric tons (Mt) in 2060. The insights garnered from this research are instrumental in deepening the comprehension of urban development dynamics and the intricacies of resource management. © The Author(s) 2024.",,,,
S2,Broad,doi:10.1016/j.scs.2021.103303,Using digitized public accessible building data to assess the renovation potential of existing building stock in a sustainable urban perspective,2021,Sustainable Cities and Society,10.1016/j.scs.2021.103303,Scopus,,,"Being able to assess potentials and obstacles regarding different optimization scenarios for an old building is essential. However, the data needed to provide this information should be operational and suitable for the early design and planning phases of rebuilding or renovation. The purpose of this study is to investigate the possibilities of using information from public registers and databases on existing buildings as possible input data to inform designers and other stakeholders about the renovation potential of existing buildings in urban developments. This includes evaluating sustainability indicators for indoor climate, energy savings, flexibility, affordability, materials composition, recycling opportunities, etc. Denmark is a frontrunner in digitalizing building data and making them publicly accessible. The results of a mapping of three public building registers and databases show that they – although they were initially established for purposes of taxation, preservation, and energy savings can be put to new use in a circularity perspective. However, even though Denmark is far in the digitalization of building data, the analysis also shows that there are data gaps, outdated data, and errors in registrations that still need to be addressed. Therefore, this article lists recommendations for developing national or regional digital building data registers to support better decisions about renovation and urban development. © 2021 The Author(s)",,,,
S2,Broad,title:embodied energy and co2 emissions of building materials for residential buildings in jakarta and bandung indonesia,"Embodied energy and CO2 emissions of building materials for residential buildings in Jakarta and Bandung, Indonesia",2014,30th International PLEA Conference: Sustainable Habitat for Developing Societies: Choosing the Way Forward - Proceedings,,Scopus,material_stock; inventory_quantity; mfa,,"The objective of this study is to evaluate the current building material stock and future demolition waste for urban houses using a material-flow analysis in Jakarta and Bandung. Their embodied energy and CO2 emissions are also analyzed by using an input-output analysis method. The actual on-site building measurements were conducted in Jakarta (2012) and Bandung (2011), focusing on unplanned houses, to obtain building material inventory data. A total of 297 and 247 houses were investigated in Jakarta and Bandung, respectively. These houses were generally classified into the following three categories: simple (45%), medium (39%) and luxurious houses (16%). The results show that overall, the averaged material quantity per m2 used for the houses is 2.14 ton/m2 in Jakarta and 2.06 ton/m2 in Bandung. Two scenarios with zero and maximum reuse/recycling rates were designed to predict future demolition waste and embodied energy/CO2 emissions of building materials in Jakarta. Closed- and open-loop material flows were applied. The maximum reuse/recycling rates not only decrease material waste (0.93-1.22 ton/m2) but also their embodied energy (16.8-151.1 GJ) and CO2 emissions (1.6-14.9 ton CO2-eq). In contrast, the minimum reuse/recycling rates increase environmental burden, and the expansion of unplanned houses is anticipated to cause further urban sprawls and drastic land-use changes by 2020. © Copyright: CEPT University, Center for Advanced Research in Building Science & Energy, Ahmedabad First Published 2014.All rights reserved.",,,,
S2,Broad,doi:10.1016/j.scs.2025.106770,Prioritizing low-carbon materials and reducing material quantities to mitigate embodied GHG emissions in buildings,2025,Sustainable Cities and Society,10.1016/j.scs.2025.106770,Scopus,inventory_quantity,,"As regulations for buildings become increasingly stringent, Life Cycle Assessment (LCA) is emerging as a key method of documenting and reducing embodied greenhouse gas emissions (GHGe). Mitigation strategies often focus on optimizing material quantities or substituting conventional materials with low-carbon alternatives. However, these approaches are typically applied in isolation and to specific building components. This study examines which mitigation strategies should be prioritized to reduce embodied GHGe at the whole-building level while ensuring compliance with regulatory limits for new construction in Denmark. Using data from 172 residential buildings and 1054 Environmental Product Declarations (EPDs) across 21 material categories, Monte Carlo Simulations were employed to generate LCAs by combining real buildings' material intensity coefficients (MICs) with EPD data. The results indicate a 66 % probability of compliance with the regulatory limit values for row houses and 64 % for multi-family buildings, but only 15 % for single-family homes. Sensitivity analyses across material categories identified key contributors to both total embodied emissions and variability, such as mineral boards and ready-mixed concrete. This highlights areas where mitigation efforts should be concentrated, either by selecting lower-impact materials or by reducing material quantities. The findings suggest that prioritizing reductions in material quantities may be the most effective approach, though low-carbon materials remain a crucial strategy. These results provide valuable insights for making informed material choices early in the design process and offer strategies for improving life cycle embodied GHGe in line with regulatory compliance for building projects. © 2025 The Authors",,,,
S2,Broad,doi:10.1007/978-3-032-06993-1_34,Design for Disassembly as a Circular Design Strategy: Toward an Environmental and Economic Assessment of Single-Family Houses,2025,Lecture Notes in Civil Engineering,10.1007/978-3-032-06993-1_34,Scopus,spatial_bim,,"The building and construction sector is one of the most impactful for the environment, contributing to high CO₂ emissions, waste generation, and raw material consumption. Design for Disassembly (DfD) emerges as a promising circular economy strategy to enable material reuse and extend the building lifecycle. However, to the best of the author’s knowledge, its large scale implementation, especially in the residential sector, remains underex-plored. This study aims to assess the environmental and economic impacts of applying DfD principles to single-family houses, which constitute a pre-dominant segment of the European building stock. Using a research design integrating Life Cycle Assessment (LCA) and Life Cycle Costing (LCC) methodologies, the study evaluates different technological scenarios ranging from traditional construction to varying levels of DfD integration. Currently, a representative building typology has been developed based on Europe-an data and modeled in a Building Information Modeling (BIM) environment, allowing detailed material quantification. The next steps will involve implementing the LCA and LCC analyses. Evidence from the literature suggests that while DfD enhances circularity and resource efficiency, its economic feasibility may remain a challenge due to high initial costs and market constraints. This research could contribute valuable data to inform sectoral policies and macroeconomic models supporting sustainable building strategies.  © The Author(s), under exclusive license to Springer Nature Switzerland AG 2025.",,,,
S2,Broad,doi:10.1021/acs.est.5b05790,"Stochastic Analysis and Forecasts of the Patterns of Speed, Acceleration, and Levels of Material Stock Accumulation in Society",2016,Environmental Science and Technology,10.1021/acs.est.5b05790,Scopus; Web of Science,material_stock,,"The recent acceleration of urbanization and industrialization of many parts of the developing world, most notably in Asia, has resulted in a fast-increasing demand for and accumulation of construction materials in society. Despite the importance of physical stocks in society, the empirical assessment of total material stock of buildings and infrastructure and reasons for its growth have been underexplored in the sustainability literature. We propose an innovative approach for explaining material stock dynamics in society and create a country typology for stock accumulation trajectories using the ARIMA (Autoregressive Integrated Moving Average) methodology, a stochastic approach commonly used in business studies and economics to inspect and forecast time series. This enables us to create scenarios for future demand and accumulation of building materials in society, including uncertainty estimates. We find that the so-far overlooked aspect of acceleration trends of material stock accumulation holds the key to explaining material stock growth, and that despite tremendous variability in country characteristics, stock accumulation is limited to only four archetypal growth patterns. The ability of nations to change their pattern will be a determining factor for global sustainability. (Graph Presented). © 2016 American Chemical Society.",,,,
S2,Broad,title:implementing bim based material passports for sustianable resource management in the construction industry,Implementing BIM-Based Material Passports for Sustianable Resource Management in the Construction Industry,2025,Proceedings of the International Conference on Education and Research in Computer Aided Architectural Design in Europe,,Scopus,spatial_bim,,"The construction industry’s high carbon emissions and resource use demand innovative material management. Traditional methods rely on static, non-standardized data, hindering collaboration and sustainability efforts. This study introduces a BIM-based material passport framework that integrates dynamic material data to enhance interoperability, environmental assessment, and decision-making. Unlike platforms like BAMB and Madaster, this approach offers an integrated, automated, and accessible BIM workflow. While earlier studies focus on limited tasks, this research establishes a comprehensive 3D-7D BIM system for material information management. Using Revit, Dynamo, Excel, and DiRootsOne, the framework automates PDF-to-BIM data transfer, standardizes material properties, and enables real-time tracking and sustainability evaluations. Applications include material quantification, energy modeling, and LCA using EPDs, TDSs, and catalogs. Results show improved efficiency, accurate carbon tracking, and better interdisciplinary collaboration through standardized classification and COBie integration. This study presents a scalable and practical solution for sustainable material management in the AEC industry. © 2025, Education and research in Computer Aided Architectural Design in Europe. All rights reserved.",,,,
S2,Broad,doi:10.1016/j.resconrec.2025.108198,"A dynamic model to hindcast historical material stocks and flows from current stocks: Application to the buildings of 1159 administrative regions of the EU27, 1970–2050",2025,"Resources, Conservation and Recycling",10.1016/j.resconrec.2025.108198,Scopus; Web of Science,material_stock; spatial_bim,,"Assessing material stocks and flows with high spatiotemporal resolution can promote circularity in the building sector. Understanding historic material stocks and flows is essential to capture material use dynamics. However, traditional modeling approaches are time and data intensive and difficult to upscale. We present a method for estimating past and future stocks and flows on a large scale with high spatial resolution. This methodology is demonstrated by hindcasting and forecasting building stocks and flows of 19 materials for 27 European countries at a NUTS3 spatial resolution for 1970–2050. Our model recreates historical stocks ranging from 55 Mt in Malta and 13,600 Mt in Germany in 1970, increasing to 97 Mt in Malta and 21,900 Mt in Germany in 2019. The results align with previous findings, where available. The model can be applied beyond buildings to other contexts in the built environment, enhancing our understanding of the material economy. © 2025 The Author(s)",,,,
S2,Broad,title:combining gis data sets and material intensities to estimate vienna s building stock,COMBINING GIS DATA SETS AND MATERIAL INTENSITIES TO ESTIMATE VIENNA'S BUILDING STOCK,2016,EXPANDING BOUNDARIES: SYSTEMS THINKING IN THE BUILT ENVIRONMENT,,Web of Science,material_stock; inventory_quantity; spatial_bim,,"The work presented describes a method to analyse the current material stock in buildings in the city of Vienna as a basis for estimating current and future demolition waste available as potential secondary raw material. The assessment of the material stock in buildings is carried out through combining data about the material composition of different building categories and information about the building structure. Data about the material composition of buildings is generated by investigating single buildings (case studies), analysing construction files of demolished buildings, evaluating available documents of newer buildings (tender and billing documents, LCA data), and through literature review. As a result, specific material intensities for different building categories (construction period/utilization) are merged in a database which is continuously enhanced with ongoing research. In order to characterize the building structure of Vienna, GIS data from different municipal departments are used. A data set providing information about gross volume, construction period, and utilization is generated. By combining information about the building structure and the specific material intensities of different building categories, the overall material stock embedded in buildings in Vienna was calculated to be 380 million tons, which equals 210 tons per citizen. Combining the data about the embedded materials with information about demolition activities will allow estimating current and future amounts of demolition waste and thus materials potentially available for recycling. Knowledge about the material stock and flows of buildings is an important step towards closing material cycles in demolition waste management.",,,,
S2,Broad,doi:10.1111/jiec.13100,Determining the material intensities of buildings selected by random sampling: A case study from Vienna,2021,Journal of Industrial Ecology,10.1111/jiec.13100,Scopus; Web of Science,material_stock; spatial_bim,,"Many studies calculate the material stock of buildings by using material intensities and reference values for building dimensions. Often, they lack a clear definition of and transparency in the selection of buildings to be analyzed, as well as adequate description for the determination of the material intensities of buildings. This article presents a randomized selection of buildings and determination of their material intensities using the case study of Vienna. On the basis of a digital geo-information building model, buildings were categorized according to their age, use, and volume. From each category, samples were randomly selected and their material intensities as well as different building dimensions were determined based on building documents such as plans. The building dimensions were used to express the material intensities related to different reference values. The 256 objects analyzed correspond to a sample size of 0.11% relative to the total number and 0.22% relative to the total gross volume of objects in Vienna. Although the total material intensities were comparable to other studies, the material intensities of insulation materials in older buildings were found to be higher in this study because of a higher representativeness of the data used. In addition, the expression of the material intensities related to different reference values such as area or volume of buildings improved comparability with other studies. Nevertheless, further research is required, particularly concerning the selection of representative samples of buildings. © 2021 The Authors. Journal of Industrial Ecology published by Wiley Periodicals LLC on behalf of Yale University",,,,
S2,Broad,doi:10.1111/jiec.70100,Mapping nationwide material stock turnover: High-resolution spatial analysis of building material stock and flow patterns across Japan 2003–2020,2025,Journal of Industrial Ecology,10.1111/jiec.70100,Scopus; Web of Science,material_stock; inventory_quantity; mfa,,"Understanding the dynamics of building material stocks and flows, including the turnover processes of building stock, is important for promoting sustainable resource use in cities. This study provides high-resolution, integrated mapping of building material stocks and flows across various cities and regions in Japan, offering a detailed view of the country's spatial material metabolism. This research combines bottom-up estimates of material stocks and flows with spatial analysis using material metabolism indicators, examining how patterns of material stock turnover vary across Japan. Spatial variations in material stock turnover highlight regional factors that influence stock–flow dynamics and offer insights into local resource use and policy development tailored to specific regional contexts. In this study, the national stock turnover rate in 2020 is estimated to be 1.16%/year for inflow and 0.64%/year for outflow, with more active metabolism observed in the central areas of large metropolitan regions and lower levels in low-density rural areas. Additionally, distinct patterns of material metabolism were observed across districts, associated with redevelopment and urban sprawl. This study illustrates how spatially detailed approaches can support the analysis of stock–flow dynamics across the country and contribute to the development of sustainable resource use strategies tailored to local conditions. © 2025 The Author(s). Journal of Industrial Ecology published by Wiley Periodicals LLC on behalf of International Society for Industrial Ecology.",,,,
S2,Broad,doi:10.1016/j.resconrec.2019.03.031,Spatially explicit material stock analysis of buildings in Eastern China metropoles,2019,"Resources, Conservation and Recycling",10.1016/j.resconrec.2019.03.031,Scopus; Web of Science,material_stock; inventory_quantity; mfa; spatial_bim,,"China is experiencing a period of rapid urbanization and fervent construction activities, which are responsible for the accumulation of large amount of material stocks (MS). Fundamental in every society, buildings not only shape material flows before and during construction, but also during maintenance and demolition, inducing the extraction of resources and the production of construction waste. It is thus imperative to understand the amount, composition, and location of current building MS as a first step to design appropriate management strategies for an environmentally sustainable society. This research uses the latest GIS dataset of buildings in 14 representative Eastern China metropoles to quantify the current status of building MS by employing a bottom-up method. The selection of the study areas relies on the law of the primate city, which permits to quickly target the most important urban areas of a region. We review and discuss existing material intensity (MI) coefficients for Chinese buildings, and produce a new set of MIs manipulating those available in the literature. We then calculate the total MS, MS density, and per capita MS for each city. Results find that in 14 cities 7.9 Gt of building materials are currently stored in a total area of 3790 km2, resulting on an average density of 2.1 Mt/km2. The per capita building MS results being 283 t/cap, and this value correlates with a growth of the per capita GDP. We conclude the research with a hotspot analysis of the spatial distribution of the MS, identifying the MS clusters. © 2019",,,,
S2,Broad,doi:10.1016/j.resconrec.2026.108954,Potential recyclable materials in buildings: A framework for greenhouse gas emissions assessment of residential buildings in Singapore,2026,"Resources, Conservation and Recycling",10.1016/j.resconrec.2026.108954,Scopus; Web of Science,,,"As countries aim to reduce resource consumption and greenhouse gas (GHG) emissions, Whole Life Carbon Assessment (WLCA) has become a vital method for quantifying embodied and operational GHG emissions. However, few studies have conducted WLCA on an urban scale, often addressing operational or embodied GHG emissions in isolation without considering their cumulative impact. This study introduces a city-wide WLCA framework to assess the potential recyclable materials of urban building stock, using Singapore as a case study with 5915 public residential buildings. Upfront GHG emissions are calculated from material intensity and building information, while operational emissions are based on energy use and building age. Mean reference values for embodied and operational GHG emissions are set at 5901.6 tCO2[jls-end-space/]e and 22.6 kg CO2[jls-end-space/]e/m2.yr, respectively. By comparing individual values and reference values, we analyse the potential recyclable materials that highlight the environmental impact of the building stock and the availability of resources. © 2026 The Authors. Published by Elsevier B.V. This is an open access article under the CC BY-NC license. http://creativecommons.org/licenses/by-nc/4.0/",,,,
S2,Broad,doi:10.1016/j.autcon.2025.106064,Parametric archetype: An incremental learning model based on a similarity measure for building material stock aggregation,2025,Automation in Construction,10.1016/j.autcon.2025.106064,Scopus; Web of Science,material_stock; archetype_typology,,"To reduce reliance on virgin resources, the building material stock (BMS) serves as a source for material recycling and reuse. However, quantifying BMS in urban areas with scarce material data remains challenging. This paper addresses this challenge by proposing a “parametric archetype” method, which integrates similarity measures in BMS modelling. The similarity in material content between buildings is quantified using an Euclidean distance measure based on multidimensional building feature parameters. By mapping material data to similar buildings, a cohesive dataset can be formed and further enriched, enabling incremental larger-scale BMS aggregation. This model is trained using a dataset with 52 Singapore buildings, achieving a 20.24% error rate in material predictions for all urban buildings. The finding highlights the feasibility of conducting BMS aggregation with quantifiable accuracy even with limited material data points. The proposed model can be integrated with environmental impact analysis of material circularity and support sustainable urban resource management. © 2025 The Authors",,,,
S2,Broad,doi:10.1111/jiec.13174,Semisupervised machine learning classification framework for material intensity parameters of residential buildings,2022,Journal of Industrial Ecology,10.1111/jiec.13174,Scopus; Web of Science,material_stock; inventory_quantity; archetype_typology,,"The material intensity (MI) parameter plays an important role when determining amounts of material stocks, material inflows, and material outflows in material stock models. Recently, several studies have summarized MI parameter information for buildings from around the globe into a single database. Nevertheless, insufficiencies of building type information have led to difficulties when using MI data. This study used semisupervised machine learning to classify MI. An open database of MI parameters of buildings was used as input data for our semisupervised machine learning model. We used material composition data of MI as feature data fed into our machine learning (ML) model. Attribute information of those data points belongs to clusters obtained from the original database was used as information to discover building characteristics of buildings in each building of those clusters to assign building labels for data points of the original dataset. Experiment results revealed seven building clusters in the studied dataset. The probability density function of MI of three building clusters follows a Weibull distribution. The remaining clusters follow gamma and lognormal distributions. Building type labels inferred from the results are useful as additional attributes to the original dataset, providing a new dataset of MI that can be adapted easily for other studies when country-specific MI data are not available. A decision tree for finding appropriate MI parameters was also introduced. The classification model accuracy was 92.73%, which was achieved using only 201 data points. The proposed framework presents possibilities for application to other MI studies. This article met the requirements for a Gold-Gold JIE data openness badge described at http://jie.click/badges. © 2021 by Yale University.",,,,
S2,Broad,doi:10.1111/jiec.13198,"A scalable data collection, characterization, and accounting framework for urban material stocks",2022,Journal of Industrial Ecology,10.1111/jiec.13198,Scopus; Web of Science,material_stock; inventory_quantity,,"Building stocks represent an extensive reservoir of secondary resources. However, common bottom-up characterization of these, often based on archetypal classification of buildings and their corresponding material intensity, are still not suitable to adequately inform circular economic strategies. Indeed, these approaches typically result in a loss of building-specific details, and a building stock characterization in terms of material mass, for example, glass, rather than component, for example, window. To deliver this higher resolution of details, a scalable approach to urban stock characterization, that enables a bottom-up estimation of building stocks at the building component level, is needed. In this paper, we present a framework to automate the characterization of urban stock. By using and combining a mobile-sensing approach with computer vision, urban stocks can be captured as 3D surface maps allowing the identification and semantic classification of stock objects, components, and materials. We demonstrate the potential of this framework through a case study of a neighborhood in Sheffield, UK, by using a prototype workflow comprising a custom-made mobile-sensing platform and an existing suite of neural network models to calculate an estimate count of buildings external doors and windows. The prototype implementation of the framework achieves comparable total and building-level component counts with those achieved through manual human counts. Such automated estimation of components enables an understanding of opportunities across the circular economic hierarchies and informs stakeholders across the supply chain to better prepare for the implementation of circular strategies including building refurbishments. © 2021 The Authors. Journal of Industrial Ecology published by Wiley Periodicals LLC on behalf of Yale University",,,,
S2,Broad,doi:10.1016/j.cec.2025.100156,"Investigating circularity in the construction and demolition sector through remote sensing: A case study of Bolzano/Bozen, Italy",2025,Circular Economy,10.1016/j.cec.2025.100156,Scopus; Web of Science,material_stock; spatial_bim,,"The built environment in urban areas contributes significantly to global waste generation through construction and demolition activities, highlighting the need for circular economy strategies to ensure sustainable development. Digital technologies offer fast and reliable methods to track material flows and improve resource efficiency. This study proposes a novel approach that integrates data from OpenStreetMap (OSM) and the Urban Atlas for land-use identification. The material stock (MS) is estimated via a geographic information system (GIS) to analyse the spatial characteristics of buildings, combined with material intensity (MI) data to assess the mass of materials within structures. Together with the quantification of material stock, hotspots of construction materials within the building stock are identified. When applied to the case study of Bolzano/Bozen, Italy, this approach estimated 130 tonnes per capita of accumulated building stock in the city and 40 tonnes per capita of material stock in infrastructure networks. This remote sensing methodology provides detailed insights into the quantity and distribution of materials in buildings and networks. The openness and availability of OSM data, as well as their independence from cadastral records, make this approach particularly advantageous for obtaining input data for the life cycle assessment (LCA) of buildings and the development of waste management strategies. (c) 2025 The Author(s). Published by Elsevier B.V. on behalf of Tsinghua University Press. This is an open access article under the CC BY license (http://creativecommons.org/licenses/by/4.0/).",,,,
S2,Broad,doi:10.1007/s40974-024-00322-y,Centennial evolution of Hong Kong 1910–2050: a building material metabolism perspective,2024,"Energy, Ecology and Environment",10.1007/s40974-024-00322-y,Scopus; Web of Science,material_stock; mfa,,"Building materials and their centennial metabolic patterns offer a perspective from which to understand a city's past, present, and future, but existing studies mostly focus on short-term metabolism. By investigating Hong Kong's building material stock and flow (or building material metabolism, BMM), this study aims to understand the centennial evolution of a city with a rich history, international status, advanced economy, and close connection with the world. We quantify BMM using the stock-driven approach, derive flows based on stock changes, and interpret its patterns based on temporal and correlation (with socioeconomic factors) analyses, respectively. We find that, by the mid-2030s, total building material stock may saturate at around 417.93 Mt with a rough inflow-outflow balance of 13.29 Mt/year, but stock per capita has plateaued at about 53.67 t/capita since the mid-2010s. The long-term changes in both building material stock and flow comply with an S-curve, shaped mainly by industrialization and subsequent deindustrialization but also fluctuating due to key socioeconomic events. Based on a stock productivity comparison, we also find that Hong Kong has achieved and sustained an advanced economy via a lower BMM requirement than other typical developed economies, indicating a more material-efficient development pathway. These findings not only provide insights into the centennial BMM trajectory and its interaction with socioeconomic factors, but also offer historical experience and sustainable development implications for developing economies, especially those in mainland China and throughout Asia. Quantified Hong Kong's building material stock and flow changes from 1910 to 2050.Building material stock and flow comply with an S-curve pattern shaped by industrialization and deindustrialization.Hong Kong has achieved and sustained an advanced economy via a more material-efficient pathway.",,,,
S2,Broad,doi:10.3390/su17219686,Estimating Demolition Waste Recoverable Fractions in Rapidly Transforming Urban Zones,2025,Sustainability (Switzerland),10.3390/su17219686,Scopus; Web of Science,material_stock,,"The construction sector is a major contributor to global solid waste generation, with demolition waste posing substantial environmental and economic challenges. The present study introduces a demolition waste estimation tool and applies it to a rapidly transforming city: Astana, the capital of Kazakhstan. The approach is also readily applicable to cities in transformation with similar characteristics, e.g., those in the Commonwealth of Independent States region and beyond. The key materials of interest were identified as those that can be efficiently extracted from buildings slated for demolition. A comprehensive analysis of current building stocks and demolition plans (2023–2029) was then conducted. Based on the height, purpose, and main material of the building, the main types and subtypes of the building stock in Astana were created. The results for Astana showed that 67.52% or 1736.5 thousand tons of all demolition waste could be recovered. Concrete had the highest recovery potential by mass (162.42 thousand tons annually) and by percent (91%). The economic analysis of construction and demolition waste illustrated a financial potential from construction and demolition waste recovery in Astana at USD 4600 million per year, with concrete having the highest potential among fractions (56% of total). © 2025 by the authors.",,,,
S2,Broad,doi:10.1617/s11527-024-02367-1,Parametric study on the decarbonization potential of structural system and concrete mix design choices for mid-rise concrete buildings,2024,Materials and Structures/Materiaux et Constructions,10.1617/s11527-024-02367-1,Scopus; Web of Science,inventory_quantity,materials_engineering,"Mid-rise reinforced concrete buildings are projected to continue being the predominant typology for urban development. Thus, reducing the carbon footprint of such buildings is critical for achieving a sustainable built environment. Reducing the amount of concrete and steel in a building through structural and mix design optimization is identified as a primary resource efficiency strategy. This paper is among the first to present evidence of the decarbonization potential of these dematerialization strategies on a building level. The study combines structural design choices such as slab system design, steel reinforcement optimization and span width with materials-based strategies, such as low binder concrete and low-carbon binders. For each scenario, material quantities are calculated following design prescriptions by EN1992–1–1 while state-of-the art life cycle inventory data are adopted to calculate the carbon footprint. Results show that shifting towards more efficient structural systems (i.e., waffle slab system) could save up to 20% of the carbon footprint on the building level compared to more traditional systems, such as slab on beams and flat slabs. In addition, reducing the spans from 7.5 to 5 m can save up to 20% more. Finally, the use of low-clinker cement in low-binder concrete can save another 50% in terms of CO2 impact per built-up area. Realistically, results of the case study concluded that implementing these three strategies could reduce the typical 232 kg CO2e/m2 value of the carbon footprint of structural elements of a mid-rise building up to only 58 kg CO2e/m2, i.e., a four-fold reduction. © The Author(s) 2024.",,,,
S2,Broad,doi:10.1088/1755-1315/1363/1/012084,From Material Cadastres to a Materiality Informed City Information Modelling,2024,IOP Conference Series: Earth and Environmental Science,10.1088/1755-1315/1363/1/012084,Scopus,material_stock; inventory_quantity; spatial_bim,,"Urbanization and built environment significantly impact resource consumption, posing sustainability challenges, especially regionally, due to bulk material dominance. Circular practices, like closing, slowing, and narrowing offer solutions. However, effective circularity management requires understanding built environment material stock comprehensively. Material cadastres model city and regional materiality using typology approaches and GIS Modelling, offering insights into circularity potential and supporting strategic circular city management. Conversely, urban planning digitalization introduced City Information Modelling, linking GIS for urban structure mapping with Building Information Modelling systems for digital building integration and thus support urban planning. Yet, empirically, materiality and circularity issues lack systematic and comprehensive integration in such approaches. To this end, this paper discusses the potential of developing digital material cadastre concepts towards materiality-based urban information modelling using case study results that reveal strengths and limitations of existing cadastre concepts. We present a methodological overview covering a general approach to built environment material cadastres and the main components of the underlying bottom up Material Flow approach: material composition indicators and GIS based building stock modelling and a dynamization approach. To discuss circularity potentials of the built environment in a larger urban regional development context, we furthermore designed material cadastres for two case study cities and calculated exemplary circularity potentials for closing, slowing and narrowing approaches. The findings and drafted conclusions were then reflected with urban planning and development actors in workshops and group discussions. As a result, we present consolidated propositions with respect to bridging the methodological gap between strategic and operational materiality informed urban and regional planning in the transition of the built environment towards circularity. © 2024 Institute of Physics Publishing. All rights reserved.",,,,
S2,Broad,doi:10.1088/1755-1315/1078/1/012082,Circularity evaluation as guidance for building design,2022,IOP Conference Series: Earth and Environmental Science,10.1088/1755-1315/1078/1/012082,Scopus,inventory_quantity,,"Resource scarcity and global warming call for ambitious strategies in the construction sector to meet the ever-growing demand for indoor spaces with minimal resource consumption and positive environmental impacts. In line with the need to introduce circular economy in the construction sector, the German Public Sustainability Certification System (BNB) is revising its indicator for disassembly, separation and reuse. The proposed assessment is intended to guide in the planning process and to point out challenges and potentials of the circular economy by making the complex interactions and requirements comprehensible in detail. The continuity of the assessment from the building material to the building component to the entire building allows users to track the impact of changes made at each level of aggregation. Based on extensive background research, end-of-life categories are assigned to building materials according to their reusability, taking into account assembly techniques and adjacent, associated materials. Example building components illustrate the method and show the impact of design changes. At the building level, the quantity determination of materials in the end-of-life condition allows transparent comparison of different design variants and documents in detail the material inventory for use in building material passports. Future developments envision the inclusion of building services in the circularity assessment, benchmarking of circularity at the building level, and integration of circular qualities into life cycle analysis calculations. © 2022 Institute of Physics Publishing. All rights reserved.",,,,
S2,Broad,doi:10.1016/j.resconrec.2018.02.003,Quantifying potential anthropogenic resources of buildings through hot spot analysis,2018,"Resources, Conservation and Recycling",10.1016/j.resconrec.2018.02.003,Scopus; Web of Science,material_stock; mfa; spatial_bim,,"This study estimates the amount of urban ores in Taipei City between 1965 and 2014 by analyzing data of the buildings through statistics and geographical information systems (GIS). Hot spot analysis (HSA) is introduced to assess the location of resources. Our results show that up to the year 2014, 186 Mton of construction materials were accumulated in Taipei, and the per capita total building material stock was 68 ton. In the short term, the hot spots with development potential are Da'an (Zone I) and Zhongshan (Zone II) Districts in Taipei City. Zone I (0.1 km2) stored 180 kton of materials; while Zone II (0.6 km2) stored 119 kton of materials. This study provides quantitative data on urban ores with high spatial and temporal resolution for enhancing material recycling planning and management. Material stocks could then combine with the material flow to build a dynamic material flow model for assessing the quantity of extractable urban ores, and the feasibility of exploitation in the future. © 2018 Elsevier B.V.",,,,
S2,Broad,doi:10.1007/s10163-015-0460-1,"Evaluation of current material stock and future demolition waste for urban residential buildings in Jakarta and Bandung, Indonesia: embodied energy and CO2 emission analysis",2017,Journal of Material Cycles and Waste Management,10.1007/s10163-015-0460-1,Scopus; Web of Science,material_stock; inventory_quantity; mfa,,"First, this paper evaluates the current building material stock and future demolition waste for urban residential buildings in the cities of Jakarta and Bandung using a material-flow analysis. The actual on-site building measurements were conducted in Jakarta (2012) and Bandung (2011), focusing particularly on unplanned houses, to obtain building material inventory data. A total of 297 houses were investigated in Jakarta, whereas 247 houses were measured in Bandung. Second, this paper analyses the embodied energy and CO2 emissions of building materials through an input–output analysis. The results show that, overall, the total material input intensity for the houses is 2.67 ton/m2 in Jakarta and 2.54 ton/m2 in Bandung. Two scenarios with zero and maximum reuse/recycling rates were designed to predict future demolition waste and the embodied energy/CO2 emissions of building materials in Jakarta. Closed- and open-loop material flows were applied. If the maximum reuse/recycling rates are applied to the closed- and open-loop material flows in Jakarta, then it would become possible to not only decrease the final disposal waste (from 123.9 to 2.1 million ton) but also reduce the corresponding embodied energy (from 247.8 to 192.1 PJ) and CO2 emissions (from 24.3 to 19.2 million ton CO2-eq) compared with the zero reuse/recycling scenario from 2012 to 2020. © 2015, Springer Japan.",,,,
S2,Broad,doi:10.1016/j.buildenv.2017.06.006,Corrigendum to “Quantifying and mapping embodied environmental requirements of urban building stocks” (Building and Environment (2017) 114 (187–202) (S0360132316304747) (10.1016/j.buildenv.2016.11.043)),2017,Building and Environment,10.1016/j.buildenv.2017.06.006,Scopus,material_stock,,The authors regret to inform the readers that a numerical error in the data processing has affected the reported material stock of the City of Melbourne previously disclosed in their paper. The correct material intensity should read 1547 kt/km2 instead of 904 kt/km2. Figure 7 in the original manuscript should be replaced with Figure 1 which corrects the bar chart depicting the material stock. © 2017 Elsevier Ltd,,,,
S2,Broad,doi:10.1021/acs.est.5c03058,"A Satellite-Driven Model for Monitoring Urban Material Metabolism, Embodied Emissions, and Carbonation",2025,Environmental Science and Technology,10.1021/acs.est.5c03058,Scopus; Web of Science,material_stock; inventory_quantity; mfa; spatial_bim,,"Urban systems are central to global material consumption and carbon emissions. However, systematically understanding urban metabolism remains a challenge due to the reliance on aggregated, top-down data which fails to capture fine-scale urban dynamics. To address this challenge, we developed an integrated, bottom-up framework and reconstructed the 30-year metabolic history of Xiamen, China. Our approach leverages a custom machine learning workflow on multitemporal, open-source satellite imagery to create a dynamic 3D Building Dynamics (3D-BD) model. This model accurately maps key building attributes (footprint, height, type, and construction/demolition year), achieving an R2of 0.81 for height estimation and F1-scores of 0.89 and 0.81 for detecting construction and demolition years, respectively. This high-resolution database then drives a GIS-MFA and LCA model to quantify material stocks, flows, embodied emissions across key lifecycle stages, and the often-overlooked carbon sink from cement carbonation. Results for Xiamen revealed a 5-fold increase in building stock, with material inflows peaking in the early 2000s while demolition outflows steadily rise, signaling a shift to urban renewal. Over the study period, cement carbonation provided a significant, distributed carbon sink, offsetting an estimated 6.6% of the building stock’s total lifecycle embodied emissions. This transferable framework provides a more complete accounting of the urban carbon budget, offering a powerful tool for guiding sustainable planning and net-zero transitions. © 2025 American Chemical Society",,,,
S2,Broad,doi:10.3390/su172210375,"The “Scale Expansion Trap” in Cross-River Urbanization: Building Stock Vacancy and Carbon Lock-In for Nanchang, China",2025,Sustainability (Switzerland),10.3390/su172210375,Scopus; Web of Science,material_stock; spatial_bim,,"Understanding spatial characteristics of urban building systems is critical for unraveling urban building stock growth patterns, addressing housing vacancy challenges, and advancing urban carbon neutrality. However, existing research on built environment stocks and housing vacancy spatial distribution remains limited, particularly in underdeveloped cross-river cities—where rapid urbanization often prioritizes scale expansion over demand matching, leading to unresolved issues of resource waste and environmental pressure. This study integrated material stocks analysis (MSA) and geographical information system (GIS) to uncover the spatial patterns of urban building material stocks and housing vacancy at a high spatial resolution for Nanchang, China—a typical underdeveloped cross-river city facing the “scale expansion trap” in its urbanization across the Ganjiang River. Results show that (1) Nanchang’s building stock exhibits a “butterfly-shaped” spatial pattern centered on the Ganjiang River, with simultaneous horizontal expansion (40-fold urban area growth since 1949) and vertical growth (super high-rises in new west-bank districts), reflecting aggressive cross-river scale expansion; (2) the total building material stock reached 1034 Mt (204 t/cap) in 2021, with over 85% accumulated post-2000—coinciding with large-scale cross-river development. Vacant buildings locked in 405 Mt of materials (39.17%), which is a direct consequence of the “scale expansion trap” where construction outpaced actual demand; (3) total embodied carbon emissions from building materials amounted to 264 Mt, with 104 Mt (39.39%) attributed to vacant stocks. This “vacant carbon lock-in” stems from mismatched urban construction and actual demand in the process of cross-river scale expansion; (4) spatially, high-value clusters of material stocks and carbon emissions overlapped at two cores (old town and Honggutan CBD), while housing vacancy rates were significantly higher in the urban periphery and Ganjiang’s west bank—the primary areas of cross-river scale expansion—than in the old town and east bank. These findings empirically demonstrate how the “scale expansion trap” in cross-river urbanization drives building stock vacancy and carbon lock-in. These findings also offer data-driven strategies for optimizing urban resource allocation, reducing housing vacancy, and promoting low-carbon transitions, especially for other underdeveloped cross-river cities globally. © 2025 by the authors.",,,,
S2,Broad,doi:10.1111/jiec.12739,Tracking Construction Material over Space and Time: Prospective and Geo-referenced Modeling of Building Stocks and Construction Material Flows,2019,Journal of Industrial Ecology,10.1111/jiec.12739,Scopus; Web of Science,material_stock; inventory_quantity; mfa; spatial_bim,,"Construction material plays an increasingly important role in the environmental impacts of buildings. In order to investigate impacts of materials on a building level, we present a bottom-up building stock model that uses three-dimensional and geo-referenced building data to determine volumetric information of material stocks in Swiss residential buildings. We used a probabilistic modeling approach to calculate future material flows for the individual buildings. We investigated six scenarios with different assumptions concerning per-capita floor area, building stock turnover, and construction material. The Swiss building stock will undergo important structural changes by 2035. While this will lead to a reduced number in new constructions, material flows will increase. Total material inflow decreases by almost half while outflows double. In 2055, the total amount of material in- and outflows are almost equal, which represents an important opportunity to close construction material cycles. Total environmental impacts due to production and disposal of construction material remain relatively stable over time. The cumulated impact is slightly reduced for the wood-based scenario. The scenario with more insulation material leads to slightly higher material-related emissions. An increase in per-capita floor area or material turnover will lead to a considerable increase in impacts. The new modeling approach overcomes the limitations of previous bottom-up building models and allows for investigating building material flows and stocks in space and time. This supports the development of tailored strategies to reduce the material footprint and environmental impacts of buildings and settlements. © 2018 The Authors. Journal of Industrial Ecology, published by Wiley Periodicals, Inc., on behalf of Yale University.",,,,
S2,Broad,doi:10.1111/jiec.12723,Geospatial Characterization of Material Stock in the Residential Sector of a Latin-American City,2019,Journal of Industrial Ecology,10.1111/jiec.12723,Scopus; Web of Science,material_stock; inventory_quantity; spatial_bim,,"Building stock constitutes a huge repository of construction materials in a city and a potential source for replacing primary resources in the future. This article describes the application of a methodological approach for analyzing the material stock (MS) in buildings and its spatial distribution at a city-wide scale. A young Latin-American city, the city of Chiclayo in Peru, was analyzed by combining geographical information systems (GIS) data, census information, and data collected from different sources. Application of the methodology yielded specific indicators for the physical size of buildings (i.e., gross floor area and number of stories) and their material composition. The overall MS in buildings, in 2007, was estimated at 24.4 million tonnes (Mt), or 47 tonnes per capita. This mass is primarily composed of mineral materials (97.7%), mainly concrete (14.1 Mt), while organic materials (e.g., 0.15 Mt of wood) and metals (e.g., 0.40 Mt of steel) constitute the remaining share (2.3%). Moreover, historical census data and projections were used to evaluate the changes in the MS from 1981 to 2017; showing a 360% increase of the MS in the last 36 years. This study provides essential supporting information for urban planners, helping to provide a better understanding of the availability of resources in the city and its future potential supply for recycling as well as to develop strategies for the management of construction and demolition waste. © 2018 by Yale University",,,,
S2,Broad,doi:10.1016/j.istruc.2025.109180,The digital twin on a residential housing in the Czech Republic on the BIM platform and its importance for the circular economy,2025,Structures,10.1016/j.istruc.2025.109180,Scopus,spatial_bim,,"The construction sector is one of the industries that produces up to around 39 % of all global carbon emissions. The society and the European Community are seeking to change this adverse situation in line with the principles of the circular economy and in line with the spirit of the “Fit for 55” programme document. The aim of this paper is to show through a case study of an apartment building constructed in the 1970s, how the innovative BIM platform can contribute to the reduction of pollutants and emissions, reinforce the principles of circularity and sustainable construction, in a residential building constructed in the last century, a building that currently has no digital passporting based on a building information modelling. Using BIM, a digital model of the selected housing building will be created containing information about the individual materials used in the construction at that time. The digital materials inventory developed will provide an overview of the available sources of building materials, making it easier to identify and manage them. At the same time, a discourse for a shared platform will be promoted to exchange information on the available materials, their quality status and the possibilities of their reuse in construction. The BIM platform will thus become an integral part of the circular economy of the existing buildings and will contribute to a better codification in the environment of digitalisation in the construction industry, at the same time, it will use the remaining life of structural elements to the maximum extent. © 2025",,,,
S2,Broad,doi:10.1111/jiec.13049,Temporal analysis of the material flows and embodied greenhouse gas emissions of a neighborhood building stock,2021,Journal of Industrial Ecology,10.1111/jiec.13049,Scopus; Web of Science,material_stock; material_intensity; mfa,,"Low-energy building standards shift environmental impacts from the operational to the embodied emissions, making material efficiency (ME) important for climate mitigation. To help quantify the mitigation potential of ME strategies, we developed a model that simulates the temporal material flows and greenhouse gas embodied emissions (GEEs) of the material use in the construction and renovation activities of a neighborhood by combining life-cycle assessment with dynamic material-flow analysis methods. We applied our model on a “zero emission neighborhood” project, under development from 2019 to 2080 and found an average material use of 1,049 kg/m2, an in-use material stock of 43 metric tons/cap, and GEEs of 294 kgCO2e/m2. Although 52% of the total GEEs are caused by material use during initial construction, the remaining 48% are due to material replacements in a larger timeframe of 45 years. Hence, it is urgent to act now and design for ME over the whole service life of buildings. GEEs occurring far into the future will, however, have a reduced intensity because of future technology improvements, which we found to have a mitigation potential of 20%. A combination of ME strategies at different points in time will best mitigate overall GEEs. In the planning phase, encouraging thresholds on floor area per inhabitant can be set, materials with low GEEs must be chosen, and the buildings should be designed for ME and in a way that allows for re-use of elements. Over time, good maintenance of buildings will postpone the renovation needs and extend the building lifetime. This article met the requirements for a gold-gold JIE data openness badge described at http://jie.click/badges. © 2020 The Authors. Journal of Industrial Ecology published by Wiley Periodicals LLC on behalf of Yale University",,,,
S2,Broad,doi:10.1016/j.cesys.2023.100109,A bottom-up building stock quantification methodology for construction minerals using Earth Observation. The case of Hanoi,2023,Cleaner Environmental Systems,10.1016/j.cesys.2023.100109,Scopus; Web of Science,material_stock; inventory_quantity,,"Increasing demand for significant volumes of construction materials, especially sand for use in concrete, in rapidly developing urban environments is becoming a significant socio-economic and environmental issue. The consumption of concrete (comprised of sand, aggregates and cement) is especially concerning on a city level as vast volumes of materials are extracted within the urban hinterland, causing direct impacts locally and the potential for supply issues directly impacting city level metabolism. Excessive consumption and poor management of these materials make it increasingly hard for society to ensure new urban development and infrastructure projects, essential for maintaining the health of cities, meet sustainable development objectives. However, it is difficult to implement suitable resource management policies without first understanding how materials are produced and consumed at an appropriate spatial level. For many areas, especially on a city level, such data is absent, especially so for sand and aggregates which can further exacerbate these local supply issues and environmental impacts. This study attempts to address this data gap via combining earth observation datasets with estimates of materials contained within urban infrastructure (material intensities) to calculate the rapid increase of construction material stocks in Hanoi. Spatial data on buildings have been gathered using, producing, and collating a variety of spaceborne open-source datasets on built up areas (GlobalMLBuildingFootpint, World Settlement Footprint 3D, Open Street Map) and land use classification maps. Linking this spatial data with estimated quantities of sand, gravel, cement and concrete in typical buildings in Hanoi enables quantification of building stocks for a range of building types over a time series. The results show that for every new km2 of urban infrastructure approximately 520,000 tonnes of concrete, or 360,000 tonnes of sand, 580,000 tonnes of gravel and 115,000 tonnes of cement are required. If the Hanoi Masterplan is to be achieved by 2030, then the material demand is likely to be for 106 million tonnes of concrete or 73 million tonnes of sand, 118 million tonnes of gravel and 24 million tonnes of cement. These all exceed historical consumption trends and are far in excess of current extraction rates and therefore careful planning is required to ensure access to sustainable resources into the future. © 2023 The Authors",,,,
S2,Broad,doi:10.1016/j.jclepro.2021.125856,"Construction and demolition waste in the Metropolitan City of Naples, Italy: State of the art, circular design, and sustainable planning opportunities",2021,Journal of Cleaner Production,10.1016/j.jclepro.2021.125856,Scopus,,,"This study deals with the perspective of circular economy (CE) transition in the Construction and Demolition Waste Management (C&DWM) system of the Metropolitan City of Naples (Italy). It assesses the current building materials stored in the existing buildings and C&DW generation, composition and management, by means of public databases, i-Tree Canopy software and SWOT analysis (Strengths, Weaknesses, Opportunities and Threats). The final goal is to provide useful feedbacks to the city Administration and stakeholders to increase and improve the management of existing C&DW flows. The statistical database and the use of i-Tree Canopy for geographical assessment point out a large amount of building materials stocked in the existing buildings and potentially available, while results of the SWOT analysis, combined with TOWS matrix, show that the transition to CE in the C&DW management systems in the Metropolitan City of Naples still is at an early stage due to several weaknesses. The latter regard the lack of demand for recycled products, the lack of data in the end-of-life stage of recycling, and the presence of a high fraction of mixed C&DW reflecting the low adoption of reduction measures on C&D sites. Solutions are proposed with the purpose of better realigning the C&DWM system according to the CE principles as well as to increased sustainability. © 2021 Elsevier Ltd",,,,
S2,Broad,doi:10.1016/j.resconrec.2025.108751,Material intensity variability-driven archetype classification for bottom-up modelling of building material stocks and flows,2026,"Resources, Conservation and Recycling",10.1016/j.resconrec.2025.108751,Scopus; Web of Science,material_stock; inventory_quantity; mfa; archetype_typology,,"Material archetypes are essential to bottom-up building material stock-flow modelling, analogous to the role of energy archetypes in building stock energy modelling, for supporting circular construction. Using a bill-of-quantities dataset of 211 buildings in China, this study evaluates the effect of 13 non-collinear structural, morphological, semantic, socioeconomic, and geographic variables on building material intensity variability to identify key archetyping variables. Results indicate that structural and geographic variables exert the strongest effects on overall material intensity, while material-specific variability is governed by distinct variables. This study further identifies optimal archetyping variable combinations and suboptimal alternatives for accommodating varying data availability. Incorporating more than six variables tends to diminish archetyping due to the accumulation of minor yet inherent information redundancy among variables. These findings provide quantitative criteria for building material archetyping to reduce stock-flow modelling uncertainties, while offering valuable references for material-embodied energy and carbon archetype development. © 2025 Elsevier B.V.",,,,
S2,Broad,doi:10.1111/jiec.12853,The weight of islands: Leveraging Grenada's material stocks to adapt to climate change,2020,Journal of Industrial Ecology,10.1111/jiec.12853,Scopus; Web of Science,material_stock; inventory_quantity; mfa; spatial_bim,,"The building stock consumes large amounts of resources for maintenance and expansion which is only exacerbated by disaster events where large-scale reconstruction must occur quickly. Recent research has shown the potential for application of material stock (MS) accounts for informing disaster risk planning. In this research, we present a methodological approach to analyze the vulnerability of the material stock in buildings to extreme weather events and sea-level rise (SLR) due to climate change. The main island of Grenada, a Small Island Developing State (SIDS) in the Caribbean region, was used as a case study. A bottom-up approach based on a geographic information system (GIS) is used to calculate the total MS of aggregate, timber, concrete, and steel in buildings. The total MS in buildings in 2014 was calculated to be 11.9 million tonnes (Mt), which is equivalent to 112 tonnes per capita. Material gross addition to stock (GAS) between 1993 to 2009 was 6.8 Mt and the average value over the time period was 4.0 tonnes per capita per year. In the year following Hurricane Ivan (2004), the per capita GAS for timber increased by 172%, while for other metals, GAS spiked by 103% (compared to average growth rates of 11% and 8%, respectively, between 1993 and 2009). We also ran a future “Ivan-II” scenario and estimated a hypothetical loss of between 135 and 216 kilotonnes (kt) of timber from the building stock. The potential impact of SLR is also assessed, with an estimated 1.6 Mt of building material stock exposed under a 2-m scenario. We argue that spatial material stock accounts have an important application in planning for resilience and provide indication of the link between natural disaster recovery and resource use patterns. © 2019 by Yale University",,,,
S2,Broad,doi:10.1016/j.scs.2025.106942,Mapping urban building material stocks to understand potentials for circular construction: A case study in Germany's Ruhr area,2025,Sustainable Cities and Society,10.1016/j.scs.2025.106942,Scopus; Web of Science,material_stock; inventory_quantity; spatial_bim,,"The building sector is responsible for the accumulation of the largest material inventories in industrialised societies. Buildings embody temporal and spatial lock-ins concerning emissions, while representing a reservoir of secondary materials. Spatial material stock analysis is an instrument for comprehending the composition of building stocks and building material distribution to facilitate transition towards sustainable cities. Several studies have presented methods for quantifying material stocks in Germany. Building on these this study applies a bottom-up approach to analyse the building and material stock by integrating spatial data with information on 35 different building typologies and age-cohorts for residential building focussing on the Ruhr area in Germany. Building foundation area and material intensity coefficients were applied to estimate the building material stock. The generated spatial high-resolution datasets provide a detailed basis that inform end-of-life material recovery strategies in the context of circular construction by establishing a link between primary material resources and projected flows of secondary resources. For the Ruhr area the total building material stock is estimated at approximately 1160 million tonnes, the majority of which comprises mineral material. 57 % of this material stock is embodied in residential buildings, while 43 % resides within non-residential buildings. Approximately 15 % of existing residential buildings have exceeded their technical lifespan, while approximately 50 % of the residential building stock was constructed between 1949 and 1978, which require renovation and modernisation in order to achieve an energy efficiency building stock. Renovation or demolition efforts could recover significant quantities of materials, especially with a potential in recycling of concrete which cumulates to about 530 million tons in the Ruhr Area. The findings concerning the spatial distribution of buildings of different age-cohorts and materials can facilitate the implementation of regional circular construction, by providing incentive for resource recovery and integrating material stock analysis into regional urban planning processes. © 2025",,,,
S2,Broad,doi:10.1007/s11367-021-01963-5,Developing non-residential building stock archetypes for LCI—a German case study of office and administration buildings,2021,International Journal of Life Cycle Assessment,10.1007/s11367-021-01963-5,Scopus; Web of Science,material_stock; inventory_quantity,,"Purpose: To accomplish the national and international climate goals, building renovation and optimisation of their energy and resource efficiency are essential. Thus, reliable information on the building stock (BS) is necessary. Most previous building typologies are focussing on residential buildings and the operational phase. This paper shows the development of a methodology for generating non-residential building (NRB) typologies for life cycle inventory analysis (LCI) of building constructions. Hereby, archetypes of office, administration and department (OAD) buildings are developed, exemplarily for the German NRB stock. The methodology can further be utilised for quantity surveying of urban material stocks, related recycling scenarios and waste management. Furthermore, the exemplarily generated archetypes provide necessary information for the estimation of realistic refurbishment scenarios. Methods: Approaches for the development of NRB archetypes, the descriptions of associated building materials and the LCI of BS were analysed and integrated into a methodology. It provides a clear path on the classification in building usage categories and determination of relevant building parameters for conducting LCI studies. Its aim is the creation of NRB typologies, presenting construction materials and building geometry in a useful way for life-cycle assessments (LCA). To demonstrate the methodology’s usability, it is applied to a case study with the sample of 161 OAD buildings, provided by the German NRB database ENOB:dataNWG. In combination with relevant literature on BS archetypes and materials, a sample OAD building typology has been created. Results and discussion: Minimum data requirements for conducting simplified LCI calculation of BSs were identified by analysing existing LCA methods, like the German BNB system. Important clusters for developing NRB archetypes were determined: building usage category, building construction types and building age. These data gaps between required information for simplified LCA studies and available information in ENOB:dataNWG were identified, and solutions for closing these data gaps were proposed and tested. Since building archetypes must reflect the overall BS, uncertainties were discussed. The ENOB:dataNWG database was not completed at the time this paper was written, so comprehensive uncertainty analyses are important next steps. Conclusions: This methodology development forms the groundwork for creating LCI building typologies for simplified LCA studies. It shows practically how to deal with a BS database and illustrates which typical values can be chosen for closing data gaps. The methodology was tested on an exemplary sample of OAD buildings. Based on this case study, the methodology concept was proven useful for the generation of a NRB typology. © 2021, The Author(s).",,,,
S2,Broad,doi:10.1088/1742-6596/2600/19/192001,A Danish model of building macro-components to promote circularity,2023,Journal of Physics: Conference Series,10.1088/1742-6596/2600/19/192001,Scopus,inventory_quantity,,"A better understanding of the material composition of the existing building stock is important for the development of circular economy strategies in the building sector. This paper presents a recently developed model to map the types and amounts of various materials in existing buildings in Denmark, with a high level of detail at the level of components rather than just material types. The model is meant to enable a detailed description of the building stock and a consideration of how components could be reused. Building properties are imported from the Danish national building registry (BBR) and processed into a relational database. Properties are combined with information on past construction techniques from architecture handbooks to estimate the most likely macro-components (types of wall, roof, etc) used in each building, and dimension these components. Material amount estimates from the model are compared with previous estimates as well as with material inventories from case study buildings. While the open-source model currently lacks accuracy, it is intended to be easily modifiable, and can support continuous improvements of the estimates based e.g. on new information from material passports, waste treatment facilities or remote sensing data. The paper discusses future opportunities to improve the model's accuracy and use it to help develop circularity strategies and complement on-site inspections to overcome barriers to circularity. © 2023 Institute of Physics Publishing. All rights reserved.",,,,
S2,Broad,title:utilizing gis as a geospatial tool to inventory leed certified buildings and construction and demolition c d waste flows in the united states,Utilizing GIS as a geospatial tool to inventory LEED certified buildings and construction and demolition (C&D) waste flows in the United States,2012,"Life-Cycle and Sustainability of Civil Infrastructure Systems - Proceedings of the 3rd International Symposium on Life-Cycle Civil Engineering, IALCCE 2012",,Scopus,material_stock; mfa; spatial_bim,,"Markets have developed around green building products which provide incentive for developers to track specific building materials and identify strategies for both environmental and economic improvement. We use geospatial analysis to inventory LEED Buildings and subcomponents in two urban centers in Pennsylvania and track construction material stock. Using case study methods we investigate the LEED building stock for Philadelphia, PA and identify waste material flow patterns that result from architecture/designer choices to meet LEED certification, and integrate these with regional construction and demolition (C&D) patterns to understand recipient secondary C&D markets. We use material flow analysis of region-specific C&D waste stocks and flows to understand material exchange and opportunities for recycling C&D waste. We find there are ample resources available in C&D waste in Philadelphia, with potential to be diverted from the solid waste landfills, thus improving material recycle efficiency.",,,,
S2,Broad,doi:10.55845/llzn4383,BIM to GIS: Multi-Criteria Queries for Material Tracking in Circular Built Environments,2025,JOURNAL OF CIRCULAR ECONOMY,10.55845/LLZN4383,Web of Science,material_stock; spatial_bim,,"This study proposes a lightweight approach to BIM-GIS integration for circular economy applications, focusing on timber component repurposing in the Norwegian housing stock. Rather than emphasizing detailed geometric representations, we address key challenges in material stock assessment by prioritizing semantic data. Using the Level of Information Need (LOIN) framework, we identify critical parameters for timber reuse based on European standards EN 14080 and EN 14081. We implement a GeoJSON-based method that selectively extracts purposespecific information from IFC models, achieving an 80.73% reduction in data volume while preserving all required semantic attributes. This enables multi-criteria queries linking 525 timber components to a cadaster dataset of 14,081 detached houses in Trondheim. Validation results confirm complete semantic data retention and sub-3second query execution on standard GIS hardware. By focusing on essential material attributes rather than computationally intensive 3D models, the method supports scalable material stock assessments and efficient identification of reusable components. These findings demonstrate that selective information extraction enhances computational performance while maintaining decision-critical detail. Future work should explore ontology-driven approaches to improve multi-domain interoperability and enable more advanced semantic querying.",,,,
S2,Broad,doi:10.1080/17583004.2018.1469948,Carbon dynamics and GHG implications of increasing wood construction: long-term scenarios for residential buildings in Austria,2018,Carbon Management,10.1080/17583004.2018.1469948,Scopus; Web of Science,material_stock,,"Wooden construction elements often exhibit lower life cycle greenhouse gas (GHG) emissions than conventional counterparts (‘material substitution effect’). Moreover, the building stock represents a carbon (C) sink if timber inflows (construction) surpass outflows (demolition) (‘C-stock effect’). A dynamic stock model incorporating these effects is applied to quantify potential climate benefits of wood construction in Austria's residential building sector. If present trends are maintained, culminating in a wood construction share (WCS) of 50% during 2050-2100, building shells could contain three times as much C in 2100 as today. Annual timber demand for residential construction could double, but would remain well below Austria's current net exports. Compared to a baseline scenario with constant WCS (22%), cumulated GHG savings from material substitution until 2050 are estimated 2 to 4.2 Tg CO2-equivalent–clearly less than savings from C-stock expansion (9.2 Tg). Savings from both effects would double in a highly ambitious scenario (WCS=80% during 2050-2100). The applied ’Stock Change Approach’ is consistent with IPCC Guidelines, but the above-mentioned savings from C-stock changes would not materialize under the current default GHG inventory accounting approach. Moreover, savings from C-stock effects must eventually be weighed against forest C-stock changes, as growing domestic demand might stimulate wood harvesting. © 2018, © 2018 The Author(s). Published by Informa UK Limited, trading as Taylor & Francis Group.",,,,
S2,Broad,doi:10.1088/2634-4505/ac6d08,Building material stock analysis is critical for effective circular economy strategies: a comprehensive review,2022,Environmental Research: Infrastructure and Sustainability,10.1088/2634-4505/ac6d08,Scopus; Web of Science,material_stock; inventory_quantity; mfa; archetype_typology; spatial_bim,,"Buildings account for the largest share of accumulated materials and waste globally. Tracking the material composition, quantity and location of these materials, known as building material stock analysis (MSA), is a first step in enabling the reuse or repurposing of materials, key strategies of the circular economy. While the number of building MSAs is growing, there is a need to coalesce methods, data and scope. Therefore, in this work, we reviewed and evaluated 62 journal and conference articles on MSA of buildings from different angles including scope, boundaries, archetype classification, material intensity determination, approaches (i.e. bottom-up, top-down, remote sensing) and quantity of materials to identify barriers, gaps and opportunities in this area along with its implications for decision-making, policy and regulations. We cataloged the three major approaches of MSAs and discuss their advantages and shortcomings. We also created a comprehensive directory of building archetypes, references and materials for future researchers. As expected, most of the studies estimated that concrete had the largest mass compared with other materials; however, mass-based distribution of materials showed significant variations in different building stocks across the world. Also, embedded plastics and their types remain under-represented in current studies. A major barrier to MSA is related to a lack of information on physical attributes and geographic information system, design and construction data. Policy makers can play a role in mitigating data barriers through instituting regulations that enforce the reporting of building-related data during the permitting process. Furthermore, outcomes of building MSA can help policy makers when considering incentives for design and construction that utilize these abundant building materials. © 2022 The Author(s). Published by IOP Publishing Ltd.",,,,
S2,Uncertainty,doi:10.1111/jiec.12579,A Probabilistic Dynamic Material Flow Analysis Model for Chinese Urban Housing Stock,2018,Journal of Industrial Ecology,10.1111/jiec.12579,Scopus; Web of Science,material_stock; mfa,,"The stock-driven dynamic material flow analysis (MFA) model is one of the prevalent tools to investigate the evolution and related material metabolism of the building stock. There exists substantial uncertainty inherent to input parameters of the stock-driven dynamic building stock MFA model, which has not been comprehensively evaluated yet. In this study, a probabilistic, stock-driven dynamic MFA model is established and China's urban housing stock is selected as the empirical case. This probabilistic dynamic MFA model has the ability to depict the future evolution pathway of China's housing stock and capture uncertainties in its material stock, inflow, and outflow. By means of probabilistic methods, a detailed and transparent estimation of China's housing stock and its material metabolism behavior is presented. Under a scenario with a saturation level of the population, urbanization, and living space, the median value of the urban housing stock area, newly completed area, and demolished area would peak at around 49, 2.2, and 2.2 billion square meters, respectively. The corresponding material stock and flows are 79, 3.5, and 3.3 billion tonnes, respectively. Uncertainties regarding housing stock and its material stock and flows are non-negligible. Relative uncertainties of the material stock and flows are above 50%. The uncertainty importance analysis demonstrates that the material intensity and the total population are major contributions to the uncertainty. Policy makers in the housing sector should consider the material efficiency as an essential policy to mitigate material flows of the urban building stock and to lower the risk of policy failures. © 2017 by Yale University",,,,
S2,Uncertainty,doi:10.1016/j.jobe.2025.113391,Integrated BIM-GIS framework for holistic building stock assessment using 5D geo-modeling and digital twin concepts,2025,Journal of Building Engineering,10.1016/j.jobe.2025.113391,Scopus; Web of Science,inventory_quantity; spatial_bim,,"Rapid urbanization has resulted in enormous quantities of demolition waste in recent years. Designing effective waste management strategies requires assessment of generated waste during the end-of-life stage of buildings; however, information on the quantity and composition of building stock is lacking. This paper presents a robust bottom-up approach using 5D geo-modeling and digital twin concepts to predict building stocks and analyze their spatial distribution by leveraging the capabilities of building information modeling (BIM) and geographic information system (GIS). The material intensity and composition are estimated based on on-site investigations, laser scanning to capture detailed building geometry, and a BIM model to represent building components digitally. Additionally, the spatial distribution of building stock is modeled based on a GIS model. The proposed approach is demonstrated and verified in a case study of 23 typical residential buildings in an Egyptian district. The proposed BIM-GIS framework is a potential game-changer in the architecture, engineering, and construction industry. It thereby promotes effective waste management strategies across various districts by assessing their building stock. © 2025 Elsevier Ltd",,,,
S2,Uncertainty,doi:10.1111/jiec.13174,Semisupervised machine learning classification framework for material intensity parameters of residential buildings,2022,Journal of Industrial Ecology,10.1111/jiec.13174,Scopus; Web of Science,material_stock; inventory_quantity; archetype_typology,,"The material intensity (MI) parameter plays an important role when determining amounts of material stocks, material inflows, and material outflows in material stock models. Recently, several studies have summarized MI parameter information for buildings from around the globe into a single database. Nevertheless, insufficiencies of building type information have led to difficulties when using MI data. This study used semisupervised machine learning to classify MI. An open database of MI parameters of buildings was used as input data for our semisupervised machine learning model. We used material composition data of MI as feature data fed into our machine learning (ML) model. Attribute information of those data points belongs to clusters obtained from the original database was used as information to discover building characteristics of buildings in each building of those clusters to assign building labels for data points of the original dataset. Experiment results revealed seven building clusters in the studied dataset. The probability density function of MI of three building clusters follows a Weibull distribution. The remaining clusters follow gamma and lognormal distributions. Building type labels inferred from the results are useful as additional attributes to the original dataset, providing a new dataset of MI that can be adapted easily for other studies when country-specific MI data are not available. A decision tree for finding appropriate MI parameters was also introduced. The classification model accuracy was 92.73%, which was achieved using only 201 data points. The proposed framework presents possibilities for application to other MI studies. This article met the requirements for a Gold-Gold JIE data openness badge described at http://jie.click/badges. © 2021 by Yale University.",,,,
S2,Uncertainty,doi:10.1016/j.rcrx.2019.100027,Quantification of material stocks in existing buildings using secondary data—A case study for timber in a London Borough,2020,"Resources, Conservation and Recycling: X",10.1016/j.rcrx.2019.100027,Scopus,material_stock; material_intensity; mfa,,"The existing building stock represents a huge accumulation of physical resources: a material ‘reserve’ that could be mined in the future to improve resource efficiency. However, in the absence of systematically collected information about materials deposited in the built environment, the ability to manage and exploit them is limited. An approach to quantification of material stocks based on the use of secondary data from external research bodies, national statistics and a housing stock management database is used to estimate the timber stock in residential buildings constructed in the London Borough of Tower Hamlets before 1992. Results show a total timber accumulation of almost 67,000 tonnes across 68,000 dwellings, with a material intensity for timber between 20−34 kg/m2 of building floorspace (6.8–11.2 kg/m3 of gross building volume) for terraced houses and 5.4−11 kg/m2 (1.8–3.6 kg/m3) for flats and maisonettes. Generally, there is more timber in floors and roofs, and in older buildings. This method appears to be robust, as it results in comparable timber intensities to those determined using other methods in previous studies. It can be used for other materials and may be useful in other contexts where data is available (i.e., other scales, building types and materials), and capable of contributing to the growing understand of existing buildings as material banks. © 2019 The Author(s)",,,,
S2,Uncertainty,doi:10.1038/s41597-024-03190-7,"RASMI: Global ranges of building material intensities differentiated by region, structure, and function",2024,Scientific Data,10.1038/s41597-024-03190-7,Scopus; Web of Science,material_stock,,"The construction materials used in buildings have large and growing implications for global material flows and emissions. Material Intensity (MI) is a metric that measures the mass of construction materials per unit of a building’s floor area. MIs are used to model buildings’ materials and assess their resource use and environmental performance, critical to global climate commitments. However, MI data availability and quality are inconsistent, incomparable, and limited, especially for regions in the Global South. To address these challenges, we present the Regional Assessment of buildings’ Material Intensities (RASMI), a new dataset and accompanying method of comprehensive and consistent representative MI value ranges that embody the variability inherent in buildings. RASMI consists of 3072 MI ranges for 8 construction materials in 12 building structure and function types across 32 regions covering the entire world. The dataset is reproducible, traceable, and updatable, using synthetic data when required. It can be used for estimating historical and future material flows and emissions, assessing demolition waste and at-risk stocks, and evaluating urban mining potentials. © The Author(s) 2024.",,,,
S2,Uncertainty,doi:10.1016/j.resconrec.2025.108228,Material intensity and embodied carbon of Korea's residential buildings over four decades,2025,"Resources, Conservation and Recycling",10.1016/j.resconrec.2025.108228,Scopus; Web of Science,,,"Assessing the material intensity of buildings, defined as material inputs per floor area or household, is crucial for decarbonizing building stock. To address the paucity of usable material intensity data, this study developed a structured database and conducted detailed assessments of material intensity and embodied carbon for residential buildings in Korea. The database covered 28 end-use types, 6 structural types, 14 functional elements, and 44 materials. Detailed bills of materials were collected from 79 samples, encompassing 158 multi-family apartments and 21 single-family houses built between 1985 and 2023. Our results indicated that buildings became more material intensive over time, attributed to increased use of concrete, steel, and other materials. In comparison, single-family houses showed higher material inputs per square meter or per household exhibiting significant variability. Furthermore, Korean multi-family apartments showed lower embodied carbon emissions compared to European counterparts, but higher annualized emissions due to shorter building lifetimes. © 2025 Elsevier B.V.",,,,
S2,Uncertainty,doi:10.1007/s11367-021-01963-5,Developing non-residential building stock archetypes for LCI—a German case study of office and administration buildings,2021,International Journal of Life Cycle Assessment,10.1007/s11367-021-01963-5,Scopus; Web of Science,material_stock; inventory_quantity,,"Purpose: To accomplish the national and international climate goals, building renovation and optimisation of their energy and resource efficiency are essential. Thus, reliable information on the building stock (BS) is necessary. Most previous building typologies are focussing on residential buildings and the operational phase. This paper shows the development of a methodology for generating non-residential building (NRB) typologies for life cycle inventory analysis (LCI) of building constructions. Hereby, archetypes of office, administration and department (OAD) buildings are developed, exemplarily for the German NRB stock. The methodology can further be utilised for quantity surveying of urban material stocks, related recycling scenarios and waste management. Furthermore, the exemplarily generated archetypes provide necessary information for the estimation of realistic refurbishment scenarios. Methods: Approaches for the development of NRB archetypes, the descriptions of associated building materials and the LCI of BS were analysed and integrated into a methodology. It provides a clear path on the classification in building usage categories and determination of relevant building parameters for conducting LCI studies. Its aim is the creation of NRB typologies, presenting construction materials and building geometry in a useful way for life-cycle assessments (LCA). To demonstrate the methodology’s usability, it is applied to a case study with the sample of 161 OAD buildings, provided by the German NRB database ENOB:dataNWG. In combination with relevant literature on BS archetypes and materials, a sample OAD building typology has been created. Results and discussion: Minimum data requirements for conducting simplified LCI calculation of BSs were identified by analysing existing LCA methods, like the German BNB system. Important clusters for developing NRB archetypes were determined: building usage category, building construction types and building age. These data gaps between required information for simplified LCA studies and available information in ENOB:dataNWG were identified, and solutions for closing these data gaps were proposed and tested. Since building archetypes must reflect the overall BS, uncertainties were discussed. The ENOB:dataNWG database was not completed at the time this paper was written, so comprehensive uncertainty analyses are important next steps. Conclusions: This methodology development forms the groundwork for creating LCI building typologies for simplified LCA studies. It shows practically how to deal with a BS database and illustrates which typical values can be chosen for closing data gaps. The methodology was tested on an exemplary sample of OAD buildings. Based on this case study, the methodology concept was proven useful for the generation of a NRB typology. © 2021, The Author(s).",,,,
S2,Uncertainty,doi:10.1016/j.resconrec.2023.107093,Correlation between building size and material intensity in residential buildings,2023,"Resources, Conservation and Recycling",10.1016/j.resconrec.2023.107093,Scopus,material_stock; spatial_bim,,"Material stock analyses of buildings and infrastructure are proliferating in Industrial Ecology literature. One popular approach to calculating material stocks is multiplying the number of buildings present in the study area by their average material content, a parameter often termed material intensity. However, existing studies have primarily focused on tailoring material intensities to specific building typologies without exploring the variability of material intensities within a given typology. The present work addresses this knowledge gap by generating 3D models of five typical residential building archetypes based on Italian housing data. By randomizing their size and material components, we generate summary statistics that highlight the variance of material intensities. Results show a strong correlation between concrete usage and building size, while other materials exhibit significant variation across sizes and typologies. © 2023",,,,
S2,Uncertainty,doi:10.1016/j.eswa.2008.12.009,Adaptive and high-precision grey forecasting model,2009,Expert Systems with Applications,10.1016/j.eswa.2008.12.009,Scopus; Web of Science,material_stock,,"Although the grey forecasting model has been successfully employed in various fields and demonstrated promising results, literatures show its performance still could be improved. Therefore, a new model named EFGMm(1, 1) is proposed in this paper by eliminating the error term resulted from the traditional calculation of background value with an integration equation to substitute for such error term. In addition, Fourier series and exponential smooth technique have also been integrated into the new model to reduce the periodic and stochastic residual errors, respectively. An illustrative example of building material stock index is adopted for demonstration. Results show that the proposed model can increase the prediction accuracy, particularly when the system is instable. (C) 2008 Elsevier Ltd. All rights reserved.",,,,
S2,Uncertainty,doi:10.1007/s44498-026-00122-z,Circularity potential of plastic insulation: a material flow analysis of EPS and XPS in the Norwegian building stock,2026,Journal of Industrial Ecology,10.1007/s44498-026-00122-z,Scopus; Web of Science,mfa; archetype_typology,,"The in- and outflows of expanded polystyrene (EPS) and extruded polystyrene (XPS) in the Norwegian residential and service building stock were estimated for the period from 1980 to 2050. Archetypes were selected to represent typical structures within each building type and age cohort. EPS and XPS material intensities were calculated based on construction details of relevant building components and assumptions about the presence of EPS and XPS in those components. Key findings include a comparison between model estimates and production data for EPS and XPS materials. Based on this comparison, a calibration of material intensities was carried out to improve the model's predictive accuracy, especially for future material flows. Material outflows resulting from demolition activities are significantly lower than inflows from new construction and renovation activities. Although material outflows have likely been somewhat underestimated, due to the exclusion of material outflows from renovation activities, the results indicate that future EPS/XPS demand in new construction and renovation cannot be met solely with recycled material from existing buildings. This also reflects the fact that large amounts of EPS/XPS were not introduced into the Norwegian building stock until after the 1980s. Therefore, it can be expected that material outflows will increase further in the future, which enhances the opportunities for circular use of EPS and XPS. © The Author(s) 2026.",,,,
S2,Uncertainty,doi:10.1016/j.buildenv.2023.110451,Carbon emissions from accumulated stock of building materials in China,2023,Building and Environment,10.1016/j.buildenv.2023.110451,Scopus; Web of Science,material_stock,,"The stock of building materials has critical impact on sustainable development and on the reduction of the carbon emissions of the construction industry; however, the accumulated stock of building materials and its carbon emissions remain uncertain. To clarify the stock situation regarding existing buildings in China and provide reference material to support reduction of building–related carbon emissions, the accumulated building material stock and associated carbon emissions were visualized and quantified in this study based on building vector data of 33 cities and nighttime light data. In 2017, 8.8 Gt of building materials in 161.1 billion m3 of accumulated building stock produced emissions of 17.8 Gt CO2eq. Concrete and cement represented the main material types and the greatest sources of emissions. Notable disparities were found in material stock among different regions, determined primarily by factors such as areas of urban and rural construction land, population, GDP, and landform. Spatial visualization of material carbon emission intensity in China revealed a pattern of “higher in the southeast, lower in the north and midland,” and showed three aggregation modes. The results of this study could serve as scientific reference for new policies regarding low–carbon building, thereby promoting carbon emission reduction and sustainable utilization of resources in the construction industry. © 2023 Elsevier Ltd",,,,
S2,Uncertainty,doi:10.1016/j.resconrec.2025.108392,Geometry-informed material intensity reveals considerable intra-archetype material variability of UK housing,2025,"Resources, Conservation and Recycling",10.1016/j.resconrec.2025.108392,Scopus; Web of Science,material_stock; inventory_quantity; archetype_typology; spatial_bim,,"Building stock modelling underpins energy and environmental assessments of the built environment. Material Intensity (MI), representing material mass per unit dimension, is vital for bottom-up estimation of building material stocks. However, reliance on sparse or uniform MI data can lead to significant inaccuracies due to intra-archetype variability, often stemming from differing building morphologies. This paper develops a geometry-informed MI (GIMI) method to characterise MI variability using machine learning and morphology features, applied to four materials—brick, concrete, mortar, and stone—in Sheffield, UK. Results indicate that GIMI reduces potential material uncertainties by up to 18% compared to conventional unitary MIs. This approach enhances bottom-up building mass accounting, advancing a circular economy and low-carbon building sector. © 2025 Elsevier B.V.",,,,
S2,Uncertainty,doi:10.1016/j.resconrec.2025.108398,A global spatialized approach to estimate residential building floor area and material stocks,2025,"Resources, Conservation and Recycling",10.1016/j.resconrec.2025.108398,Scopus,material_stock,,"A better understanding of the material stock in the built environment is needed to reduce its climate and environmental impacts while also improving its circularity. We introduce a comprehensive, globally consistent method to estimate residential floor area and material stock at a fine-scale spatial resolution, using the latest publicly available datasets on key building parameters and material intensity. Applying our validation analysis for a selected number of countries and subnational regions, we found that our floor area estimations underestimated official statistics by 30–40 %. Comparing our material stocks estimations with various definitions of building typologies and results from other studies, we found some degree of variation. These results highlight the need for more strengthened and concerted efforts in filling data and research gaps in various world regions. Overall, the presented approach allows for more rapid and regionally specific assessments of the material stocks and related impacts to inform policy directions. © 2025",,,,
S2,Uncertainty,doi:10.1016/j.resconrec.2025.108316,Calibration of building material intensities by bill of quantity (BoQ): A China study,2025,"Resources, Conservation and Recycling",10.1016/j.resconrec.2025.108316,Scopus; Web of Science,material_stock,,"Promoting circular economy within the building and construction sector requires precisely modelling the material stock and flow of buildings. This necessitates accurate quantification of material intensity coefficients (MICs, material mass per square meter of building area). Existing MICs are not sufficiently accurate and reliable because they were derived from empirical estimates relying on indirect references (e.g., construction drawings), rather than direct calculation based on actual material usage data. Benefiting from a BoQ (bill of quantity) dataset encompassing the actual material use statistics of 211 China's buildings, this research contributed more comprehensive and reliable intensities of 13 material types across 11 building cohorts, thereby enriching the MIC data pool. Crucially, this study revealed that previous MIC estimates exhibit systematic biases for multiple materials, while potential causes include omitting the material content of building foundations, mechanical and electrical (M&E) systems, and decorations. These findings contribute quantitative evidence to calibrating MICs. © 2025 Elsevier B.V.",,,,
S2,Uncertainty,doi:10.1016/j.resconrec.2017.01.015,How important are realistic building lifespan assumptions for material stock and demolition waste accounts?,2017,"Resources, Conservation and Recycling",10.1016/j.resconrec.2017.01.015,Scopus; Web of Science,material_stock; inventory_quantity; mfa,,"Accurate assessments of construction materials stocked in the built environment have received increased attention in the Industrial Ecology literature over the past few years. Many recent models that estimate building material inflows, stock accumulation and end-of-life waste, however, rely on simplistic assumptions about the lifespan of built infrastructure. While several probability distributions have been proposed (normal, Weibull, log-normal, and so on) there is no agreement on which model is best suited for modelling the accumulation of building material stock at urban and national levels. In this study we introduce an analysis of the hazard rate of buildings and discuss alternative distribution functions to model lifespan, testing the fit of five commonly used distributions to real data from the cities of Nagoya (Japan), Wakayama (Japan), and Salford (UK). The results highlight how cities with fast replacement rates are overall best modelled by right-skewed distributions, but single cohort levels express independent behaviours based on their characteristics. We investigate the sensitivity of a top-down stock accumulation model to the choice of different distributions and input parameters uncertainties. The results show that different lifespan distribution functions result in very similar overall stock accumulation at the national level, but have large impacts on calculated demolition waste flows. Differences are more pronounced for cities and the choice of a certain distribution will significantly affect the calculation of the average lifetime. Our results suggest that top-down national material stock accounts have high reliability, and are only weakly affected by the choice of one distribution over another. For cities, it is beneficial to use a distribution based on the characteristics of the buildings analysed, with regard to density and building characteristics. Stock accumulation research would profit from future bottom-up research into building lifespans to validate top-down estimation procedures. Crown Copyright (C) 2017 Published by Elsevier B.V. All rights reserved.",,,,
S2,Uncertainty,doi:10.1088/1742-6596/3140/15/152001,Validation of a building material stock model using demolition record data,2025,Journal of Physics: Conference Series,10.1088/1742-6596/3140/15/152001,Scopus; Web of Science,material_stock; archetype_typology,,"Building material stock studies can help to implement circular economy measures by identifying future availability of secondary material and by comparing the environmental impact of different circularity measures. However, the accuracy of these models is often uncertain due to limitations in data quality, granularity, and assumptions made during model development. Validation of building material stock models with additional empirical data is rare. Here, we address this gap by comparing the material amounts on the single building level predicted by an archetype- and component-based building material stock model from a previous study for a number of individual demolished buildings with the amounts recorded in demolition data for the same buildings submitted to city authorities. Our results show a good agreement between the model and demolition data for the total amount and for mineral materials, but not for metals, insulation materials and wood. The findings highlight the importance of further work validating existing building material stock models and warrant caution when using predictions of material amounts for specific materials on individual building level. © 2025 Institute of Physics Publishing. All rights reserved.",,,,
S2,Uncertainty,doi:10.1016/j.jenvman.2020.111879,Modelling of mineral construction and demolition waste dynamics through a combination of geospatial and image analysis,2021,JOURNAL OF ENVIRONMENTAL MANAGEMENT,10.1016/j.jenvman.2020.111879,Web of Science,material_stock; spatial_bim,,"As the construction sector is shifting towards circular economy models, the role of mineral construction materials as main waste fraction in terms of volumes is crucial. A characterization of this mineral stock, as well as the waste derived from it is decisive in ensuring the application of the best practices of circular economy. This paper describes a methodology for assessing the mineral building stock through a combination of geospatial and image analysis. By analysing old topographic maps, buildings are grouped according to their building age into different typologies and based on these maps the construction and demolition activity is evaluated. The mineral stock is assessed and estimations of the mineral construction and demolition waste (CDW) is generated for different stochastic scenarios. This methodology is applied exemplarily on the country of Luxembourg. It was found that the total mineral construction stock for Luxembourg is 276.75 Mt and has been growing at a rate of 20.81%-24.39% in the last 30 years. Furthermore, the study identified a mean age of the urban building stock of about 60 years and a typical maximum building lifetime of 122 years. Based on the stochastic projections the mineral CDW generated from the existing building stock is expected to be up to 226.9 Mt by 2100, while if future building scenarios are considered, it can be as high as 885.3 Mt. The annual CDW production is expected to be sufficient for a viable concrete recycling activity if regulations on the waste volume flows are made available.",,,,
S2,Uncertainty,doi:10.1016/j.resconrec.2022.106583,Structural material demand and associated embodied carbon emissions of the United States building stock: 2020–2100,2022,"Resources, Conservation and Recycling",10.1016/j.resconrec.2022.106583,Scopus,material_stock; mfa,,"This study uses material flow analysis to estimate the material stocks and flows and associated upfront embodied carbon emissions for gravity building structural systems in the United States. Seven scenarios that align with the shared-socioeconomic pathways are conceptualized and used to estimate floor space and structural material demands through 2100. These scenarios consider aggressive, moderate, and low adoption rates of timber-based structural materials. Under all scenarios, total floor space is projected to increase to a maximum upper-bound of 202% (162,187 m2) between 2020 and 2100. The results indicate that the associated increase demand for structural materials cannot be met solely by urban mining of decommissioned buildings. Assuming present-day carbon emissions intensities of structural materials, the average upfront embodied carbon intensity for gravity superstructures in the building stock decreases from 49 kg CO2e/m2 in 2020 to 29 kg CO2e/m2 in 2100 under the scenario with aggressive adoption of timber-based systems. © 2022 Elsevier B.V.",,,,
S2,Uncertainty,doi:10.1016/j.jobe.2026.115608,Estimating material intensity of mass timber products in contemporary tall timber buildings,2026,Journal of Building Engineering,10.1016/j.jobe.2026.115608,Scopus; Web of Science,material_stock; material_intensity; inventory_quantity,,"Tall timber buildings are increasingly promoted as a low-carbon alternative to conventional construction systems; however, consistent quantitative data on the material intensity (MI) of mass timber products across new building typologies remain limited. Estimating MI is essential to improve understanding of material use in timber construction and to support assessments of environmental impacts and potential benefits. This study quantifies the material intensity of mass timber products in contemporary tall timber buildings using a statistically representative global sample. The novelty of the work lies in the aggregation of plan-based material quantities across multiple regions, building uses, and structural systems, enabling systematic cross-project comparison beyond single case studies. A representative sample of 56 projects was selected from a worldwide dataset of 301 tall timber buildings, stratified by continent, building use, and structural system. Material intensity was estimated for representative floor sections using architectural drawings, construction details, and project specifications, excluding non-structural elements. The results indicate an average MI of 132.8 kg/m2 for mass timber products (e.g., CLT or GLT, not equivalent to solid wood mass). Hybrid buildings exhibit lower timber MI values (123.0 kg/m2) than timber-only structures (173.3 kg/m2), while panel-based systems show higher MI than post-based configurations. These findings provide a first-order benchmark for material use in tall timber buildings and highlight their potential contribution to sustainable urban development through the substitution of carbon-intensive materials, while acknowledging methodological limitations related to reliance on project documentation and variability in product composition. © 2026 Elsevier Ltd",,,,
S2,Uncertainty,doi:10.1109/gcat66372.2025.11368502,CNN-Based Optimization of Paper Recycling through Automated Classification and Process Enhancement,2025,2025 IEEE 6th Global Conference for Advancement in Technology (GCAT),10.1109/GCAT66372.2025.11368502,IEEE Xplore,,,"Enhancing paper recycling using automated sorting systems is crucial for increasing recycling rates and minimizing environmental impact. This research introduces a Convolutional Neural Network (CNN) methodology for the classification and optimization of the paper recycling process. We present a CNN model designed to identify and classify various types of paper trash, facilitating accurate sorting and reducing contamination. The data set comprises 10,000 images of diverse kinds of paper, including newspapers, cardboard, and office paper, sourced from an actual recycling centre. The model attained an accuracy of 94.5% in categorizing paper kinds, with a precision of 92.3% and a recall of 93.6%. The CNN-based approach exhibited a 30% enhancement in sorting speed relative to conventional human techniques. The automated system decreased contamination by 15%, resulting in superior output for recycling. The proposed method demonstrates substantial enhancements in operational efficiency and environmental sustainability, providing a scalable solution for paper recycling operations. These findings underscore the capacity of AI and machine learning (ML) to transform waste management and advance a circular economy.",,,,
S2,Uncertainty,doi:10.1088/1755-1315/1078/1/012099,Bridging the gap - A database tool for BIM-based circularity assessment,2022,IOP Conference Series: Earth and Environmental Science,10.1088/1755-1315/1078/1/012099,Scopus,material_stock; spatial_bim,,"The concept of circular economy attracts attention across sectors. Since construction materials are the single largest material stock and flow, there is a particular interest from research and policy to apply the circularity concept to buildings. Large quantities of construction and demolition waste end up in landfill, despite new EU legislation that requires a 70% recovery rate. There is a gap between this ambitious goal and the reality of the construction industry. Building Information Modelling (BIM) has the potential to improve building design and construction processes for an increased recovery of materials. However, insufficient data, inconsistent methods and interoperability issues inhibit BIM application to unfold its full potential in circularity assessments. This paper introduces the CirBIM database framework. It provides BIM users with the required robust data to improve the circularity throughout the building's life cycle: from the design phase throughout renovation activities to the end-of-life stage. The paper proposes a new workflow of building circularity assessment, describe the architecture of the new database tool, and recommends relevant data sources and information models to streamline data mining processes. The new database tool is exemplified through application to a case study building in Portugal, emphasizing the need for different metrics and the need of integration of the end-of-life scenarios in the building design stage. © 2022 Institute of Physics Publishing. All rights reserved.",,,,
S2,Uncertainty,doi:10.21511/imfi.19(4).2022.19,The effect of the COVID-19 epidemic on Moroccan sectoral indices: The entropy approach,2022,Investment Management and Financial Innovations,10.21511/imfi.19(4).2022.19,Scopus,,,"The current study investigates the impact of the Coronavirus 2019 (COVID-19) pandemic on the volatility of Moroccan stock market sectoral indices. Shannon entropy with multiple estimators and Rényi entropy for different scales were calculated from February 1, 2019 to May 1, 2022, to measure volatility in the Banking, Oil and Gas, Construction and Building Materials, Beverage, Food Producers and Processors, Distributors, and Mining sector's indices. In this regard, this study uses three periods to quantify the uncertainty in Moroccan sectoral indices before, during, and after the first year of the COVID-19 pandemic in Morocco. The empirical results from Shannon and Rényi entropies indicated higher volatility during the COVID-19 pandemic for all sectoral indices except Oil and Gas. However, the consumer staples sectors have shown a form of resilience compared to other sectors. Indeed, the impact of COVID-19 on the consumer staples sectoral indices' volatilities was negligible compared to other sectors. In addition, investing in a portfolio composed of Mining or Construction and Building Materials stocks was risky due to the increased volatility before and during the epidemic. However, after the COVID-19 pandemic, the entropy level corresponding to all sectors has rearranged except the Beverage sector, which kept the lowest entropy during the three periods. Thus, it seems that the Beverage sector was a safe investment for the three periods. The findings are crucial for governments, businesses, private and public authorities, and investors to create recovery action plans for sensitive sectors and give investors trust to make smarter investment decisions. © The author(s) 2022. This publication is an open access article.",,,,
S2,Uncertainty,doi:10.1111/jiec.13348,Building feature-based machine learning regression to quantify urban material stocks: A Hong Kong study,2023,Journal of Industrial Ecology,10.1111/jiec.13348,Scopus; Web of Science,material_stock; inventory_quantity; archetype_typology,,"Urban material stock (UMS) represents elegant thinking by perceiving cities as a repository of construction materials that can be reused in the future, rather than a burdensome generator of construction and demolition waste. Many studies have attempted to quantify UMS but they often fall short in accuracy, primarily owing to the lack of proper quantification methods or good data available at a micro level. This research aims to develop a simple but satisfactory model for UMS quantification by focusing on individual buildings. Generally, it is a “bottom-up” approach that uses building features to proximate the material stocks of individual buildings. The research benefits from a set of valuable, “post-mortem” ground truth data related to 71 buildings that have been demolished in Hong Kong. By comparing a series of machine learning-based models, a multiple linear regression model with six building features, namely building type, building year, height, perimeter, total floor area, and total floor number, is found to yield a satisfactory estimate of building material stocks with a mean absolute percentage error of 9.1%, root-mean-square error of 474.13, and R-square of 0.93. The major contribution of this research is to predict a building's material stock based on several easy-to-obtain building features. The methodology of machine learning regression is novel. The model provides a useful reference for quantifying UMS in other regions. Future explorations are recommended to calibrate the model when data in these regions is available. © 2022 by the International Society for Industrial Ecology.",,,,
S2,Uncertainty,doi:10.3390/su17146514,Integrating Noise Pollution into Life Cycle Assessment: A Comparative Framework for Concrete and Timber Floor Construction,2025,Sustainability (Switzerland),10.3390/su17146514,Scopus; Web of Science,spatial_bim,,"Despite the well-documented health risks of noise pollution, its impact remains overlooked mainly in life cycle assessment (LCA). This study introduces a methodological innovation by integrating both traffic and construction noise into the LCA framework for concrete construction, providing a more holistic and realistic evaluation of environmental and health impacts. By combining building information modeling (BIM) with LCA, the method automates material quantification and assesses both environmental and noise-related health burdens. A key advancement is the inclusion of health-based indicators, such as annoyance and sleep disturbance, quantified through disability-adjusted life years (DALYs). Two scenarios are examined: (1) a comparative analysis of concrete versus timber flooring and (2) end-of-life options (reuse vs. landfill). The results reveal that concrete has up to 7.4 times greater environmental impact than timber, except in land use. When noise is included, its contribution ranges from 7–33% in low-density regions (Darwin) and 62–92% in high-density areas (NSW), underscoring the critical role of local context. Traffic noise emerged as the dominant source, while equipment-related noise was minimal (0.3–1.5% of total DALYs). Timber slightly reduced annoyance but showed similar sleep disturbance levels. Material reuse reduced midpoint environmental impacts by 67–99.78%. Sensitivity analysis confirmed that mitigation measures like double glazing can cut noise-related impacts by 2–10% in low-density settings and 31–45% in high-density settings, validating the robustness of this framework. Overall, this study establishes a foundation for integrating noise into LCA, supporting sustainable material choices, environmentally responsible construction, and health-centered policymaking, particularly in noise-sensitive urban development. © 2025 by the authors.",,,,
S2,Uncertainty,doi:10.58845/jstt.utt.2022.en.2.1.9-20,Prediction of compressive strength of concrete at high heating conditions by using artificial neural network-based Bayesian regularization,2022,Journal of Science and Transport Technology,10.58845/jstt.utt.2022.en.2.1.9-20,Scopus,inventory_quantity,materials_engineering,"Cement concrete is the most commonly used material today for constructing residential or commercial buildings, industrial parks, or particular components such as tunnel slabs where there is a high risk of fire. This structure requires concrete to be subjected to high temperatures generated by fires. However, concrete under the influence of high temperature has very complex behavior states with deformations, physical and chemical changes as the temperature rises dramatically. In this study, an artificial neural network-based Bayesian regularization (ANN) model is proposed to predict the compressive strength of concrete. The database in this study includes 208 experimental results synthesized from laboratory experiments with 9 input variables related to temperature change and design material composition. The performance of the ANN model was evaluated using K-fold cross-validation and statistical criteria, including mean absolute error (MAE), root mean square error (RMSE), and coefficient of determination (R2). The results show that the proposed ANN model is a reasonable, highly accurate, and useful prediction tool for saving time and minimizing costly experiments. © 2022, University of Transport Technology. All rights reserved.",,,,
S2,Uncertainty,doi:10.1177/0734242x07079183,Exploration of urban deposits: Long-term prospects for resource and waste management,2007,Waste Management and Research,10.1177/0734242X07079183,Scopus; Web of Science,material_stock; mfa,,"Many materials currently in use are potentially available to become raw materials for future production if the materials are recycled instead of discarded as solid waste. However, the structure and life-expectancy of these secondary resources have not been sufficiently examined, and comprehensive methods for forecasting the availability of such materials are still lacking. This study presents a method for identifying anthropogenic material stocks in combination with the method of material flow analysis (MFA). The method was applied to copper in Switzerland as an example, with the focus on use in buildings. The exploration concept was a three-step process. First, a MFA identified the relevant stocks within the inventory of the region. Second, these stocks were inventoried through a building stock model and determination of key parameters that were defined by surveying selected buildings and from the literature. Third, the Study team developed a dynamic MFA model to describe the copper stocks and flows during the period 1900-2000. The results of the copper stock calculation (in kg capita(-1)) were: buildings 79 +/- 11, infrastructure 107 +/- 25, movables 34 +/- 9, landfills 50 +/- 12. The calibrated model enabled the study team to develop resource and waste management scenarios forecasting waste flows. It is shown that the conversion of buildings into other uses may affect the waste flows significantly.",,,,
S2,Uncertainty,doi:10.1021/acs.est.4c08994,Greenhouse Gas Emissions and Decarbonization Potential of Global Fired Clay Brick Production,2025,Environmental Science and Technology,10.1021/acs.est.4c08994,Scopus; Web of Science,,,"Fired clay bricks (FCBs) are a dominant building material globally due to their low cost and simplicity of production, especially in low- and middle-income countries. With a projected rising housing demand, commensurate growth in brick demand is anticipated, the production of which could result in significant greenhouse gas (GHG) emissions. Robust models are needed to estimate brick demand and emissions to systematically address decarbonization pathways. Few sources report production values; hence, we present two novel proxy models: (i) a consumption prediction model, relying on country-specific clay extraction data, dynamic building stock modeling, and average material intensity use allowing for projections to 2050; and (ii) a GHG emissions model, using literature-based data and production technology-specific inputs. Based on these models, the current global FCB consumption is estimated as 2.18 Gt annually, resulting in approximately 500 million tCO2e (1% of current global GHG emissions). If unaddressed, this fraction could increase to 3.5–5% in 2050 considering a moderate SSP 2-4.5 climate change mitigation scenario. Consequently, we explored three potential decarbonization pathways: (i) improving energy efficiency; (ii) shifting production to best practices; and (iii) replacing half of FCB demand with hollow concrete blocks, resulting in 27%, 49%, and 51% reduction in GHG emissions, respectively. © 2025 The Authors. Published by American Chemical Society",,,,
S2,Uncertainty,doi:10.1016/j.resconrec.2023.107142,Estimating the material intensity of wooden residential houses in Finland,2023,"Resources, Conservation and Recycling",10.1016/j.resconrec.2023.107142,Scopus,material_stock,,"Improving resource efficiency in the building sector is a significant challenge, largely due to a lack of knowledge about material usage in buildings. Material intensity (MI) quantifies materials used in buildings, normalized by floor area or volume. MIs serve as indices for material stock and flow models and as an inventory approach for assessing the environmental impact of the built environment. Therefore, this study aimed to determine MIs of Finnish wooden residential houses built between 1940 and 2010 due to the dominance of them in residential building stock and their demolition rates. Factors influencing MI and cross-country comparisons were also explored because they had not been explored enough in the literature. Results showed construction method, time cohort, floor area, design choices and footprint shape impacted MI. Accounting for variability of MI was recommended, particularly when using it for material stock and flow analysis. Data and method disparities restrict cross-country comparison of MI. © 2023 The Author(s)",,,,
S2,Uncertainty,doi:10.1021/acs.est.5b05790,"Stochastic Analysis and Forecasts of the Patterns of Speed, Acceleration, and Levels of Material Stock Accumulation in Society",2016,Environmental Science and Technology,10.1021/acs.est.5b05790,Scopus; Web of Science,material_stock,,"The recent acceleration of urbanization and industrialization of many parts of the developing world, most notably in Asia, has resulted in a fast-increasing demand for and accumulation of construction materials in society. Despite the importance of physical stocks in society, the empirical assessment of total material stock of buildings and infrastructure and reasons for its growth have been underexplored in the sustainability literature. We propose an innovative approach for explaining material stock dynamics in society and create a country typology for stock accumulation trajectories using the ARIMA (Autoregressive Integrated Moving Average) methodology, a stochastic approach commonly used in business studies and economics to inspect and forecast time series. This enables us to create scenarios for future demand and accumulation of building materials in society, including uncertainty estimates. We find that the so-far overlooked aspect of acceleration trends of material stock accumulation holds the key to explaining material stock growth, and that despite tremendous variability in country characteristics, stock accumulation is limited to only four archetypal growth patterns. The ability of nations to change their pattern will be a determining factor for global sustainability. (Graph Presented). © 2016 American Chemical Society.",,,,
S2,Uncertainty,doi:10.1080/09613218.2016.1264121,Materials in Germany’s domestic building stock: calculation model and uncertainties,2018,Building Research and Information,10.1080/09613218.2016.1264121,Scopus; Web of Science,material_stock; inventory_quantity; mfa,,"Building stocks are the dominant consumers of resources within national economies. Correspondingly, there is high demand for improved knowledge of material stocks and flows in the built environment. Material flow analysis is well suited to meet this demand. Although numerous studies have been conducted on this topic over recent years, these frequently lack applicability and transferability due to insufficient documentation or treatment of uncertainties. A new approach is presented here to calculate material stocks and flows for domestic buildings using the example of multi-family housing (MFH) in Germany. The approach is critically examined to determine its validity. The calculation process involves four steps: (1) building types are classified according to building age; (2) highly specific material composition indicators (MCIs) are calculated for the respective building types; (3) the total material stock as well as inflows and outflows are derived from the total floor space of Germany’s MFH; and (4) validity tests are performed to quantify uncertainties. The main results are age-based MCIs for MFH, the total material mass as well as quantitative information on parameter- and model-related uncertainties. Conclusions are drawn on the validity of results, the scalability and applicability of the model and its implementation, along with potential model refinements. © 2016 Informa UK Limited, trading as Taylor & Francis Group.",,,,
