Document Title,Authors,Author Affiliations,Publication Title,Date Added To Xplore,Publication Year,Volume,Issue,Start Page,End Page,Abstract,ISSN,ISBNs,DOI,Funding Information,PDF Link,Author Keywords,IEEE Terms,Mesh_Terms,Article Citation Count,Patent Citation Count,Reference Count,License,Online Date,Issue Date,Meeting Date,Publisher,Document Identifier,Source Files
A Computer Vision Approach for Estimating Embodied Carbon to Support Circular Economy Decisions,D. Rajaratnam; R. A. Stewart; T. Liu; A. S. Vieira; I. Amarasinghe,"School of Engineering and Built Environment, Griffith University, Gold Coast, Australia; School of Engineering and Built Environment, Griffith University, Gold Coast, Australia; School of Engineering and Built Environment, Griffith University, Gold Coast, Australia; Seqwater, Brisbane, QLD, Australia; School of Engineering and Built Environment, Griffith University, Gold Coast, Australia",2025 5th International Conference on Advanced Research in Computing (ICARC),16 Apr 2025,2025,,,1,6,"The circular economy of urban settlements is essential for sustainability and limiting climate change to under 2°C. While the circular economy in building stocks can be achieved through design optimized for resource recovery, challenges persist due to insufficient data on existing building stocks, material weights, and geo-locations. Urban building stock estimation and mining address these issues by mapping and analysing building resources. However, traditional urban mining methods are time-consuming, costly, and rely on expert assumptions. This study applied a novel computer vision approach and tested ResNet and DenseNet deep learning models to classify typical building facades in Australia. It automatically estimated the façade material stock and its embodied carbon. The ResNet-50 model achieved the highest performance (F1-score: 0.77, Accuracy: 0.803) and was deployed in Southport (SA 3) of the city of Gold Coast. Of the available image data, 78% was successfully inferred in Southport, while 22% remained unidentified due to the coverage limitations of open-street view images. Using model predictions, semantic data, and expert consensus, façade material stock weight was estimated, and embodied carbon coefficients were applied to account for the total embodied carbon. Results show that larger-scale autonomous stock estimation is feasible, offering significant advantages over traditional methods. This approach supports data-driven circular economy applications for sustainable urban planning and climate change mitigation.",,979-8-3315-3098-3,10.1109/ICARC64760.2025.10963282,Griffith University; ,https://ieeexplore.ieee.org/stamp/stamp.jsp?arnumber=10963282,building façade;circular economy;computer vision;embodied carbon;estimation,Computer vision;Climate change;Biological system modeling;Computational modeling;Buildings;Urban planning;Estimation;Data mining;Carbon;Sustainable development,,,,33.0,IEEE,16 Apr 2025,19-20 Feb. 2025,19-20 Feb. 2025,IEEE,IEEE Conferences,S1-1A IEEE.csv; S1-1B IEEE.csv; S1-1C IEEE.csv
SIGHT: Stacked Integration of Geospatial Hierarchical Typologies for Inferring Building Characteristics,D. S. Adams; J. Moehl; C. Stipek; T. Hauser; P. Li,"Geospatial Science and Human Security Division, Oak Ridge National Laboratory, Oak Ridge, TN, USA; Geospatial Science and Human Security Division, Oak Ridge National Laboratory, Oak Ridge, TN, USA; Geospatial Science and Human Security Division, Oak Ridge National Laboratory, Oak Ridge, TN, USA; Geospatial Science and Human Security Division, Oak Ridge National Laboratory, Oak Ridge, TN, USA; Department of Earth Sciences, Tennessee Technological University, Cookeville, TN, USA",2024 IEEE International Conference on Big Data (BigData),16 Jan 2025,2024,,,5775,5784,"Building characteristics are often absent in building stock datasets, particularly in regions most vulnerable to climate change and requiring effective disaster management strategies. Traditional machine learning approaches, while widely used to predict building attributes, typically neglect the spatial context of the data, leading to less accurate and reliable outcomes. To address these challenges, this paper introduces a novel algorithm, the Stacked Integration of Geospatial Hierarchical Typologies. This algorithm adapts a meta-learning framework to incorporate geospatial context into the predictive modeling process. We demonstrate the utility of the algorithm through two primary use cases: building use type classification and building height prediction. The algorithm consistently achieved or exceeded a 0.94 macro average F1 score across five geographically distinct countries for building use type classification. For building height prediction, it accurately predicted heights with a root mean square error of 3.01 in a comprehensive study using roughly 3.6 million buildings in Japan. These results underscore the benefits of integrating spatial hierarchies into machine learning models, enhancing both predictive accuracy and reliability in geospatial modeling. This work introduces a new algorithm to address the pervasive data sparsity issue in existing building stock datasets.",2573-2978,979-8-3503-6248-0,10.1109/BigData62323.2024.10825334,,https://ieeexplore.ieee.org/stamp/stamp.jsp?arnumber=10825334,Hierarchical modeling;Machine Learning;Building Characterization;Building Morphology;GeoAI,Adaptation models;Machine learning algorithms;Accuracy;Buildings;Machine learning;Predictive models;Prediction algorithms;Geospatial analysis;Classification algorithms;Reliability,,4.0,,30.0,IEEE,16 Jan 2025,15-18 Dec. 2024,15-18 Dec. 2024,IEEE,IEEE Conferences,S1-1A IEEE.csv; S1-1B IEEE.csv; S1-1C IEEE.csv
Expanding IE Model Applications with Real-World Case Studies of Bridge Structures,,,"Dynamics of Civil Structures, 2024",,2025,,,87,94,"Dynamics of Civil Structures, Volume 2: Proceedings of the 42nd IMAC, A Conference and Exposition on Structural Dynamics, 2024, the second volume of ten from the Conference brings together contributions to this important area of research and engineering. The collection presents early findings and case studies on fundamental and applied aspects of the Dynamics of Civil Structures, including papers on: Structural Vibration Dynamics of Bridges, Buildings, and Infrastructure Systems Innovative Sensors and Measurement Techniques for Structural Applications Structural Control and Vibration Mitigation Human Induced Vibrations and Human-Structure Interaction Modal Identification of Structural Systems Human Health Monitoring Using Structural Sensing Field Monitoring of Vibrations",,9788743800552,,,https://ieeexplore.ieee.org/xpl/ebooks/bookPdfWithBanner.jsp?fileName=11055248.pdf&bkn=11054460&pdfType=chapter,,,,,,,,1 Jul 2025,,,River Publishers,River eBook Chapters,S1-1C IEEE.csv
FPGA-Accelerated Feature Extraction for an AI-Based Automatic Modulation Classification System,F. F. Nascimento; G. Cavalcanti Batista; B. C. S. Sanches; O. Saotome,"Electronic Engineering Division, Aeronautics Institute of Technology (ITA), Brazil; Division of Material and Structural Mechanics, KTH Royal Institute of Technology, Stockholm, Sweden; Department of Electronic Systems, University of São Paulo (USP), São Paulo, Brazil; Electronic Engineering Division, Aeronautics Institute of Technology (ITA), Brazil",2026 IEEE International Symposium on Circuits and Systems (ISCAS),18 Jun 2026,2026,,,768,772,"Real-time Automatic Modulation Classification (AMC) is limited by the high computational cost of deep learning models on edge devices. This work validates the feasibility of a low-cost, feature-based AMC system designed for future full hardware implementation. The system’s robustness is demonstrated through a hybrid HW/SW approach, where 59 features extracted by an FPGA IP core feed a 4-bit quantized lightweight MLP neural network classifier. The extractor’s implementation on a Zynq-7020 SoC is highly efficient (30µs latency, 107mW), and the final system achieves 85.11% mean accuracy with minimal degradation. The results validate the approach as an efficient and low-cost solution, establishing a practical path for the implementation of real-time AMC on edge devices.",2158-1525,979-8-3315-7769-8,10.1109/ISCAS66217.2026.11562845,,https://ieeexplore.ieee.org/stamp/stamp.jsp?arnumber=11562845,AMC;Feature-based;FPGA;Hardware Accelerator;RF Modulation Recognition,Hardware;Modulation;Modeling;Printing;Accuracy;Signal to noise ratio;IP networks;Conferences;Convolutional neural networks;Equations,,,,26.0,IEEE,18 Jun 2026,24-28 May 2026,24-28 May 2026,IEEE,IEEE Conferences,S1-1B IEEE.csv; S1-1C IEEE.csv
A Decade of Three-Dimensional Urban Change: Unsupervised Changepoint-Driven Post-Processing for Satellite-Based Building-Height Predictions,S. Papini; S. X. Rao; L. Lerren Curacha; M. Jiang; P. Egger,"Chair of Applied Economics, ETH Zurich, Zurich, Switzerland; Chair of Applied Economics, ETH Zurich, Zurich, Switzerland; Chair of Applied Economics, ETH Zurich, Zurich, Switzerland; Chair of Applied Economics, ETH Zurich, Zurich, Switzerland; Chair of Applied Economics, ETH Zurich, Zurich, Switzerland",2025 Joint Urban Remote Sensing Event (JURSE),16 Jul 2025,2025,CFP25RSD-ART,,1,4,"This work demonstrates how archives of daylight satellite data can be utilized to inform urban studies about the micro-regional, annual building-stock evolution over longer time spans. We predict building footprint and height on a 5-meter resolution to generate an 11-year panel data set for Beijing. In order to achieve this, we employ a U-Net algorithm on multiple scenes of the same region per year from the RapidEye legacy archive. We introduce a post-processing pipeline to address prediction variation over time with a changepoint detection algorithm, Pruned Exact Linear Time (PELT). The method is straightforward to use and does not require any longitudinal labels that are hard to obtain as input. We also compare our results with well-known data sources such as the Global Human Settlement Layer (GHSL) and show our strengths and contributions in modeling annual building volume change.",2642-9535,979-8-3503-7183-3,10.1109/JURSE60372.2025.11076077,,https://ieeexplore.ieee.org/stamp/stamp.jsp?arnumber=11076077,Urban Studies;Remote Sensing;Post-processing;Deep Learning;Building Volume;Changepoint Detection,Deep learning;Solid modeling;Satellites;Soft sensors;Buildings;Pipelines;Prediction algorithms;Data models;Detection algorithms;Remote sensing,,1.0,,6.0,IEEE,16 Jul 2025,5-7 May 2025,5-7 May 2025,IEEE,IEEE Conferences,S1-1A IEEE.csv; S1-1B IEEE.csv
The EEFIT Remote Sensing Reconnaissance Mission for the February 2023 Turkey Earthquakes,B. Voelker; P. Milillo; A. Tavakkoliestahbanati; V. Macchiarulo; G. Giardina; M. Recla; M. Schmitt; M. Cescon; Y. D. Aktas; E. So,"Department of Civil & Environmental Engineering, University of Houston, Houston, TX, USA; Department of Civil & Environmental Engineering, University of Houston, Houston, TX, USA; Department of Civil & Environmental Engineering, University of Houston, Houston, TX, USA; Department of Geoscience and Engineering, Delft University of Technology, Delft, Netherlands; Department of Geoscience and Engineering, Delft University of Technology, Delft, Netherlands; Institute of Space Technology & Space Applications, Bundeswehr University Munich, Neubiberg, Germany; Institute of Space Technology & Space Applications, Bundeswehr University Munich, Neubiberg, Germany; Department of Mechanical Engineering, University of Houston, Houston, TX, USA; Department of Civil, Environmental & Geomatic Engineering, University College London, London, U.K.; Department of Architecture, University of Cambridge, Cambridge, U.K.",IEEE Journal of Selected Topics in Applied Earth Observations and Remote Sensing,28 Oct 2024,2024,17,,19160,19173,"Accurate and rapid postearthquake structural damage assessment is of vital importance for humanitarian relief. Remote sensing techniques have the potential to map large areas with reduced data latency but are limited by several factors, including accuracy (compared to in-situ monitoring campaigns) and data acquisition frequency. Current damage assessment techniques relying on remote sensing data enable rapid assessment in situations where on-site reconnaissance is not possible or desirable. Yet, these techniques rely on different scales, measurement methods, and spatial resolutions, making it difficult to assimilate many different damage products in a homogeneous damage map. Here, we present the results of the U.K.’s Earthquake Engineering Field Investigation Team's remote-sensing-based reconnaissance mission, which was carried out in the aftermath of the series of earthquakes that struck Turkey and Syria in February 2023. We use a set of publicly available damage maps based on synthetic aperture radar, optical imaging, and ground-based reports as well as in-house developed damage products and assess their relative accuracies. We describe the process of supporting on-site reconnaissance planning by creating maps that describe the building stock and diversity of damage in southeast Turkey to assist field survey teams in selecting regions that represent a diverse sample of building typologies and damage levels. Our results show that satellite-based remote sensing damage maps disagree with each other, and extensive validation data are still required to characterize the accuracy of each method at both high and medium resolution. Finally, we provide recommendations for planning and validation of future earthquake response efforts.",2151-1535,,10.1109/JSTARS.2024.3476029,"University of Houston; Commercial Smallsat Data Scientific Analysis Program of NASA(grant numbers:NNH22ZDA001N-CSDSA); Decadal Survey Incubation Program: Science and Technology(grant numbers:NNH21ZDA001N-DSI); German Research Foundation(grant numbers:SCHM 3322/3–1); EPSRC's “Learning From Earthquakes: Building Resilient Communities Through Earthquake Reconnaissance, Response and Recovery”(grant numbers:EP/P025641/1,EP/P025951/1); Dutch Research Council(grant numbers:OCENW.XS5.114); ",https://ieeexplore.ieee.org/stamp/stamp.jsp?arnumber=10713507,Damage assessment;earthquake;remote sensing;Turkey,Earthquakes;Buildings;Remote sensing;Reconnaissance;Urban areas;Synthetic aperture radar;Satellites;Optical imaging;Accuracy;Surveys,,12.0,,47.0,CCBYNCND,10 Oct 2024,2024,,IEEE,IEEE Journals,S1-1A IEEE.csv; S1-1B IEEE.csv
Remote sensing and omnidirectional imaging for efficient building inventory data-capturing: Application within the Earthquake Model Central Asia,M. Wieland; M. Pittore; S. Parolai; J. Zschau,"Helmholtz Center Potsdam GFZ German Research Center for Geosciences, Germany; Helmholtz Center Potsdam GFZ German Research Center for Geosciences, Germany; Helmholtz Center Potsdam GFZ German Research Center for Geosciences, Germany; Helmholtz Center Potsdam GFZ German Research Center for Geosciences, Germany",2012 IEEE International Geoscience and Remote Sensing Symposium,10 Nov 2012,2012,,,3010,3013,"Local governments are often unable to keep track of the building inventory exposed to seismic hazard, due to high urbanization rates and an increasingly high spatio-temporal variability in many present-day cities. In order to provide a time- and cost-efficient approach to estimate building inventory and thus structural vulnerability that allows for assessing and monitoring seismic risk on different scales over large areas, the use of satellite remote sensing in combination with ground-based omnidirectional imaging is tested and applied. Latest image processing and statistical learning algorithms are used on multiple imaging sources in the framework of an integrated sampling scheme. Each imaging source and technique is used to capture specific, scale-dependent information of the exposed building stock. Preliminary results from an application within the Earthquake Model Central Asia (EMCA) are presented.",2153-7003,978-1-4673-1159-5,10.1109/IGARSS.2012.6350792,,https://ieeexplore.ieee.org/stamp/stamp.jsp?arnumber=6350792,urban remote sensing;seismic vulnerability;omnidirectional imaging;Central Asia,,,4.0,,10.0,IEEE,10 Nov 2012,22-27 July 2012,22-27 July 2012,IEEE,IEEE Conferences,S1-1A IEEE.csv; S1-1B IEEE.csv
Detection of building radar footprints from single VHR SAR images,J. Chen; F. Wu; C. Wang; W. Lei,"CAS, Institute of Remote Sensing and Digital Earth, China; CAS, Institute of Remote Sensing and Digital Earth, China; CAS, Institute of Remote Sensing and Digital Earth, China; Nanjing Research Institute of Electronics Technology, Nanjing, China",2016 IEEE International Geoscience and Remote Sensing Symposium (IGARSS),3 Nov 2016,2016,,,7326,7329,"The new advanced very high resolution (VHR) synthetic aperture radar (SAR) sensors are capable of achieving sub-meter resolution, which offers the opportunity for a fine level of analysis of man-made structures. In this paper, we present a method for the detection and 2-D reconstruction of building radar footprints from VHR SAR scenes. The method is based on the extraction of a set of low-level features from the image and on their composition to more structured primitives using a perceptual organization method. Based on the backscattering model of gable-roofed building, building candidates are firstly detected with a circular detector proposed in this paper, then roof edges are extracted by a line detector and radar footprints are finally reconstructed. Experimental results confirm that our algorithm performs well.",2153-7003,978-1-5090-3332-4,10.1109/IGARSS.2016.7730911,,https://ieeexplore.ieee.org/stamp/stamp.jsp?arnumber=7730911,Building detection;very high resolution (VHR);perceptual organization;gable-roofed;shadow,Buildings;Feature extraction;Synthetic aperture radar;Detectors;Image edge detection;Image resolution;Image reconstruction,,,,16.0,IEEE,3 Nov 2016,10-15 July 2016,10-15 July 2016,IEEE,IEEE Conferences,S1-1B IEEE.csv
Propagation model for building blockage in satellite mobile communication systems,P. A. Tirkas; C. M. Wangsvick; C. A. Balanis,"Department of Electrical Engineering, Telecommunications Research Center, Arizona State University, Tempe, AZ, USA; Department of Electrical Engineering, Telecommunications Research Center, Arizona State University, Tempe, AZ, USA; Department of Electrical Engineering, Telecommunications Research Center, Arizona State University, Tempe, AZ, USA",IEEE Transactions on Antennas and Propagation,6 Aug 2002,1998,46,7.0,991,997,"A propagation model for building blockage in satellite mobile communication systems is developed. This model characterizes the signal transmitted from a low-Earth orbiting (LEO) satellite when there is an obstruction in the path of the signal. The obstruction is assumed to be a man-made structure. The analysis is performed using the uniform theory of diffraction (UTD). Using this method, both single and double diffractions from the structure edges were included. Direct and reflected rays from the ground and building were also included, whenever the satellite signal was not completely obstructed. The satellite is assumed to be moving along a circular orbit while the receiver is stationary. The normalized signal level (in decibels) and the signal attenuation rate (in decibels per second) are computed. Such information is considered very useful in developing the mobile system's hand-off algorithm.",1558-2221,,10.1109/8.704800,,https://ieeexplore.ieee.org/stamp/stamp.jsp?arnumber=704800,,Artificial satellites;Mobile communication;Low earth orbit satellites;Physical theory of diffraction;Buildings;Attenuation;Performance analysis;Solid modeling;Mobile antennas;Reflection,,19.0,,10.0,IEEE,6 Aug 2002,July 1998,,IEEE,IEEE Journals,S1-1B IEEE.csv
Closed Form Approximations for UAV Line-of-Sight Probability in Urban Environments,I. Mohammed; S. Gopalam; I. B. Collings; S. V. Hanly,"School of Engineering, Macquarie University, Sydney, NSW, Australia; School of Engineering, Macquarie University, Sydney, NSW, Australia; School of Engineering, Macquarie University, Sydney, NSW, Australia; School of Engineering, Macquarie University, Sydney, NSW, Australia",IEEE Access,27 Apr 2023,2023,11,,40162,40174,This paper presents a new approach to estimate the probability of line-of-sight (LoS) for unmanned aerial vehicle (UAV) communications. We provide lower and upper bounds on the probability of LoS in terms of what we call the first-building-LoS probability. We provide a statistical model for the ground distance to the first building along the line from the user to the UAV. Based on this we provide a general formula for the first-building-LoS probability for urban environments where the building heights follow a Rayleigh distribution. We show that the first-building-LoS probability is a good estimate for the probability of LoS. Our closed-form formulas estimate the probability of LoS significantly more accurately than the existing approaches. We also obtain closed-form estimates of Area Line-of-Sight Probabilities for a scenario in which the UAV provides coverage to a circular region on the ground.,2169-3536,,10.1109/ACCESS.2023.3267808,Australian Research Council Discovery Project(grant numbers:DP200101627); ,https://ieeexplore.ieee.org/stamp/stamp.jsp?arnumber=10103694,Aerial base stations;channel modelling;drones;probability of line of sight;UAV communications;unmanned aerial vehicles,Buildings;Autonomous aerial vehicles;Probability;Urban areas;Line-of-sight propagation;Base stations;Monte Carlo methods,,17.0,,37.0,CCBY,17 Apr 2023,2023,,IEEE,IEEE Journals,S1-1B IEEE.csv
UAV Aerial Base Stations With Dipole Antennas,Q. Yang; I. B. Collings; S. V. Hanly,"School of Engineering, Macquarie University, Sydney, NSW, Australia; School of Engineering, Macquarie University, Sydney, NSW, Australia; School of Engineering, Macquarie University, Sydney, NSW, Australia",IEEE Open Journal of the Communications Society,14 Jul 2026,2026,7,,7686,7702,"This paper considers using an uncrewed aerial vehicle (UAV) with a dipole antenna to provide connectivity for ground-based users (UEs). We formulate a notion of hotspot coverage and optimize the UAV flight altitude to maximize the hot-spot coverage area for a horizontally orientated dipole antenna. We also characterize the wide-area ground coverage connectivity region of the horizontally oriented antenna. We compare this with a vertically orientated antenna, considering antenna length, radiation pattern, and impedance matching efficiency. Results show that the horizontal antenna provides better hot-spot performance, and that for wide-area connectivity, the vertical antenna has superior performance in low-to-medium building height environments, while the horizontal antenna is best in high-rise environments.",2644-125X,,10.1109/OJCOMS.2026.3709581,Australian Research Council’s Discovery Project Funding Scheme(grant numbers:DP230102252); ,https://ieeexplore.ieee.org/stamp/stamp.jsp?arnumber=11593815,UAV;unmanned aerial vehicles;drones;dipole antennas;communication;aerial base stations;ABS;impedance of antennas;channel modeling,Autonomous aerial vehicles;Antennas;Cells (biology);Grounding;Dipole antennas;Buildings;Modeling;Joining processes;Algorithms;Conferences,,,,38.0,CCBY,2 Jul 2026,2026,,IEEE,IEEE Journals,S1-1B IEEE.csv
Ray-Tracing Based Channel Modeling and Characteristics Analysis for LEO Satellite-to-Ground Systems,K. Zhang; S. Yang; Y. Wang; J. Huang; C. -X. Wang,"National Mobile Communications Research Laboratory, School of Information Science and Engineering, Southeast University, 210096, China; Purple Mountain Laboratories, Nanjing, China; Purple Mountain Laboratories, Nanjing, China; National Mobile Communications Research Laboratory, School of Information Science and Engineering, Southeast University, 210096, China; National Mobile Communications Research Laboratory, School of Information Science and Engineering, Southeast University, 210096, China",2024 18th European Conference on Antennas and Propagation (EuCAP),26 Apr 2024,2024,,,1,5,"With the vision of global coverage for the sixth generation (6G) wireless communication systems, the low Earth orbit (LEO) satellite systems have drawn considerable attention. In this paper, A LEO satellite-to-ground channel model for urban scenarios is proposed based on ray-tracing. The channel model is divided into the atmospheric part and near-ground part, and the effects of ionospheric scintillation, rainfall, and multipath are studied. The model analyzes the multipath effect in the near-ground with the image method, assuming that the incident rays come from a circular plane transmitter over the ground. Channel characteristics such as delay power spectral density (PSD) and received power of signals are derived. The simulation results show that the received power increases with the satellite elevation angle increasing in urban scenarios.",,978-88-31299-09-1,10.23919/EuCAP60739.2024.10501196,"National Key R&D Program of China(grant numbers:2021YFB2900300); Fundamental Research Funds for the Central Universities(grant numbers:2242022k60006); Key Technologies R&D Program of Jiangsu(grant numbers:BE2022067,BE2022067-1); National Natural Science Foundation of China (NSFC)(grant numbers:62394290,62394291,61960206006,62271147); ",https://ieeexplore.ieee.org/stamp/stamp.jsp?arnumber=10501196,Channel modeling;LEO satellite communication;ray-tracing;urban environment,Analytical models;Satellites;Rain;Atmospheric modeling;Simulation;Urban areas;Low earth orbit satellites,,8.0,,18.0,,26 Apr 2024,17-22 March 2024,17-22 March 2024,IEEE,IEEE Conferences,S1-1B IEEE.csv
Land–Satellite Communication Links,N. Blaunstein; C. G. Christodoulou,NA; NA,Radio Propagation and Adaptive Antennas for Wireless Communication Networks,,2014,,,639,675,"Signal propagation in land‐satellite communication (LSC) systems for the last several decades has become an essential consideration, especially when high‐rate data services are involved. This chapter presents the statistical models, which more precisely predict the link budget in the LSC links, and with which the chapter compares the proposed physical–statistical models. The physical statistical models are based on the classical aspects of radio propagation over the terrain and on the statistical description of obstructions placed randomly on the rough terrain. Such models can be adapted to use the Markov's chain approach, as a basic aspect of pure statistical models. So, despite the fact that some researchers separate statistical and physical–statistical models and show them separately, the chapter shows how to unify these approaches. Finally, it presents prediction of fading viability in different satellite megacell networks, as a proof of the proposed physical–statistical approach based on multiparametric stochastic model.",,9781118816691,10.1002/9781118816707.ch14,,https://ieeexplore.ieee.org/xpl/ebooks/bookPdfWithBanner.jsp?fileName=8043730.pdf&bkn=8040080&pdfType=chapter,,Satellite broadcasting;Orbits;Earth;Fading channels;Low earth orbit satellites,,,,,,22 Sep 2017,,,Wiley,Wiley Telecom eBook Chapters,S1-1B IEEE.csv
Repeat-pass interferometry with airborne synthetic aperture radar,A. L. Gray; P. J. Farris-Manning,"Canada Centre for Remote Sensing, Ottawa, Canada; CCRS, Ottawa, Canada",IEEE Transactions on Geoscience and Remote Sensing,6 Aug 2002,1993,31,1.0,180,191,"It is shown that interference can be observed by coherently combining pairs of either X- or C-band airborne synthetic aperture radar (SAR) images from separate passes over the same test site. Coherence between separate images is obtained only if the aircraft is flown, and the data are processed in such a way that each resolution cell in the two images is viewed with very nearly the same geometry. Successful repeat-pass interferometric results were obtained from those passes flown by the CCRS Convair 580 aircraft with flight-line offsets of less than a few tens of meters. A summary of the experiment, the phase correction of nonrectilinear aircraft motion, and the subsequent data processing is provided.<>",1558-0644,,10.1109/36.210459,,https://ieeexplore.ieee.org/stamp/stamp.jsp?arnumber=210459,,Synthetic aperture radar;Aircraft;Surface topography;Coherence;Extraterrestrial measurements;Spaceborne radar;Satellites;Testing;Optical interferometry;Area measurement,,85.0,1.0,26.0,IEEE,6 Aug 2002,Jan. 1993,,IEEE,IEEE Journals,S1-1B IEEE.csv
Modeling and Performance Analysis of Vertical Heterogeneous Networks Under 3D Blockage Effects and Multiuser MIMO Systems,D. Alkama; M. Azni; M. A. Ouamri; X. Li,"Université de Bejaia, Faculté de Technologie, Laboratoire d'Informatique Médicale (LIMED), Bejaia, Algérie; Université de Bejaia, Faculté de Technologie, Laboratoire d'Informatique Médicale (LIMED), Bejaia, Algérie; Departement of Network and Telecommunications, L2TI Laboratory, Université, Sorbone Paris Nord, Villetaneuse, France; School of Physics and Electronics Information Engineering, Henan Polytechnic University, Jiaozuo, China",IEEE Transactions on Vehicular Technology,22 Jul 2024,2024,73,7.0,10090,10105,"In dense cities, vertical heterogeneous networks (VHetNets) operating in the millimeter wave (mmWave) bands can deliver massive data rates and bridge coverage gaps, but are prone to 3D blockages and suffer from high penetration loss. Drawing on stochastic geometry theory, this paper studies the downlink performance in a mmWave network of Ground Bases Stations (GBSs) assisted by a finite number of Unmanned Aerial Vehicle (UAV)-Base Stations (UBSs) under 3D blockage effects of buildings. The UBSs are distributed according to Binomial Point Process within a bounded circular area. To mitigate the significant propagation loss, we deploy multiuser multiple-input-multiple-output (MU-MIMO) at the UBS. The buildings are modeled by a Boolean scheme of rectangles with a height following exponential distribution. To depict a hotspot scenario, the users (UEs) distribution is modeled as a Thomas Cluster Process and gathered around the GBSs. Then, we have developed formulas for LoS/NLoS probabilities, that take into account the density, height, and area of blockages. Assuming shadowing, Nakagami-m fading channels, and using the gamma approximation, we evaluate the coverage probability and area spectral efficiency (ASE). In addition, a 3D beamforming analysis is performed. The analytical results are validated through Monte Carlo simulations. The findings reveal that in dense areas, UBSs can improve performance with an optimal number, altitude, and tilt angle, that depend on the target area and the city's blockage density index. Furthermore, MU-MIMO transmission enhances the ASE.",1939-9359,,10.1109/TVT.2024.3366655,"General Directorate for Scientific Research and Technological Development, Ministry of Higher Education and Scientific Research, Algeria; ",https://ieeexplore.ieee.org/stamp/stamp.jsp?arnumber=10438891,3D blockage effects;binomial point process;LoS/NLoS;MU-MIMO;stochastic geometry;UAV,Three-dimensional displays;Millimeter wave communication;Buildings;Solid modeling;Autonomous aerial vehicles;MIMO;Analytical models,,10.0,,44.0,IEEE,16 Feb 2024,July 2024,,IEEE,IEEE Journals,S1-1B IEEE.csv
Multi-LSTM-Based Framework for Ambient Intelligence,K. Grimmelsman,,"Dynamics of Civil Structures, 2021",,2022,,,75,82,"Dynamics of Civil Structures, Volume 2: Proceedings of the 39th IMAC, A Conference and Exposition on Structural Dynamics, 2021, the second volume of nine from the Conference brings together contributions to this important area of research and engineering. The collection presents early findings and case studies on fundamental and applied aspects of the Dynamics of Civil Structures, including papers on: Structural Vibration Humans & Structures Innovative Measurement for Structural Applications Smart Structures and Automation Modal Identification of Structural Systems Bridges and Novel Vibration Analysis Sensors and Control",,9788743800125,,,https://ieeexplore.ieee.org/xpl/ebooks/bookPdfWithBanner.jsp?fileName=11055771.pdf&bkn=11054342&pdfType=chapter,,,,,,,,1 Jul 2025,,,River Publishers,River eBook Chapters,S1-1B IEEE.csv
Performance Validation of Daylighting and Energy Use in Multi-Unit Residential Buildings,J. Rywak; M. T. Araji,"Civil Engineering, University of Waterloo, Waterloo, Canada; School of Architecture, University of Waterloo, Waterloo, Canada",2026 ASU International Conference in Emerging Technologies for Sustainability and Intelligent Systems (ICETSIS),12 Jun 2026,2026,,,1117,1122,"Daylighting is an essential aspect of both building performance and occupant health, revealing the need to develop a deeper understanding of the relationship between building parameters, daylight and energy use. For the common archetype of multi-unit residential buildings in cold climates, this link has not been thoroughly studied in the past, especially considering the impact of balconies and individual unit geometry. To perform this analysis, daylighting models were made for fourteen case study buildings in the same region to estimate spatial daylight autonomy ($s D A$), annual sunlight exposure (ASE), and illuminance for four 6 m by 6 m sample areas facing each cardinal direction. The energy use of the building was also modelled, with the energy use intensity (EUI) extracted for each unit corresponding to the selected daylighting areas. The analysis found increased EUI with overall decreased daylighting across the different orientations and units. In addition, a significant portion of units studied did not meet standard daylighting thresholds - 37.5% for sDA and 44.6% for illuminance, which raises health concerns for residents of these units. Using a correlation analysis, the parameters found to have the greatest impact on EUI were balcony width and unit aspect ratio. For $sDA$, unit window-to-wall ratio and the fraction of the unit contacting other units were found to be the most significant. An optimization of these variables was used to find the optimal values of these parameters.",,979-8-3315-7229-7,10.1109/ICETSIS68266.2026.11549302,,https://ieeexplore.ieee.org/stamp/stamp.jsp?arnumber=11549302,Daylighting simulation;Energy efficiency;Building performance;Multi-unit residential buildings,Buildings;Energy;Modeling;Daylighting;Measurement units;Printing;Measurement;Windows;Optimization;Design methodology,,,,40.0,IEEE,12 Jun 2026,6-7 May 2026,6-7 May 2026,IEEE,IEEE Conferences,S1-1B IEEE.csv
A vectorization method of building edge based on high resolution DSM data,Y. Yin; H. Zhao; F. Yang; D. Shang; J. Liu,"Xi'an Surveying and Mapping Technological Center, Xian, SX, China; Xi'an Surveying and Mapping Technological Center, Xian, SX, China; Xi'an Surveying and Mapping Technological Center, Xian, SX, China; Xi'an Surveying and Mapping Technological Center, Xian, SX, China; Department of Geography and Environmental Management, University of Waterloo, Waterloo, ON, Canada",2016 IEEE International Geoscience and Remote Sensing Symposium (IGARSS),3 Nov 2016,2016,,,1572,1574,"Combing the trait that the building outline can be reflected in high resolution DSM data, the extraction method of building top and the edge point of building top is studied based on region growing Algorithm, and then the edge point is tracked in vectorization. The regularization processing method toward the regular building and circular building is researched based on the classification of construction type. The present method is implemented by programming and is then applied to auxiliary production of DLG data.",2153-7003,978-1-5090-3332-4,10.1109/IGARSS.2016.7729401,,https://ieeexplore.ieee.org/stamp/stamp.jsp?arnumber=7729401,High Resolution DSM;Edge Extraction;Edge Vectorization;Vetor Regularization,Buildings;Feature extraction;Data mining;Image edge detection;Production;Urban areas;Image resolution,,1.0,,7.0,IEEE,3 Nov 2016,10-15 July 2016,10-15 July 2016,IEEE,IEEE Conferences,S1-1B IEEE.csv
Deep Learning Approach for Classifying the Built Year and Structure of Individual Buildings by Automatically Linking Street View Images and GIS Building Data,Y. Ogawa; C. Zhao; T. Oki; S. Chen; Y. Sekimoto,"Center for Spatial Information Science, University of Tokyo, Tokyo, Japan; Department of Civil Engineering, University of Tokyo, Tokyo, Japan; School of Environment and Society, Tokyo Institute of Technology, Tokyo, Japan; Department of Civil Engineering, University of Tokyo, Tokyo, Japan; Center for Spatial Information Science, University of Tokyo, Tokyo, Japan",IEEE Journal of Selected Topics in Applied Earth Observations and Remote Sensing,8 Feb 2023,2023,16,,1740,1755,"The built year and structure of individual buildings are crucial factors for estimating and assessing potential earthquake and tsunami damage. Recent advances in sensing and analysis technologies allow the acquisition of high-resolution street view images (SVIs) that present new possibilities for research and development. In this study, we developed a model to estimate the built year and structure of a building using omnidirectional SVIs captured using an onboard camera. We used geographic information system (GIS) building data and SVIs to generate an annotated built-year and structure dataset by developing a method to automatically combine the GIS data with images of individual buildings cropped through object detection. Furthermore, we trained a deep learning model to classify the built year and structure of buildings using the annotated image dataset based on a deep convolutional neural network (DCNN) and a vision transformer (ViT). The results showed that SVI accurately predicts the built year and structure of individual buildings using ViT (overall accuracies for structure = 0.94 [three classes] and 0.96 [two classes] and for age = 0.68 [six classes] and 0.90 [three classes]). Compared with DCNN-based networks, the proposed Swin transformer based on ViT architectures effectively improves prediction accuracy. The results indicate that multiple high-resolution images can be obtained for individual buildings using SVI, and the proposed method is an effective approach for classifying structures and determining building age. The automatic, accurate, and large-scale mapping of the built year and structure of individual buildings can help develop specific disaster prevention measures.",2151-1535,,10.1109/JSTARS.2023.3237509,JSPS KAKENHI(grant numbers:JP 20K15001); ,https://ieeexplore.ieee.org/stamp/stamp.jsp?arnumber=10018300,Building identification;deep learning;object detection;street view images (SVIs);Swin transformer,Buildings;Earthquakes;Urban areas;Geographic information systems;Data models;Deep learning;Training,,32.0,,57.0,CCBY,16 Jan 2023,2023,,IEEE,IEEE Journals,S1-1D IEEE.csv
"Optimizing Building Footprint Extraction from UAV Imagery Using Pretrained Deep Learning Models: A Case Study in University of Phayao, Thailand",K. Maomool; S. Suttara; S. Lerk-u-suke,"Department of Geographic Information Science, School of Information and Communication Technology, University of Phayao, Phayao, Thailand; Western University, Kanchanaburi, Thailand; Department of Geographic Information Science, School of Information and Communication Technology, University of Phayao, Phayao, Thailand",2024 Geoinformatics for Spatial-Infrastructure Development in Earth and Allied Sciences (GIS-IDEAS),16 May 2025,2024,,,1,5,"This study investigates an optimization of deep learning models, the ArcGIS pretrained model (Building Foorprint Extraction-USA), for detecting building footprints from UAV orthorectified images, emphasizing the influence of parameters including threshold, padding, and tile size. Experimental results show increasing the threshold value significantly reduces the false positives, with higher thresholds (0.7-0.9) achieving correctness levels of up to 90%, while the lower threshold values result in correctness around 40-60%. Padding values of 600–800 improve detection accuracy by minimizing false positives through the acquisition of additional contextual information surrounding building structures. Additionally, larger tile sizes improve detection efficiency, while smaller tiles provide finer resolution but can increase false positives. The findings reveal that balancing these parameters is critical for optimizing building footprint extraction, contributing valuable insights for geospatial analysis in urban planning and remote sensing applications.",,979-8-3315-0424-3,10.1109/GIS-IDEAS63212.2024.10990873,,https://ieeexplore.ieee.org/stamp/stamp.jsp?arnumber=10990873,deep learning;pretrained model;building footprint;segmentation;extraction,Deep learning;Adaptation models;Accuracy;Sensitivity;Tiles;Buildings;Feature extraction;Autonomous aerial vehicles;Geospatial analysis;Context modeling,,,,19.0,IEEE,16 May 2025,11-13 Dec. 2024,11-13 Dec. 2024,IEEE,IEEE Conferences,S1-1D IEEE.csv
Leveraging U-Net and ST-GNN for Enhanced Urban Monitoring and Traffic Management,A. Raphael; M. Elango; R. Senthil; A. Vikram; S. Kochuvila,"Department of Electronics and Communication Engineering, Amrita School of Engineering, Bengaluru, Amrita Vishwa Vidyapeetham, India; Department of Electronics and Communication Engineering, Amrita School of Engineering, Bengaluru, Amrita Vishwa Vidyapeetham, India; Department of Electronics and Communication Engineering, Amrita School of Engineering, Bengaluru, Amrita Vishwa Vidyapeetham, India; Department of Electronics and Communication Engineering, Amrita School of Engineering, Bengaluru, Amrita Vishwa Vidyapeetham, India; Department of Electronics and Communication Engineering, Amrita School of Engineering, Bengaluru, Amrita Vishwa Vidyapeetham, India",2026 4th International Conference on Inventive Computing and Informatics (ICICI),1 Jul 2026,2026,,,1598,1604,"As cities grow, they have more problems with traffic jams and keeping an eye on their infrastructure. This is why smart city development needs intelligent urban management systems. This paper presents a deep learning framework intended to tackle two essential urban analytics challenges: forecasting traffic flow and segmenting building footprints. The first part of the framework uses a Spatio-Temporal Graph Neural Network (ST-GNN) to understand how traffic changes over time, using data from the METR-LA traffic speed dataset. The dataset is made up of many sensors that are spread out over road networks. Graph structures are used to show how the sensors are related to each other in space. The model combines multi-head graph attention mechanisms with gated temporal convolutional networks to effectively capture patterns in traffic data over time and space. The model predicts traffic conditions for the next 12 time steps using the Huber loss function. Its goal is to minimize the normalized Mean Absolute Error (MAE). The second part uses SpaceNet satellite images and an optimized U-Net architecture to segment building footprints. The encoder-decoder structure with skip connections lets classify pixels accurately while keeping spatial details and high-level semantic features. This method makes segmentation work better, even in tough urban settings like shadows, changing light, and dense building structures. All of these parts work together to make an integrated framework that supports AI-driven urban analysis. This helps with smart city planning, monitoring infrastructure, and developing digital twins.",,979-8-3315-5730-0,10.1109/ICICI68773.2026.11580708,,https://ieeexplore.ieee.org/stamp/stamp.jsp?arnumber=11580708,Smart Cities;congestion;traffic flow prediction;building footprint segmentation;satellite image analysis;urban;digital twin;deep learning,Modeling;Graph neural networks;Buildings;Deep learning;Training;Satellites;Urban areas;Roads;Timing;Image sensors,,,,14.0,IEEE,1 Jul 2026,10-12 June 2026,10-12 June 2026,IEEE,IEEE Conferences,S1-1D IEEE.csv
Classification of Building Structure Types Using UAV Optical Images,H. Wu; G. Nie; X. Fan,"Institute of Geology, China Earthquake Administration, Beijing, China; Institute of Geology, China Earthquake Administration, Beijing, China; Institute of Geology, China Earthquake Administration, Beijing, China",IGARSS 2020 - 2020 IEEE International Geoscience and Remote Sensing Symposium,17 Feb 2021,2020,,,1193,1196,"It is well know that for the same intensity areas, the buildings with different structure types can show different vulnerabilities. Thus, building structure type is one the key parameters for rapid estimation of casualties and injuries after earthquake, which is vital for emergency response and rescue. To estimate building structure types, the buildings are firstly extracted based on the spectrum, texture, and height information of UAV visible images. Then, the structure type of individual extracted buildings is classified using convolution neural network. To evaluate the accuracy of the proposed method, the images of Xuyi county, Huai'an City, Jiangsu Province are acquired using a small rotorcraft UAV. The results show that the user accuracy and cartography accuracy are 80.69% and 78.42%, respectively.",2153-7003,978-1-7281-6374-1,10.1109/IGARSS39084.2020.9323613,"National Key R&D Program of China(grant numbers:2018YFC1504503,2018YFC1504403); National Natural Science Foundation of China(grant numbers:41601390); ",https://ieeexplore.ieee.org/stamp/stamp.jsp?arnumber=9323613,Building classification;building structure type;UAV;deep learning;convolution neural network,Buildings;Earthquakes;Convolution;Feature extraction;Remote sensing;Image reconstruction;Training,,6.0,,6.0,IEEE,17 Feb 2021,26 Sept.-2 Oct. 2020,26 Sept.-2 Oct. 2020,IEEE,IEEE Conferences,S1-1D IEEE.csv
An Efficient Determination of Buildings Based on Attention- Augmented Convolutional Networks,H. Alabdeli; S. A V; S. Jagadish; S. Kodati; S. Krithika,"Department of Computers Techniques Engineering, College of Technical Engineering, The Islamic University, Najaf, Iraq; Department of Civil Engineering, Nitte Meenakshi Institute of Technology, Bengaluru, India; School of Computer Science & Artificial Intelligence, SR University, Warangal, India; Department of Information Technology, CVR College of Engineering, Hyderabad, India; Department of CSE(Cyber Security), Nandha Engineering College, Erode, India",2024 International Conference on Data Science and Network Security (ICDSNS),1 Oct 2024,2024,,,1,4,"The identification of buildings inside a city is crucial for decision-making in a number of geospatial fields, including income creation, proj ect management. The traditional method for detecting buildings in the past used human-computer interaction and relied on pictures. The aerial imagery of high-resolution is the first of the three parallel stream channels in the Convolutional Neural Network (CNN) for preprocessing and feature extraction, while the digital surface model (DSM) is the second stream. The third focused on utilizing the fusion of channels one and two, respectively, to extract deep characteristics by using proposed Attention-Augmented Convolutional Network (A2CNN). In addition, the channel features three max-pooling layers and a group of eight convolution blocks of 2D convolution. Three distinct types of intricate urban building structures in the research area were used to assess the dependability and efficiency of the suggested concept. The retrieved building footprints were then subj ected to morphological procedures in order to improve the building perimeters and make the building boundaries more regular. Our method thus fills a large gap in the detection of building items in various situations; The suggested method A2CNN precision is 97.5% and its recall is 94.8%. The results corroborate the efficiency of the suggested framework and techniques for removing structures from complicated situations.",,979-8-3503-7311-0,10.1109/ICDSNS62112.2024.10690913,,https://ieeexplore.ieee.org/stamp/stamp.jsp?arnumber=10690913,attention-augmented convolutional network;decision-making;digital surface model;max-pooling,Laser radar;Convolution;Buildings;Urban areas;Surface morphology;Object detection;Streaming media;Feature extraction;Satellite images;Convolutional neural networks,,1.0,,15.0,IEEE,1 Oct 2024,26-27 July 2024,26-27 July 2024,IEEE,IEEE Conferences,S1-1D IEEE.csv
Artificial Intelligence Aided Prediction of Building Structure Anti-seismic,D. Wang; J. Li,"School of Mechanics And Civil Engineering, China University of Mining And Technology, Xuzhou, China; School of Mechanical and Electrical Technology, Wuxi Vocational Institute of Commerce, Wuxi, China",2021 5th International Conference on Computing Methodologies and Communication (ICCMC),6 May 2021,2021,,,1403,1407,"The application of artificial intelligence in the traditional industry has a broad prospect, in recent years, has made many achievements. The combination of artificial intelligence technology and various specialties in the construction industry to make corresponding expert system, decision support system and intelligent aided design will surely bring technological progress and comprehensive economic and social benefits. Because of the strong abruptness, high destructive power and high degree of casualties of earthquake disasters, it will not only damage the urban buildings and infrastructure construction, but also pose a huge threat to the personal safety of the audience. Therefore, in the process of modern construction, it is necessary for construction enterprises to pay attention to the seismic performance design of the overall structure. In this paper, a new method of structural reliability evaluation is proposed, which uses artificial intelligence technology to reduce the subjectivity of evaluation. Due to the fuzziness of the understanding of the structural reliability, the multi-level fuzzy comprehensive evaluation is used to evaluate the reliability. According to the current appraisal regulations, the structural system is divided into three levels: component, sub unit and appraisal unit. Firstly, the membership degrees of components for different reliability levels are obtained by trained neural network, and then the membership degrees of sub units and appraisal units for different reliability levels are obtained by multi-level fuzzy comprehensive evaluation.",,978-1-6654-0360-3,10.1109/ICCMC51019.2021.9418404,,https://ieeexplore.ieee.org/stamp/stamp.jsp?arnumber=9418404,Artificial Intelligence;Neural Network;Prediction Model;Building Structure;Performance Analysis,Support vector machines;Analytical models;Computational modeling;Neural networks;Buildings;Numerical models;Appraisal,,2.0,,25.0,IEEE,6 May 2021,8-10 April 2021,8-10 April 2021,IEEE,IEEE Conferences,S1-1D IEEE.csv
Landscape Facade Design of Buildings Around the Ocean Based on Radial Basis Neural Network,L. Zhang; J. Yuan; C. S. Kim,"Dept. of Marine Design Convergence Engineering, Pukyong National University, Busan, Korea; Dept. of Marine Design Convergence Engineering, Pukyong National University, Busan, Korea; Dept. of Industrial Design, Pukyong National University, Busan, Korea",2022 8th International Conference on Mechanical Engineering and Automation Science (ICMEAS),8 Nov 2022,2022,,,59,63,"As the interface of the cities around the ocean, the façade of the buildings around the ocean not only has the functional role of sheltering from wind and rain, but also its design often reflects the internal meaning of the architectural style, the design connotation of the architect, the urban style and so on. The material, color and composition vocabulary of the surface are all important ways to express the connotation of the building. This paper takes the design of building facades around the ocean as an example, analyzes the structural model of radial basis neural network and applies the neural network to building structure modeling. Through neural network training, complex building nonlinear structures can be modeled. Solve construction engineering problems. By analyzing the training errors of different network training times, it is concluded that the radial basis neural network has a good application prospect in building structure modeling.",,978-1-6654-6305-8,10.1109/ICMEAS57305.2022.00020,K2; ,https://ieeexplore.ieee.org/stamp/stamp.jsp?arnumber=9939409,Radial Basis Neural Network;Building Design;Ocean;Landscape,Training;Analytical models;Vocabulary;Sea surface;Rain;Oceans;Buildings,,,,12.0,IEEE,8 Nov 2022,14-16 Oct. 2022,14-16 Oct. 2022,IEEE,IEEE Conferences,S1-1D IEEE.csv
Automatic Reconstruction of 3-D Building Structures for TomoSAR Using Neural Networks,S. Zhou; Y. Li; F. Zhang; L. Chen; X. Bu,"National Key Lab of Microwave Imaging Technology, Institute of Electronics, Chinese Academy of Sciences, Beijing, China; National Key Lab of Microwave Imaging Technology, Institute of Electronics, Chinese Academy of Sciences, Beijing, China; National Key Lab of Microwave Imaging Technology, Institute of Electronics, Chinese Academy of Sciences, Beijing, China; National Key Lab of Microwave Imaging Technology, Institute of Electronics, Chinese Academy of Sciences, Beijing, China; National Key Lab of Microwave Imaging Technology, Institute of Electronics, Chinese Academy of Sciences, Beijing, China","2019 IEEE International Conference on Signal, Information and Data Processing (ICSIDP)",21 Aug 2020,2019,,,1,5,"Tomographic Synthetic Aperture Radar (TomoSAR) has become a competitive remote sensing method of three-dimensional (3-D) reconstruction over urban areas. Raw TomoSAR point clouds are inevitably noise-corrupted, which would severely obstruct the reconstruction of building structures. Whereas, data segmentation and parameter tuning are required in current methods of 3-D building reconstruction, which influences the precision and efficiency of the reconstruction process. In this paper we propose a novel method using neural networks to reconstruct 3-D building structures from TomoSAR data. By using the proposed method, the precise 3-D surface of the building structure can be retrieved quickly. The proposed method also performs commendably in point cloud denoising. More importantly, our method achieves full automation of the reconstruction process, which does not require data segmentation or complex parameter adjusting. Experiment results demonstrate the effectiveness of the proposed method.",,978-1-7281-2345-5,10.1109/ICSIDP47821.2019.9173255,,https://ieeexplore.ieee.org/stamp/stamp.jsp?arnumber=9173255,neural networks;point cloud denoising;3-D building reconstruction;tomographic SAR,Point cloud compression;Three-dimensional displays;Automation;Buildings;Noise reduction;Neural networks;Urban areas;Tomography;Tuning;Synthetic aperture radar,,5.0,,25.0,IEEE,21 Aug 2020,11-13 Dec. 2019,11-13 Dec. 2019,IEEE,IEEE Conferences,S1-1D IEEE.csv
Geospatial Deep Learning Approach for Roof Type Mapping Using UAV Images,S. B; V. J; S. R; J. E; S. R; D. R,"Department of Mathematics, St. Joseph's College of Engineering, Chennai, India; Department of Computer Science and Engineering, Chennai Institute of Technology, Chennai, India; Department of Computer Science and Engineering(AI&ML), Vel Tech High Tech Dr.Rangarajan Dr.Sakunthala Engineering College, Avadi, Chennai, India; Department of Mathematics, Panimalar Engineering College, Chennai, India; Department of Computer Science and Engineering, Saveetha School of Engineering, Saveetha Institute of Medical and Technical Sciences, Chennai, India; Department of Computing Technologies, School of Computing, SRM Institute of Science and Technology, Chennai, India",2026 Third International Conference on Networking and Communications (ICNWC),19 May 2026,2026,,,1,8,"In the current era of the development of Unmanned Aerial Vehicle (UAV) technologies, building structures, being the object of geospatial analysis, can be studied precisely due to high-resolution aerial imagery. Nevertheless, current roof classification procedures usually have recourse to low-resolution satellite data or visual interpretation, which leads to a low degree of extracting structural information and low robustness. Moreover, the traditional deep learning models often overlook spatial-geometric correlations and multiple-scale contextual features, which results in error of the classification of similar type roofs. In a bid to overcome these constraints, this paper suggests a Multi-Scale Geo-Aware CNN with Spatial Feature Fusion (MSGCNN-SFF) framework. The model combines the multi-scale feature learning and geospatial awareness to learn local texture features and global structural features of roofs using UAV images. The spatial feature fusion module improves the reliability of classification through integrating geometric, spectral, and contextual spatial features and therefore overcoming the problem of scale variation and structural ambiguity in the current approaches. Experimental results show that MSGCNN-SFF is much more effective than the conventional deep learning methods in classifying, establishing, and maintaining high classifier accuracy, spatial consistency, and strength in complex urban environments. The framework offers credible roof-type mapping that facilitates risk analysis and decision-making during urban development that is climate-resilient. It achieved higher classification accuracy (94%), spatial consistency (0.86±0.02), structural similarity detection (84%), and multi-scale robustness (0.88±0.02).",,979-8-3195-4298-4,10.1109/ICNWC68145.2026.11518322,,https://ieeexplore.ieee.org/stamp/stamp.jsp?arnumber=11518322,UAV Imagery;Roof Type Classification;Geospatial Deep Learning;Multi-Scale CNN;Spatial Feature Fusion;Disaggregated data;Urban Risk Assessment,Autonomous aerial vehicles;Modeling;Deep learning;Printing;Equations;Urban areas;Accuracy;Remote sensing;Convolutional neural networks;Machine learning,,,,21.0,IEEE,19 May 2026,6-8 April 2026,6-8 April 2026,IEEE,IEEE Conferences,S1-1D IEEE.csv
Development of Estimation Method for Building Structure using Open Data and Statistics,N. Takeda; T. Furuya; Y. Akiyama,"Faculty of Engineering, Tokyo City University; Graduate School of Integrative Science and Engineering, Tokyo City University; Faculty of Architecture and Urban Design, Tokyo City University",IGARSS 2022 - 2022 IEEE International Geoscience and Remote Sensing Symposium,28 Sep 2022,2022,,,2438,2441,"In recent years, the Ministry of Land, Infrastructure, Transport and Tourism of Japan has released 3D models of cities as open data in an initiative called “PLATEAU.” These data are expected to be used for disaster prevention planning and city planning. When conducting disaster prevention planning and urban planning in preparation for earthquakes, it is important to have information on the structure of buildings to determine the earthquake resistance of each building. However, it is often difficult to obtain information on the structure of each building, and there is no information about the building structure for almost all buildings in the PLATEAU initiative. Therefore, in this study, teacher data were created based on open data for the Tokyo metropolitan government, and the structure of each building was estimated through machine learning by creating features based on existing statistics, such as the national census.",2153-7003,978-1-6654-2792-0,10.1109/IGARSS46834.2022.9883801,,https://ieeexplore.ieee.org/stamp/stamp.jsp?arnumber=9883801,Building Structure Estimation;Seismic Mitigation;Open Data;Machine Learning,Resistance;Three-dimensional displays;Buildings;Earthquakes;Urban planning;Training data;Machine learning,,2.0,,7.0,IEEE,28 Sep 2022,17-22 July 2022,17-22 July 2022,IEEE,IEEE Conferences,S1-1D IEEE.csv
Polyhedron-Based Graph Neural Network for Compact Building Model Reconstruction,Z. Chen; Y. Shi; Z. Xiong; X. X. Zhu,"Chair of Data Science in Earth Observation, Technical University of Munich (TUM), Munich, Germany; Chair of Remote Sensing Technology, Technical University of Munich (TUM), Munich, Germany; Chair of Data Science in Earth Observation, Technical University of Munich (TUM), Munich, Germany; Chair of Data Science in Earth Observation, Technical University of Munich (TUM), Munich, Germany",IGARSS 2023 - 2023 IEEE International Geoscience and Remote Sensing Symposium,20 Oct 2023,2023,,,923,926,"Three-dimensional (3D) building models play a crucial role in shaping digital twin cities and enabling a wide range of urban applications. However, one challenge remains in obtaining a compact representation of buildings from remote sensing. This paper introduces a novel deep learning approach to reconstructing polygonal building models from LiDAR point clouds. Our method leverages a graph neural network to assemble the polyhedra generated through space partitioning, thereby formulating building surface reconstruction as a graph node classification problem. To facilitate network training, we construct a synthetic dataset by simulating aerial LiDAR point clouds on building surface meshes. Experimental results demonstrate the effectiveness of our method, achieving a polyhedral classification accuracy of 96.4%. Moreover, our approach offers high efficiency and interpretability through end-to-end optimization.",2153-7003,979-8-3503-2010-7,10.1109/IGARSS52108.2023.10282509,,https://ieeexplore.ieee.org/stamp/stamp.jsp?arnumber=10282509,3D reconstruction;building model;graph neural network;point cloud;polyhedron,Point cloud compression;Training;Surface reconstruction;Solid modeling;Three-dimensional displays;Laser radar;Buildings,,1.0,,16.0,IEEE,20 Oct 2023,16-21 July 2023,16-21 July 2023,IEEE,IEEE Conferences,S1-1D IEEE.csv
A Modified Dwarf Mongoose Optimization Based Deep Convolutional Neural Network for Building Structural Damage Detection,G. Gu; K. Li; Y. Jiang,"College of Civil Engineering Anhui Jianzhu University; College of Civil Engineering Anhui Jianzhu University, Hefei, China; Urban Construction College Anhui Xinhua University, Hefei, China",2024 International Conference on Data Science and Network Security (ICDSNS),1 Oct 2024,2024,,,1,4,"Recently, Machine Learning (ML) approaches have been used to construct intelligent algorithms for building structural damage detection. These algorithms provide reliable analysis and great efficiency. Nevertheless, the effectiveness of current ML algorithms for identifying damage is greatly influenced by the specific features chosen from the original signals. Damage Identification (DI) approach didn't provide expected results in other circumstances. On the other hand, the use of DL approach named Deep Convolutional Neural Network (DCNN) in building structural damage detection is often established due to its difficulty in classifying complex patterns. So, to detect damages of constructions with high detection accuracy, this research proposes a Modified Dwarf Mongoose Optimization (MDMO) for tuning the hyperparameters of DCNN. This approach aims to efficiently identify and locate faults in building structures by achieving both quick processing time and accurate identification. Compared to techniques such as CNN with Principal Component Analysis (CNN-PCA), DCNN, Multiple-Input-CNN (MI-CNN), MDMO-DCNN obtains detection accuracy of 99.93% and shows its ability in building structural damage detection accurately.",,979-8-3503-7311-0,10.1109/ICDSNS62112.2024.10691168,,https://ieeexplore.ieee.org/stamp/stamp.jsp?arnumber=10691168,deep learning;feature extraction;feature selection;machine learning;building structural damage identification,Fault diagnosis;Time-frequency analysis;Accuracy;Machine learning algorithms;Smart buildings;Buildings;Transfer learning;Convolutional neural networks;Tuning;Optimization,,1.0,,12.0,IEEE,1 Oct 2024,26-27 July 2024,26-27 July 2024,IEEE,IEEE Conferences,S1-1D IEEE.csv
Construction of emotional space from facial expression by parallel sand glass type neural networks,T. Ichimura; S. Oeda; T. Yamashita,"Faculty of Information Sciences, Hiroshima City University, Hiroshima, Japan; Graduate School of Engineering, Tokyo Metropolitan Institute of Technology, Tokyo, Japan; Graduate School of Engineering, Tokyo Metropolitan Institute of Technology, Tokyo, Japan",Proceedings of the 2002 International Joint Conference on Neural Networks. IJCNN'02 (Cat. No.02CH37290),7 Aug 2002,2002,3,,2422,2427 vol.3,"We proposed a parallel sand glass type neural network. The network model can learn some people's facial expressions. This network has some five-layered neural networks and hidden neurons in each third layer are connected. Our proposed network model can construct an emotional space based on facial expressions. This emotional space is similar to the emotional circle of Ekman et al. (1972). However, there is a weak point in learning facial. expressions of a lot of people, because the learning algorithm requires a five-layered network for learning faces of a person. We improved the learning algorithm in only a two-combined network. To verify the validity of proposed network model, we experimented facial expressions of some people.",1098-7576,0-7803-7278-6,10.1109/IJCNN.2002.1007521,,https://ieeexplore.ieee.org/stamp/stamp.jsp?arnumber=1007521,,Glass;Neural networks;Neurons;Space technology;Humans;Artificial neural networks;Face;Psychology;Testing,,,,9.0,IEEE,7 Aug 2002,12-17 May 2002,12-17 May 2002,IEEE,IEEE Conferences,S1-1D IEEE.csv
Building Extraction From LiDAR Data Applying Deep Convolutional Neural Networks,E. Maltezos; A. Doulamis; N. Doulamis; C. Ioannidis,"School of Rural and Surveying Engineering, National Technical University of Athens, Zografou, Greece; School of Rural and Surveying Engineering, National Technical University of Athens, Zografou, Greece; School of Rural and Surveying Engineering, National Technical University of Athens, Zografou, Greece; School of Rural and Surveying Engineering, National Technical University of Athens, Zografou, Greece",IEEE Geoscience and Remote Sensing Letters,27 Dec 2018,2019,16,1.0,155,159,"Deep learning paradigm has been shown to be a very efficient classification framework for many application scenarios, including the analysis of Light Detection and Ranging (LiDAR) data for building detection. In fact, deep learning acts as a set of mathematical transformations, encoding the raw input data into appropriate forms of representations that maximize the classification performance. However, it is clear that mathematical computations alone, even highly nonlinear, are not adequate to model the physical properties of a problem, distinguishing, for example, the building structures from vegetation. In this letter, we address this difficulty by augmenting the raw LiDAR data with features coming from a physical interpretation of the information. Then, we exploit a deep learning paradigm based on a convolutional neural network model to find out the best input representations suitable for the classification. As test sites, three complex urban study areas with various kinds of building structures through the LiDAR data set of Vaihingen, Germany were selected. Our method has been evaluated in the context of “ISPRS Test Project on Urban Classification and 3-D Building Reconstruction.” Comparisons with traditional methods, such as artificial neural networks and support vector machine-based classifiers, indicate the outperformance of the proposed approach in terms of robustness and efficiency.",1558-0571,,10.1109/LGRS.2018.2867736,EU H2020 Project TERPSICHORE “Transforming Intangible Folkloric Performing Arts into Tangible Choreographic Digital Objects”(grant numbers:691218); ,https://ieeexplore.ieee.org/stamp/stamp.jsp?arnumber=8465968,Building classification;convolutional neural networks (CNNs);Light Detection and Ranging (LiDAR);machine learning;point cloud,Laser radar;Buildings;Machine learning;Vegetation mapping;Vegetation;Feature extraction;Data models,,88.0,,16.0,IEEE,14 Sep 2018,Jan. 2019,,IEEE,IEEE Journals,S1-1D IEEE.csv
Automatic Building Footprint Extraction using Random Forest Algorithm from High Resolution Google Earth Images: A Feature-Based Approach,R. Thottolil; U. Kumar,"Spatial Computing Laboratory, Center for Data Sciences, International Institute of Information Technology Bangalore (IIITB), Bangalore, India; Spatial Computing Laboratory, Center for Data Sciences, International Institute of Information Technology Bangalore (IIITB), Bangalore, India","2022 IEEE International Conference on Electronics, Computing and Communication Technologies (CONECCT)",30 Aug 2022,2022,,,1,6,"Mapping building structures in urban areas are fundamental for many urban studies. High-resolution satellite images and machine learning algorithms are often used for semi-automatic and automatic building detection. This study explores the utility of classification algorithm and high-resolution Google Earth images to detect buildings from a complex urban area having heterogeneous building structures of various shapes, sizes and construction materials. The proposed model converts the RGB images to grayscale followed by derivation of several filtered profiles to capture spatial and spectral feature vectors. Differential morphological profiles (DMPs) were constructed from consecutive morphological profiles to identify the structural information of probable buildings present in the image. Consequently, morphological building index was computed by averaging the DMPs that included mislabeled rooftops due to the presence of shadows. Global Otsu thresholding was used to reduce the number of mislabeled buildings. Finally, Random Forest algorithm was used for the classification of buildings based on the computed feature vectors. After noise removal, the quality of final building maps were assessed using evaluation metrics with reference to the ground truth which showed 4.4% improvement (from 81.2 to 85.62 %) over RF model while also revealing the detailed structural information of buildings.",2766-2101,978-1-6654-9781-7,10.1109/CONECCT55679.2022.9865829,,https://ieeexplore.ieee.org/stamp/stamp.jsp?arnumber=9865829,Building footprint;morphological operations;morphological building index;Random Forest;quality metrics,Earth;Machine learning algorithms;Computational modeling;Buildings;Urban areas;Feature extraction;Mathematical models,,10.0,,25.0,IEEE,30 Aug 2022,8-10 July 2022,8-10 July 2022,IEEE,IEEE Conferences,S1-1D IEEE.csv
Smart Urban Governance: An AI-Driven Approach for Floor Estimation and Property Tax Evaluation,M. M; K. R. Shwetha; N. K G; B. R. Raj; S. A U,"Department of AI&ML, BMS Institute of Technology & Management, Bangalore, Karnataka, India; Department of AI&ML, BMS Institute of Technology & Management, Bangalore, Karnataka, India; Department of AI&ML, BMS Institute of Technology & Management, Bangalore, Karnataka, India; Department of AI&ML, BMS Institute of Technology & Management, Bangalore, Karnataka, India; Department of AI&ML, BMS Institute of Technology & Management, Bangalore, Karnataka, India","2026 5th International Conference on Communication, Computing and Electronics Systems (ICCCES)",25 Mar 2026,2026,,,923,929,"The proposed research involves a new AI-enabled system for automatic floor estimation and property tax assessment that utilizes images, geographic coordinates, and municipal data. The approach combines convolutional neural networks (CNN) and computer vision techniques to assess building dimensions including length and height required to compute the built-up area and number of floors. The implementation of standardized construction rules and the application of the official municipal tax rates bring about accurate tax calculations while the system checks its predictions against the government records in order to identify the unregistered constructions or tax discrepancies. The configuration of the system is scalable and modular thus it helps the process to be efficient, transparent, and also applicable for large-scale urban property management and governance. Experimental testing on an extensive dataset proved the capability of automatic floor counting and tax estimation with the accuracy of more than 95 %. Moreover, the research also mentions the placing of advanced technologies such as large language model and deepfake avatars for the enhancement of educational simulation platforms which are the chief focus on the issue of the envisaged future paths in AIgovernance and learning.",,979-8-3315-5621-1,10.1109/ICCCES62661.2026.11437351,,https://ieeexplore.ieee.org/stamp/stamp.jsp?arnumber=11437351,Artificial Intelligence;Computer Vision;Convolutional Neural Networks (CNN);Floor Estimation;Property Tax Assessment;Smart Urban Governance;Geographic Information Systems (GIS);Deep Learning,Computer vision;Accuracy;Buildings;Urban planning;Finance;Estimation;Convolutional neural networks;Floors;Geographic information systems;Testing,,,,20.0,IEEE,25 Mar 2026,21-23 Jan. 2026,21-23 Jan. 2026,IEEE,IEEE Conferences,S1-1D IEEE.csv
Building Structure Optimization: A Framework Based on Multi-Agent Reinforcement Learning,J. Zhang; X. Li; P. A. Mariadas; L. Wang; C. Yu; D. Wang; C. Li; L. Qian,"Taylor's University, Malaysia; Taylor's University, Malaysia; Taylor's University, Malaysia; Zhejiang College of Construction, Zhejiang, China; Zhejiang College of Construction, Zhejiang, China; Zhejiang College of Construction, Zhejiang, China; Zhejiang College of Construction, Zhejiang, China; Zhejiang Construction Technician College, Zhejiang, China",2026 9th International Conference on Advanced Algorithms and Control Engineering (ICAACE),13 May 2026,2026,,,1812,1816,"The integration of artificial intelligence algorithms with structural optimization in the changing world of intelligent construction becomes one of the transformative strategies for improving efficiency and sustainability in the field of architectural works. This paper addresses the ongoing challenges of multiobjective trade-offs and computational complexity in architectural topology optimization by proposing a more advanced multiagent reinforcement learning framework. Architects utilize preexisting Graph Neural Networks to encode the complex geometric structure of buildings and the Transformer modules to manage constraints, providing strong multi-modal representations. Dedicated agents, i.e., ones that focus on design variables like material, size, and shape, use Actor-Critic mechanisms to gradually improve upon parameters and thus avoid the drawbacks of local optima, which are common in traditional methods. Synergy among the agents is attained based on attention-based exchanges, which support equilibrated results among the objectives. To increase flexibility under different conditions, the training system has hybrid reward systems plus Monte Carlo estimation and contrastive regularization systems. Strict evaluations on different architectural standards highlight significant improvements in the performance of the optimization process and the Pareto optimality over the standard baselines. The importance of elements constituting the analysis ablation is proven through ablation analysis, and the graphical representation sheds light on the finegrained stress profile and fast convergence. Not only does this approach speed up processes in the design sphere, but it also promotes green engineering that sets another benchmark in the era of AI-empowered architecture.",,979-8-3315-8325-5,10.1109/ICAACE69793.2026.11508877,,https://ieeexplore.ieee.org/stamp/stamp.jsp?arnumber=11508877,Multi-Agent Reinforcement Learning;Graph Neural Networks;Building Structure Optimization;MultiObjective Optimization;Intelligent Construction,Optimization;Modeling;Construction;Timing;Printing;Sustainable development;Materials;Design methodology;Graph neural networks;Reinforcement learning,,,,15.0,IEEE,13 May 2026,20-22 March 2026,20-22 March 2026,IEEE,IEEE Conferences,S1-1D IEEE.csv
A Novel Framework for Building Vulnerability Assessment for the 2015 Nepal Earthquake,R. Ranjan; S. Pasari; S. Devi; H. Verma,"Department of Mathematics, Birla Institute of Technology and Science, Pilani, Rajasthan, India; Department of Mathematics, Birla Institute of Technology and Science, Pilani, Rajasthan, India; Department of Mathematics, Birla Institute of Technology and Science, Pilani, Rajasthan, India; Department of Mathematics, Birla Institute of Technology and Science, Pilani, Rajasthan, India","2023 International Conference on Advances in Computing, Communication and Applied Informatics (ACCAI)",4 Aug 2023,2023,,,1,5,"On April 25, 2015, a devastating earthquake of magnitude Mw 7.8 hit Nepal, killing around 9000 people and injuring 22000 more. Following the disaster, extensive field research and inspections were conducted in Nepal to determine the extent of damage to the earthquake-affected structures. The post-earthquake investigation procedure becomes extremely difficult due to the vast number of structures and types of buildings in the area. However, knowing a building’s description beforehand can assist in determining the extent of possible damages due to a large event. In light of this, the present study aims to provide an effective formulation for building vulnerability assessment using several parameters, such as number of floors, construction materials, house type (public or private), and age of building. A huge dataset comprising building information of around 3,50,000 buildings on 39 variables is used for this purpose. Six machine learning methods, namely logistic regression, decision-tree classifier, k-nearest neighbor, linear discriminant analysis, random forest, and extreme gradient boosting algorithms are implemented. Based on the score, the grading boosting algorithm is found to be the most suitable algorithm. The findings are helpful for better urban planning, social policymaking, suitable material identification for building construction, and moreover, to set up a national level disaster risk reduction (DRR) strategy to minimize earthquake losses in Nepal..",,979-8-3503-1590-5,10.1109/ACCAI58221.2023.10201114,,https://ieeexplore.ieee.org/stamp/stamp.jsp?arnumber=10201114,Post-disaster management;Nepal earthquake;Urban planning;Building vulnerability,Logistic regression;Machine learning algorithms;Buildings;Earthquakes;Urban planning;Boosting;Classification algorithms,,5.0,,10.0,IEEE,4 Aug 2023,25-26 May 2023,25-26 May 2023,IEEE,IEEE Conferences,S1-1D IEEE.csv
Extraction of optimum ratio parameters of steel fiber reinforced concrete based on BP neural network,G. Gu; H. Song,"Key Laboratory of Building Structure, Anhui Higher Education Institutes (Anhui Xinhua University), Anhui Hefei, China; Anhui Xinhua University Urban Construction College, Anhui Hefei, China",2021 International Conference of Social Computing and Digital Economy (ICSCDE),6 Oct 2021,2021,,,170,174,"In order to overcome the problems of low precision in the traditional extraction method of steel fiber reinforced concrete optimum ratio parameters, a new extraction method of steel fiber reinforced concrete optimum ratio parameters based on BP neural network is proposed in this paper. Based on the analysis of suspension state, virtual accumulation state and actual accumulation state of concrete solid particles, combined with the characteristic particle sizes of large particles and small particles, the packing density and constraint conditions of concrete solid particles are calculated. Based on the structure of BP neural network, the input of hidden layer is calculated, and the output of hidden layer is calculated according to s function. By comparing the expected output with the actual output, the threshold and weight of BP neural network are modified to construct the optimal ratio parameters of steel fiber reinforced concrete. The experimental results show that under the same experimental environment, the flexural strength of concrete is the best under the ratio parameters extracted by this method, and the extraction accuracy of the best ratio parameters is the highest, so this method can improve the rationality of the ratio of steel fiber reinforced concrete.",,978-1-6654-0142-5,10.1109/ICSCDE54196.2021.00047,"Anhui Xinhua University(grant numbers:KLBSZD202005,KLBSZD202003); ",https://ieeexplore.ieee.org/stamp/stamp.jsp?arnumber=9551328,BP neural network;Steel fiber reinforced concrete;The best ratio parameter was extracted;Solid particles,Social computing;Design methodology;Neural networks;Optical fiber networks;Solids;Concrete;Optical fiber theory,,,,15.0,IEEE,6 Oct 2021,28-29 Aug. 2021,28-29 Aug. 2021,IEEE,IEEE Conferences,S1-1D IEEE.csv
Prediction Of Housing Price Along The Urban Rail Transit Line Based On GA-BP Model And Accessibility,L. Ruo-Qi; H. Jun-Hong,"Nanjing Tech University School of Transportation Engineering, Nanjing, China; Nanjing Tech University School of Transportation Engineering, Nanjing, China",2020 IEEE 5th International Conference on Intelligent Transportation Engineering (ICITE),20 Oct 2020,2020,,,487,492,"In order to study the relationship between the accessibility along the urban rail transit line and the change in housing price, GA-BP model, which combining the genetic algorithm(GA) and back propagation neural network(BPNN), was used to predict the housing price along the urban rail transit line. The reliability of the model was verified by taking the price of residential areas along Nanjing Metro Line 10 as an example, and the performance between GA-BP model and the BP model was compared. It was found that the average absolute error rate of GA-BP model is 6.91%, which is 6.45% lower than that of BP model, and the mean square error of prediction results is significantly reduced. It can be seen that the price prediction algorithm based on GA-BP model for those residential areas along the urban rail transit line is reliable and can fully tap the potential relationship between the accessibility of urban transport network and the housing price.",,978-1-7281-9409-7,10.1109/ICITE50838.2020.9231460,,https://ieeexplore.ieee.org/stamp/stamp.jsp?arnumber=9231460,urban rail transit;prediction of housing price;accessibility;GA-BP model,Rails;Predictive models;Green products;Urban areas;Buildings;Statistics;Sociology,,5.0,,14.0,IEEE,20 Oct 2020,11-13 Sept. 2020,11-13 Sept. 2020,IEEE,IEEE Conferences,S1-1D IEEE.csv
Assessment of EMF Exposure from Urban Sensor Measurements by Using Artificial Neural Network,S. Wang; J. Wiart,"Chaire C2M, LTCI, Télécom Paris, Institut polytechnIque de Paris, Palaiseau, France; Chaire C2M, LTCI, Télécom Paris, Institut polytechnIque de Paris, Palaiseau, France",2020 XXXIIIrd General Assembly and Scientific Symposium of the International Union of Radio Science,20 Oct 2020,2020,,,1,3,"This paper studies the electromagnetic field (EMF) exposure emitted by base stations (BSs) from cellular networks in the urban city environment. We reconstruct the EMF exposure by using artificial neural network (ANN) based on data measured by sensors. We take consideration of spatial locations of real BSs in 14th district of Paris, time variation and antenna orientation. And most importantly, we propose a new path loss model to capture the Light-of-Sight (LoS) and None-Light-of-Sight (NLoS) effects caused by complicated and varying blockages in urban cities. By applying the ANN, we are able to reconstruct EMF exposure for the locations of interest with R2 up to 0.767. And we provide results under different splitting percentage of training and testing data.",2642-4339,978-9-4639-6800-3,10.23919/URSIGASS49373.2020.9232299,,https://ieeexplore.ieee.org/stamp/stamp.jsp?arnumber=9232299,,Urban areas;Training;Testing;Receivers;Antenna measurements;Mathematical model;Time measurement,,2.0,,5.0,,20 Oct 2020,29 Aug.-5 Sept. 2020,29 Aug.-5 Sept. 2020,IEEE,IEEE Conferences,S1-1D IEEE.csv
Dammaged building identifying from VHR satellite imagery using morphological operators in 2011 Pacific coast of Tohoku Earthquake and Tsunami,C. D. K. Parape; H. C. N. Premachandra; M. Tamura; M. Sugiura,"Department of Urban and Environmental Engineering, Graduate School of Engineering, Kyoto University, Japan; Department of Electrical Engineering, Tokyo University of Science, Tokyo, Japan; Graduate School of Global Environmental Studies, Kyoto University, Japan; Asia Disaster Reduction Center, Kobe, Japan",2012 IEEE International Geoscience and Remote Sensing Symposium,10 Nov 2012,2012,,,3006,3009,"The 2011 Great East Japan Earthquake occurred 130km off the northeast coast of Japan in the Pacific Ocean near the Japan Trench and it triggered huge Tsunami, which caused damaged along 600km of coastline. Estimation of tsunami impact on buildings from this event is important for quick response for evaluation and the reconstruction process. This study presents a methodology for an automated damaged buildings detection algorithm using an object recognition task based on Differential Morphological Profile for Very High Resolution (VHR) remotely sensed satellite images. The proposed approach involves morphological operators among which adaptive varying specific sizes, shape and gray level of the structuring elements. GeoEye-1 and IKONOS satellite images consisting of a pre and post 2011 Pacific coast Tohoku earthquake and tsunami site of the Ishinomaki area in Miyagi Prefecture, Japan were used. Morphological operations of opening and closing with construction were applied for segmented images. The Random Forest classification method was used for the building extraction and the results comparison with ground truth data.",2153-7003,978-1-4673-1159-5,10.1109/IGARSS.2012.6350793,,https://ieeexplore.ieee.org/stamp/stamp.jsp?arnumber=6350793,Differential Morphological Profile;GeoEye-1;IKONOS;Building Extraction;Random Forest;Tsunami,Buildings;Tsunami;Satellites;Remote sensing;Feature extraction;Vectors;Earthquakes,,1.0,,9.0,IEEE,10 Nov 2012,22-27 July 2012,22-27 July 2012,IEEE,IEEE Conferences,S1-1D IEEE.csv
Classification of urban structural types with multisource data and structured models,A. P. Montanges; G. Moser; H. Taubenböck; M. Wurm; D. Tuia,"EPFL, Lausanne, Switzerland; University of Genoa, Genoa, Italy; German Aerospace Center (DLR), Munich, Germany; German Aerospace Center (DLR), Munich, Germany; University of Zurich, Zurich, Switzerland",2015 Joint Urban Remote Sensing Event (JURSE),11 Jun 2015,2015,,,1,4,"In this paper, we study the land use distribution of the city of Munich, Germany. We describe the city as a set of Urban Structural Types (UST) related to the type of spatial patterns occurring within regions composed of 200m side cells. To do so, we resort to a set of multimodal descriptors extracted from remote sensing data, a 3D city model and open access vector information. Based on these descriptors, we train a SVM classifier and apply two structured prediction models to enforce spatial relationships (Markov and Conditional Random fields).",2334-0932,978-1-4799-6652-3,10.1109/JURSE.2015.7120489,,https://ieeexplore.ieee.org/stamp/stamp.jsp?arnumber=7120489,,Cities and towns;Remote sensing;Support vector machines;Markov processes;Buildings;Solid modeling;Urban areas,,23.0,,26.0,IEEE,11 Jun 2015,30 March-1 April 2015,30 March-1 April 2015,IEEE,IEEE Conferences,S1-1D IEEE.csv
External Reflection Recognition for Glass Walls Surface,Y. Wei; S. Zhi; S. Liu,"Institute of Engineering Measurement and Control Technology, China Construction Industrial Engineering and Technology Research Institue Co., Ltd, Shunyi, China; Institute of Engineering Measurement and Control Technology, China Construction Industrial Engineering and Technology Research Institue Co., Ltd, Shunyi, China; Institute of Engineering Measurement and Control Technology, China Construction Industrial Engineering and Technology Research Institue Co., Ltd, Shunyi, China",2020 International Conference on Computer Engineering and Intelligent Control (ICCEIC),1 Mar 2021,2020,,,81,84,"Most buildings in modern cities contain many glass facades to show the modern flavor of architectural design and street view, gradually increase the intensity of the lighting, which is also the first choice for most green and energy-saving buildings. However, the strong reflectivity of the glass facade allows street view or sky to be reflected on the surface of the building, while the transparency allows the visualization of internal objects and interferes with the monitoring of the glass building itself. Such features increase the difficulty of urban building monitoring. In this paper, a multi-layer-separation algorithm based on semantic segmentation method is proposed to realize non-contact monitoring of glass buildings, which separate the reflection and the real object from the monitoring images.",,978-1-7281-8573-6,10.1109/ICCEIC51584.2020.00024,,https://ieeexplore.ieee.org/stamp/stamp.jsp?arnumber=9361844,glass wall;city streetscape;scene recognition;reflection,Geometry;Image segmentation;Buildings;Semantics;Glass;Reflection;Monitoring,,,,5.0,IEEE,1 Mar 2021,6-8 Nov. 2020,6-8 Nov. 2020,IEEE,IEEE Conferences,S1-1D IEEE.csv
Automatic Building Structure Classifier for Photographs to Understand the Exterior Design Features of Houses from an Age Perspective,M. Inoue,"Department of Information and Communication Engineering, Tohoku Institute of Technology, Sendai, Japan",2024 9th International Conference on Business and Industrial Research (ICBIR),17 Feb 2025,2024,,,1197,1200,"While the physical structure influences the external design decisions, the structure alone does not determine the design. There are attempts to incorporate design features that are typical of other structures. In this paper, for buildings, cases where there is no direct relationship between structure and appearance are extracted and organized along a time axis. In order to extract cases where the exterior is not related to the structure, we use an image recognizer based on deep learning. Cases where the structure cannot be inferred from a photograph of a building are considered to have an appearance that is atypical for that structure. We also compared the training time between fine-tuning a pre-trained model as a classification model and building a CNN model from scratch with a small number of layers. It was found that a CNN with a short training time can achieve an accuracy that seems sufficient for the purpose of the analysis.",,979-8-3503-8302-7,10.1109/ICBIR61386.2024.10875984,,https://ieeexplore.ieee.org/stamp/stamp.jsp?arnumber=10875984,Japanese building;exterior design;photo taking;architecture photography;style transition;concept-evolution,Training;Visualization;Accuracy;Image recognition;Computational modeling;Buildings;Market research;Feature extraction;Periodic structures;Image classification,,,,12.0,IEEE,17 Feb 2025,23-24 May 2024,23-24 May 2024,IEEE,IEEE Conferences,S1-1D IEEE.csv
Enhancing Building Extraction from Remote Sensing Images Using YOLOV8,M. Medjadi; L. Meddeber; T. Zouagui,"Intelligent Systems Research Laboratory (LARESI); Intelligent Systems Research Laboratory (LARESI); Electronics Department, University of Science and Technology of Oran-Mohamed Boudiaf (USTO-MB), Oran, ALGERIA",2024 2nd International Conference on Electrical Engineering and Automatic Control (ICEEAC),8 Jul 2024,2024,,,1,6,"Building extraction from satellite remote sensing images is a critical task with various applications. Despite recent advancements in convolutional neural networks (CNNs), challenges persist in accurately delineating building outlines and separating distinct buildings. In this study, We suggest employing the YOLO model, a widely recognized object detection system renowned for its speed and precision, for the task of extracting building structures. Our objective is to enhance both precision and efficiency by customizing YOLO for the endeavor of building segmentation. This customization is expected to optimize the model's performance in this particular field. We demonstrate its effectiveness in accurately identifying building footprints and separating individual buildings by comparing it with the most commonly used instance segmentation model, Mask R-CNN. Our results underscore the effectiveness of YOLO as a sturdy tool for extracting buildings from remote sensing imagery, presenting encouraging prospects for a range of applications such as urban planning and 3D reconstruction.",,979-8-3503-4974-0,10.1109/ICEEAC61226.2024.10576507,,https://ieeexplore.ieee.org/stamp/stamp.jsp?arnumber=10576507,Building extraction;Deep learning;Instance segmentation;YOLOV8;Mask R-CNN,YOLO;Accuracy;Three-dimensional displays;Satellites;Shape;Buildings;Urban planning,,2.0,,19.0,IEEE,8 Jul 2024,12-14 May 2024,12-14 May 2024,IEEE,IEEE Conferences,S1-1D IEEE.csv
Amplification Coefficient Prediction and Elastic-Plastic Analysis of High-Rise Concrete Structure Based on Artificial Neural Network,G. Zhang; L. Liang,"School of Construction Engineering Management, Guangdong Construction Polytechnic, Qingyuan, China; The Department of Building Economics and Management, Guangzhou Urban Construction Vocational School, Guangzhou, China",2024 8th Asian Conference on Artificial Intelligence Technology (ACAIT),10 Jun 2025,2024,,,312,317,"Due to the difficulty of data acquisition and model construction, the current prediction amplification coefficient of high-rise concrete structures are often difficult to achieve such accuracy requirements. In order to improve the accuracy of the prediction, the paper applied the artificial neural network to the concrete structure of high-rise buildings to predict the key coefficients, and conducted the static elastic-plastic analysis. The results show that the amplification coefficient of structural stiffness predicted by coefficient of determination of 0.92, R predicted by the equivalent size amplification coefficient coefficient of determination value is 0.97. The relative error of the vertex displacement for both the output coefficient is within 1%, and the designed model has a good prediction accuracy. The accuracy and performance of the model are better, which helps to more accurately evaluate the behavior and safety of the building structures. This also supports that the structural research of high-rise buildings can be more efficient and provides the possibility of economic and safe development.",,979-8-3315-1709-0,10.1109/ACAIT63902.2024.11022215,,https://ieeexplore.ieee.org/stamp/stamp.jsp?arnumber=11022215,Concrete structure;elastic-plastic;Artificial neural network,Accuracy;Force;Buildings;Artificial neural networks;Predictive models;Software;Robustness;Safety;Floors;Load modeling,,,,18.0,IEEE,10 Jun 2025,8-10 Nov. 2024,8-10 Nov. 2024,IEEE,IEEE Conferences,S1-1D IEEE.csv
Analysis of Methods and Means of Identifying Infrastructure Anomalies Using Unmanned Aerial Vehicles Within the Scope of a Smart City,B. Zozuliak; M. Karpinski; P. Sawicki; M. Stadnyk,"Department of Cyber Security, Ternopil Ivan Puluj National Technical University, Ternopil, Ukraine; Departament of Cyber Security, University of the National Education Commission Krakow, Poland; ITSO GmbH, Berlin, Germany; Department of Cyber Security, Ternopil Ivan Puluj National Technical University, Ternopil, Ukraine",2024 14th International Conference on Advanced Computer Information Technologies (ACIT),16 Oct 2024,2024,,,715,719,"This article analyzes acute problems in identifying infrastructure anomalies faced by modern cities. It examines the possibilities of autonomous drone navigation using artificial intelligence, specifically Computer Vision. A client-server architecture is proposed for autonomous drone navigation and analysis of the obtained images during server-side infrastructure inspection by a drone on the server side, aimed at identifying infrastructure anomalies.",2770-5226,979-8-3503-5004-3,10.1109/ACIT62333.2024.10712558,,https://ieeexplore.ieee.org/stamp/stamp.jsp?arnumber=10712558,UAV;deep learning;smart city;drone;computer vision,Navigation;Smart cities;Computational modeling;Knowledge based systems;Inspection;Data models;Planning;Servers;Drones;Load modeling,,,,12.0,IEEE,16 Oct 2024,19-21 Sept. 2024,19-21 Sept. 2024,IEEE,IEEE Conferences,S1-1D IEEE.csv
Compiler-Aware Heterogeneous Graph Learning for HLS QoR Prediction and Design Space Exploration,Y. Huang; J. Liu; Y. She; R. Fu; H. Yan; T. -Y. Ho; R. C. C. Cheung,"CityU Architecture Lab for Arithmetic and Security (CALAS), Department of Electrical Engineering, City University of Hong Kong, Kowloon, Hong Kong SAR, China; CityU Architecture Lab for Arithmetic and Security (CALAS), Department of Electrical Engineering, City University of Hong Kong, Kowloon, Hong Kong SAR, China; CityU Architecture Lab for Arithmetic and Security (CALAS), Department of Electrical Engineering, City University of Hong Kong, Kowloon, Hong Kong SAR, China; Department of Computer Science and Engineering, The Chinese University of Hong Kong, Shatin, N.T.,, Hong Kong SAR, China; CityU Architecture Lab for Arithmetic and Security (CALAS), Department of Electrical Engineering, City University of Hong Kong, Kowloon, Hong Kong SAR, China; Department of Computer Science and Engineering, The Chinese University of Hong Kong, Shatin, N.T.,, Hong Kong SAR, China; CityU Architecture Lab for Arithmetic and Security (CALAS), Department of Electrical Engineering, City University of Hong Kong, Kowloon, Hong Kong SAR, China",IEEE Transactions on Computer-Aided Design of Integrated Circuits and Systems,,2026,PP,99.0,1,1,"High-level synthesis (HLS) design space exploration seeks Pareto-optimal designs within vast directive configuration spaces. Existing graph neural network approaches rely mostly on single-graph, homogeneous-style representations that do not model pragma-to-target semantics explicitly, which is especially limiting for memory-related optimizations whose hardware effects are realized through compiler IR rather than source syntax. We propose Chariot, an end-to-end HLS optimization framework with a compiler-aware graph construction pipeline that uses LLVM static analysis and Use-Def tracking to link pragmas to their resolved targets across memory boundaries, and represents each design as a heterogeneous graph with distinct node and edge types and a dedicated directive-to-target relation. Built on a multi-suite dataset from an AST-based rules engine, Chariot attains strong post-implementation QoR prediction and improves DSE ranking quality on unseen benchmarks, improving average top-k ranking quality by 2.3–4.8× over the strongest prior baseline across ranking budgets while delivering orders-of-magnitude speedup over synthesis-in-the-loop exploration. The advantages carry over to an independent public HLS dataset on a different FPGA family, where Chariot again attains the lowest QoR prediction error across all targets, demonstrating cross-dataset and cross-device generalization.",1937-4151,,10.1109/TCAD.2026.3732102,City University of Hong Kong(grant numbers:9678187); ,https://ieeexplore.ieee.org/stamp/stamp.jsp?arnumber=11684830,High-Level Synthesis;Graph Neural Networks;Compiler Analysis;Hardware Acceleration;Design Space Exploration,Design methodology;Modeling;Optimization;Kernel;Graph neural networks;Program processors;Labeling;Training;Arrays;Fluid flow,,,,,IEEE,9 Sep 2026,,,IEEE,IEEE Early Access Articles,S1-1D IEEE.csv
A Reflection-Equivariant Quantum Neural Network Enhanced with Puma Optimizer for Precise 3D Reconstruction,A. N. Prasad; N. M. M S,"Department of Information Science and Engineering, BGS College of Engineering and Technology, Karnataka, India; Department of Computer Science and Engineering, BMS Institute of Technology and Management, Karnataka, India",2026 13th International Conference on Computing for Sustainable Global Development (INDIACom),26 May 2026,2026,,,1,8,"Reconstruction of buildings, using aerial images to construct an accurate three-dimensional representation of buildings, is still seen as a challenging problem because of geometric differences in building structures, the complexity of the rooftop designs, and the lack of symmetry-aware mechanisms in the traditional deep learning models. In this paper, a Reflection Equivariant Quantum Neural Network (REQNN-PO) trained with the Puma Optimizer will be presented to improve both height estimation and roofline extraction of 3D building reconstruction. The suggested method encodes image features at the rooftop into quantum states and computes them on reflection-equivariant variational circuits which explicitly maintain geometric symmetry in the learning process. Optimization of hyperparameters is done through the Puma Optimizer which balances between exploration and exploitation and is adaptive to convergence behavior and reducing validation error. Standard aerial imaging datasets were experimentally tested to validate the use of them and cross-dataset generalization was tested. The REQNN-PO model achieved better results of Mean Errors of 1.69 m, 2.03 m and RMSE of 3.57 m, 3.30 m with various urban scenes respectively. Relative performance shows that it is more robust and more predictable than some of the modern deep learning methods. A combination of symmetryconstrained quantum learning and adaptive optimization provides a scalable architecture of creating geometrically consistent and accurate 3D building reconstructions of aerial imagery.",,978-93-80544-64-9,10.23919/INDIACom70271.2026.11525810,,https://ieeexplore.ieee.org/stamp/stamp.jsp?arnumber=11525810,3D Building Reconstruction;Reflection Equivariant Quantum Neural Networks;Puma Optimizer;Roofline Feature Extraction;Variational Quantum Circuits,Modeling;Buildings;Three-dimensional displays;Optimization;Reflection;Printing;Training;Equations;Accuracy;Neural networks,,,,25.0,,26 May 2026,8-10 April 2026,8-10 April 2026,IEEE,IEEE Conferences,S1-1D IEEE.csv
Accuracy Assessment of Industrial Heritage Mapping Based on GA+BP Neural Networks Forecast,Q. Wang; P. Du,"Guangdong University of Foreign Studies, Guangzhou, Guangdong, China; Guangdong University of Foreign Studies, Guangzhou, Guangdong, China",2023 International Conference on Applied Intelligence and Sustainable Computing (ICAISC),9 Aug 2023,2023,,,1,5,"With the gradual implementation of the protection project today, when the heritage has more favorable preservation conditions, the development of The Times requires us to change the original protection idea on the basis of “repair”, and turn the focus to science, systematic research, and complete management of heritage information. Starting from the collection and collation of heritage information, a set of relatively perfect heritage archives database has been established. It has promoted the historic transformation from passive rescue protection to active systematic and preventive protection. The establishment of a perfect heritage information database is the premise to achieve this transformation, and the establishment of an efficient and practical data management system is the foundation. This puts forward high requirements for the record and management of heritage. Therefore, this paper proposes to use GA+BPNN to predict the surveying and mapping accuracy of industrial building heritage, pay attention to the processing of “information”, and carry out preliminary processing of surveying and mapping information according to the “ideal model”. After experimental training on GA+BPNN model, the accuracy forecast of industrial building heritage through BP neural channel is made. Through comparative analysis, GA+BPNN has a better effect on the accuracy forecast of industrial architectural heritage. There are absolute errors in the GA+BP combination model, and the relative errors and predicted values are 0.7488mm, 0.0972% and 13.0772 mm, respectively. The forecast results are good. It also has certain reference significance for the surveying and mapping of industrial building heritage.",,979-8-3503-2379-5,10.1109/ICAISC58445.2023.10201084,,https://ieeexplore.ieee.org/stamp/stamp.jsp?arnumber=10201084,GA+BPNN;industrial building heritage;surveying and mapping accuracy;forecast assessment,Training;Systematics;Databases;Buildings;Urban areas;Redundancy;Neural networks,,1.0,,15.0,IEEE,9 Aug 2023,16-17 June 2023,16-17 June 2023,IEEE,IEEE Conferences,S1-1D IEEE.csv
Building Extraction by Gated Graph Convolutional Neural Network with Deep Structured Feature Embedding,Y. Shi; Q. Li; X. X. Zhu,"Chair of Remote Sensing Technology (LMF), Technical University of Munich, Munich, Germany; Signal Processing in Earth Observation (SiPEO), Technical University of Munich, Munich, Germany; Remote Sensing Technology Institute (IMF), German Aerospace Center (DLR), Wessling, Germany",IGARSS 2020 - 2020 IEEE International Geoscience and Remote Sensing Symposium,17 Feb 2021,2020,,,3509,3512,"Building footprint information is an essential ingredient for 3-D reconstruction of urban models. The automatic generation of building footprints from satellite images presents a considerable challenge due to the complexity of building shapes. Recent developments in deep convolutional neural networks (DCNNs) have enabled accurate pixel-level labeling tasks. One central issue remains, which is the precise delineation of boundaries. Deep architectures generally fail to produce fine-grained segmentation with accurate boundaries due to progressive downsampling. In this work, we we introduce a generic framework to overcome the issue, integrating the gated graph convolutional network (GGCN) and deep structured feature embedding (DSFE) into an end-to-end workflow.",2153-7003,978-1-7281-6374-1,10.1109/IGARSS39084.2020.9324478,,https://ieeexplore.ieee.org/stamp/stamp.jsp?arnumber=9324478,Building footprint;Deep convolutional neural networks;Gated graph convolutional network,Buildings;Logic gates;Semantics;Feature extraction;Convolution;Task analysis;Decoding,,2.0,,12.0,IEEE,17 Feb 2021,26 Sept.-2 Oct. 2020,26 Sept.-2 Oct. 2020,IEEE,IEEE Conferences,S1-1D IEEE.csv
Application of deep learning in building shock absorption layout,Q. Xu,"Shanghai Institute of Technology School of Urban Construction and Safety Engineering, Shanghai, China",2024 International Conference on Intelligent Computing and Data Mining (ICDM),26 Nov 2024,2024,,,33,36,"With the gradual development of computer technology, deep learning technology based on artificial intelligence has been widely used in finance, medical care, education, construction, transportation and other aspects. Compared with the traditional artificial shock layout method, the shock layout method based on artificial intelligence has the characteristics of high efficiency and high accuracy, but also can reduce the things caused by human negligence. This paper will discuss in detail how to complete the layout of building shock absorption through the deep learning technology of industrial intelligence.",,979-8-3315-0626-1,10.1109/ICDM63232.2024.10762397,,https://ieeexplore.ieee.org/stamp/stamp.jsp?arnumber=10762397,deep learning;artificial intelligence;building floor plan;shock absorption layout,Deep learning;Absorption;Electric shock;Layout;Buildings;Transportation;Finance;Medical services;Artificial intelligence;Floors,,,,8.0,IEEE,26 Nov 2024,20-22 Sept. 2024,20-22 Sept. 2024,IEEE,IEEE Conferences,S1-1D IEEE.csv
Building Automated Systems to Generate Structured Data from Draw-A-Person-in-the-Rain Test Using Deep Learning,A. I. Posada Barrera; M. O. Peña Diaz,"Facultad de Tecnologías de Información y Ciencia de Datos (FTIyCD), Universidad Popular Autónoma del Estado de Puebla, Puebla, México; Escuela de Ingeniería y Ciencias, Instituto Tecnológico y de Estudios Superiores de Monterrey, Nuevo León, México",2025 IEEE Latin American Conference on Computational Intelligence (LA-CCI),11 Dec 2025,2025,,,1,6,"This study presents the development of Deep Learning models aimed at identifying key elements in hand-drawn images from the Draw-a-Person-in-the-Rain test, using a previously explored public dataset. Designed for academic research purposes, the models prioritize low cost, ease of training, and simple deployment, while achieving strong performance, with accuracy rates exceeding 80% and acceptable recall, precision and F1 scores. In this study, the models successfully detect clouds, water pools formed on the ground, and umbrellas. The findings demonstrate that relevant visual patterns traditionally evaluated by specialists can be reliably captured through machine learning, offering opportunities to streamline research in psychological profiling or personnel selection. The models are intended to complement, not replace, professional judgment by enabling faster, more consistent analyses and facilitating the automatic generation of structured tabular data for reporting. Future work will focus on expanding the dataset, which is essential for improving model generalization and robustness, developing simpler DNN architectures with encoder-decoder designs, and automating image preprocessing to enhance psychometric assessments.",2769-7622,979-8-3315-5432-3,10.1109/LA-CCI66231.2025.11270462,,https://ieeexplore.ieee.org/stamp/stamp.jsp?arnumber=11270462,Deep Learning;Computer Vision;Person-in-the-Rain;Hand-drawn Image Analysis;Sketches,Deep learning;Training;Measurement;Visualization;Image analysis;Psychology;Robustness;Data models;Personnel;Image preprocessing,,,,27.0,IEEE,11 Dec 2025,5-7 Nov. 2025,5-7 Nov. 2025,IEEE,IEEE Conferences,S1-1D IEEE.csv
Displacement and Velocity Estimation in Building Structures Using an Algebraic Observer,J. Morales-Valdez; J. D. Avilés; M. Ramírez-Neria; L. R. Sagredo-Hernández,"Colegio de Ciencia y Tecnología, Academia de Ingeniería en Sistemas Electrónicos Industriales, Universidad Autónoma de la Ciudad de México, Mexico City, Mexico; Departamento de Mecatrónica, Facultad de Ciencias de la Ingeniería, Administrativas y Sociales Tecate, Universidad Autónoma de Baja California, Tecate, Mexico; InIAT Institute of Applied Research and Technology, Universidad Iberoamericana Ciudad de México, Mexico City, Mexico; Colegio de Ciencia y Tecnología, Academia de Ingeniería en Sistemas Electrónicos Industriales, Universidad Autónoma de la Ciudad de México, Mexico City, Mexico",IEEE Access,15 May 2024,2024,12,,67094,67106,"This study addresses the problem of estimating the velocity and displacement of building structures. Initially, the dynamics of a building subject to seismic disturbance are represented using the Euler-Bernoulli beam model. Subsequently, the model is discretized into a finite number of floors through a modal coordinate transformation that produces a set of decoupled dynamics for each story of the building. The Algebraic Observer (AO) takes advantage of this property to ensure the Algebraic Observability Conditions (AOC). This approach allows the representation of velocity and displacement terms as functions of the available acceleration measurements. One notable advantage of the proposed observer is that, due to its design, it does not require tuning of gains to achieve the convergence property. This observer’s simplicity of implementation for practical purposes is another noteworthy characteristic. Note that, to minimize the effect of the measurement noise, iterated integrals of the measured acceleration are introduced to mitigate high-frequency noise. In contrast, second-order filters are employed for low-frequency noise. Finally, the experimental demonstration of the effectiveness and accuracy of this estimation method is conducted using a reduced-scale five-story building prototype.",2169-3536,,10.1109/ACCESS.2024.3398053,Universidad Autónoma de la Ciudad de México(grant numbers:UACM CCYT-2023-INI-02); Universidad Iberoamericana Ciudad de México(grant numbers:DINVP-051); ,https://ieeexplore.ieee.org/stamp/stamp.jsp?arnumber=10522641,Algebraic observer;acceleration measurement;building structure;state estimation,Observers;Buildings;Noise measurement;Accelerometers;Uncertainty;Seismic measurements;Observability;State estimation;Estimation;Structural engineering,,1.0,,51.0,CCBY,8 May 2024,2024,,IEEE,IEEE Journals,S1-1D IEEE.csv
GNSS-based Environment Retrieval: A Deep Learning Approach for Fine-grained Environment Perception,Z. Zhang; P. Xu; G. Zhang; L. -T. Hsu,"Department of Aeronautical and Aviation Engineering, The Hong Kong Polytechnic University, Hong Kong; Department of Aeronautical and Aviation Engineering, The Hong Kong Polytechnic University, Hong Kong; Department of Aeronautical and Aviation Engineering, The Hong Kong Polytechnic University, Hong Kong; Department of Aeronautical and Aviation Engineering, The Hong Kong Polytechnic University, Hong Kong",IEEE Transactions on Intelligent Vehicles,,2024,PP,99.0,1,13,"GNSS positioning accuracy for vehicles confronts different challenges from a variety of environments in urban navigation. To provide a suitable positioning solution for each environment, perceiving and categorizing the environment is necessary. First, this paper proposed a fine-grained environment categorization to symbolize the environment by considering building structures and signal propagation characteristics. Then, a GNSS-based environment perception method is introduced in this work. Supervised by satellite visibility labels, a deep learning model is trained to extract environmental features from GNSS measurements. A database is constructed to associate these features and environment categories. Finally, the user environment category can be retrieved by matching its extracted features with the database. The effectiveness of our method is validated on vehicle-collected GNSS data in Hong Kong with different environments. Through experiment results, the proposed method achieves 7% higher in F1-score and 5% higher in Top-5 accuracy compared to the conventional environment classifier.",2379-8904,,10.1109/TIV.2024.3440645,,https://ieeexplore.ieee.org/stamp/stamp.jsp?arnumber=10631669,GNSS;Deep Learning;Multipath;Environment Classification;Urban Canyons,Satellites;Buildings;Global navigation satellite system;Feature extraction;Deep learning;Transformers;Accuracy,,4.0,,,IEEE,8 Aug 2024,,,IEEE,IEEE Early Access Articles,S1-1D IEEE.csv
Detection of building structure damage with support vector machine,S. Villegas; X. Li; W. Yu,"Departamento de computación CINVESTAV-IPN, Mexico City, Mexico; Departamento de computación CINVESTAV-IPN, Mexico City, Mexico; Departamento de Control Automático, CINVESTAV-IPN, Mexico City, Mexico","2015 IEEE 12th International Conference on Networking, Sensing and Control",4 Jun 2015,2015,,,619,624,"An important objective of health monitoring systems (HMS) for tall building is to diagnose the state of the building and to detect its possible damage. To solve these problems, data mining approaches are becoming meaningful along with the advance of Big Data techniques, among which support vector machine (SVM) is one of the most powerful classifiers because of its good accuracy. However, SVM is not suitable for large data sets or data stream classification which is the case of building structure data. In this paper we propose an online version of SVM for structural health monitoring. We construct a lab scale prototype, data collected from it were used to validate our approach. Experiment results show that the proposed SVM can detect the damage successfully, without a modeling process as traditionally people of the field do.",,978-1-4799-8069-7,10.1109/ICNSC.2015.7116109,,https://ieeexplore.ieee.org/stamp/stamp.jsp?arnumber=7116109,,Buildings;Support vector machines;Training;Accuracy;Magnetic resonance imaging,,1.0,,31.0,IEEE,4 Jun 2015,9-11 April 2015,9-11 April 2015,IEEE,IEEE Conferences,S1-1D IEEE.csv
Hybrid GNN–XGBoost Model for Intelligent Structural Health Monitoring in Smart Building Networks,K. Vijai; G. G; Y. S; B. V R; V. Vignesh V,"Dept. of Civil Engineering, St. Joseph's College of Engineering, OMR, Chennai; Dept. of Civil Engineering, St. Joseph's College of Engineering, OMR, Chennai; Dept. of Civil Engineering, St. Joseph's College of Engineering, OMR, Chennai; Dept. of Civil Engineering, St. Joseph's College of Engineering, OMR, Chennai; Dept. of Civil Engineering, St. Joseph's College of Engineering, OMR, Chennai",2026 6th International Conference on Expert Clouds and Applications (ICOECA),23 Apr 2026,2026,,,1704,1710,"The preservation of cultural heritage, the disclosure of insights into religion and lifestyle traditions throughout history, and the construction of modern infrastructure are all greatly aided by smart buildings. Thanks to developments in technology that make it easier to detect structural issues, evaluate stability, and spot deformations in smart building networks, SHM systems have grown in significance in this setting. These systems enable complete monitoring through the use of networking-capable sensory devices that gather and distribute real-time data. In order to capture complicated structural behavior, the data is preprocessed by normalizing it, then features are recovered using nonlinear measurements based on Mutual Information. This paper presents XGB-GNN, a hybrid architecture that combines XGBoost with GNNs, to tackle the difficulties caused by varied feature sets and graph-based data structures. The model improves its performance by training its decision trees with gradient data from the GNN and then using XGBoost. The experimental findings demonstrate that the suggested XGB-GNN model surpasses current SHM methods with an impressive accuracy of 94.16%. An intelligent, scalable, and robust solution for real-time SHM in smart building networks is provided by this unique framework, which greatly aids in the development of sustainable and resilient urban infrastructure.",,979-8-3315-7451-2,10.1109/ICOECA68095.2026.11485346,,https://ieeexplore.ieee.org/stamp/stamp.jsp?arnumber=11485346,Structural Health Monitoring (SHM);Mutual Information (MI);Graph Neural Networks (GNN);Non-Destructive Evaluation (NDE);Extreme Gradient Boosting (XGBoost),Optical waveguides;Optical fibers;Frequency modulation;Frequency shift keying;Filtering;Filters;Protocols;HTTP;Frequency modulation;Network architecture,,,,16.0,IEEE,23 Apr 2026,9-11 March 2026,9-11 March 2026,IEEE,IEEE Conferences,S1-1D IEEE.csv
Change Detection of Building Remote Sensing Images Based on RMT-BIT,R. Lin; S. Piao,"Civil Engineering and Water Conservancy Discipline, School of Engineering, Yanbian University, Jilin, China; Architecture, School of Engineering, Yanbian University, Jilin, China",2024 4th International Conference on Electronic Information Engineering and Computer Science (EIECS),24 Dec 2024,2024,,,428,432,"The detection of building changes through remote sensing image allows for the timely monitoring of urban development dynamics, providing a scientific basis for urban planning and management. Given the complexity of spatial features in remote sensing images of buildings, this paper introduces spatial prior knowledge in terms of both space and distance. Building features from remote sensing images are extracted using retentive networks meet vision transformers (RMT). The extracted feature maps from two temporal phases are processed by a bitemporal image transformer (BIT), leading to the output of the decoder, from which the areas of change between the two phases are computed. The proposed method is validated on the WHU-CD building change detection dataset, and the results show that the proposed method effectively improves the accuracy of building change detection in remote sensing images.",,979-8-3315-3140-9,10.1109/EIECS63941.2024.10800181,,https://ieeexplore.ieee.org/stamp/stamp.jsp?arnumber=10800181,Buildings;BIT;RMT;Change detection;Deep learning,Computer science;Computer vision;Accuracy;Buildings;Urban planning;Feature extraction;Transformers;Decoding;Remote sensing;Monitoring,,,,11.0,IEEE,24 Dec 2024,27-29 Sept. 2024,27-29 Sept. 2024,IEEE,IEEE Conferences,S1-1D IEEE.csv
Deep Multimodal Fusion Model for Building Structural Type Recognition Using Multisource Remote Sensing Images and Building-Related Knowledge,Y. Zhou; Y. Tan; Q. Wen; W. Wang; L. Li; Z. Li,"National key Laboratory of Multispectral Information Intelligent Processing Technology, School of Artificial Intelligence and Automation, Huazhong University of Science and Technology, Wuhan, China; National key Laboratory of Multispectral Information Intelligent Processing Technology, School of Artificial Intelligence and Automation, Huazhong University of Science and Technology, Wuhan, China; Technology and Engineering Center for Space Utilization, Chinese Academy of Sciences, Beijing, China; Ministry of Emergency Management, National Disaster Reduction Center of China, Beijing, China; Ministry of Emergency Management, National Disaster Reduction Center of China, Beijing, China; National key Laboratory of Multispectral Information Intelligent Processing Technology, School of Artificial Intelligence and Automation, Huazhong University of Science and Technology, Wuhan, China",IEEE Journal of Selected Topics in Applied Earth Observations and Remote Sensing,26 Oct 2023,2023,16,,9646,9660,"Building structural type (BST) information is vital for seismic risk and vulnerability modeling. However, obtaining this kind of information is not a trivial task. The conventional method involves a labor-intensive and inefficient manual inspection process for each building. Nowadays, a few methods have explored to use remote sensing images and some building-related knowledge (BRK) to realize automated BST recognition. However, these methods have many limitations, such as insufficient mining of multimodal information and difficulty obtaining BRK, which hinders their promotion and practical use. To alleviate the shortcomings above, we propose a deep multimodal fusion model, which combines satellite optical remote sensing image, aerial synthetic aperture radar image, and BRK (roof type, color, and group pattern) obtained by domain experts to achieve accurate automatic reasoning of BSTs. Specifically, first, we use a pseudo-siamese network to extract the image feature. Second, a knowledge graph (KG) based on the BRK is constructed, and then, we use a graph attention network to extract the semantic feature from the KG. Third, we propose a novel multistage gated fusion mechanism to fuse the image and semantic feature. Our method's best overall accuracy and kappa coefficient on the dataset collected in the study area are 90.35% and 0.83, which outperforms a series of existing methods. Through our model, high-precision BST information can be obtained for earthquake disaster prevention, reduction, and emergency decision making.",2151-1535,,10.1109/JSTARS.2023.3323484,"National Natural Science Foundation of China(grant numbers:41871283,62371201); Interdisciplinary Research Program of Huazhong University of Science and Technology(grant numbers:2023JCYJ020); ",https://ieeexplore.ieee.org/stamp/stamp.jsp?arnumber=10278389,Building structural types (BSTs);knowledge graph (KG);multimodal fusion;remote sensing,Feature extraction;Remote sensing;Semantics;Buildings;Optical sensors;Optical imaging;Optical reflection,,18.0,,64.0,CCBYNCND,11 Oct 2023,2023,,IEEE,IEEE Journals,S1-1D IEEE.csv
SIFTPTNet: Outdoor LiDAR Building Point Cloud Segmentation Network Based on Multi-directional Feature Coding and Transformer Architecture,L. Huang; F. Wan; G. Lei; L. Xv,"Hubei University of Technology, WuHan, China; Hubei University of Technology, WuHan, China; Hubei University of Technology, WuHan, China; Hubei University of Technology, WuHan, China","2025 5th International Conference on Neural Networks, Information and Communication Engineering (NNICE)",15 Jul 2025,2025,,,900,904,"3D building models are crucial for applications in smart cities. Compared with visual cameras, LiDAR can form accurate point cloud data with three-dimensional geographic information. We can use LiDAR instruments to obtain outdoor large-scale point cloud data to obtain building models, but how to accurately segment building point cloud data from large-scale point cloud data is a challenging task. In this paper, we propose an efficient and lightweight neural network SIFTPTNet for large-scale semantic segmentation of point clouds. We introduce a multi-directional feature encoding module to encode and enhance the features of point cloud features in eight directions, use the Transformer structure to learn the features of the fine-grained spatial structure of the point cloud, and then use random downsampling to speed up model training and reasoning. The model is verified on the public dataset Semantic3D, and the experiments show that our network achieves good results.",,979-8-3315-0796-1,10.1109/NNICE64954.2025.11064405,,https://ieeexplore.ieee.org/stamp/stamp.jsp?arnumber=11064405,Building Extraction;LiDAR Point Cloud;Transformer,Point cloud compression;Laser radar;Architecture;Buildings;Transformers;Laser modes;Feature extraction;Encoding;Data models;Data mining,,,,10.0,IEEE,15 Jul 2025,10-12 Jan. 2025,10-12 Jan. 2025,IEEE,IEEE Conferences,S1-1D IEEE.csv
Exploring Spatial Feature Regularization in Deep-Learning-Based TomoSAR Reconstruction: A Preliminary Study and Performance Analysis,T. Zeng; X. Zhan; Y. Ren; X. Ma; L. Liu; J. Shi; S. Wei; M. Wang; X. Zhang,"School of Aeronautics and Astronautics, University of Electronic Science and Technology of China, Chengdu, China; School of Information and Communication Engineering, University of Electronic Science and Technology of China, Chengdu, China; School of Information and Communication Engineering, University of Electronic Science and Technology of China, Chengdu, China; School of Information and Communication Engineering, University of Electronic Science and Technology of China, Chengdu, China; School of Information and Communication Engineering, University of Electronic Science and Technology of China, Chengdu, China; School of Information and Communication Engineering, University of Electronic Science and Technology of China, Chengdu, China; School of Information and Communication Engineering, University of Electronic Science and Technology of China, Chengdu, China; School of Information and Communication Engineering, University of Electronic Science and Technology of China, Chengdu, China; School of Information and Communication Engineering, University of Electronic Science and Technology of China, Chengdu, China",IEEE Transactions on Geoscience and Remote Sensing,3 Jan 2025,2025,63,,1,27,"Tomographic synthetic aperture radar (TomoSAR) shows great potential for high-quality 3-D mapping, especially in urban areas. As TomoSAR reconstruction methods advance into the deep learning (DL) era, current studies have demonstrated DL’s strengths in both precision and efficiency. However, for reconstructing urban areas with prominent spatial features from building structures, current studies focus on pixel-by-pixel reconstruction without leveraging the potential benefits of these features. In this context, an exploratory study to introduce spatial feature regularization in DL reconstruction is proposed for the first time, focusing on feature description, modeling, and regularization. Spatial features are analyzed and summarized by sharp edges and regular geometric shapes within the scene. To model these features, 2-D slices are used as the basic reconstruction units, and a general intraslice and interslice strategy is proposed to harness features within and between slices. Two-dimensional slices are fused into the entire 3-D scene. Two methods of fusion are designed: parallel and serial. To regularize these features, a new computational framework called light reconstruction and enhancement is designed, which includes two stages: light reconstruction with sparsity feature regularization and enhancement with spatial feature regularization. Finally, to evaluate performance, we design an extensive evaluation framework. A newly self-constructed compound urban building simulation dataset, combined with two public measured data, forms six different tests ranging from a classical close point resolution test to a diverse urban landscape challenge test. Evaluation results reveal the effectiveness of the designs and the boost provided by spatial feature regularization, resulting in higher reconstruction precision, more complete building spatial structure retrieval, and fewer outliers.",1558-0644,,10.1109/TGRS.2024.3521278,"National Natural Science Foundation of China(grant numbers:62471113,62305049,62371104); Aeronautical Science Foundation of China(grant numbers:1A2024Z071080005); Sichuan Science and Technology Program(grant numbers:2024NSFSC0479); ",https://ieeexplore.ieee.org/stamp/stamp.jsp?arnumber=10811979,Deep learning (DL);deep unfolding;model-driven;spatial regularization;tomographic synthetic aperture radar (TomoSAR) reconstruction,Image reconstruction;Three-dimensional displays;Tensors;Buildings;Reconstruction algorithms;Urban areas;Discrete Fourier transforms;Deep learning;Vectors;Spatial resolution,,15.0,,78.0,IEEE,23 Dec 2024,2025,,IEEE,IEEE Journals,S1-1D IEEE.csv
"A Multisource Dynamic Fusion Network for Urban Functional Zone Identification on Remote Sensing, POI, and Building Footprint",H. Qiao; H. Jiang; G. Yang; F. Jing; W. Sun; C. Lu; X. Meng,"Faculty of Electrical Engineering and Computer Science, Ningbo University, Ningbo, China; Key Laboratory of Regional Sustainable Development Modeling, Institute of Geographic Sciences and Natural Resources Research, Chinese Academy of Sciences, Beijing, China; Department of Geography and Spatial Information Techniques, Ningbo University, Ningbo, China; Ningbo Institute of Surveying Mapping and Remote Sensing, Ningbo, China; Department of Geography and Spatial Information Techniques, Ningbo University, Ningbo, China; Faculty of Electrical Engineering and Computer Science, Ningbo University, Ningbo, China; Faculty of Electrical Engineering and Computer Science, Ningbo University, Ningbo, China",IEEE Journal of Selected Topics in Applied Earth Observations and Remote Sensing,12 Jun 2024,2024,17,,10583,10599,"Urban functional zones (UFZ) identification with remote sensing imagery (RSI) is attracting increasing attention in urban planning and resource allocation in urban areas, etc. The UFZ is a comprehensive unit comprising geographical, how to effectively integrate the RSI and points of interest (POI) with different physical and socioeconomic characteristics is important and promising. However, there are two challenges for the UFZ identification. On one hand, the UFZ is closely related to buildings, and most current methods lack an in-depth understanding of building semantics. Therefore, an efficient integration of building footprint (FT) data deserves further investigation. On the other hand, these RSI, POI, and FT data are heterogeneous; how to effectively leverage complementary information among these highly heterogeneous modalities to enhance the comprehensive understanding of urban. To solve the above challenges, this article introduces an end-to-end deep learning-based multisource dynamic fusion network for UFZ identification on RSI, POI, and FT. In the proposed method, an adaptive weight interactive fusion module is designed to comprehensively integrate the complementary information among the heterogeneous RSI, POI, and FT data sources. In addition, a multiscale feature focus module is proposed to extract multiscale image features and emphasize critical characteristics. This method was applied to UFZ classification in Ningbo, Zhejiang Province, China, and the experimental results demonstrate the competitive performance.",2151-1535,,10.1109/JSTARS.2024.3404094,"Zhejiang Provincial Natural Science Foundation of China(grant numbers:LR23D010001,LY22F010014); National Natural Science Foundation of China(grant numbers:42171326,42271340); Ningbo Natural Science Foundation(grant numbers:2022J076); Ningbo City(grant numbers:2021Z107,2022Z032); Zhejiang Province “Pioneering Soldier” and “Leading Goose” Research(grant numbers:2023C01027); ",https://ieeexplore.ieee.org/stamp/stamp.jsp?arnumber=10542987,Deep learning (DL);multimodal data fusion;remote sensing imagery (RSI);social sensing data;urban functional zone (UFZ),Buildings;Remote sensing;Feature extraction;Semantics;Soft sensors;Land surface;Visualization,,13.0,,57.0,CCBYNCND,31 May 2024,2024,,IEEE,IEEE Journals,S1-1D IEEE.csv
The Effect of Local Website Search,V. T. Nguyen; P. Chuan,"University of Information and Technology, Vietnam; University of Transport in HCM City, Vietnam",2009 International Conference on Knowledge and Systems Engineering,28 Dec 2009,2009,,,243,248,"Global search engine is a huge but it can't replace local search engine. The local search engines help the end-user to retrieve easily what they want and to give accurate results than global search engines do. The end-user can also use the global search engines to augment the search performed by a local search engine, restricted to a single site. However, a single website is different from the whole web in link structure, access pattern, and possibility hit on page. To improve the performance of search sites, many researches have tried to combine original search methods with new ones such as: the PageRank, LPageRank, predictive access pattern,... This article would like to introduce a hybrid model to improve local website searched by using web server logs. This model combines capability of ranking structure link of PageRank and recommending access pattern of neural network to improve the result of search engine. It also present the way to combine search engine with PageRank, web log and neural network.To experiment with the new model, the authors have used this model for Music Machine Website with their web logs.",,978-1-4244-5086-2,10.1109/KSE.2009.25,,https://ieeexplore.ieee.org/stamp/stamp.jsp?arnumber=5361700,Local website search;PageRank;LPageRank,Search engines;Uniform resource locators;Web pages;Neural networks;Telecommunication traffic;Web server;Frequency;Traffic control;Knowledge engineering;Systems engineering and theory,,,,8.0,IEEE,28 Dec 2009,13-17 Oct. 2009,13-17 Oct. 2009,IEEE,IEEE Conferences,S1-1D IEEE.csv
Architectural Style Classification using EfficientNet-B7: A Deep Learning Approach for Visual Pattern Recognition,O. P. Suthar; S. K. Thakur; M. K. Gupta; R. Bhandari; P. K. Rai,"Dept.of Computer Engineering, Marwadi University, Rajkot, Gujarat; Dept.of Computer Engineering, Marwadi University, Rajkot, Gujarat; Dept.of Computer Engineering, Marwadi University, Rajkot, Gujarat; Dept.of CSE, Chandigarh University, Mohali, India; Dept.of Computer Engineering, Marwadi University, Rajkot, Gujarat","2025 5th International Conference on Emerging Research in Electronics, Computer Science and Technology (ICERECT)",12 Feb 2026,2025,,,1,6,"Identifying architectural styles through computer vision remains a complex challenge due to the visual diversity of building structures. Achieving high classification accuracy is central to overcoming this complexity. To tackle this issue, our approach leverages supervised machine learning techniques, employing EfficientNet-B7—a convolutional neural network (CNN)—as the core model. The model is trained using the ""architectural-styles-dataset"", a curated collection of images representing multiple architectural styles. Prior to training, preprocessing steps such as data augmentation, normalization, and feature extraction are applied to optimize learning performance. Experimental results reveal that the model attains an accuracy of 82.45%, highlighting its capability in accurately distinguishing architectural styles. This system offers promising applications in areas such as heritage preservation, urban design, and automated analysis of architectural patterns.",,979-8-3315-3200-0,10.1109/ICERECT65215.2025.11377802,,https://ieeexplore.ieee.org/stamp/stamp.jsp?arnumber=11377802,Deep Learning;CNN;Supervised Learning;EfficientNet-B7 Model;Image Processing;Image Classification Machine Learning,Deep learning;Training;Visualization;Accuracy;Computational modeling;Urban planning;Supervised learning;Pattern recognition;Convolutional neural networks;Overfitting,,,,17.0,IEEE,12 Feb 2026,12-13 Sept. 2025,12-13 Sept. 2025,IEEE,IEEE Conferences,S1-1D IEEE.csv
Multimodal Building Footprint Extraction from Orthophotoa and Lidar Point Clouds Using Deep Learning Framework,F. S. Vostikolaei; S. Jabari,"Department of Geodesy & Geomatics Engineering, University of New Brunswick, Fredericton, Canada; Department of Geodesy & Geomatics Engineering, University of New Brunswick, Fredericton, Canada",IGARSS 2024 - 2024 IEEE International Geoscience and Remote Sensing Symposium,5 Sep 2024,2024,,,8214,8217,"Building footprint polygons that represent the extent of individual building structures serve as the foundation for 3D city modeling and play a crucial role in decision-making issues such as city planning and development. Due to the poor contrast or shadow in orthoimages, extracting precise building footprints from them can pose a significant challenge. In this paper, we intend to use LiDAR point clouds alongside orthoimages to overcome this challenge and automatically detect building footprints by leveraging multimodal deep learning techniques. In the proposed network, these two modalities are combined in different levels of fusion including early (data) fusion, middle (feature) fusion, and late (head) fusion. The results show a 4% improvement in the proposed multimodal fusion network, compared to orthoimage or LiDAR-based baseline networks.",2153-7003,979-8-3503-6032-5,10.1109/IGARSS53475.2024.10641225,,https://ieeexplore.ieee.org/stamp/stamp.jsp?arnumber=10641225,Building footprint extraction;Semantic segmentation;Deep learning;Fusion;Object detection,Point cloud compression;Deep learning;Solid modeling;Laser radar;Three-dimensional displays;Buildings;Urban planning,,1.0,,22.0,IEEE,5 Sep 2024,7-12 July 2024,7-12 July 2024,IEEE,IEEE Conferences,S1-1D IEEE.csv
Structural Health Monitoring of Building Structures With Online Data Mining Methods,X. Li; W. Yu; S. Villegas,"Departamento de Computación, Centro de Investigación y de Estudios Avanzados, Mexico City, Mexico; Departamento de Control Automático, Centro de Investigación y de Estudios Avanzados, Mexico City, Mexico; Departamento de Computación, Centro de Investigación y de Estudios Avanzados, Mexico City, Mexico",IEEE Systems Journal,24 Aug 2016,2016,10,3.0,1291,1300,"Structural health monitoring (SHM) uses building vibration responses from online sensors to diagnose and evaluate possible structural damages. This is a data classification process. Normal data mining methods, such as data clustering and support vector machine (SVM), cannot classify these online data streams directly. In this paper, the convex-concave hull and SVM are modified into online versions, such that the novel data classifiers for the SHM can be trained online. We design a laboratory-scale prototype for the experiment evaluation. The experiment results show that the proposed SHM algorithms can be trained online and detect the damage successfully.",1937-9234,,10.1109/JSYST.2015.2481380,,https://ieeexplore.ieee.org/stamp/stamp.jsp?arnumber=7296608,Data mining;online;structural health monitoring (SHM),Support vector machines;Buildings;Acceleration;Monitoring;Training;Force;Accelerometers,,31.0,,39.0,IEEE,12 Oct 2015,Sept. 2016,,IEEE,IEEE Journals,S1-1D IEEE.csv
Small Target Building Extraction Using Dual-Branch Enhanced U-Net With Multi-Scale Attention Fusion,Y. Zhao; H. Qian,"Institute of Geospatial Information, Information Engineering University, Zhengzhou, China; Institute of Geospatial Information, Information Engineering University, Zhengzhou, China",IEEE Access,12 Sep 2025,2025,13,,157191,157206,"This study addresses critical challenges in small target building extraction from high-resolution remote sensing imagery, particularly instance separation difficulties and boundary precision limitations in dense urban environments where adjacent building structures often appear as connected regions in conventional segmentation outputs. An Enhanced U-Net architecture with dual-branch processing and multi-scale attention fusion was developed. The architecture integrates a ResNet-34 encoder backbone with a novel boundary-aware loss function and specialized dual-branch outputs for semantic segmentation and instance separation. Experimental validation across Massachusetts, WHU, and INRIA datasets demonstrates consistent performance improvements, achieving IoU scores of 71.8%, 77.9%, and 67.3% respectively, representing improvements of 4.7%, 4.7%, and 5.7% over baseline U-Net architectures (67.1%, 73.2%, and 61.6%). The proposed method also achieves F1-scores of 71.2%, 77.4%, and 66.8% with accuracy rates of 91.7%, 94.2%, and 89.4% across the three datasets. Systematic ablation studies confirm progressive contributions of attention mechanisms (67.1% to 70.1% IoU) and loss function components (achieving final 71.8% IoU), while cross-dataset generalization analysis reveals realistic transferability with performance degradation ranging from 0.6 to 14.1 percentage points across different geographical contexts. The dual-branch design philosophy successfully decouples semantic understanding from geometric boundary detection, enabling superior optimization for both building classification and instance separation tasks while maintaining computational efficiency essential for practical deployment scenarios, with enhanced extraction capabilities supporting automated urban monitoring, disaster response mapping, and smart city development initiatives that provide sophisticated spatial analysis capabilities essential for evidence-based urban planning and infrastructure management applications.",2169-3536,,10.1109/ACCESS.2025.3605678,"National Natural Science Foundation of China(grant numbers:42271463,42101453); ",https://ieeexplore.ieee.org/stamp/stamp.jsp?arnumber=11151977,Building extraction;enhanced U-Net;remote sensing;attention mechanism;dual-branch architecture,Buildings;Feature extraction;Architecture;Remote sensing;Computer architecture;Accuracy;Semantic segmentation;Data mining;Attention mechanisms;Semantics,,1.0,,66.0,CCBYNCND,5 Sep 2025,2025,,IEEE,IEEE Journals,S1-1D IEEE.csv
Support vector machine for classification of households' heating type using load curves,K. Fürst; P. Chen; I. Yu-Hua Gu,"Chalmers University of Technology, Sweden; Chalmers University of Technology, Sweden; Chalmers University of Technology, Sweden",27th International Conference on Electricity Distribution (CIRED 2023),29 Sep 2023,2023,2023,,3884,3888,"The distribution system operator lacks the knowledge of the heating system used by their customers to make sound grid planning decisions. Energy declaration from buildings and the large-scale rollout of smart meters provides an excellent opportunity to classify the heating system used. This paper proposes a machine-learning-based approach using a support vector machine (SVM) with daily load curves (mean and standard deviation of consumption) extracted from smart meter measurements. Three heating types are analysed: district heating, exhaust air heat pump, and direct electric heating. The performance was compared among the classifiers using daily load curves extracted over one year, for each month, each week, and each day of the year. The highest average accuracy of 92.6% was obtained for the SVM classifier using daily load curves extracted for each week of a year as features. Furthermore, the classifier showed a higher performance than using an ensemble of SVM or random forest classifiers (90.6%/90.5%) proposed in the literature. Lastly, an error analysis of the misclassification was carried out, including building characteristics and geographical analysis.",,978-1-83953-855-1,10.1049/icp.2023.0547,,https://ieeexplore.ieee.org/stamp/stamp.jsp?arnumber=10267838,,,,,,,,29 Sep 2023,12-15 June 2023,12-15 June 2023,IET,IET Conferences,S1-1D IEEE.csv
Data Stream Classification for Structural Health Monitoring via On-Line Support Vector Machines,X. Li; W. Yu,"Centro de Investigacion y de Estudios Avanzados del Instituto Politecnico Nacional, Ciudad de Mexico, Ciudad de MÃ©xico, MX; Centro de Investigacion y de Estudios Avanzados del Instituto Politecnico Nacional, Ciudad de Mexico, Ciudad de MÃ©xico, MX",2015 IEEE First International Conference on Big Data Computing Service and Applications,13 Aug 2015,2015,,,400,405,"An important objective of building monitoring is to diagnose the building states and evaluate possible damage. This is a data classification problem. The building states come from many on-line sensors. Normal classification methods, such as support vector machine (SVM), cannot classify this large data stream. In this paper, the classical SVM is extended to an on-line classifier (OLSVM). This SVM can classify large data stream directly. It is applied for on-line structural health monitoring. The experiment results of a lab scale prototype show the proposed algorithm can detect the damage with the data stream. This method can also be applied to big data classification, when the data set are transformed into a data stream.",,978-1-4799-8128-1,10.1109/BigDataService.2015.17,,https://ieeexplore.ieee.org/stamp/stamp.jsp?arnumber=7184908,data stream classification;on-line support vector machines;structural health monitoring,Support vector machines;Buildings;Training;Kernel;Dictionaries;Accelerometers;Monitoring,,8.0,,34.0,IEEE,13 Aug 2015,30 March-2 April 2015,30 March-2 April 2015,IEEE,IEEE Conferences,S1-1D IEEE.csv
A Novel Deep Embedding Network for Building Shape Recognition,S. Tian; Y. Zhang; J. Zhang; N. Su,"School of Electronics and Information Engineering, Harbin Institute of Technology, Harbin, China; School of Electronics and Information Engineering, Harbin Institute of Technology, Harbin, China; School of Electronics and Information Engineering, Harbin Institute of Technology, Harbin, China; School of Electronics and Information Engineering, Harbin Institute of Technology, Harbin, China",IEEE Geoscience and Remote Sensing Letters,25 Oct 2017,2017,14,11.0,2127,2131,"Building shape, as a key structured element, plays a significant role in various urban remote sensing applications. However, because of high complexity and intraclass variations between building structures, the capability of building shape description and recognition becomes limited or even impoverished. In this letter, a novel deep embedding network is proposed for building shape recognition, which combines the strength of the unsupervised feature learning of convolutional neural networks (CNNs) and a novel triplet loss. Specifically, we take advantage of the strong discriminative power of CNNs to learn an efficient building shape representation for shape recognition. With this deep embedding network, the high-dimensional image space can be mapped into a low-dimensional feature space, and the deep features can effectively reduce the intraclass variations while increasing the interclass variation between different building shape images. Afterward, the derived deep features are exploited for the process of building shape recognition. This method consists of two stages. In the first stage, for standard building shape image queries stored in the shape primitives library and the building shape data set, two sets of deep features are extracted with the deep embedding network. In the second stage, we formulate the shape recognition task into a feature matching problem and the final building shape recognition results can be achieved by set-to-set feature matching method. Experiments on the VHR-10 and UCML data sets demonstrate the effectiveness and precision of the proposed method.",1558-0571,,10.1109/LGRS.2017.2753821,National Natural Science Foundation of China(grant numbers:61471148); Defense Industrial Technology Development Program(grant numbers:JCKY2016603C004); ,https://ieeexplore.ieee.org/stamp/stamp.jsp?arnumber=8065026,Convolutional neural networks (CNNs);object recognition;remote sensing (RS);shape matching,Shape;Buildings;Feature extraction;Training;Libraries;Object recognition,,7.0,,20.0,IEEE,11 Oct 2017,Nov. 2017,,IEEE,IEEE Journals,S1-1D IEEE.csv
Lightweight Multiscale Attention-Aware Method for Semantic Segmentation of Urban Structural Buildings in Drone Aerial Imagery,J. Herman; R. Zewail; T. Ogawa; S. E. Sagheer,"Computer Science & Engineering, Egypt-Japan University For Science & Technology, Aleandria, Egypt; Computer Science & Engineering, Egypt-Japan University For Science & Technology, Aleandria, Egypt; Waseda University, Tokyo, Japan; Computer Science & Engineering, Egypt-Japan University For Science & Technology, Aleandria, Egypt","2023 International Mobile, Intelligent, and Ubiquitous Computing Conference (MIUCC)",20 Oct 2023,2023,,,338,344,"Every year, the lives of millions of people all over the world are affected by natural disasters such as floods, earthquakes and hurricanes. Urban and under-development communities are often hit the most during disasters. Disaster resilience requires proper planning and timely response. Recently, there has been growing interest in the potentials of computer vision and artificial intelligence to tackle challenges related to disaster resilience and emergency preparedness. Compared to cities, detecting structural buildings in urban environments is a more challenging task. Within this context, this paper presents a novel lightweight multiscale attention-aware method for semantic segmentation of urban structural buildings in drone aerial imagery. Detailed experiments were conducted to evaluate our proposed method using drone aerial images from Zanzibar city, Tanzania. Despite being lightweight, significant performance gains were achieved compared to relevant state-of-the-art methods in the literature.",,979-8-3503-0623-1,10.1109/MIUCC58832.2023.10278371,,https://ieeexplore.ieee.org/stamp/stamp.jsp?arnumber=10278371,,Semantic segmentation;Buildings;Urban areas;Performance gain;Predictive models;Ubiquitous computing;Planning,,1.0,,38.0,IEEE,20 Oct 2023,27-28 Sept. 2023,27-28 Sept. 2023,IEEE,IEEE Conferences,S1-1D IEEE.csv
Seismic Risk Assessment in Educational Buildings Using Neural Networks,L. A. A. Cerron; J. S. A. A. Rojas,"Department of Civil Engineering, Universidad Continental Huancayo, Perú; Department of Civil Engineering, Universidad Continental Huancayo, Perú",2025 5th International Conference on Intelligent Technologies (CONIT),24 Sep 2025,2025,,,1,7,"This study presents the implementation of Artificial Neural Networks (ANNs) for the assessment of seismic risk in educational buildings, using a public school in Lima, Peru, as a case study. Given the region’s high seismic vulnerability and the scarcity of resources for traditional structural evaluations, the proposed model integrates site-specific geotechnical, structural, and seismic variables. The ANN was structured with two hidden layers and trained through supervised learning, employing hyperparameter optimization via random search and crossvalidation to maximize predictive accuracy. The model achieved an accuracy of $\mathbf{9 2. 5 \%}$ in classifying buildings into seismic risk categories (low, medium, high), outperforming a baseline empirical vulnerability scoring method by 15%. Critical input features included building age, number of floors, construction quality, and type of structural material. Results indicate that the ANN model is a scalable, low-cost, and data-driven alternative for rapid vulnerability screening in educational infrastructure. This approach supports informed decision-making in seismic risk mitigation policies, particularly in resource-constrained contexts. Identified limitations and recommendations for extending the methodology to broader urban datasets are discussed to ensure future applicability and robustness.",,979-8-3315-2233-9,10.1109/CONIT65521.2025.11167109,,https://ieeexplore.ieee.org/stamp/stamp.jsp?arnumber=11167109,Seismic Vulnerability;Neural Networks;Educational Infrastructure;Risk Assessment;Artificial Intelligence,Accuracy;Buildings;Decision making;Supervised learning;Artificial neural networks;Hyperparameter optimization;Robustness;Planning;Floors;Risk mitigation,,,,14.0,IEEE,24 Sep 2025,20-22 June 2025,20-22 June 2025,IEEE,IEEE Conferences,S1-1D IEEE.csv
Fuzzy Control Algorithm of Structural Vibration in Civil Engineering,L. Kong,"Department of Basic Courses, Henan College of Industry & Information Technology, Jiaozuo, Henan, China",2021 International Wireless Communications and Mobile Computing (IWCMC),9 Aug 2021,2021,,,2002,2006,"As more and more multi-storey buildings rise from the ground, how to reduce the vibration of buildings in earthquakes has become a research and debate issue. Vibration control of civil engineering structures is an emerging discipline developed after the traditional seismic and wind resistance design methods. Structural control is divided into passive control, active control and semi-active control. They use non-portable control devices to apply control forces to slow the vibration response of the structure itself. Using appropriate control methods to control these devices is the focus of the investigation. In this paper, the experimental verification method is used to test the mechanical vibration of civil engineering structures. The following results are obtained. When the maximum displacement error is 1cm, the prediction rate is 88%; the maximum speed error is 0.1m/s, and the prediction rate is 77%; The maximum acceleration error is 0.2m/s, and the prediction rate is 81%. This shows that the moment when the response of displacement, speed, and acceleration is the largest is also the moment of greater error, and because the speed and acceleration change more drastically than displacement, the error is slightly larger than displacement, but this situation only occurs at fewer moments. Most of the time the prediction effect is still quite good.",2376-6506,978-1-7281-8616-0,10.1109/IWCMC51323.2021.9498972,,https://ieeexplore.ieee.org/stamp/stamp.jsp?arnumber=9498972,Civil Engineering Structure;Mechanical Vibration;Fuzzy Control Algorithm;Experimental Verification Method,Vibrations;Knowledge engineering;Fuzzy control;Earthquakes;Buildings;Neural networks;Vibration control,,1.0,,18.0,IEEE,9 Aug 2021,28 June-2 July 2021,28 June-2 July 2021,IEEE,IEEE Conferences,S1-1D IEEE.csv
An enhanced technique for indoor navigation system based on WIFI-RSSI,K. Kasantikul; C. Xiu; D. Yang; M. Yang,"Space Technology and Application, School of Electronic and Information Engineering, Beihang University, China; Space Technology and Application, School of Electronic and Information Engineering, Beihang University, China; Space Technology and Application, School of Electronic and Information Engineering, Beihang University, China; Space Technology and Application, School of Electronic and Information Engineering, Beihang University, China",2015 Seventh International Conference on Ubiquitous and Future Networks,10 Aug 2015,2015,,,513,518,"Determining position and route is very important because it helps user get to the destination easier and faster. Nowadays, more and more people move to urban areas and live in complex buildings. Indoor positioning and navigation, therefore, plays an important role for determining position for indoor areas. Anyway, in order to get to the destination, knowing only position is not enough because there are a lot of rooms inside building, for example, airport and shopping center. Thus knowing the route to the destination is also very important so user can reach the destination in time. Indoor positioning focuses on using smartphone to receive Wi-Fi signal due to its convenience and ease of operation. The Wi-Fi Fingerprint based localization with k-Nearest Neighbor (k-NN) algorithm has been commonly used for indoor positioning. For indoor navigation, many researches have used structure of building such as distance space and doors as reference points but this research focus on reference nodes of fingerprint map because reference nodes of fingerprint map are built depending on structure of building. This research is divided into two parts. The first part is to improve accuracy and robustness of positioning by using k-NN algorithm with Particle Filter (PF). The second part is the navigation technique for indoor environment by using Dijkstra's algorithm with reference nodes of fingerprint map to find the shortest route from starting position to the destination. For experimental results, the map of 6th floor of New Main Building (NMB) in Beihang University was used for simulation. In positioning part, the results showed the accuracy of k-NN and PF algorithm by using root mean square error equation to measure errors between real position and estimated position. In navigation part, the results showed time used to calculate the route. Moreover, the results also showed the route between starting position and destination.",2165-8536,978-1-4799-8993-5,10.1109/ICUFN.2015.7182597,,https://ieeexplore.ieee.org/stamp/stamp.jsp?arnumber=7182597,Indoor positioning;Indoor navigation;Wi-Fi Fingerprint Technique;RSSI;k-Nearest Neighbor;Particle filter,Noise;Robustness,,26.0,1.0,25.0,IEEE,10 Aug 2015,7-10 July 2015,7-10 July 2015,IEEE,IEEE Conferences,S1-1D IEEE.csv
Building Floor Identification Method Based on DAE-LSTM in Cellular Network,Y. Zhang; L. Ma; B. Wang; D. Qin,"School of Electronics and Information Engineering, Harbin Institute of Technology, Harbin, China; School of Electronics and Information Engineering, Harbin Institute of Technology, Harbin, China; School of Electronics and Information Engineering, Harbin Institute of Technology, Harbin, China; School of Electronics Engineering, Heilongiiang University, Harbin, China",2020 IEEE 91st Vehicular Technology Conference (VTC2020-Spring),30 Jun 2020,2020,,,1,5,"Quick and accurate floor identification in a multistory building is a challenging task for 3D indoor positioning. The performances of the available methods are low accuracy or even unworkable in the large and complex urban environment due to the noisy received data. Furthermore, the relationship between received data from different reference points is not considered to make the floor identification better. Therefore, in this paper, we focus on improving floor identification accuracy and propose a novel floor identification method. For better describing the property of the signal propagating difference coming from the same base station to different floors, we analyze both the channel characteristics and geographic characteristics and then select five important parameters for floor identification. Based on these parameters, a floor identification method is proposed. We use Denoising Autoencoder (DAE) on these parameters for noise reduction and feature extraction. Then, we use the Long Short-Term Memory (LSTM) on the denoised features for floor identification, which can better explore and utilize data feature relationship. Based on the real cellular network data, the experiment results show that our proposed floor identification method is very accurate for different structural buildings, which outperforms the traditional methods.",2577-2465,978-1-7281-5207-3,10.1109/VTC2020-Spring48590.2020.9129414,,https://ieeexplore.ieee.org/stamp/stamp.jsp?arnumber=9129414,Indoor position;Floor identification;Denoising Autoencoder;Long Short-Term Memory;LTE,Floors;Base stations;Feature extraction;Mathematical model;Long Term Evolution;Noise measurement,,4.0,,15.0,IEEE,30 Jun 2020,25-28 May 2020,25-28 May 2020,IEEE,IEEE Conferences,S1-1D IEEE.csv
High Precision Mapping Of Building Changes Using Sentinel-2,J. Prexl; S. Saha; M. Schmitt,"Department of Aerospace Engineering, University of the Bundeswehr Munich, Germany; Yardi School of Artificial Intelligence, Indian Institute of Technology Delhi, India; Department of Aerospace Engineering, University of the Bundeswehr Munich, Germany",IGARSS 2023 - 2023 IEEE International Geoscience and Remote Sensing Symposium,20 Oct 2023,2023,,,6744,6747,"In the field of urban monitoring, accurate mapping of building structures and the corresponding changes is one of the most essential pieces of information. In many cases, this problem is approached with very high-resolution images, needed due to the spatial complexity in urban environments. And still, many binary change detection (CD) methods cannot segregate the changes introduced by the generation of new building structures from seasonal changes or other semantic changes. In this paper, we investigate a simple approach for building CD from freely available Sentinel-2 images, that neither depends on high-resolution imagery nor is prone to be negatively affected by seasonal changes. The proposed approach is simple and mainly based on the utilization of Sentinel-2 and existing corresponding building footprint information. We discuss in detail all the necessary steps to produce sub-resolution CD maps and shine a light on the critical influence of georeferencing correction.",2153-7003,979-8-3503-2010-7,10.1109/IGARSS52108.2023.10283173,,https://ieeexplore.ieee.org/stamp/stamp.jsp?arnumber=10283173,Change Detection;Optical Images;Sentinel-2;Building Footprint;Deep Learning,Image segmentation;Image resolution;Buildings;Urban areas;Semantics;Geoscience and remote sensing;Optical imaging,,1.0,,13.0,IEEE,20 Oct 2023,16-21 July 2023,16-21 July 2023,IEEE,IEEE Conferences,S1-1D IEEE.csv
Damage detection of building structure based on vibration data and hysteretic model,J. Morales-Valdez; M. A. Lopez; W. Yu,"Departamento de Control Automático CINVESTAV-IPN, Av. Instituto Politecnico Nacional 2508, Méexico city, Méexico; Departamento de Control Automático CINVESTAV-IPN, Av. Instituto Politecnico Nacional 2508, Méexico city, Méexico; Departamento de Control Automático CINVESTAV-IPN, Av. Instituto Politecnico Nacional 2508, Méexico city, Méexico",2019 IEEE 15th International Conference on Automation Science and Engineering (CASE),19 Sep 2019,2019,,,608,613,"This paper presents a novel approach for damage detection in building structures by using the dissipated energy. In this sense, the hysteretic Bouc-Wen model is introduced as a useful tool for describing the degrading energy, which is directly related to the stiffness loss. Since, parameters and states of this model are unknown, we employ a nonlinear system identification algorithm based on Convolutional Neural Network (CNN) to avoid estimate simultaneously the states and parameters of the model. The used CNN have the sparse connectivity, which ensures that the strong response can be detected by convolution filters. In addition, the shared weights of the CNN reduce the the training complexity and the number of its parameters because the same weights are applied to all inputs. Therefore, the CNN can detect features no matter where they are on the vibration data, also reducing the training complexity. The use of this tool avoids using an adaptive observer, which unlike CNN, the algorithm's complexity increases with the number of unknown parameters and states. Moreover, the adaptive observer can not guarantee convergence in presence of measurement noise. Experimental results confirmed that the proposed method is promising for real applications.",2161-8089,978-1-7281-0356-3,10.1109/COASE.2019.8842996,,https://ieeexplore.ieee.org/stamp/stamp.jsp?arnumber=8842996,,Buildings;Autoregressive processes;Vibrations;Mathematical model;Training;Hysteresis;Degradation,,,,25.0,IEEE,19 Sep 2019,22-26 Aug. 2019,22-26 Aug. 2019,IEEE,IEEE Conferences,S1-1D IEEE.csv
Large Area Building Detection from Airborne Lidar Data using OSM Trained Superpixel Classification,B. Mao; B. Li; J. Sun,"College of Information Engineering, Nanjing University of Finance & Economics, Nanjing, China; College of Electrical Engineering and Automation, Jiangsu Maritime Institute, Nanjing, China; State Grid Qingdao Power Supply Company, Qingdao, China",2019 Seventh International Conference on Advanced Cloud and Big Data (CBD),28 Nov 2019,2019,,,145,150,"Lidar-based building detection has been an interesting topic for a long time considering its wide applications such as change detection, model reconstruction and so on. In this paper, we propose a Lidar building detection algorithm based on superpixel segmentation. Compared with the existing methods, two innovations of this paper are first a deep learning model is trained for classification of the superpixel using OpenStreetMap as semantic tags. Second, we further improve our segmentation results by graph analysis of the generated superpixels. The experimental results indicate that a simple CNN based deep learning model trained in the proposed framework can reach over 80% classification accuracy of building objects. And after the graph analysis, the building detection accuracy can further increase to 98%. According to the tests in the London area, the proposed method can be used for large-scale model detection with low-resolution Lidar data (50CM).",,978-1-7281-5141-0,10.1109/CBD.2019.00035,,https://ieeexplore.ieee.org/stamp/stamp.jsp?arnumber=8916353,"Lidar Building Detection, Superpixel, Deep Learning, Graph Analysis",Laser radar;Buildings;Image segmentation;Urban areas;Semantics;Classification algorithms;Computational modeling,,1.0,,29.0,IEEE,28 Nov 2019,21-22 Sept. 2019,21-22 Sept. 2019,IEEE,IEEE Conferences,S1-1D IEEE.csv
Health Monitoring of Carbon Fiber Reinforced Building Materials Based on Phase Unwrapping Algorithm,M. Yan; J. Zhou; S. Guo; Y. Li,"Department of Civil Engineering, Ordos Institute of Technology, Ordos, China; Ordos City Investment Real Estate Development Company Ltd., Ordos, China; Ordos City Construction Engineering Company Ltd., Ordos, China; Ordos City Construction Engineering Company Ltd., Ordos, China",IEEE Access,28 Jul 2025,2025,13,,130684,130700,"During the construction process, building structures are affected by environmental factors such as earthquakes. Engineers cannot monitor real-time data related to the status of building materials, such as whether the structure is complete, whether nodes are effective, and specific displacement situations. Therefore, a hybrid model to monitor carbon fiber reinforced building materials based on the least squares phase unwrapping and deep convolutional neural networks is developed to provide timely warning of damage factors. When constructing the model, deep convolutional neural network is used to effectively extract the features of carbon fiber reinforced building materials, and improve the analysis ability of the building materials monitoring model. The experimental results showed that the hybrid algorithm had higher computational accuracy and smaller errors compared with the discrete cosine transform algorithm, fast Fourier transform algorithm, and quality map guided method. When the signal-to-noise ratio of these four algorithms was 6%, the average errors were 0.3147, 0.8462, 0.7836, and 0.8147, respectively. When conducting denoising tests on noisy images, the hybrid algorithm showed good denoising results, with clear images. In addition, empirical analysis was conducted on the constructed hybrid model for health status monitoring. When the iteration was 120, the loss curve gradually smoothed and the loss rate remained between 0.2 and 0.3. When testing the fracture of a single suspension rod, the difference in cable force detected was 115kN, with a variation amplitude of 12.15%. When the mixed model was tested on the training set and the test set, the accuracy rates of building material monitoring were 98.2% and 95.5% respectively, which were significantly higher than those of the comparison models. Meanwhile, after introducing the multi-feature fusion strategy, the gap between the training set and the test set was significantly narrowed, significantly improving the generalization ability of the model. The above results indicate that the carbon fiber reinforced building material health monitoring hybrid model can timely detect the damage status of building materials and transmit and process data. This study will better monitor the status in future building structures and provide support for emergency response decisions in structures.",2169-3536,,10.1109/ACCESS.2025.3587689,,https://ieeexplore.ieee.org/stamp/stamp.jsp?arnumber=11077128,Phase unwrapping algorithm;carbon fiber reinforcement;building material;health monitoring;multi-feature fusion,Monitoring;Building materials;Carbon;Optical fiber networks;Optical fiber sensors;Mathematical models;Accuracy;Feature extraction;Optical fiber cables;Signal processing algorithms,,,,36.0,CCBY,10 Jul 2025,2025,,IEEE,IEEE Journals,S1-1D IEEE.csv
Identifying damaged buildings from high-resolution satellite imagery in hazardous areas using morphological operators,C. D. Parape; M. Tamura,"Department of Urban and Environmental Engineering, Graduate School of Engineering, Kyoto University, Japan; Graduate School of Global Environmental Studies, Kyoto University, Japan",2011 IEEE International Geoscience and Remote Sensing Symposium,20 Oct 2011,2011,,,1898,1901,"This paper presents a methodology and results of evaluating damaged buildings detection algorithms using an object recognition task based on Differential Morphological Profile (DMP) for Very High Resolution (VHR) remotely sensed images. The proposed approach involves several advanced morphological operators among which an adaptive hit-or miss transform with varying size, shape and gray level of the structuring elements. IKONOS satellite panchromatic images consisting of a pre and post-earthquake site of the Sichuan area in China were used. Morphological operations of opening and closing with constructions are applied for segmented images. The Unsupervised classification I SOD AT A algorithm is used for the feature extraction and the results comparison with ground truth data, complex urban area before the earthquake gives 76% and same area wracked after the earthquake gives 88% buildings detection on object based accuracy.",2153-7003,978-1-4577-1005-6,10.1109/IGARSS.2011.6049495,,https://ieeexplore.ieee.org/stamp/stamp.jsp?arnumber=6049495,Differential Morphological Profile;IKONOS;Building Extraction;Unsupervised ISODATA Classification,Buildings;Remote sensing;Satellites;Earthquakes;Feature extraction;Urban areas;Morphology,,4.0,,10.0,IEEE,20 Oct 2011,24-29 July 2011,24-29 July 2011,IEEE,IEEE Conferences,S1-1D IEEE.csv
Identification of Unlawful Construction Project using Aerial View in Urban Area,A. Kumar; R. Mahajan,"Department of Computer Science Engineering, Sanskriti University, Mathura, Uttar Pradesh, India; Department of Computer Science & Engineering, Chandigarh Engineering College, India",2022 11th International Conference on System Modeling & Advancement in Research Trends (SMART),24 Feb 2023,2022,,,683,688,"It is quite costly to follow the land operations in metropolitan areas with accurate geo mapping and monitoring. It takes more time and labor. Auditing cannot be done on a regular basis. Someti mes it is impossible to complete a task within a period of six months or a year. Therefore, automating these operations in real time from an aerial perspective is more practical. Graphics rendering and deep learning make it simple to find unauthorized building structures using income maps and old photographs of the region. The project's goal is to improve accuracy by combining deep learning and image processing methods. As a result, this model ought to be able to recognize various forms and orientations of buildings. Model ought to be able to identify any unlawful activity occurring on public property, from open, bare ground to build structures, and alert the appropriate authorities. Recent advancements in satellite photography have made it feasible to acquire high quality pictures in several bands, including RGB and near infrared. Using deep learning and all these high-resolution photos, image processing methods. Our objective is to identify unauthorized building development in metropolitan areas using all available tools and to email a report to the local tax agency.",2767-7362,978-1-6654-8734-4,10.1109/SMART55829.2022.10046937,,https://ieeexplore.ieee.org/stamp/stamp.jsp?arnumber=10046937,Illegal Building;Building Detection;Satellite Projection;Real Estate Records;Image Detection and Infrared Image Detection,Deep learning;Photography;Satellites;Image processing;Urban areas;Buildings;Rendering (computer graphics),,1.0,,14.0,IEEE,24 Feb 2023,16-17 Dec. 2022,16-17 Dec. 2022,IEEE,IEEE Conferences,S1-1D IEEE.csv
Deep Learning for Cross-Domain Building Change Detection from Multi-Source Very High-Resolution Satellite Imagery,G. W. Gella; S. Lang,"Christian Doppler Laboratory for Geospatial and EO-Based Humanitarian Technologies (GEOHUM), Paris Lodron University of Salzburg (PLUS); Christian Doppler Laboratory for Geospatial and EO-Based Humanitarian Technologies (GEOHUM), Paris Lodron University of Salzburg (PLUS)",IGARSS 2024 - 2024 IEEE International Geoscience and Remote Sensing Symposium,5 Sep 2024,2024,,,421,426,"Detecting building changes using earth observation datasets has numerous applications, particularly in humanitarian emergency responses. Deep learning models for change detection have shown considerable progress, but they require large annotated datasets for training and validation. Although semi-supervised change detection methods utilize a large amount of unlabeled data from the same domain, their effectiveness is limited when applied across different datasets due to shifts in data distribution. We proposed a cross-domain semi-supervised change detection approach that incorporates consistency regularization and a deep change domain mapping strategy to handle data distribution shifts. This method achieved a change class Intersection over Union (IoU) of 0.57 and 0.22 in the challenging cross-domain scenarios of LEVIR-CD → WUHAN-CD and LEVIR-CD → EGY-BCD open datasets, respectively. Additionally, we tested this approach for monitoring building changes in temporary settlements hosting forcibly displaced people (FDP), using cross-domain data from open datasets and images of these temporary settlements. Despite the improvements introduced by domain mapping, the results are not yet sufficient for practical use in emergency response operations.",2153-7003,979-8-3503-6032-5,10.1109/IGARSS53475.2024.10641261,Borders; ,https://ieeexplore.ieee.org/stamp/stamp.jsp?arnumber=10641261,Building change detection;cross-dataset;semi-supervision;deep domain loss;open dataset,Deep learning;Training;Earth;Buildings;Urban areas;Geoscience and remote sensing;Feature extraction,,,,22.0,IEEE,5 Sep 2024,7-12 July 2024,7-12 July 2024,IEEE,IEEE Conferences,S1-1D IEEE.csv
Damage Identification Methods for Structural Health Monitoring of Super High-Rise Buildings,H. Hu; M. Tang; L. Li; H. Hu; H. Chen; Z. Yang; X. Ji,"School of Intelligent Engineering, Shaoguan University, Shaoguan, China; School of Intelligent Engineering, Shaoguan University, Shaoguan, China; School of Mechanical and Automotive Engineering, South China University of Technology, Guangzhou, China; Guangzhou Institute of Building Science Co., Ltd., Chief Engineer Office, Guangzhou, China; Guangzhou Institute of Building Science Co., Ltd., Chief Engineer Office, Guangzhou, China; Guangzhou Institute of Building Science Co., Ltd., Chief Engineer Office, Guangzhou, China; Guangzhou Institute of Building Science Co., Ltd., Chief Engineer Office, Guangzhou, China","2021 5th International Conference on Vision, Image and Signal Processing (ICVISP)",8 Feb 2022,2021,,,188,192,"In recent decades, with severe shortage of urban land resources due to massive increase of population density, super high-rise building construction has become one of the very important development orientations in modern construction industry. Affected by excessive loading as well as environmental deterioration, damages are likely to occur in localized regions in building structures. Accumulation of damages probably unavoidably leads to the structure performance deterioration, which might cause structure failures, along with disasters with heavy casualties and economic losses. For timely detection of potential damages with avoiding catastrophic accidents, damage identification and structural health monitoring (SHM) have been proposed. This paper presents a review of damage identification methods for super high-rise buildings to highlight their merits and limits, which further concludes future research directions and provides possible methods for specific SHM problems of engineers and researchers.",,978-1-6654-0770-0,10.1109/ICVISP54630.2021.00042,Guangdong Science and Technology Department; ,https://ieeexplore.ieee.org/stamp/stamp.jsp?arnumber=9700845,super high-rise buildings;damage identification methods;structural health monitoring,Wireless communication;Wavelet transforms;Wireless sensor networks;Wearable computers;Buildings;Virtual reality;Wavelet analysis,,3.0,,57.0,IEEE,8 Feb 2022,18-20 Dec. 2021,18-20 Dec. 2021,IEEE,IEEE Conferences,S1-1D IEEE.csv
SingleRecon: Reconstructing Building 3-D Models of LoD1 From a Single Off-Nadir Remote Sensing Image,R. Shao; J. Wu; J. Li; S. Peng; H. Chen; C. Du,"College of Electronic Science and Technology, National University of Defense Technology, Changsha, China; College of Electronic Science and Technology, National University of Defense Technology, Changsha, China; College of Electronic Science and Technology, National University of Defense Technology, Changsha, China; College of Electronic Science and Technology, National University of Defense Technology, Changsha, China; College of Electronic Science and Technology, National University of Defense Technology, Changsha, China; College of Electronic Science and Technology, National University of Defense Technology, Changsha, China",IEEE Journal of Selected Topics in Applied Earth Observations and Remote Sensing,8 Nov 2024,2024,17,,19588,19600,"3-D building models are one of the most intuitive and widely used forms for understanding urban buildings. Generating 3-D building models based on a single off-nadir satellite image is an economical and rapid method, particularly valuable in large-scale 3-D reconstruction scenarios with limited time. In this article, we propose a novel pipeline for automatically reconstructing level of detail 1 (LoD1) 3-D building models based on a single off-nadir satellite remote sensing image. Our pipeline is built upon a multitask neural network called off-nadir building reconstruction network (ONBuildingNet), which extracts building roof polygons and offsets from the image. Using this information, the pipeline computes the building footprint polygons and heights, constructs LoD1 building models, and then extract textures from the off-nadir image. ONBuildingNet introduces our proposed cross-field auxiliary task and multiscale mask head to extract building roof polygons with accurate shapes. We have demonstrated through extensive experiments that our pipeline can automatically and rapidly construct LoD1 3-D urban building models. In addition, our proposed ONBuildingNet outperforms current state-of-the-art methods in extracting more shape accurate building roof polygons, thereby enhancing the accuracy of the final 3-D models produced by our pipeline. Experimental results demonstrate that our method for reconstructing 3-D models of urban building scenes has strong visualization effects, with an average height error of 3.3 m.",2151-1535,,10.1109/JSTARS.2024.3483843,"National Natural Science Foundation of China(grant numbers:42471403,42101432,42101435,62106276); ",https://ieeexplore.ieee.org/stamp/stamp.jsp?arnumber=10723241,3-D reconstruction;building roof polygon extraction;level of detail 1 (LoD1) 3-D building model;off-nadir satellite image,Buildings;Three-dimensional displays;Remote sensing;Image reconstruction;Accuracy;Data models;Image edge detection;Satellite images;Urban areas,,6.0,,56.0,CCBYNCND,18 Oct 2024,2024,,IEEE,IEEE Journals,S1-1D IEEE.csv
EDGE DETECTION AND OBJECT IDENTIFICATION FOR VISION ENHANCEMENT AT RESCUE OPERATIONS USING DEEP LEARNING TECHNIQUES,D. Selvakarthi; D. Sivabalaselvamani; S. Ashwath; A. P. A. Kalaivanan; K. Manikandan; C. Pradeep,"Department of Electronics and Instrumentation Engineering, Kongu Engineering College, Erode, Tamilnadu, India; Department of Computer Applications, Kongu Engineering College, Erode, Tamilnadu, India; Department of EIE, Kongu Engineering College, Erode, Tamilnadu, India; Department of EIE, Kongu Engineering College, Erode, Tamilnadu, India; Department of EIE, Kongu Engineering College, Erode, Tamilnadu, India; Department of EIE, Kongu Engineering College, Erode, Tamilnadu, India",2022 International Conference on Computer Communication and Informatics (ICCCI),31 Mar 2022,2022,,,1,6,"In this modern world the rate of occurrence of accidents and military operation in dark and unpleasant goes on increasing. At this situation the rescue squad faces difficulty in navigation. The visual detection and object clarity is difficult in risky situations like rescue operations in dark environment, secret armed rescue and military based operations. Due to this difficulty the failure rate of the operation is high. The proposed idea based on AI -Deep Learning technology provides better clarification on edge detection and enhances the vision with the help of OpenCV (Computer Vision Library) and other frameworks. Data transmission and Image processing is implemented with the help of raspberry pi. The object identification is implemented in the dark environment. This makes the navigation of the rescue quad inside the operation make easier. To provide visual enhancement for the structures of buildings and objects during rescue operation and also the visual projection of object structures in secret operations at military. The real time object edges and classification of objects and internal structures of environment is projected based on the user comfortless.",2329-7190,978-1-6654-8035-2,10.1109/ICCCI54379.2022.9740826,,https://ieeexplore.ieee.org/stamp/stamp.jsp?arnumber=9740826,AI-Deep learning;Edge detection;Gaussian filter;YOLO V3;Canny algorithm,Image quality;Deep learning;Visualization;Navigation;Image edge detection;Buildings;Urban areas,,3.0,,24.0,IEEE,31 Mar 2022,25-27 Jan. 2022,25-27 Jan. 2022,IEEE,IEEE Conferences,S1-1D IEEE.csv
Ai-Based Building Instance Segmentation in Formal and Informal Settlements,P. Schuegraf; D. Stiller; J. Tian; T. Stark; M. Wurm; H. Taubenböck; K. Bittner,"German Aerospace Center (DLR), Remote Sensing Technology Institute (IMF); German Aerospace Center (DLR), German Remote Sensing Data Center (DFD); German Aerospace Center (DLR), Remote Sensing Technology Institute (IMF); German Aerospace Center (DLR), German Remote Sensing Data Center (DFD); German Aerospace Center (DLR), German Remote Sensing Data Center (DFD); German Aerospace Center (DLR), German Remote Sensing Data Center (DFD); German Aerospace Center (DLR), Remote Sensing Technology Institute (IMF)",IGARSS 2024 - 2024 IEEE International Geoscience and Remote Sensing Symposium,5 Sep 2024,2024,,,1558,1561,"Building instances play a pivotal role in understanding population distribution and assessing vulnerability in the face of potential risks. Building instance segmentation is a valuable technique for identifying individual structures, however, complex urban environments pose great challenges, especially in the informal areas. In this study, we utilize a building instance segmentation method specifically designed to discern single buildings in both formal and informal settlements. Employing a SkipFuse-UResNet34 model, we generate building instances for Medellín, Colombia, resulting in a more comprehensive building mask compared to conventional official data sources. This enhanced mask serves as a vital tool for estimating the population at risk, enabling a thorough comparison with official data and addressing current spatial knowledge gaps.",2153-7003,979-8-3503-6032-5,10.1109/IGARSS53475.2024.10642589,,https://ieeexplore.ieee.org/stamp/stamp.jsp?arnumber=10642589,building instance segmentation;informal settlements;deep learning;urbanization;satellite imagery,Instance segmentation;Soft sensors;Disasters;Buildings;Urban areas;Humanitarian activities;Geoscience and remote sensing,,1.0,,14.0,IEEE,5 Sep 2024,7-12 July 2024,7-12 July 2024,IEEE,IEEE Conferences,S1-1D IEEE.csv
A Geospatial Dataframe of Collapsed Buildings in Antakya City after the 2023 Kahramanmaraş Earthquakes Using Object Detection Based on YOLO and VHR Satellite Images,D. Ilmak; M. C. Iban; D. Zafer Şeker,"Dept. of Remote Sensing and GIS, Mersin University, Mersin, Türkiye; Dept. of Geomatics Engineering, Mersin University, Mersin, Türkiye; Dept. of Geomatics Engineering, Istanbul Technical University, Istanbul, Türkiye",IGARSS 2024 - 2024 IEEE International Geoscience and Remote Sensing Symposium,5 Sep 2024,2024,,,3915,3919,"The earthquake sequence in Kahramanmaraş, Türkiye, on February 6, 2023, with magnitudes of 7.8 and 7.6, resulted in significant destruction, impacting buildings and infrastructure across the region. This study focuses on detecting collapsed buildings post-earthquake in heavily damaged Antakya City, utilizing YOLO models. Trained rigorously on Maxar's VHR satellite imagery, YOLOv7, YOLOv7x, YOLOv8l, and YOLOv8x delivered notable results, especially YOLOv7, achieving a mAP@.5 of 0.79. The integration of precise geographical coordinates enhances insights into the distribution of 216 detected collapsed buildings within 28.20 km2. Challenges include misclassifying non-building structures and advocating for diverse dataset inclusion. While YOLO models efficiently contribute to post-earthquake studies, the generalizability of the models is still context-specific, necessitating the exploration of diverse datasets within different scenarios.",2153-7003,979-8-3503-6032-5,10.1109/IGARSS53475.2024.10642920,,https://ieeexplore.ieee.org/stamp/stamp.jsp?arnumber=10642920,Deep Learning;Object Detection;Very High-Resolution Satellite Imagery;Remote Sensing;Earthquake Damage Assessment,YOLO;Buildings;Urban areas;Earthquakes;Geoscience and remote sensing;Satellite images;Sensors;Geospatial analysis;Context modeling,,3.0,,10.0,IEEE,5 Sep 2024,7-12 July 2024,7-12 July 2024,IEEE,IEEE Conferences,S1-1D IEEE.csv
Deep Learning for the Automatic Division of Building Constructions Into Sections on Remote Sensing Images,P. Schuegraf; S. Zorzi; F. Fraundorfer; K. Bittner,"Remote Sensing Technology Institute, German Aerospace Center (DLR), Weßling, Germany; Institute for Computer Graphics and Vision, Graz University of Technology, Graz, Austria; Institute for Computer Graphics and Vision, Graz University of Technology, Graz, Austria; Remote Sensing Technology Institute, German Aerospace Center (DLR), Weßling, Germany",IEEE Journal of Selected Topics in Applied Earth Observations and Remote Sensing,8 Aug 2023,2023,16,,7186,7200,"Urban areas predominantly consist of complex building structures, which are assembled of multiple building sections. From very high resolution remote sensing imagery, not only roof-tops but also the separation lines between them are visible. Since fully convolutional neural network (FCN)-based methods have become the primary choice in segmentation approaches, they have been extensively used for automatic building footprint extraction. But each of the previous works on building segmentation either lacks separation of building blocks into sections or does not produce sections of regular appearance. We propose a two-stage approach to overcome these limitations. The first step segments building and separation lines using an FCN model and the second step produces building instances by using a learning-free method. Our model receives a top-down image and a digital surface model (DSM) patch in two separate encoders. The encoder features are summed before the skip connections, which utilize the encoder features from the current and higher-resolution feature maps. We train our model with regularization losses for building shapes and separation lines on both satellite and aerial imagery. We test our model on a city that was not previously included in the training phase to show that it has the capacity to generalize across different geographical locations and architectural styles. Furthermore, we use our building section instance predictions to generate: 1) vectorized building maps and 2) a level-of-detail-1 DSM.",2151-1535,,10.1109/JSTARS.2023.3296449,,https://ieeexplore.ieee.org/stamp/stamp.jsp?arnumber=10185575,Convolutional neural networks;deep learning;semantic segmentation;supervised learning;urban areas,Buildings;Image segmentation;Feature extraction;Urban areas;Remote sensing;Spatial resolution;Shape,,8.0,,32.0,CCBYNCND,18 Jul 2023,2023,,IEEE,IEEE Journals,S1-1D IEEE.csv
Evaluation of the Impact of Attention Mechanisms on UNet and Res-UNet Models for Building Extraction Accuracy,M. MEDJADI; L. MEDDEBER; T. ZOUAGUI,"Electronics Department, Intelligent Systems Research Laboratory (LARESI), University of Science and Technology of Oran Mohamed Boudiaf (USTO-MB), Oran, Algeria; Electronics Department, Intelligent Systems Research Laboratory (LARESI), University of Science and Technology of Oran Mohamed Boudiaf (USTO-MB), Oran, Algeria; Department of Electronics, University of Science and Technology of Oran Mohamed Boudiaf (USTO-MB), Oran, Algeria",2024 3rd International Conference on Advanced Electrical Engineering (ICAEE),12 Dec 2024,2024,,,1,6,"Accurate extraction of building footprints from remote sensing imagery is essential for various applications, including change detection, automatic mapping, urban planning, and 3D reconstruction. However, the intricate nature of building structures and their surroundings in satellite imagery poses unique challenges for extraction, such as diverse building appearances and complex ground backgrounds. Despite advancements in machine learning algorithms, achieving precise extraction remains a persistent challenge. Semantic segmentation using deep learning, particularly the UNet architecture, has emerged as a promising approach for building extraction in satellite imagery. This paper aims to enhance the accuracy of building footprint extraction by integrating attention mechanisms. Specifically, our work focuses on applying attention mechanisms to the UNet architecture. The objective of this research is to assess the efficiency of attention mechanisms. This is achieved by contrasting the performance outcomes of four distinct models: UNet, Attention UNet, Res-UNet, and Attention Res-UNet. Through systematic assessment of the impact of attention mechanisms on each architecture, we aim to identify the most effective approach for improving building extraction accuracy in satellite imagery.",,979-8-3503-4935-1,10.1109/ICAEE61760.2024.10783234,,https://ieeexplore.ieee.org/stamp/stamp.jsp?arnumber=10783234,building extraction;remote sensing imagery;deep learning;semantic segmentation;UNet;Attention UNet;Res-UNet;Attention Res-UNet,Attention mechanisms;Accuracy;Three-dimensional displays;Systematics;Architecture;Semantic segmentation;Buildings;Urban planning;Satellite images;Remote sensing,,5.0,,17.0,IEEE,12 Dec 2024,5-7 Nov. 2024,5-7 Nov. 2024,IEEE,IEEE Conferences,S1-1D IEEE.csv
Visualization of Traffic Density on Graph using Trajectory Data,S. More; A. Matange; J. Abraham,"Dept. of Computer Engineering and Information, Technology COEP Technological University, Pune, India; Dept. of Computer Engineering and Information, Technology COEP Technological University, Pune, India; Dept. of Computer Engineering and Information, Technology COEP Technological University, Pune, India","2022 4th International Conference on Advances in Computing, Communication Control and Networking (ICAC3N)",28 Mar 2023,2022,,,2357,2361,"Several applications collect users’ trajectory data to provide better location-based services. Since the data reveals the mobility of the users as a group and as an individual, publishing this trajectory data may pose a threat to one’s privacy. The current trajectory data mining procedures take all the raw information from the trajectory data without considering the users’ privacy. This type of data mining can be prone to linkage attacks. This research proposes a novel mechanism that uses OpenStreetMap and its geo-entities recognition feature to extract and cluster the traffic signals to form vertices of a graph. From the trajectory data, vehicle type and the edge in the graph is determined. The vehicle count for each vehicle type on the edge of a graph is iteratively updated and it is visually represented on the respective road edge between two junction vertices. The visualization of the weighted road network graph enables analysts to infer useful information as the road graph itself preserves the statistical information of the road density but hides the individual users’ trajectory.",,978-1-6654-7436-8,10.1109/ICAC3N56670.2022.10074196,,https://ieeexplore.ieee.org/stamp/stamp.jsp?arnumber=10074196,Trajectory data;trajectory data mining;utility;road graph;junction-based trajectory data,Couplings;Data privacy;Publishing;Roads;Data visualization;Feature extraction;Trajectory,,,,18.0,IEEE,28 Mar 2023,16-17 Dec. 2022,16-17 Dec. 2022,IEEE,IEEE Conferences,S1-1D IEEE.csv
Research on Deep Learning Algorithm for 3D Modeling of Buildings and Computer Graphics,B. Wang; Y. Zhang,"China Nuclear Power Engineering Co., Ltd., China; China Nuclear Power Engineering Co., Ltd., China","2026 International Conference on Digital Analysis and Processing, Intelligent Computation (DAPIC)",18 May 2026,2026,,,209,214,"This study proposes a 3D modeling algorithm for buildings that integrates computer graphics and deep learning, and achieves high-precision modeling through multi-scale feature fusion module, geometric constraint generation module and optimization enhancement module. The experiment uses a mixed data set of 500 buildings (including ancient Chinese buildings, modern commercial buildings, industrial buildings, etc.) and compares them with Point Net, 3D-GAN and traditional graphics methods. The results show that the mIoU of this algorithm reaches 89.7%, which is 12.3% higher than PointNet; the vertex error is reduced to 0.21m, which is better than 0.58m of 3D-GAN and 0.85m of traditional methods; the modeling of a single building takes 42 minutes, which is 41.7% shorter than the traditional method. Among the detail restoration indicators, the recognition rate of carved components reaches 82.6%, far exceeding the highest value of 67.3% of the comparison algorithm. The line graph shows that as the complexity of the building increases, the accuracy decay rate of this algorithm is only 7.2%, which is significantly lower than other algorithms (15.8%-23.5%). This algorithm effectively balances accuracy and efficiency, provides a practical new solution for modeling complex building scenes, and has important application value in architectural design, urban planning and other fields.",,978-1-971299-05-1,10.23919/DAPIC.2026.00041,,https://ieeexplore.ieee.org/stamp/stamp.jsp?arnumber=11522729,3D architectural modeling;deep learning;computer graphics;multi-scale feature fusion;geometric constraints;model optimization,Buildings;Modeling;Three-dimensional displays;Algorithms;Modules (abstract algebra);Accuracy;Deep learning;Timing;Computers;Optimization,,,,,,18 May 2026,26-28 Feb. 2026,26-28 Feb. 2026,Additional Conference Content,Additional Conference Content Conferences,S1-1D IEEE.csv
Slum Mapping in Imbalanced Remote Sensing Datasets Using Transfer Learned Deep Features,T. Stark; M. Wurm; H. Taubenböck; X. X. Zhu,"Signal Processing in Earth Observation (SiPEO), Technical University of Munich (TUM), Munich, Germany; German Remote Sensing Data Center (DFD), German Aerospace Center (DLR), Oberpfaffenhofen, Germany; German Remote Sensing Data Center (DFD), German Aerospace Center (DLR), Oberpfaffenhofen, Germany; Signal Processing in Earth Observation (SiPEO), Technical University of Munich (TUM), Munich, Germany",2019 Joint Urban Remote Sensing Event (JURSE),22 Aug 2019,2019,,,1,4,"Unprecedented urbanization, particularly in countries of the Global South, results in the formation of slums. Here, remote sensing has proven to be an extremely valuable and effective tool for mapping slums. Recent advances in transferring deep features learned in fully convolutional networks (FCN) allow the specific structural types and alignments of buildings in slums to be mapped. The class imbalance of slums is especially challenging in the context of intra-urban variability of slums themselves, and their possible similarity to other urban built-up structures. Thus, in our study we aim to analyze the transfer learning capabilities of FCNs for slum mapping with respect to training on imbalanced datasets and the quantity of available training images. When the slum sample proportion is increased an improvement of the Intersection over Union (IU) of 10% to 30% can be observed. Increasing the total number of images improves the IU up to 20% to 50%. Transfer learning proves extremely valuable in retrieving information on complex and heterogeneous urban structures such as slum patches.",2642-9535,978-1-7281-0009-8,10.1109/JURSE.2019.8808965,,https://ieeexplore.ieee.org/stamp/stamp.jsp?arnumber=8808965,remote sensing;urban poverty;slums;transfer learning;fully convolutional network;deep learning,Training;Urban areas;Buildings;Remote sensing;Task analysis;Semantics;Image segmentation,,13.0,,14.0,IEEE,22 Aug 2019,22-24 May 2019,22-24 May 2019,IEEE,IEEE Conferences,S1-1D IEEE.csv
Modeling the Propagation of Acoustic Disturbances from Motor Vehicles,L. A. Illarionova; A. A. Loktev; D. A. Loktev,"Department of Transportation Engineering, Russian University of Transport, Moscow, Russian Federation; Department of Transportation Engineering, Russian University of Transport, Moscow, Russian Federation; Department of Information Systems and Telecommunications, Bauman Moscow State Technical University, Moscow, Russian Federation","2026 International Conference on Industrial Engineering, Applications and Manufacturing (ICIEAM)",18 Jun 2026,2026,,,1120,1124,"In urban environments, noise issues are particularly pressing due to high traffic volumes, insufficient green spaces, and multiple sound reflections from the enclosing structures of residential and public buildings. The paper presents a model of the generation and propagation of acoustic waves in the form of cylindrical surfaces. These surfaces can interact with buildings, structures, green spaces, and each other, amplifying or attenuating the overall noise level. The model was tested using a computational system that linearizes the required parameters. The results obtained can be used in the reconstruction of urban transport routes, as well as in the planning and organization of green spaces around residential buildings.",2993-4060,979-8-3315-8056-8,10.1109/ICIEAM69213.2026.11549763,,https://ieeexplore.ieee.org/stamp/stamp.jsp?arnumber=11549763,transport system;traffic noise;acoustic impact modeling;noise protection;external impact assessment;measurement methodology,Modeling;Noise;Equations;Tires;Printing;Roads;Wireless Access in Vehicular Environments;Buildings;Urban areas;Waves,,,,18.0,IEEE,18 Jun 2026,18-22 May 2026,18-22 May 2026,IEEE,IEEE Conferences,S1-1D IEEE.csv
Building Extraction from High-Resolution Satellite Images using 2D-Attention Mechanism with Deep Learning,M. Dixit; K. Chaurasia; V. K. Mishra,"School of Computer Science Engineering and Technology, Bennett University, Greater Noida, India; School of Computer Science Engineering and Technology, Bennett University, Greater Noida, India; School of Computer Science Engineering and Technology, Bennett University, Greater Noida, India","2022 International Conference on Computing, Communication, and Intelligent Systems (ICCCIS)",9 Feb 2023,2022,,,533,538,"Building extraction from remote sensing satellite images is very useful for the urban monitoring and its planning. Several methodologies based on CNN are proposed in past for building extraction. Many of them have also used the skip connections for better propagation of information between different layers. But the suppression of the irrelevant information from earlier layers helps to focus on relevant information and improve the building extraction performance. For this, our work applies the 2D-attention mechanism in one of the state-of-art model, i.e., Unet for extracting buildings from high-resolution satellite images. To further improve its results, the work investigates the optimal deep learning hyper-parameters through various experimentations with activation, loss function, ImageNet weights and various backbones, i.e., ResNet152_V2, VGG19. The work uses the Satellite dataset I (global cities) from WHU repository. The results show that our approach, i.e., 2D-Attention based Unet model along with ImageNet weights, ReLU activation and IoU loss function has better building extraction performance and can be utilized for societal perspective.",,978-1-6654-6200-6,10.1109/ICCCIS56430.2022.10037742,,https://ieeexplore.ieee.org/stamp/stamp.jsp?arnumber=10037742,Remote sensing;Satellite images;Building extraction;Attention Mechanism;Hyper-parameters;Deep learning,Deep learning;Satellites;Buildings;Urban areas;Planning;Data mining;Intelligent systems,,1.0,,22.0,IEEE,9 Feb 2023,4-5 Nov. 2022,4-5 Nov. 2022,IEEE,IEEE Conferences,S1-1D IEEE.csv
Building Extraction from Remote Sensing Images: A Survey,Shaloni; M. Dixit; S. Agarwal; P. Gupta,"Department of Compute Science & Engineering, Galgotias college of Engineering & Technology, Greater Noida, India; Department of Compute Science & Engineering, Galgotias college of Engineering & Technology, Greater Noida, India; Department of Compute Science & Engineering, Galgotias college of Engineering & Technology, Greater Noida, India; Department of Compute Science & Engineering, Galgotias college of Engineering & Technology, Greater Noida, India","2020 2nd International Conference on Advances in Computing, Communication Control and Networking (ICACCCN)",1 Mar 2021,2020,,,966,971,"The extraction of building structures with the help of remote sensing pictures is an open analysis space in digital photogrammetry. The automated extraction of buildings has been a vital space of analysis in remote sensing. it's been tributary to numerous applications akin to land-use land cowl mapping, urban planning, disaster management, and lots of different socio-economic activities. This work does the surveys of assorted ways that are developed for automatic extraction of building from completely different information sources like aerial pictures, digital surface/elevation models, LIDAR data, multi-spectral pictures, artificial aperture measuring system pictures. Here, we have done a thorough literature survey on previous various works done in this area which identifies the various datasets that are used for remote sensing images analysis, key methodologies, and various evaluation metrics used for the extraction of buildings from remote sensing imagery used. Apart from this, the challenges that are still existing in this area are mentioned. Overall, this paper gives a quick introduction and existing challenges in the field of extraction of buildings with the help of remote sensing images.",,978-1-7281-8337-4,10.1109/ICACCCN51052.2020.9362894,,https://ieeexplore.ieee.org/stamp/stamp.jsp?arnumber=9362894,Building Extraction;Remote Sensing Images;Deep learning;Survey;Challenges,Measurement;Laser radar;Image analysis;Buildings;Urban planning;Sensors;Remote sensing,,2.0,,17.0,IEEE,1 Mar 2021,18-19 Dec. 2020,18-19 Dec. 2020,IEEE,IEEE Conferences,S1-1D IEEE.csv
Building Detection from LIDAR Point Cloud Data,N. P. Mayura; S. Veni,"Department of Electronics and Communication Engineering, Amrita School of Engineering, Amrita Vishwa Vidyapeetham, Coimbatore, India; Department of Electronics and Communication Engineering, Amrita School of Engineering, Amrita Vishwa Vidyapeetham, Coimbatore, India",2019 International Conference on Communication and Electronics Systems (ICCES),20 Feb 2020,2019,,,1416,1421,"LiDAR (Light Detection and Ranging) is an emerging technology now and has proved to be one of the best techniques for 3D city modeling. Building detection is an important aspect of 3D city modeling as it can help in urban planning, utility services, disaster management, traffic management, environmental monitoring and many other applications. In this paper we propose a method in which building structures can be accurately discriminated from vegetation. Pre-processing of the data is done using a remote sensing tool called Las Tools. The data is structured using kd tree and then further segmented using Euclidean distance clustering. Then we process this data using another open-source remote sensing tool called CloudCompare. This paper will help in imparting a clear idea of how efficiently and accurately building detection can be performed with the help of these open-source tools without deploying much complex algorithms.",,978-1-7281-1261-9,10.1109/ICCES45898.2019.9002555,,https://ieeexplore.ieee.org/stamp/stamp.jsp?arnumber=9002555,LiDAR;kd tree;Euclidean distance clustering;LAStools;CloudCompare,Buildings;Three-dimensional displays;Laser radar;Feature extraction;Vegetation;Data mining;Solid modeling,,7.0,,19.0,IEEE,20 Feb 2020,17-19 July 2019,17-19 July 2019,IEEE,IEEE Conferences,S1-1D IEEE.csv
Integrated Early Fire Detection and Evacution System Based on Arduino and MQ Seriessensors: Development and Implementation,G. Ziyatbekova; T. Mazakov; M. Kalimoldayev; A. Burgegulov; G. Zholdangarova,"Al-Farabi Kazakh National University, Almaty Technological University, Institute of Information and Computational Technologies, Almaty, Kazakhstan; Al-Farabi Kazakh National University, Almaty, Kazakhstan; Al-Farabi Kazakh National University, Institute of Information and Computational Technologies, Almaty, Kazakhstan; Satbayev University, Al-Farabi Kazakh National University, Almaty, Kazakhstan; L.N. Gumilyov Eurasian National University, Astana, Kazakhstan",2025 21st International Asian School-Seminar on Optimization Problems of Complex Systems (OPCS),5 Nov 2025,2025,,,1,5,"This article presents the development and implementation of an advanced intelligent fire safety system This system is designed to enhance public safety by enabling rapid fire detection and streamlined evacuation procedures. The system integrates an Arduino microcontroller with MQ-series gas sensors to monitor environmental conditions in real time. A key innovation is the use of a graph theory-based algorithm to dynamically generate optimal evacuation routes, ensuring rapid and safe occupant egress during emergencies. The article details the system architecture, including sensor placement, data acquisition, and decision-making processes. When critical sensor readings are detected, the system activates the evacuation algorithm, guiding occupants through the safest available paths while avoiding hazardous areas. Additionally, the developed software processes sensor inputs, assesses risk levels, and coordinates emergency responses. The paper includes numerical simulations validating the system's effectiveness in various fire scenarios, demonstrating improvements in evacuation times and safety. Future research directions are discussed, such as integrating machine learning for predictive analytics, expanding IoT connectivity for smart city applications, and enhancing multi-sensor fusion for improved accuracy. This work contributes to the advancement of intelligent fire safety solutions, offering scalable and adaptive protection for modern urban infrastructures.",,979-8-3315-8981-3,10.1109/OPCS67346.2025.11219387,,https://ieeexplore.ieee.org/stamp/stamp.jsp?arnumber=11219387,intelligent fire safety system;Arduino;MQ gas sensors;evacuation algorithm;graph theory;smart city;fire monitoring;optimal evacuation routes,Technological innovation;Smart cities;Heuristic algorithms;Buildings;Systems architecture;Real-time systems;Optimization;Gas detectors;Fire safety;Testing,,,,11.0,IEEE,5 Nov 2025,7-17 July 2025,7-17 July 2025,IEEE,IEEE Conferences,S1-1D IEEE.csv
Morphological Building/Shadow Index for Building Extraction From High-Resolution Imagery Over Urban Areas,X. Huang; L. Zhang,"State Key Laboratory of Information Engineering in Surveying, Mapping and Remote Sensing, Wuhan University of China, Wuhan, China; State Key Laboratory of Information Engineering in Surveying, Mapping and Remote Sensing, Wuhan University of China, Wuhan, China",IEEE Journal of Selected Topics in Applied Earth Observations and Remote Sensing,27 Feb 2012,2012,5,1.0,161,172,"Morphological building index (MBI) is a recently developed approach for automatic indication of buildings in high-resolution imagery. However, MBI is subject to commission errors due to the similar characteristics between buildings, bare soil and roads. Furthermore, omission errors occur in dark and heterogeneous roofs. In this study, a systematic framework for building extraction from high-resolution imagery is proposed, aiming to alleviate both commission and omission errors for the original MBI algorithm. The improvements include three aspects: 1) a morphological shadow index (MSI) is proposed to detect shadows that are used as a spatial constraint of buildings; 2) a dual-threshold filtering is proposed to integrate the information of MBI and MSI; 3) the proposed framework is implemented in an object-based environment, where a geometrical index and a vegetation index are then used to remove noise from narrow roads and bright vegetation. The proposed framework was validated on an Ikonos image of Washington DC Mall with 1-m resolution and an 8-channel WorldView-2 image of Hangzhou, east of China, with 2-m resolution. By comparison with the ground truth references, it was shown that our method achieved over 90% overall accuracy for discrimination between buildings and backgrounds for both datasets. In the comparative study, it was revealed that the proposed method improved the original MBI significantly. Furthermore, the proposed method was more accurate than the support vector machine interpretation with the differential morphological profiles (DMP) and multiscale urban complexity index (MUCI).",2151-1535,,10.1109/JSTARS.2011.2168195,,https://ieeexplore.ieee.org/stamp/stamp.jsp?arnumber=6056582,Building detection;high resolution;mathematical morphology;shadow detection;WorldView-2,Buildings;Indexes;Roads;Brightness;Feature extraction;Vegetation mapping;Shape,,357.0,,16.0,IEEE,20 Oct 2011,Feb. 2012,,IEEE,IEEE Journals,S1-1D IEEE.csv
Shadow Pattern-Enhanced Building Height Extraction Using Very-High-Resolution Image,X. Zhou; S. W. Myint,"School of Environment and Spatial Informatics, China University of Mining and Technology, Xuzhou, China; School of Geographical Sciences and Urban Planning, Arizona State University, Tempe, AZ, USA",IEEE Journal of Selected Topics in Applied Earth Observations and Remote Sensing,7 Dec 2022,2023,16,,180,190,"Building height is valuable for a variety of foci in urban studies. The traditional field investigations are not practical for the updates of massive building height in a large-scale urban area. Given the relationship between building structures and their shadow sizes, the building shadow becomes practical for estimating its corresponding building height when its geometrical shape is visible in newly emerging very-high-resolution (VHR) images. However, the shadow shape of different buildings might vary significantly, posing a great challenge to determining the edge of shadow useful for predicting building height. This study proposes a shadow pattern classification system (ShadowClass) to summarize the varied shadow shapes into a number of pattern categories and employ a cutting-edge CNN model to classify the extracted shadows into a pattern for automatically determining the edge of a building shadow being useful for building height estimation. We integrated the proposed approach into two branches of the state-of-the-art approaches: shadow-based building height estimation with open cyberinfrastructure and shadow-based building height estimation with VHR image. The experimental results proved that the proposed method could be a practical solution for single and isolated buildings that have their complete shadow shape.",2151-1535,,10.1109/JSTARS.2022.3221146,National Natural Science Foundation of China(grant numbers:42201473); Open Research Fund of the Key Laboratory of Land Environment and Disaster Monitoring; Ministry of Natural Resources; China University of Mining and Technology(grant numbers:LEDM2021B06); ,https://ieeexplore.ieee.org/stamp/stamp.jsp?arnumber=9945884,Building height estimation;convolutional neural networks;remote sensing image;shadow extraction;shadow pattern,Buildings;Estimation;Azimuth;Shape;Earth;Sun;Internet,,23.0,,33.0,CCBY,10 Nov 2022,2023,,IEEE,IEEE Journals,S1-1D IEEE.csv
Unsupervised Adversarial Domain Adaptation Network for Semantic Segmentation,W. Liu; F. Su,"Department of Information Engineering, School of Electronics and Information Engineering, Harbin Institute of Technology, Harbin, China; Department of Information Engineering, School of Electronics and Information Engineering, Harbin Institute of Technology, Harbin, China",IEEE Geoscience and Remote Sensing Letters,26 Oct 2020,2020,17,11.0,1978,1982,"With the rapid development of deep learning technology, semantic segmentation methods have been widely used in remote sensing data. A pretrained semantic segmentation model usually cannot perform well when the testing images (target domain) have an obvious difference from the training data set (source domain), while a large enough labeled data set is almost impossible to be acquired for each scenario. Unsupervised domain adaptation (DA) techniques aim to transfer knowledge learned from the source domain to a totally unlabeled target domain. By reducing the domain shift, DA methods have shown the ability to improve the classification accuracy for the target domain. Hence, in this letter, we propose an unsupervised adversarial DA network that converts deep features into 2-D feature curves and reduces the discrepancy between curves from the source domain and curves from the target domain based on a conditional generative adversarial networks (cGANs) model. Our proposed DA network is able to improve the semantic labeling accuracy when we apply a pretrained semantic segmentation model to the target domain. To test the effectiveness of the proposed method, experiments are conducted on the International Society for Photogrammetry and Remote Sensing (ISPRS) 2-D Semantic Labeling data set. Results show that our proposed network is able to stably improve overall accuracy not only when the source and target domains are from the same city but with different building styles but also when the source and target domains are from different cities and acquired by different sensors. By comparing with a few state-of-the-art DA methods, we demonstrate that our proposed method achieves the best cross-domain semantic segmentation performance.",1558-0571,,10.1109/LGRS.2019.2956490,,https://ieeexplore.ieee.org/stamp/stamp.jsp?arnumber=8932673,Domain adaptation (DA);generative adversarial networks (GANs);remote sensing image;semantic segmentation;transfer learning,Feature extraction;Semantics;Image segmentation;Data models;Remote sensing;Labeling;Training,,31.0,,28.0,IEEE,13 Dec 2019,Nov. 2020,,IEEE,IEEE Journals,S1-1D IEEE.csv
Deep Learning Object Detection Techniques for Thin Objects in Computer Vision: An Experimental Investigation,R. Jaffari; M. A. Hashmani; C. Carlos Reyes-Aldasoro; N. Aziz; S. S. Hussain Rizvi,"Computer and Information Sciences Department, High Performance Cloud Computing Center (HPC3), Universiti Teknologi Petronas, Sri Iskander, Malaysia; Computer and Information Sciences Department, High Performance Cloud Computing Center (HPC3), Universiti Teknologi Petronas, Sri Iskander, Malaysia; Department of Computer Science, giCentre, City University of London, London, UK; Computer and Information Sciences Department, Centre for Research in Data Science (CeRDaS), Universiti Teknologi Petronas, Sri Iskander, Malaysia; Department of Computer Science, SZABIST, Karachi, Sindh, Pakistan","2021 7th International Conference on Control, Automation and Robotics (ICCAR)",25 Jun 2021,2021,,,295,302,"Efficient detection of thin objects, from stationary or moving images, is significant in a variety of research areas. These research areas include but are not limited to electric power line detection systems, sperm tail detection for clinical sperm research, mooring lines detection, road-lane line detection for autonomous vehicles, and cracks detection for the integrity assessment of building structures. However, the detection of thin objects is a challenging computer vision task owing to the slimmer and less compact nature of these objects. Moreover, the complexity present in certain images, such as the background clutter, further adds to this problem of accurately detecting thin objects. In this work, we investigate a series of state-of-the-art deep learning detectors for thin objects’ detection. The detectors examined in this work were: EfficientDet, YOLOv5 and U-Net. The experimental results of this study reveal that generic state-of-the-art deep detectors are not suitable for detecting thin objects due to their reliance on coarse bounding boxes and/or excessive pixel-level computations while the application-specific detectors possess poor generalization capabilities and do not work accurately outside their domains. These empirical findings indicate the necessity of the identification of critical factors affecting thin objects detection and the subsequent design of a generic thin objects’ detector.",2251-2454,978-1-6654-4986-1,10.1109/ICCAR52225.2021.9463487,,https://ieeexplore.ieee.org/stamp/stamp.jsp?arnumber=9463487,thin objects;object detection;deep learning;line detection;machine learning,Deep learning;Computer vision;Buildings;Detectors;Object detection;Power systems;Complexity theory,,12.0,,66.0,IEEE,25 Jun 2021,23-26 April 2021,23-26 April 2021,IEEE,IEEE Conferences,S1-1D IEEE.csv
Urban Surface Simulation Through Image-to-Image Translation Deep Learning Algorithm using Optical Aerial Imagery,S. K. Das; P. PS; A. C. Pandey; B. H. A,"Department of Geoinformatics, Central University of Jharkhand, Ranchi; RCG School of Infrastructure Design and Management, Indian Institute of Technology, Kharagpur; Department of Geoinformatics, Central University of Jharkhand, Ranchi; RCG School of Infrastructure Design and Management, Indian Institute of Technology, Kharagpur",IGARSS 2020 - 2020 IEEE International Geoscience and Remote Sensing Symposium,17 Feb 2021,2020,,,1500,1503,Digital Surface Model (DSM) provides the detailed structure and geometry of an urban environment. This paper proposes an approach of using a type of image-to-image translation deep learning model called cycle consistent adversarial networks for reconstructing DSM from monocular aerial imagery. The cycleGAN architecture consisted of two generators with an encoder-decoder network with skip connections and two discriminators that punishes structures at the scale of patches. The cycleGAN objective function was adapted for training on paired images. The evaluation was performed using mean square error (MSE) and zero normalized cross-correlation (ZNCC) for errors in reconstruction. cGAN model was considered as a baseline model for comparison of the proposed approach. The results using the proposed approach confirmed a higher reconstruction accuracy than previous studies that utilized conditional GAN.,2153-7003,978-1-7281-6374-1,10.1109/IGARSS39084.2020.9323915,,https://ieeexplore.ieee.org/stamp/stamp.jsp?arnumber=9323915,cycle consistent adversarial networks;deep learning;image-to-image translation;optical aerial imagery,Generators;Gallium nitride;Image reconstruction;Training;Generative adversarial networks;Surface reconstruction;Adaptation models,,,,6.0,IEEE,17 Feb 2021,26 Sept.-2 Oct. 2020,26 Sept.-2 Oct. 2020,IEEE,IEEE Conferences,S1-1D IEEE.csv
Integrating Semantic Segmentation with Parallax Geometry for UAV-Based Structure Height Estimation,A. Maganti; L. A. Jauregui; N. Nishio; A. Reddy; P. Silva; A. Siryaporn,"BASIS Independent Silicon Valley, San Jose, United States of America; Department of Physics & Astronomy, University of California Irvine, Irvine, United States of America; BASIS Independent Silicon Valley, San Jose, United States of America; Pleasant Valley High School, Chico, United States of America; Segerstrom High School, Santa Ana, United States of America; Department of Physics & Astronomy, University of California Irvine, Irvine, United States of America",2026 International Conference on Advances in Artificial Intelligence and Machine Learning (AAIML),6 May 2026,2026,,,503,509,"Structural measurements involving building heights are critical for analytics, disaster prevention, and infrastructure monitoring. These measurements are often acquired through traditional surveying methods, which can be inefficient and labor-intensive. Unmanned Aerial Vehicles (UAVs) provide a scalable and cost-efficient alternative. While photogrammetric techniques such as depth perception and Structure from Motion leverage UAV-based imagery, they require immense computational power that can lead to suboptimal performance in a resourceconstrained context. Our research proposes the first integration of semantic segmentation with parallax geometry as an alternative to estimating building heights in a cost-efficient manner avoiding densely labeled annotations. We collected a dataset of two hundred seven manually outlined images containing oblique views of urban and residential buildings for a pre-trained deep learning model. To improve generalization, the model was fine-tuned using augmentation techniques including contrast enhancements and smoothing filters. Then, in each image, we segmented a fore-ground building class against a background class. Furthermore, these regions are processed by a Depth-First Search algorithm that removes extraneous fragmented regions and retains the largest contiguous building class. To test our deep learning model, we collected pairs of images with a five-meter vertical displacement using UAVs on a target building. Following parallax geometry, the vertical pixel shift across the overlapping images is used to triangulate building heights through geometric principles. The model was capable of identifying and generating masks of buildings from UAV imagery with a maximum validation Dice Coefficient of approximately ninety-six percent and a maximum validation Intersection over Union of approximately ninety-three percent. Our parallax calculations reported an accuracy of approximately ninety-three percent, excluding heavily occluded buildings in estimating the height of buildings relative to ground truth survey data. Our results present a significant advancement in photogrammetric techniques to estimate structural measurements and establish a promising foundation for cost-effective large-scale urban monitoring.",,979-8-3315-6806-1,10.1109/AAIML67890.2026.11498113,,https://ieeexplore.ieee.org/stamp/stamp.jsp?arnumber=11498113,unmanned aerial vehicles;semantic segmentation;parallax geometry;building height estimation,Filtering;Filters;Kalman filters;Circuits and systems;Pixel;Internet;Computer networks;Storage area networks;Communication systems;Protocols,,,,31.0,IEEE,6 May 2026,20-22 March 2026,20-22 March 2026,IEEE,IEEE Conferences,S1-1D IEEE.csv
Fuzzy sliding surface control of wind-induced vibration,S. Thenozhi; W. Yu,"Departamento de Control Auto-matico, CINVESTAV-IPN, Mexico City, Mexico; Departamento de Control Auto-matico, CINVESTAV-IPN, Mexico City, Mexico",2014 IEEE International Conference on Fuzzy Systems (FUZZ-IEEE),8 Sep 2014,2014,,,895,900,"Although normal fuzzy sliding mode controllers can reduce the chattering problem in building structure control, there are some problems such as they need the equivalent control and the upper bounds of the uncertainties. In this paper, we use fuzzy logic to approximate the sliding surface for the sliding mode control. The stability of the proposed controller is established. A six-story building prototype equipped with an active mass damper is used to demonstrate the effectiveness of the proposed controller towards the wind-induced vibration.",1098-7584,978-1-4799-2072-3,10.1109/FUZZ-IEEE.2014.6891623,,https://ieeexplore.ieee.org/stamp/stamp.jsp?arnumber=6891623,,Shock absorbers;Force;Vibrations;Floors;Uncertainty;Sliding mode control,,4.0,,25.0,IEEE,8 Sep 2014,6-11 July 2014,6-11 July 2014,IEEE,IEEE Conferences,S1-1D IEEE.csv
Unsupervised Spectral-Geometric Fusion for Single Building Stereo Segmentation for High-Resolution Satellite Images,S. Tian; L. Zhao; Q. Zhi; B. Zhou,"Jiangsu Normal University, Xuzhou, China; Jiangsu Normal University, Xuzhou, China; Jiangsu Normal University, Xuzhou, China; Jiangsu Normal University, Xuzhou, China",2025 6th International Symposium on Computer Engineering and Intelligent Communications (ISCEIC),27 Feb 2026,2025,,,807,812,"Building segmentation is an important part of urban scene 3D reconstruction and smart city applications. However, current approaches frequently struggle to precisely define boundary details due to the complexity of urban environments and the morphological diversity of buildings, which lowers segmentation precision. Therefore, this paper proposes an unsupervised stereo segmentation method integrating spectral and geometric features. By adding the three-dimensional structure information represented by disparity maps, the proposed method enhances the accuracy and completeness of individual building boundaries. The method first performs initial pre-segmentation within a joint spectral-geometric feature space. Subsequently, to further preserve building integrity, spectral and geometric information are incorporated into region fusion during belief propagation. Finally, geometric information is re-utilised for edge refinement to obtain the segmentation result. Extensive experiments demonstrate that the proposed method significantly outperforms mainstream algorithms in both region and boundary localization. On the WHU-Stereo dataset, the BR score reaches 0.825, representing a 9.0% improvement over the state-of-the-art method. On the ISPRS Vaihingen dataset, the BR score reaches 0.712, yielding a 7.9% improvement compared with the state-of-the-art method.",,979-8-3315-6555-8,10.1109/ISCEIC67854.2025.11405720,National Natural Science Foundation of China; ,https://ieeexplore.ieee.org/stamp/stamp.jsp?arnumber=11405720,Building segmentation;Disparity map;Spectral-geometric features;Unsupervised segmentation;Belief propagation,Location awareness;Degradation;Image segmentation;Accuracy;Three-dimensional displays;Smart cities;Buildings;Lighting;Satellite images;Belief propagation,,,,13.0,IEEE,27 Feb 2026,24-26 Nov. 2025,24-26 Nov. 2025,IEEE,IEEE Conferences,S1-1D IEEE.csv
CnnSV-Typer: Calling of Structural Variation Genotype Based on CUDA Acceleration,R. Bai; L. Gao; C. Ling; J. Gao,"Department of Computer Science and Technology, Beijing University of Chemical Technology, Beijing, China; Department of Radiation Oncology China, Japan Friendship Hospital, Beijing, China; Department of Computer Science and Technology, Beijing University of Chemical Technology, Beijing, China; Department of Computer Science and Technology, Beijing University of Chemical Technology, Beijing, China",2019 IEEE 21st International Conference on High Performance Computing and Communications; IEEE 17th International Conference on Smart City; IEEE 5th International Conference on Data Science and Systems (HPCC/SmartCity/DSS),3 Oct 2019,2019,,,2461,2466,"The current methods used for genotype calling are still limited to the length of structural variations and suffer from poor precision and sensitivity. Thus, this paper proposes CnnSV-typer, a deep learning approach which takes two-dimensional images as inputs and calls the variation genotypes. CnnSV-typer is tested and compared with current tools, including CNVnator, Pindel, LUMPY+SVTyper, Delly, GINDEL. The experimental results indicate that CnnSV-typer surpasses other methods on next generation sequencing data of various coverage, and could detect a wider length range of deletion genotypes with the highest precision and sensitivity reaching 99.3% and 99.6% respectively. The compression strategy based on CUDA parallel acceleration can achieve a maximum acceleration ratio of up to 381.3 times, which greatly improves the calling efficiency.",,978-1-7281-2058-4,10.1109/HPCC/SmartCity/DSS.2019.00344,,https://ieeexplore.ieee.org/stamp/stamp.jsp?arnumber=8855648,genotype calling;deep learning;CUDA acceleration,Conferences;High performance computing;Smart cities;Data science,,,,14.0,IEEE,3 Oct 2019,10-12 Aug. 2019,10-12 Aug. 2019,IEEE,IEEE Conferences,S1-1D IEEE.csv
Adaptive Fusion Algorithm of Unmanned Aerial Vehicle Lidar and Visual Data for Quantifying Damage to Old Building Structures,G. Fengren; G. Wei,"Fujian Polytechnic of Information Technology, Fuzhou Water Supply Co., Ltd, Fuzhou, China; Fujian Polytechnic of Information Technology, Fuzhou Water Supply Co., Ltd, Fuzhou, China","2026 IEEE 2nd International Conference on Electronics, Energy Systems and Power Engineering (EESPE)",18 Aug 2026,2026,,,626,632,"The structural health monitoring of old buildings is of vital importance to urban safety. The traditional manual inspection method is inefficient, costly and poses safety risks. Drones equipped with sensors provide a technical approach for efficient building inspection. However, in complex scenarios, the visual images of a single sensor are easily affected by changes in lighting, and it is difficult to accurately obtain three-dimensional geometric information. To address these issues, this study proposes an adaptive fusion algorithm for unmanned aerial vehicle lidar and visual data for damage quantification of old building structures. By designing parallel PointNet++ and ResNet-50 branches, the local geometric features of point clouds and the deep semantic features of images are extracted respectively. Based on this, we designed a cross-modal attention alignment module that adaptively aligns and fuses the information of the two modalities by calculating the similarity matrix between features, effectively suppress noise and enhance key damage features. Through a cascaded damage quantization network, end-to-end evaluation from pixel-level segmentation to three-dimensional geometric quantization is achieved. The research results show that the detection accuracy of ALVF-Net for typical damages such as cracks, spalling and rust reaches 89.7%, and the average length error is less than 4.2%. It is significantly superior to the single-modal method and other mainstream fusion methods, providing an effective solution for the automatic and intelligent safety assessment of old urban buildings.",,979-8-3315-7093-4,10.1109/EESPE68405.2026.11648666,,https://ieeexplore.ieee.org/stamp/stamp.jsp?arnumber=11648666,Unmanned aerial vehicles;Lidar;Visual fusion;Deep learning;Damage quantification,Buildings;Clouds;Laser radar;Modeling;Visualization;Signal detection;Autonomous aerial vehicles;Manuals;Modules (abstract algebra);Algorithms,,,,10.0,IEEE,18 Aug 2026,26-28 June 2026,26-28 June 2026,IEEE,IEEE Conferences,S1-1D IEEE.csv
CGSANet: A Contour-Guided and Local Structure-Aware Encoder–Decoder Network for Accurate Building Extraction From Very High-Resolution Remote Sensing Imagery,S. Chen; W. Shi; M. Zhou; M. Zhang; Z. Xuan,"School of Remote Sensing and Information Engineering, Wuhan University, Wuhan, China; Smart Cities Research Institute and Department of Land Surveying and Geo-Informatics, Hong Kong Polytechnic University, Hong Kong; Key Laboratory of Information Engineering in Surveying Mapping and Remote Sensing, Wuhan University, Wuhan, China; Smart Cities Research Institute and Department of Land Surveying and Geo-Informatics, Hong Kong Polytechnic University, Hong Kong; Beijing Institute of Surveying and Mapping, Beijing, China",IEEE Journal of Selected Topics in Applied Earth Observations and Remote Sensing,10 Feb 2022,2022,15,,1526,1542,"Extracting buildings accurately from very high-resolution (VHR) remote sensing imagery is challenging due to diverse building appearances, spectral variability, and complex background in VHR remote sensing images. Recent studies mainly adopt a variant of the fully convolutional network (FCN) with an encoder–decoder architecture to extract buildings, which has shown promising improvement over conventional methods. However, FCN-based encoder–decoder models still fail to fully utilize the implicit characteristics of building shapes. This adversely affects the accurate localization of building boundaries, which is particularly relevant in building mapping. A contour-guided and local structure-aware encoder–decoder network (CGSANet) is proposed to extract buildings with more accurate boundaries. CGSANet is a multitask network composed of a contour-guided (CG) and a multiregion-guided (MRG) module. The CG module is supervised by a building contour that effectively learns building contour-related spatial features to retain the shape pattern of buildings. The MRG module is deeply supervised by four building regions that further capture multiscale and contextual features of buildings. In addition, a hybrid loss function was designed to improve the structure learning ability of CGSANet. These three improvements benefit each other synergistically to produce high-quality building extraction results. Experimental results on the WHU and NZ32km2 building datasets demonstrate that compared with the tested algorithms, CGSANet can produce more accurate building extraction results and achieve the best intersection over union value 91.55% and 90.02%, respectively. Experiments on the INRIA building dataset further demonstrate the ability for generalization of the proposed framework, indicating great practical potential.",2151-1535,,10.1109/JSTARS.2021.3139017,"Hong Kong Polytechnic University(grant numbers:1-ZVN6,ZVU1,4-BCF7); Hong Kong Innovation, and Technology Commission(grant numbers:SST/051/20GP); Beijing Key Laboratory of Urban Spatial Information Engineering(grant numbers:2020101); ",https://ieeexplore.ieee.org/stamp/stamp.jsp?arnumber=9664368,Building extraction;fully convolutional network (FCN);hybrid loss function;multitask learning;very high resolution (VHR) remote sensing imagery,Buildings;Feature extraction;Remote sensing;Semantics;Data mining;Convolutional neural networks;Shape,,41.0,,57.0,CCBY,28 Dec 2021,2022,,IEEE,IEEE Journals,S1-1D IEEE.csv
Fine-Grained Building Extraction With Multispectral Remote Sensing Imagery Using the Deep Model,Z. Wang; Y. Zhou; F. Wang; S. Wang; G. Qin; W. Zou; Z. Wang; S. Liu; J. Zhu,"Aerospace Information Research Institute, Chinese Academy of Sciences, Beijing, China; Aerospace Information Research Institute, Chinese Academy of Sciences, Beijing, China; Aerospace Information Research Institute, Chinese Academy of Sciences, Beijing, China; Aerospace Information Research Institute, Chinese Academy of Sciences, Beijing, China; Aerospace Information Research Institute, Chinese Academy of Sciences, Beijing, China; Aerospace Information Research Institute, Chinese Academy of Sciences, Beijing, China; Aerospace Information Research Institute, Chinese Academy of Sciences, Beijing, China; Aerospace Information Research Institute, Chinese Academy of Sciences, Beijing, China; Aerospace Information Research Institute, Chinese Academy of Sciences, Beijing, China",IEEE Transactions on Geoscience and Remote Sensing,3 Nov 2023,2023,61,,1,13,"Extracting buildings from remote sensing imagery can serve many industries. Single-category building extraction, however, has been unable to meet the actual needs of sectors, such as disaster prevention and mitigation. In this study, we create a large-scale high-quality multispectral dataset (BFE-Set) for fine-grained extraction of buildings. BFE-Set uses the GaoFen-2 multispectral satellite as the data source and divides buildings into three fine-grained categories according to their structure types: steel and reinforced concrete structure, masonry structure, and block stone structure. It includes 20 countries, where disasters often occur in China, and contains nearly 260000 building instances. We propose the BFE-Net, a fully convolutional neural network that performs better on the BFE-Set for fine-grained extraction. The styles of buildings in different regions are quite different. Through the combined use of batch normalization (BN) and instance normalization (IN), BFE-Net enhances the model’s style invariance. BFE-Net extracts feature from visible light and near-infrared data through a parallel feature extraction subnetwork and uses an attention mechanism to fuse the two modal features. This takes full advantage of the characteristic complementary effects of visible light and near infrared. In addition, knowledge distillation (KD) is used to fully mine the interclass relationships of fine-grained buildings, making the model more generalized in fine-grained classification. The experimental results show that BFE-Net is superior to other building extraction methods, and the fine-grained extraction effect is encouraging, which can provide a valuable reference. BFE-Set and BFE-Net will play a greater role in industries, such as disaster response and smart cities.",1558-0644,,10.1109/TGRS.2023.3327370,National Key Research and Development Program of China(grant numbers:2021YFB3901201); Hainan Province Science and Technology Special Fund(grant numbers:ZDYF2021SHFZ103); ,https://ieeexplore.ieee.org/stamp/stamp.jsp?arnumber=10295486,Fine-grained building extraction;fully convolutional network;open multispectral dataset;remote sensing;semantic segmentation,Feature extraction;Buildings;Data mining;Remote sensing;Surveys;Training;Steel,,12.0,,36.0,IEEE,25 Oct 2023,2023,,IEEE,IEEE Journals,S1-1D IEEE.csv
Mental Fatigue Detection of Construction Equipment Operators Based on EEG Collected by a Novel Valve-Type Semidry Electrode Using Deep Residual Shrinkage Networks Under Real Construction Environment,F. Wang; D. Chen; X. Zhang,"School of Mechanic Engineering, Northeast Electric Power University, Jilin, China; School of Mechanic Engineering, Northeast Electric Power University, Jilin, China; School of Mechanic Engineering, Northeast Electric Power University, Jilin, China",IEEE Transactions on Instrumentation and Measurement,13 Sep 2024,2024,73,,1,14,"Dry electrodes used for electroencephalography (EEG) signals acquisition are of good portability. However, the large impedance of the dry electrode often results in poor signal acquisition quality. Meanwhile, the preparation of wet electrodes in experiments is complex, and replenishing the conductive gel is not convenient. Therefore, based on the comprehensive consideration of the trade-off between wet and dry electrodes used for data acquisition, a novel valve-type semidry electrode is proposed. The semidry electrode has the advantages of convenient wearing and convenient replenishment of conductive liquid. In addition, this experiment is conducted in a real building construction environment, and the acquired EEG signals are highly susceptible to being mixed with various noises. In this study, a deep residual shrinkage networks (DRSNs) algorithm with strong antinoise ability is used to construct a recognition model of construction equipment operators’ mental fatigue using EEG-based features. The DRSN algorithm removes mixed noise and redundant features to improve the recognition accuracy of mental fatigue. These results show that the novel valve-type semidry electrode can collect EEG signals with fatigue characteristics just as well as the wet electrode. The ability to maintain small impedances for a long time can benefit long-period EEG signal acquisition. Additionally, the DRSN algorithm was used to classify the mental fatigue state of 12 subjects. The average classification accuracy is 99.59%; the average precision is 96.40%; the average recall is 97.45%; and the average F1 score is 96.93%. The DRSN algorithm outperforms existing approaches in terms of classification accuracy and noise resistance. This study developed the novel valve-type semidry electrode and the DRSN algorithm to successfully measure mental fatigue changes in construction equipment operators over an extended period in a real building construction setting.",1557-9662,,10.1109/TIM.2024.3451583,Northeast Electric Power University(grant numbers:BSJXM-201521); Jilin City Science and Technology Bureau(grant numbers:20166012); ,https://ieeexplore.ieee.org/stamp/stamp.jsp?arnumber=10658992,Construction equipment operators;deep residual shrinkage network (DRSN);electroencephalography (EEG);mental fatigue;novel valve-type semidry electrode,Electrodes;Fatigue;Electroencephalography;Skin;Impedance;Classification algorithms;Springs,,2.0,,53.0,IEEE,29 Aug 2024,2024,,IEEE,IEEE Journals,S1-1D IEEE.csv
Bolt anomaly detection based on yolov8 and point cloud,S. Li,"School of Mechanical Engineering, Southwest Jiaotong University, Chengdu, China","2024 IEEE 7th Advanced Information Technology, Electronic and Automation Control Conference (IAEAC)",25 Apr 2024,2024,7,,1918,1922,"As a common connecting element, bolts are widely used in industries such as railway bridges, wind turbine towers, and building structures. However, due to long-term use, environmental changes, etc., loose bolts may cause instability and safety hazards to the equipment. Therefore, online bolt loosening monitoring is particularly important. For urban rail data, according to the box information, the template point cloud to be registered is obtained. The test point cloud to be registered will first be subject to yolov8 target detection, and then the IOU matching rule will be used to determine whether the bolt is lost, and the bolts that are not lost will be processed. Looseness detection, therefore, we directly take the target detection frame matched by the test point cloud and obtain the test point cloud to be matched. Point cloud registration uses GICP for registration. The target point cloud and test point cloud are segmented separately. Effective normal vectors are obtained for the target point cloud and test point cloud planes, and the normal vectors of the template bolt and the test bolt are obtained., calculate the angle between any two normal vectors. The angle between the normal vectors is used to determine whether the bolt is loose. The test data results show that this method can detect whether the bolt is loose.",2689-6621,979-8-3503-3916-1,10.1109/IAEAC59436.2024.10503788,National Natural Science Foundation of China; ,https://ieeexplore.ieee.org/stamp/stamp.jsp?arnumber=10503788,Bolt anomaly detection;yolov8;CIoU Loss;point cloud;GICP,Point cloud compression;Rails;Structural panels;Poles and towers;Object detection;Fasteners;Vectors,,1.0,,16.0,IEEE,25 Apr 2024,15-17 March 2024,15-17 March 2024,IEEE,IEEE Conferences,S1-1D IEEE.csv
Integration of remote sensing technology to geographic information system for sustainable planning of water resources,A. N. Evsahi̇bi̇oğlu; E. Özdi̇ki̇li̇ler,"Department of Agricultural Engineering, The University of Ankara, Ankara, TURKEY; Istanbul Technical University, Satellite Comm. and Remote Sensing, Istanbul, TURKEY",2015 Fourth International Conference on Agro-Geoinformatics (Agro-geoinformatics),10 Sep 2015,2015,,,143,148,"Remote sensing provides much of the information that is input to a GIS, from global scale vegetation and climatic data to the roof outlines entered into a municipal GIS. As with other fields, to make effective use of remote sensing technology requires technically skilled personal as well as the appropriate technology. Remote sensing and GIS technology developed separately. In part this was a result of the use of different technical skills. While a user of remote sensing technology may develop expertise in sensor systems and image processing methods, the expert GIS user may become more familiar with principles of map projections, spatial analysis, and the design of spatial data bases. Although the technology may encourage different technical orientations, in both cases the user must understand the nature of the information being collected-the forestry, geology, building structures, roadway design and so on. Ultimately, remote sensing and GIS technology are both used to collect, analyze, and report information about the earth's resources and the infrastructure we have developed to use them. The two technologies provide complementary capabilities. Remote sensing analyses are improved by the verification data retrieved from a GIS, and GIS applications can benefit from the information that remote sensing can generate. Often the image data are the most current spatial information available for an area. The use of digital image data offers the additional advantage of a computer compatible format that can be input directly to a GIS. The integrated use of remote sensing and GIS methods and technology can not only improve the quality of geographic information but also enable information previously unavailable to be economically produced. Over the past few years manufacturers have developed more sophisticated technology for integrating remote sensing systems and geographic information systems. The effective use of these tools, however, depends on user sufficiently knowledgeable to apply them. The objective of this paper is to examine geographical information system and its integration with Remote Sensing Technology for agricultural engineering applications in general but specifically related to water resources planning.",,978-1-4673-8087-4,10.1109/Agro-Geoinformatics.2015.7248127,,https://ieeexplore.ieee.org/stamp/stamp.jsp?arnumber=7248127,water resources;sustainable planning;remote sensing;geographic information systems,Geology;Irrigation;Atmospheric measurements;Particle measurements,,1.0,,53.0,IEEE,10 Sep 2015,20-24 July 2015,20-24 July 2015,IEEE,IEEE Conferences,S1-1D IEEE.csv
Real-Time Avoidance of Obstacles and Emergent Geo-Fences for Urban Air Mobility Using Deep Reinforcement Learning,M. Zhang; B. Pang; C. Yan; M. Feroskhan; C. Lv,"School of Mechanical and Aerospace Engineering, Nanyang Technological University, Nanyang, Singapore; Air Traffic Management Research Institute, Nanyang Technological University, Nanyang, Singapore; College of Automation Engineering, Nanjing University of Aeronautics and Astronautics, Nanjing, China; School of Mechanical and Aerospace Engineering and the Air Traffic Management Research Institute, Nanyang Technological University, Nanjing, Singapore; School of Mechanical and Aerospace Engineering, Nanyang Technological University, Nanyang, Singapore",IEEE Transactions on Intelligent Transportation Systems,11 Nov 2025,2025,26,11.0,20091,20108,"Urban air mobility (UAM) aims to revolutionize transportation in urban airspace by integrating advanced aerial vehicles for efficient, safe, and sustainable short-distance travel within cities. The growth in UAM operations significantly increases collision risks in dense, dynamic urban airspaces filled with buildings, obstacles, and temporary geo-fences triggered by crowded events or severe weather. Addressing the dynamic emergence of geo-fences in environments originally characterized by dense building structures presents significant challenges, and current solutions remain inadequate. In this study, we propose a novel Deep Deterministic Policy Gradient Learning Framework (DDPG), enhanced with Gated Recurrent Units (GRU), introduce a randomized layer after the neural network’s input observation and incorporate Feature Matching (FM) loss. This introduction of the randomized layer boosts the performance of autonomous aerial vehicles in avoiding dynamically emergent geo-fences in environment with dense obstacles and mitigate path deviation. Moreover the similar improvements can be found when AAV operates in unseen environments. We modeled our simulation environment using real spatial data from a residential area in Singapore, dividing it into areas for training and evaluation. Our results demonstrate that employing feature matching gated recurrent unit-deep deterministic policy gradient (FMGRU-DDPG) algorithms enables AAVs to achieve over a 90% success rate in reaching their destinations despite the presence of up to 10 dynamically appearing geo-fences during its flight. Additionally, the algorithm maintains more than a 60% success rate in unseen environments during training which outperforming both GRU-DDPG and DDPG algorithms.",1558-0016,,10.1109/TITS.2025.3589322,"National Research Foundation (NRF), Singapore; Civil Aviation Authority of Singapore (CAAS), under the Aviation Transformation Program (ATP); ",https://ieeexplore.ieee.org/stamp/stamp.jsp?arnumber=11089963,Deep reinforcement learning;tactical conflict resolution;deep deterministic policy gradient;autonomous aerial vehicles;geo-fence avoidance,Autonomous aerial vehicles;Urban air mobility;Real-time systems;Collision avoidance;Trajectory;Heuristic algorithms;Urban areas;Training;Optimization;Deep reinforcement learning,,4.0,,70.0,IEEE,22 Jul 2025,Nov. 2025,,IEEE,IEEE Journals,S1-1D IEEE.csv
Consider Computer Vision for Building Component Recognition and Defect Detection,Z. Yang,"Longgang District Livelihood Security Service Center, Huludao City, Huludao, China",2024 5th International Conference on Machine Learning and Computer Application (ICMLCA),21 Nov 2024,2024,,,457,460,"With the advancement of computer vision technology, its application in the construction field has become increasingly widespread, particularly in the identification of building structural components and defect detection. This paper investigates the use of computer vision techniques for the recognition and defect detection of building structural components. We employed the DeeplabV3+ model, which is based on MobileNetV2 and utilizes an encoder-decoder architecture along with a pyramid pooling module for semantic segmentation. The experiments were conducted on the Windows 10 operating system using the Python programming language and the TensorFlow framework, with meticulous parameter settings for model training. Model performance was evaluated using metrics such as Mean Pixel Accuracy (MPA), Mean Intersection over Union (MIoU), and F1 score. The results demonstrated satisfactory performance on both the training and validation sets, with F1 scores of 0.7180 and 0.6520, respectively, thereby validating its effectiveness in the recognition of building structural components.",,979-8-3315-3033-4,10.1109/ICMLCA63499.2024.10754392,,https://ieeexplore.ieee.org/stamp/stamp.jsp?arnumber=10754392,Automatic Recognition of Building Component;Crack Detection;Computer Vision;Semantic Segmentation;Deep Learning Algorithm,Training;Computer vision;Accuracy;Computational modeling;Operating systems;Semantic segmentation;Buildings;Windows;Tuning;Defect detection,,,,8.0,IEEE,21 Nov 2024,18-20 Oct. 2024,18-20 Oct. 2024,IEEE,IEEE Conferences,S1-1D IEEE.csv
MSST-Net: Memory-Sustained Structure-Texture Representation Network for Remote Sensing Building Change Detection,W. Zhao; Q. Ming; Z. Gao,"School of Computer Science and Technology, Shandong Technology and Business University, Yantai, China; School of Computer Science and Technology, Shandong Technology and Business University, Yantai, China; School of Computer Science and Technology, Shandong Technology and Business University, Yantai, China",IEEE Journal of Selected Topics in Applied Earth Observations and Remote Sensing,,2026,PP,99.0,1,15,"Building change detection in remote sensing plays an important role in urban planning, land-use monitoring, and rapid post-disaster damage assessment. However, remote sensing images are inherently affected by illumination variations and seasonal changes, which introduce complex pseudo-change noise. In addition, traditional hierarchical network architectures struggle to effectively balance multi-scale structural boundaries and global texture consistency. To address these challenges, this paper proposes a Memory-Sustained Structure-Texture Representation Network (MSST-Net). The network consists of three key components. Hierarchical Group-Grid Coordination Module (HGGCM) is designed within the hierarchical backbone to suppress shallow feature noise, promote cross-scale collaboration among hierarchical features, and align spatial discrepancies. Bitemporal Memory Augmented Module (BMAM) is introduced, which integrates learnable memory matrices into the cross-attention mechanism to establish stable semantic correspondence between bi-temporal images. Structure-Texture Fusion Module (STFM) is further designed based on a structure-texture disentanglement strategy to separately refine the macroscopic structural information and fine-grained texture details of buildings, thereby accomplishing the change detection task. MSST-Net achieves F1 of 92.08%, 94.84%, and 89.39% on three public datasets LEVIR-CD, WHU CD, and GZ-CD, respectively, demonstrating the effectiveness of the proposed network and the rationality of its architectural design.",2151-1535,,10.1109/JSTARS.2026.3730507,,https://ieeexplore.ieee.org/stamp/stamp.jsp?arnumber=11676399,Remote sensing building change detection;Hierarchical group-grid coordination;Bitemporal memory matrix;Structure-texture fusion,Modeling;Signal detection;Buildings;Remote sensing;Memory;Design methodology;Bismuth;Business intelligence;Interference;Modules (abstract algebra),,,,,CCBYNCND,2 Sep 2026,,,IEEE,IEEE Early Access Articles,S1-1D IEEE.csv
A Unified Model for Near and Remote Sensing,S. Workman; M. Zhai; D. J. Crandall; N. Jacobs,University of Kentucky; University of Kentucky; Indiana University Bloomington; University of Kentucky,2017 IEEE International Conference on Computer Vision (ICCV),25 Dec 2017,2017,,,2707,2716,"We propose a novel convolutional neural network architecture for estimating geospatial functions such as population density, land cover, or land use. In our approach, we combine overhead and ground-level images in an end-toend trainable neural network, which uses kernel regression and density estimation to convert features extracted from the ground-level images into a dense feature map. The output of this network is a dense estimate of the geospatial function in the form of a pixel-level labeling of the overhead image. To evaluate our approach, we created a large dataset of overhead and ground-level images from a major urban area with three sets of labels: land use, building function, and building age. We find that our approach is more accurate for all tasks, in some cases dramatically so.",2380-7504,978-1-5386-1032-9,10.1109/ICCV.2017.293,,https://ieeexplore.ieee.org/stamp/stamp.jsp?arnumber=8237555,,Feature extraction;Geospatial analysis;Kernel;Buildings;Remote sensing;Estimation,,39.0,,38.0,IEEE,25 Dec 2017,22-29 Oct. 2017,22-29 Oct. 2017,IEEE,IEEE Conferences,S1-1D IEEE.csv
Specific Structure Building Extraction from High Resolution Satellite Image,A. Saini; M. Dixit; A. Prajapati; I. Kushwaha,"Galgotias College of Engineering and Technology, Greater Noida, India; Galgotias College of Engineering and Technology, Greater Noida, India; Galgotias College of Engineering and Technology, Greater Noida, India; Galgotias College of Engineering and Technology, Greater Noida, India","2021 3rd International Conference on Advances in Computing, Communication Control and Networking (ICAC3N)",9 Mar 2022,2021,,,486,489,"Building extraction is a key research area under the remote sensing community. These analyses are done using aerial and satellite images. Many algorithms have been designed for building extraction and deals with various situation of images like their resolution, different environmental conditions etc… This work focuses not only on building extraction but it also extracts the specific building shapes which can be useful for different societal purposes. In this work, Unet based deep learning model has been used for the predicting the building masks and then few post processing steps applied for extracting specific shape building structures. The work uses WHU building dataset which contains 204 images with varying resolution from 0.3m to 2.5m of 512x512 dimensions. The result shows the specific shape of each extracted building.",,978-1-6654-3811-7,10.1109/ICAC3N53548.2021.9725471,,https://ieeexplore.ieee.org/stamp/stamp.jsp?arnumber=9725471,Extraction;Specific Structure;Classification;Detection;Object;Buildings;Algorithm;High Resolution,Deep learning;Image resolution;Satellites;Shape;Buildings;Urban planning;Disaster management,,1.0,,15.0,IEEE,9 Mar 2022,17-18 Dec. 2021,17-18 Dec. 2021,IEEE,IEEE Conferences,S1-1D IEEE.csv
Variational Autoencoders for Unsupervised Object Counting from VHR Imagery: Applications in Dwelling Extraction from Forcibly Displaced People Settlement Areas,G. W. Gella; H. Gangloff; L. Wendt; D. Tiede; S. Lang,"Department of Geoinformatics—Z GIS, Paris Lodron University of Salzburg (PLUS) Christian Doppler Laboratory for Geospatial and EO-Based Humanitarian Technologies (GEOHUM), Salzburg, Austria; INRAE, UMR MIA Paris-Saclay, Université Paris-Saclay, AgroParisTech, Palaiseau, France; Department of Geoinformatics—Z GIS, Paris Lodron University of Salzburg (PLUS) Christian Doppler Laboratory for Geospatial and EO-Based Humanitarian Technologies (GEOHUM), Salzburg, Austria; Department of Geoinformatics—Z GIS, Paris Lodron University of Salzburg (PLUS) Christian Doppler Laboratory for Geospatial and EO-Based Humanitarian Technologies (GEOHUM), Salzburg, Austria; Department of Geoinformatics—Z GIS, Paris Lodron University of Salzburg (PLUS) Christian Doppler Laboratory for Geospatial and EO-Based Humanitarian Technologies (GEOHUM), Salzburg, Austria",IGARSS 2023 - 2023 IEEE International Geoscience and Remote Sensing Symposium,20 Oct 2023,2023,,,1162,1165,"Even though computer vision models are excellent for automatic scene segmentation and object identification from remotely sensed imagery, they demand a huge corpus of annotated data for the training and validation which is a huge challenge in humanitarian emergency response. To tackle this problem, we propose unsupervised dwelling object counting combining Variational Autoencoder (VAE) with an anomaly detection approach. The approach is tested in six Forcibly Displaced People (FDP) settlement areas situated in different parts of the world. Using an anomaly map computed with the VAE model, we demonstrated the possibility of properly locating dwelling objects using anomaly maps. Dwelling counts are obtained by further segmenting anomaly maps. Results show that, though it has strong spatio-temporal variation, the VAE model exhibits promising potential for locating and counting dwellings. It is also observed that in FDP settlements with dense buildings and extremely low contrast between buildings and ground or environment, the performance is relatively lower than the performance achieved in settlement areas with regularly spaced and less complex building structures.",2153-7003,979-8-3503-2010-7,10.1109/IGARSS52108.2023.10281849,Borders; ,https://ieeexplore.ieee.org/stamp/stamp.jsp?arnumber=10281849,Anomaly detection;Dwelling extraction;Emergency response;Variational Autoencoder,Training;Location awareness;Computational modeling;Buildings;Emergency services;Real-time systems;Windows,,1.0,,17.0,IEEE,20 Oct 2023,16-21 July 2023,16-21 July 2023,IEEE,IEEE Conferences,S1-1D IEEE.csv
Building Knowledge Base from Semi-Structured Data,X. -L. Liu; G. -Q. Wu; M. Yang,"School of Computer, Wuhan University of China, China; School of Computer, Wuhan University of China, China; ZTE Corporation, Shenzhen, China",2007 International Conference on Machine Learning and Cybernetics,29 Oct 2007,2007,2,,839,843,"Semantic pattern is kind of template with semantic information, and it can be used to structurized a sentence. In this paper, semantic pattern based question and its corresponding answers are used as the data resource of knowledge base. The exact answer is extracted from plain text answer by matching of question and answer. Two kinds of matching methods and the experiment results are simple presented. Extracted exact answer and semantic pattern based question are composed of a structured information unit which can be inserted into knowledge base with the assistance of ontology. The disease ontology is studied for illustration. Our approach to knowledge base construction is concise and effective.",2160-1348,978-1-4244-0972-3,10.1109/ICMLC.2007.4370259,,https://ieeexplore.ieee.org/stamp/stamp.jsp?arnumber=4370259,Knowledge extraction;Disease ontology;Semantic pattern,Data mining;Ontologies;Diseases;Machine learning;Cybernetics;Information analysis;Pattern analysis;Books;Computer science;Interference,,,,9.0,IEEE,29 Oct 2007,19-22 Aug. 2007,19-22 Aug. 2007,IEEE,IEEE Conferences,S1-1D IEEE.csv
Sea-Ice Surface Types Characterization and SAR Volume Backscattering Properties in Response to Sea States Interactions Using Structural Feature Fusion,I. H. Shahrezaei; H. -C. Kim,"Center of Remote Sensing and GIS, KOPRI, Incheon, South Korea; Center of remote sensing and GIS, KOPRI, Incheon, South Korea",IEEE Journal of Selected Topics in Applied Earth Observations and Remote Sensing,25 Mar 2025,2025,18,,7967,7981,"Despite extensive research in polar remote sensing, there is still no consensus on how sea-ice evolves in response to interactions with ocean waves, nor is there agreement on the most effective way to characterize it based on fluctuations in height profile, both of which compromise interpretations of its texture properties when observed by synthetic aperture radar (SAR). This study aims to address these knowledge gaps by investigating the sea-ice modeling, marginal ice zone (MIZ) categorization and identifying an optimal approach to extract its freeboard profile and relevant backscattering properties under varying sea state conditions. To accomplish this, a numerical approach for modeling random polar media (RPM) is proposed, benefiting from transform-domain fusion method decompositions in conjunction with a convolutional neural network to jointly reconstruct a reference MIZ model in response to wind waves. To ensure consistency in surface structure, the fusion scheme incorporates a point-wise processing principle technique. The reconstructed reference sea-ice model is then subjected to an inverse problem solution analysis to generate the SAR volume backscattering dataset. The simulation results show that the entire routine, encompassing RPM modeling, MIZ characterization, structural fusion, and SAR raw data generation, yields promising results in the realm of sea-ice remote sensing. It reduces dependence on empirical methods, which typically necessitate polar field experiments that are limited by access constraints, or incorporate nonuniform and time-varying media characteristics into large-scale theoretical observation.",2151-1535,,10.1109/JSTARS.2025.3548597,Korea Polar Research Institute(grant numbers:PE25040); ,https://ieeexplore.ieee.org/stamp/stamp.jsp?arnumber=10914522,Random polar media (RPM);raw data;sea state;synthetic aperture radar (SAR);transform-domain fusion;volume backscattering,Sea surface;Sea ice;Sea state;Synthetic aperture radar;Media;Backscatter;Surface reconstruction;Surface waves;Remote sensing;Numerical models,,2.0,,86.0,CCBY,5 Mar 2025,2025,,IEEE,IEEE Journals,S1-1D IEEE.csv
Uncertainties of Human Perception in Visual Image Interpretation in Complex Urban Environments,N. J. Kraff; M. Wurm; H. Taubenböck,"Department of Geo-Risks and Civil Security, German Aerospace Center, Earth Observation Center, German Remote Sensing Data Center, Oberpfaffenhofen, Germany; Department of Geo-Risks and Civil Security, German Aerospace Center, Earth Observation Center, German Remote Sensing Data Center, Oberpfaffenhofen, Germany; Department of Geo-Risks and Civil Security, German Aerospace Center, Earth Observation Center, German Remote Sensing Data Center, Oberpfaffenhofen, Germany",IEEE Journal of Selected Topics in Applied Earth Observations and Remote Sensing,5 Aug 2020,2020,13,,4229,4241,"Today satellite images are mostly exploited automatically due to advances in image classification methods. Manual visual image interpretation (MVII), however, still plays a significant role e.g., to generate training data for machine-learning algorithms or for validation purposes. In certain urban environments, however, of e.g., highest densities and structural complexity, textural and spectral complications in overlapping roof-structures still demand the human interpreter if one aims to capture individual building structures. The cognitive perception and real-world experience are still inevitable. Against these backgrounds, this article aims at quantifying and interpreting the uncertainties of mapping rooftop footprints of such areas. We focus on the agreement among interpreters and which aspects of perception and elements of image interpretation affect mapping. Ten test persons digitized six complex built-up areas. Hereby, we receive quantitative information about spatial variables of buildings to systematically check the consistency and congruence of results. An additional questionnaire reveals qualitative information about obstacles. Generally, we find large differences among interpreters’ mapping results and a high consistency of results for the same interpreter. We measure rising deviations correlate with a rising morphologic complexity. High degrees of individuality are expressed e.g., in time consumption, in-situ- or geographic information system (GIS)-precognition whereas data source mostly influences the mapping procedure. By this study, we aim to fill a gap as prior research using MVII often does not implement an uncertainty analysis or quantify mapping aberrations. We conclude that remote sensing studies should not only rely unquestioned on MVII for validation; furthermore, data and methods are needed to suspend uncertainty.",2151-1535,,10.1109/JSTARS.2020.3011543,European Research Council; European Union's Horizon 2020 Research and Innovation Program(grant numbers:714087); ,https://ieeexplore.ieee.org/stamp/stamp.jsp?arnumber=9146616,Cognition;earth observation;elements of image interpretation;level of individual buildings (LoD-1);manual visual image interpretation (MVII);perception;uncertainty;urban morphology,Uncertainty;Buildings;Urban areas;Visualization;Complexity theory;Manuals;Machine learning,,46.0,,49.0,CCBY,23 Jul 2020,2020,,IEEE,IEEE Journals,S1-1D IEEE.csv
GUI-Enabled Boundary Regularization System for Urban Buildings Using the Tkinter,S. Vasavi; P. D. L. Nikhita Sri; P. V. Sai Krishna,"Computer Science & Engineering Department, VR Siddhartha Engineering College, Andhra Pradesh, India; Computer Science & Engineering Department, VR Siddhartha Engineering College, Andhra Pradesh, India; Computer Science & Engineering Department, VR Siddhartha Engineering College, Andhra Pradesh, India","2024 2nd International Conference on Device Intelligence, Computing and Communication Technologies (DICCT)",22 May 2024,2024,,,424,429,"Building detection contributes to monitoring changes in land use and land cover, providing insights into urbanization trends and environmental impacts. This study focuses on the development of a user-friendly graphical user interface (GUI) using the Tkinter library in Python. It begins with the preprocessing of the dataset, involving resizing, noise removal, and enhancement techniques. Subsequently, the processed dataset undergoes building detection using the Mask R-CNN technique, enabling real-time identification of buildings within satellite images. To refine the precision of building boundaries, a Guided Filter is applied to enhance the accuracy of the output masks. The research further employs two images captured at distinct timelines to conduct change detection, revealing alterations in building structures over time. The results encompass the presentation of predicted buildings within the GUI, achieved by providing the test image to the model. A subsequent step involves change detection, wherein buildings are classified into three distinct categories: demolished, unchanged, and changed. The GUI, which facilitates the display and exploration of images generated by a proposed model, presents an effective approach for studying changes in land use and cover.",,979-8-3503-7284-7,10.1109/DICCT61038.2024.10532910,,https://ieeexplore.ieee.org/stamp/stamp.jsp?arnumber=10532910,Graphical user interface;Tkinter;Convolutional Neural Network;Navigation Buttons;Boundary Regularization,Buildings;Urban areas;Noise;Predictive models;Market research;Real-time systems;Libraries,,3.0,,16.0,IEEE,22 May 2024,15-16 March 2024,15-16 March 2024,IEEE,IEEE Conferences,S1-1D IEEE.csv
A Multiscale Segmentation Framework for Uncompleted Building Footprint Extraction from Remote Sensing Imagery,I. M. Bello; K. Zhang; J. Wang; M. A. Aslam,"School of Astronautics Northwestern, Polytechnical University, Xi’an, China; School of Astronautics Northwestern, Polytechnical University, Xi’an, China; School of Astronautics Northwestern, Polytechnical University, Xi’an, China; School of Astronautics Northwestern, Polytechnical University, Xi’an, China","2021 IEEE Asia-Pacific Conference on Geoscience, Electronics and Remote Sensing Technology (AGERS)",29 Nov 2021,2021,,,119,124,"Building extraction from aerial and satellite images has been playing a significant role in urban development. The deep neural networks’ automatic feature extraction capability provides the ease to infer building footprint from remote sensing imagery with greater accuracy. However, designing a classifier that can infer salient features such as the building category remains a challenging task. This article proposes a parameter- efficient, multiscale segmentation network for uncompleted building structure extraction. The proposed network was designed based on the architectural framework of the inception module that allows feature learning at multiscale level. Our proposed framework consists of three types of modules known as the subnets that form the encoder, the decoder, and the bottleneck of the network that allow multiscale semantic learning for segmentation application. The experimental result indicates that our proposed network required less training time to attain the best accuracy than state-of-the-art networks. We also present an approach to determine the precise geographical coordinates of the uncompleted building segment’s using the georeferencing technique.",,978-1-6654-2807-1,10.1109/AGERS53903.2021.9617409,,https://ieeexplore.ieee.org/stamp/stamp.jsp?arnumber=9617409,Remote sensing;image segmentation;neural networks,Training;Image segmentation;Electric potential;Satellites;Buildings;Semantics;Geoscience,,1.0,,19.0,IEEE,29 Nov 2021,29-30 Sept. 2021,29-30 Sept. 2021,IEEE,IEEE Conferences,S1-1D IEEE.csv
Learning-based building outline detection from multiple aerial images,Yanlin Guo; H. S. Sawhney; R. Kumar; S. Hsu,"Sarnoff Corporation, Princeton, NJ, USA; Sarnoff Corporation, Princeton, NJ, USA; Sarnoff Corporation, Princeton, NJ, USA; Sarnoff Corporation, Princeton, NJ, USA",Proceedings of the 2001 IEEE Computer Society Conference on Computer Vision and Pattern Recognition. CVPR 2001,15 Apr 2003,2001,2,,II,II,"This paper presents a method for detecting building outlines using multiple aerial images. Since data-driven techniques may not be able to account for variability of building geometry and appearances, a key insight explored in this paper is a combination of model-based data driven front end with data driven learning in the back end for increased detection accuracy. The three main components of the detection algorithm are: (i) initialization. Image intensity and depth information are integrally used to efficiently detect buildings, and a robust rectilinear path finding algorithm is adopted to obtain good initial outlines. The initialization process involves the following steps: detecting location of buildings, determining the dominant orientations and knot points in the building outline and using these to fit the initial outline; (ii) learning. A compact set of building features are defined and learned from the well-delineated buildings, and a tree-based classifier is applied to the whole region to detect any missing buildings and obtain their rough outlines; and (iii) verification and refinement. Learned features are used to remove falsely detected buildings, and all outlines are refined by the deformation of rectilinear templates. The experiments, with improved detection rate and precise outlines, demonstrate the applicability of our algorithm.",1063-6919,0-7695-1272-0,10.1109/CVPR.2001.991010,,https://ieeexplore.ieee.org/stamp/stamp.jsp?arnumber=991010,,Buildings;Robustness;Solid modeling;Geometry;Classification tree analysis;Deformable models;Shape;Detection algorithms;Change detection algorithms;Urban planning,,5.0,2.0,11.0,IEEE,15 Apr 2003,8-14 Dec. 2001,8-14 Dec. 2001,IEEE,IEEE Conferences,S1-1D IEEE.csv
Extraction of Complex Buildings in the Karst Mountains Based on U-Net Deep Learning Model,Q. Li; Z. Zhou; D. Huang; D. Xiao; L. Yan; Y. Huang; Y. Zhang,"School of Karst Science/ School of Geography & Environmental Science, Guizhou Normal University, Guiyang, China; School of Karst Science/ School of Geography & Environmental Science, Guizhou Normal University, Guiyang, China; School of Karst Science/ School of Geography & Environmental Science, Guizhou Normal University, Guiyang, China; School of Karst Science/ School of Geography & Environmental Science, Guizhou Normal University, Guiyang, China; School of Karst Science/ School of Geography & Environmental Science, Guizhou Normal University, Guiyang, China; School of Karst Science/ School of Geography & Environmental Science, Guizhou Normal University, Guiyang, China; School of Karst Science/ School of Geography & Environmental Science, Guizhou Normal University, Guiyang, China","2022 3rd International Conference on Geology, Mapping and Remote Sensing (ICGMRS)",18 Aug 2022,2022,,,127,138,"Affected by factors such as rugged terrain, land resources, transportation, and ethnic culture, the rural settlements in the Karst mountainous areas have the characteristics of uneven spatial distribution density, fragmented building land, and large differences in building styles. Using satellite remote sensing technology to identify the existence of buildings low, single application scenario, poor generalization ability and other difficulties. The research takes the rural settlements of the the Karst mountain peaks, plateau canyons, plateau mountains, and dissolved depressions as the research area. DJI Mavic Pro v2.0 UAVs are used to collect visible light remote sensing images. The building types include bungalows with water on the roof $\left(\mathrm{B}_{\mathrm{w}}\right)$, bungalow-roof without water $\left(\mathrm{B}_{\mathrm{N}}\right)$, color steel house (Bs), brick and tile house (BT) and other 4 categories, using the U-Net deep learning model to classify and extract different buildings. The results show that: 1) Among the four different landform areas, the U-Net model has the highest recognition accuracy for the plateau and canyon settlements with less buildings and scattered distribution. The average values of F1-score, missed detection rate (MDR), OA, and IoU are 88.11%, 15.32%, 99.31% and 90.58% 2) Affected by features such as building color, texture, geometric shape, etc., in the four types of building recognition classification, the average overall accuracy of U-Net model recognition is ${\mathrm B_{W}}(99.5\%)\gt \mathrm{B}_{\mathrm{S}}(99.21\%)\gt \mathrm{B}_{\mathrm{T}}(99.13\%)\gt \mathrm{B_{N}}(97.66\%)$, with good robustness and generalization; 3) Due to the influence of building structure, texture and other characteristics, the average MDR of the U-Net model in $\mathrm{B}_{\mathrm{S}}, \mathrm{B}_{\mathrm{W}}$, ${\mathrm B}_{N}$, and ${\mathrm B_{T}}$ are 14.31%, 16.20%, 19.59%, and 21.21%, respectively; 4) Among the 4 types of buildings, the IoU and F1-score are ${\mathrm B}_{\mathrm S}$ (90.27% and 90.08%), $\mathrm{B}_{\mathrm{T}}$ (86.93% and 85.17%), $\mathrm{B}_{\mathrm{W}}$ (84.10% and 85.12%) and $\mathrm{B}_{\mathrm{N}}$ (78.86% and 79.39%, respectively). The dataset and result data of rural settlement buildings constructed by the research can provide data support for rural revitalization village planning and formulation of relevant policies.",,978-1-6654-8595-1,10.1109/ICGMRS55602.2022.9849242,,https://ieeexplore.ieee.org/stamp/stamp.jsp?arnumber=9849242,Rural settlements;Building;Sample classification;U-Net model;the Karst mountain area,Deep learning;Image color analysis;Shape;Tiles;Buildings;Transportation;Depression,,1.0,,27.0,IEEE,18 Aug 2022,22-24 April 2022,22-24 April 2022,IEEE,IEEE Conferences,S1-1D IEEE.csv
Advances in bidirectional modeling and structural control,S. Paul; W. Yu,"Departamento de Control Automatico, CINVESTAV-IPN (National Polytechnic Institute), Mexico City, Mexico; Departamento de Control Automatico, CINVESTAV-IPN (National Polytechnic Institute), Mexico City, Mexico",2015 Resilience Week (RWS),8 Oct 2015,2015,,,1,6,"This paper provides an overview of building structure modeling and control under bidirectional seismic waves. It focuses on different types of bidirectional control devices, control strategies, and bidirectional sensors used in structural control systems. This paper also highlights the various issues like system identification techniques, the time-delay in the system, estimation of velocity and position from acceleration signals, and optimal placement of the sensors and control devices.",,978-1-4799-8594-4,10.1109/RWEEK.2015.7287413,,https://ieeexplore.ieee.org/stamp/stamp.jsp?arnumber=7287413,,Buildings;Earthquakes;Vibrations;Shock absorbers;Sensors;Vibration control,,,,71.0,IEEE,8 Oct 2015,18-20 Aug. 2015,18-20 Aug. 2015,IEEE,IEEE Conferences,S1-1D IEEE.csv
Exploring Context Alignment and Structure Perception for Building Change Detection,Q. Wang; M. Zhang; J. Ren; Q. Li,"School of Artificial Intelligence, Optics and Electronics (iOPEN), Northwestern Polytechnical University, Xi’an, China; School of Computer Science and the School of Artificial Intelligence, Optics and Electronics (iOPEN), Northwestern Polytechnical University, Xi’an, China; School of Artificial Intelligence, Optics and Electronics (iOPEN), Northwestern Polytechnical University, Xi’an, China; School of Artificial Intelligence, Optics and Electronics (iOPEN), Northwestern Polytechnical University, Xi’an, China",IEEE Transactions on Geoscience and Remote Sensing,19 Feb 2025,2025,63,,1,10,"Automatically monitoring building changes can assist human experts in disaster rescue, urban planning, and resource protection. Consequently, much research focuses on building change detection. Recently, the methods based on deep learning have achieved impressive performance. However, most of them ignore the effect of bitemporal image misalignment, which is prone to lead to false detection. To this end, a building change detection model with context alignment and structure perception (CASP) is proposed. First, imitating the brain logic of humans to identify changes, a bitemporal interactive alignment module (BIAM) is designed, which suppresses the spatial dislocation noise via a bidirectional reference-guided feature aggregation strategy. Building on this, a difference-induced alignment module (DIAM) is introduced to mitigate the adverse impact of misalignment errors further and improve the accuracy of building change detection. Second, a structure-aware feature fusion module is developed and integrated into the feature encoder, to enhance the discrimination of building representations and highlight the specificity of the proposed method. Extensive experiments on three representative building change detection datasets are implemented to verify the superiority of the above improvements. The quantitative and qualitative results demonstrate that the proposed method achieves competitive performance. The code is available at https://github.com/ptdoge/CASP.",1558-0644,,10.1109/TGRS.2025.3540013,"National Natural Science Foundation of China(grant numbers:62301385,62471394,U21B2041); ",https://ieeexplore.ieee.org/stamp/stamp.jsp?arnumber=10877886,Building change detection;context alignment;feature refinement;structure perception,Feature extraction;Buildings;Image edge detection;Accuracy;Training;Remote sensing;Deep learning;Context modeling;Computational modeling;Biological system modeling,,15.0,,57.0,IEEE,7 Feb 2025,2025,,IEEE,IEEE Journals,S1-1D IEEE.csv
Integrating Spatial Context With Generative Model for Building Reconstruction From Airborne LiDAR Point Clouds,Y. Zhao; S. Li; F. Fang; N. Min; S. Gong; Y. Wang; S. Zhou,"School of Computer Science, China University of Geosciences, Wuhan, China; School of Computer Science, China University of Geosciences, Wuhan, China; School of Computer Science, China University of Geosciences, Wuhan, China; School of Computer Science, China University of Geosciences, Wuhan, China; School of Computer Science, China University of Geosciences, Wuhan, China; School of Computer Science, China University of Geosciences, Wuhan, China; School of Computer Science, China University of Geosciences, Wuhan, China",IEEE Transactions on Geoscience and Remote Sensing,12 Mar 2026,2026,64,,1,13,"Reconstructing 3-D buildings from airborne light detection and ranging (LiDAR) point clouds (PCs) is a fundamental task with critical importance in applications such as urban planning, autonomous driving, and emergency services. The emerging methods based on the generative model have achieved remarkable progress in this task. However, previous methods fail to fully exploit the spatial context inherent in PCs, leading to inaccuracies in building reconstruction. This study proposes a novel method named SCGNet that integrates spatial context with the generative model to improve the reconstruction of 3-D building models. Specifically, a global context-based vertex generation (GCVG) module is first introduced to predict building vertices. Then, a vertex-centric multiscale spatial context encoding (VMSCE) module is developed to capture the multiscale semantics of spatial context that is centered on building vertices. Finally, a local context-enhanced face generation (LCFG) module is designed to reconstruct building faces. Extensive experiments demonstrate that the proposed method outperforms the baselines and is robust. This study explores a novel approach for optimizing building reconstruction and provides a methodological reference for PC-based 3-D model tasks. The source code, model weights, and dataset will be available at: https://github.com/ShuaibZyx/SCGNet.",1558-0644,,10.1109/TGRS.2026.3670027,"National Natural Science Foundation of China(grant numbers:42371420,42571535); ",https://ieeexplore.ieee.org/stamp/stamp.jsp?arnumber=11419187,Airborne light detection and ranging (LiDAR);building reconstruction;generative model;point clouds (PCs);spatial context,Buildings;Point cloud compression;Three-dimensional displays;Laser radar;Solid modeling;Image edge detection;Context modeling;Atmospheric modeling;Vectors;Faces,,,,59.0,IEEE,3 Mar 2026,2026,,IEEE,IEEE Journals,S1-1D IEEE.csv
Evaluation of Support to Beneficiaries Under PMAY using Clustering Techniques,D. S. Harsha; S. Praneetha; V. Swetha; P. Dinesh; K. S. Vani,"Dept. of CSE, VR Siddhartha Engineering College(A), Vijayawada, India; Dept. of CSE, VR Siddhartha Engineering College(A), Vijayawada, India; Dept. of CSE, VR Siddhartha Engineering College(A), Vijayawada, India; Dept. of CSE, VR Siddhartha Engineering College(A), Vijayawada, India; Dept. of CSE, VR Siddhartha Engineering College(A), Vijayawada, India",2021 2nd Global Conference for Advancement in Technology (GCAT),9 Nov 2021,2021,,,1,6,"During More than 10.5 million individuals in India live in kutcha houses and are described by helpless everyday environments, the consistent convergence of the rustic populace to urban communities looking for occupations is causing issues on metropolitan lodging. To improve this Government of India has as of late dispatched a moderate lodging plan, Pradhan Mantri Awas Yojana – Housing for All (Urban) Mission” for metropolitan territory is being executed during 2015-2022. This Mission gives focal help to carrying out organizations through States and Union Territories for giving houses to every single qualified family/recipient by 2022. The aim is to analyze the beneficiaries for the EWS provided by the government under this scheme. To review various literatures and understand PMAY, an affordable housing scheme for especially Economically Weaker Section (EWS) beneficiaries in India analyzing how Central Government funds are being utilized and contrast the progress of these beneficiaries to the public. The entire process aims at understanding all these activities by clustering (Machine Learning technique) of housing data using GIS coordinates and mapping these clusters to disclose the stages of houses at corresponding location/area.",,978-1-6654-1836-2,10.1109/GCAT52182.2021.9587732,,https://ieeexplore.ieee.org/stamp/stamp.jsp?arnumber=9587732,PMAY;Economically Weaker Section;Housing Data;Clustering;GIS coordinates,Biological system modeling;Government;Clustering algorithms;Data visualization;Machine learning;Data models;Spatial databases,,,,17.0,IEEE,9 Nov 2021,1-3 Oct. 2021,1-3 Oct. 2021,IEEE,IEEE Conferences,S1-1D IEEE.csv
Building Semantic Segmentation on Cartosat-2E Satellite Images Using a Three-Stage Cross-Resolution Pipeline,S. Singh; M. Sarkar; S. M. Moorthi; D. Dhar,"Department of Computer Science, Manipal University, Jaipur, India; Space Applications Centre (SAC)Indian Space Research Organization (ISRO), Ahmedabad, India; Space Applications Centre (SAC)Indian Space Research Organization (ISRO), Ahmedabad, India; Space Applications Centre (SAC)Indian Space Research Organization (ISRO), Ahmedabad, India","2025 IEEE Asia-Pacific Conference on Geoscience, Electronics and Remote Sensing Technology (AGERS)",26 Mar 2026,2025,,,687,694,"This paper presents a novel three-stage, plug-and-play pipeline to tackle the cross-resolution mismatch between the WHU building dataset (training) and the Cartosat-2E satellite dataset (target) for semantic segmentation of buildings. Our method makes three key contributions: (1) domain adaptation via histogram matching, (2) application of a U-Net model trained on the WHU dataset to the Cartosat-2E Ahmedabad city dataset to build mask inference, and (3) a post-processing pipeline introducing two novel techniques: confidence-weighted boundary smoothing and building-aware hole filling, along with GrabCut-based region growing. The ground truths for Indian satellite images were manually annotated to ensure an accurate representation of building structures. Importantly, this pipeline enhances segmentation performance on the target dataset without requiring any retraining, demonstrating its effectiveness as a plug-and-play solution for cross-resolution scenarios.",2771-6600,979-8-3315-8789-5,10.1109/AGERS67633.2025.11446434,,https://ieeexplore.ieee.org/stamp/stamp.jsp?arnumber=11446434,Satellite imagery;Building segmentation;Domain adaptation;Image enhancement;Post-processing;Cartosat-2E;U-Net,Training;Adaptation models;Semantic segmentation;Pipelines;Buildings;Urban areas;Data models;Satellite images;Remote sensing;Image enhancement,,,,19.0,IEEE,26 Mar 2026,17-18 Dec. 2025,17-18 Dec. 2025,IEEE,IEEE Conferences,S1-1D IEEE.csv
Grammatical Evolution for Predicting Cervical Cancer Recurrence Risk,L. Zhang; P. He; C. -C. Chang; W. -C. Ting,"School of Cyberspace Security, Guangzhou University, Guangzhou, People's Republic of China; School of Computer Science and Cyber Engineering, Guangzhou University, Guangzhou, People's Republic of China; Department of Information Management., School of Medical Informatics, Chung Shan Medical University & IT Office. Chung Shan Medical University Hospital, Ming Chuan University Taichung City, Taoyuan City, Taiwan; Department of Surgery, Division of Colorectal Surgery, Chung Shan Medical University Hospital School of Medicine. Chung Shan Medical University, Taichung City, Taiwan",2023 13th International Conference on Information Technology in Medicine and Education (ITME),25 Apr 2024,2023,,,851,859,"Cervical cancer is one of the most common tumors in women and has a high rate of recurrence after surgery. Early detection of symptoms leading to earlier treatment can significantly reduce the risk of patients. Artificial intelligence assists in diagnosing the recurrence of cervical cancer, which can reduce diagnostic costs and increase early identification of symptoms for timely treatment. In this study, grammatical evolution was used to develop a predictive model. The model included the corresponding grammar, evolutionary strategies and adaptations for common influences and important independent features. The grammatical evolution model was compared to the predictive model constructed using decision tree algorithms. The results show that the predictive model based on grammatical evolution performs well in predicting cervical cancer recurrence. Furthermore, due to the flexibility and adaptability of GE, the model can achieve desirable results by adjusting parameters. The model's efficiency improves when using important independent features obtained from the decision tree algorithm as the grammatical evolution inputs. Then, the importance of all features in the model was determined using the permutation importance. In this proposed model, the key features for predicting recurrence are pathologic T, pathologic stage, LNM, surgical margin involvement, and RT target summary in descending order of importance. These results will help clinicians to pay attention to patients with such risk factors before recurrence occurs.",2474-3828,979-8-3503-1915-6,10.1109/ITME60234.2023.00173,National Natural Science Foundation of China(grant numbers:61977018); ,https://ieeexplore.ieee.org/stamp/stamp.jsp?arnumber=10505511,Cervical Cancer;Decision Tree;Grammatical Evolution;Permutation Importance,Adaptation models;Costs;Surgery;Predictive models;Germanium;Prediction algorithms;Classification algorithms,,,,22.0,IEEE,25 Apr 2024,24-26 Nov. 2023,24-26 Nov. 2023,IEEE,IEEE Conferences,S1-1D IEEE.csv
Can Location Embeddings Enhance Super-Resolution of Satellite Imagery?,D. Panangian; K. Bittner,"German Aerospace Center (DLR), The Remote Sensing Technology Institute, Wessling, Germany; German Aerospace Center (DLR), The Remote Sensing Technology Institute, Wessling, Germany",2025 IEEE/CVF Winter Conference on Applications of Computer Vision (WACV),8 Apr 2025,2025,,,6136,6145,"Publicly available satellite imagery, such as Sentinel-2, often lacks the spatial resolution required for accurate analysis of remote sensing tasks including urban planning and disaster response. Current super-resolution techniques are typically trained on limited datasets, leading to poor generalization across diverse geographic regions. In this work, we propose a novel super-resolution framework that enhances generalization by incorporating geographic context through location embeddings. Our framework employs Generative Adversarial Networks (GANs) and incorporates techniques from diffusion models to enhance image quality. Furthermore, we address tiling artifacts by integrating information from neighboring images, enabling the generation of seamless, high-resolution outputs. We demonstrate the effectiveness of our method on the building segmentation task, showing significant improvements over state-of-the-art methods and highlighting its potential for real-world applications.",2642-9381,979-8-3315-1083-1,10.1109/WACV61041.2025.00598,,https://ieeexplore.ieee.org/stamp/stamp.jsp?arnumber=10943387,sentinel-2;super-resolution;satellite-imagery;location-embedding;remote-sensing,Measurement;Training;Image quality;Adaptation models;Image segmentation;Superresolution;Buildings;Satellite images;Spatial resolution;Remote sensing,,1.0,,34.0,IEEE,8 Apr 2025,26 Feb.-6 March 2025,26 Feb.-6 March 2025,IEEE,IEEE Conferences,S1-1D IEEE.csv
PECo: A Point-Edge Collaborative Framework for Global-Aware Urban Building Contouring From Unstructured Point Clouds,S. Di; H. Deng; D. Chen; X. Mao; Y. Zou; L. Wu; Y. Guo; Y. Lin; L. Zhang,"School of Geosciences and Info-Physics, Central South University, Changsha, China; School of Geosciences and Info-Physics, Central South University, Changsha, China; School of Civil Engineering, Nanjing Forestry University, Nanjing, China; School of Geosciences and Info-Physics, Central South University, Changsha, China; School of Geosciences and Info-Physics, Central South University, Changsha, China; School of Geosciences and Info-Physics, Central South University, Changsha, China; School of Geodesy and Geomatics, Wuhan University, Wuhan, China; Computer Engineering College, Jimei University, Xiamen, China; State Key Laboratory of Remote Sensing Science, Beijing Normal University, Beijing, China",IEEE Transactions on Geoscience and Remote Sensing,28 Dec 2023,2024,62,,1,19,"The building contours, as one of the most important features for representing geometry, are widely used in various applications including urban modeling and reconstruction. Automatic extraction of high-fidelity compact contours from unstructured point clouds is rather challenging, and the existing methods are limited in generating global-aware and artifact-free building contours. Here, we approach contour extraction as a Bayesian inference problem. Two ideas are proposed to obtain building contour points and edges directly from unstructured point clouds. First, we construct a point-edge collaborative (PECo) Bayesian framework to couple the information of contour points and contour edges. The developed model fully takes local contour features, global edge structures, and global geometric priors into account. Second, given the Bayesian framework for building contouring, we leverage an expectation maximization (EM) algorithm to iteratively infer the contour edges in a maximum posteriori manner. The alternate EM iterations between point and edge domains progressively refine the local pointwise information to a global representation of contour edges. As a result, a synergistic effect between the point features and edge structures for global-aware building contouring is attained. Our approach outperforms the state-of-the-art methods in terms of geometric accuracy and structural compactness in modeling buildings with various complexities. Furthermore, the compactness of the contouring results can be more flexible and easily controlled.",1558-0644,,10.1109/TGRS.2023.3342807,"National Key Research and Development Program of China(grant numbers:2019YFC1805905); National Natural Science Foundation of China(grant numbers:42030809,42271450,41972309,72088101); ",https://ieeexplore.ieee.org/stamp/stamp.jsp?arnumber=10360156,Building contouring;building reconstruction;global structure optimization;light detection and ranging (LiDAR) point clouds,Buildings;Point cloud compression;Image edge detection;Three-dimensional displays;Feature extraction;Geometry;Bayes methods,,1.0,,58.0,IEEE,14 Dec 2023,2024,,IEEE,IEEE Journals,S1-1D IEEE.csv
Multi-Scale Mixture-of-Experts With Lora for Building Extraction from Optical Remote-Sensing Images,H. Xu; B. Xue; R. Liu; Q. Zhang; W. Lu,"School of Computer and Artificial Intelligence, Zhengzhou University, Zhengzhou, China; GEOVIS Earth Technology Co., Ltd, Xi'an, China; National Supercomputing Center in Zhengzhou, Zhengzhou, China; School of Computer and Artificial Intelligence, Zhengzhou University, Zhengzhou, China; School of Computer and Artificial Intelligence, Zhengzhou University, Zhengzhou, China",2025 32nd International Conference on Geoinformatics,29 Sep 2025,2025,,,1,9,"Due to the high density of buildings, diverse illumination conditions, and varying scales in complex urban scenes, building extraction from high-resolution optical remotesensing images faces significant challenges in capturing multi-scale information and effectively utilizing spatial context. To address these issues, we propose MSLoRA-Net, a Multi-Scale LoRAEnhanced Building Extraction Network, designed to improve extraction accuracy and robustness. MSLoRA-Net introduces a novel hybrid expert LoRA (Low-Rank Adaptation) mechanism combined with a router network for dynamic parameter selection, enabling efficient and adaptive fine-tuning based on the Segment Anything Model (SAM). This enhances the model's ability to focus on building targets. To overcome the limitations of ViT in dense prediction tasks, an Auxiliary Multi-Scale Encoder (AME) is incorporated to capture global context while refining local detail modeling. In addition, a Feature Injection and Extraction Module is introduced to optimize interaction between dual encoders, ensuring effective integration of global and local features for better adaptation to complex building structures. Furthermore, a semantic-aligned progressive upsampling decoder is designed to restore spatial resolution while leveraging semantic alignment strategies, reducing boundary blurring in high-resolution feature reconstruction. Experimental results demonstrate that MSLoRANet achieves superior building extraction accuracy across multiple public datasets. This study also represents an innovative application of the SAM foundation model to building extraction tasks, verifying its great potential in remote-sensing image analysis and providing valuable insights for future research on efficient and precise building extraction.",2161-0258,979-8-3315-7356-0,10.1109/Geoinformatics67279.2025.11173552,,https://ieeexplore.ieee.org/stamp/stamp.jsp?arnumber=11173552,building extraction;remote-sensing;low-rank adaptation;vision transformer;Segment Anything Model,Adaptation models;Accuracy;Computational modeling;Buildings;Feature extraction;Optical imaging;Data models;Decoding;Data mining;Remote sensing,,,,23.0,IEEE,29 Sep 2025,16-18 June 2025,16-18 June 2025,IEEE,IEEE Conferences,S1-1D IEEE.csv
Deep Learning Semantic Segmentation-Based Scan-to-BIM for Indoor Point Clouds,M. Mahmoud; M. Adham; Y. Li; W. Chen,"The Hong Kong Polytechnic University, Hong Kong; The Hong Kong Polytechnic University, Hong Kong; The Hong Kong Polytechnic University, Hong Kong; The Hong Kong Polytechnic University, Hong Kong",2025 15th International Conference on Electrical Engineering (ICEENG),17 Jun 2025,2025,,,1,6,"Building information modeling (BIM) is essential for effectively managing reconstructed buildings throughout their operational and maintenance stages, aiding in the progress of smart city projects. However, conventional scan-to-BIM techniques often depend on manual or semi-automated processes and do not fully exploit the rich semantic details of point clouds. As a result, these methods encounter difficulties in accurately modeling large, intricate indoor environments, leading to inefficiencies in BIM creation. To overcome these challenges, this paper presents a novel scan-to-BIM pipeline that integrates deep learning approaches and laser scanner point clouds. The proposed method consists of several key stages, such as preprocessing of scanned data, semantic segmentation through an improved deep learning model, clustering of room density, detection of room clusters and segments, extraction of segment features, identification of doors and windows, and the automated generation of BIM models. These processes work together to automatically create precise and detailed 3D models of building structures. The pipeline is capable of handling large datasets, accommodating both Manhattan and non-Manhattan geometries, and employing a parametric BIM algorithm in Revit software for automated reconstruction. The pipeline has been validated with point cloud data of various indoor layouts, demonstrating outstanding performance in reconstructing indoor elements, with precision and recall values of 97.60% and 96.70%, respectively. The resulting BIM models show excellent completeness and geometric accuracy, surpassing traditional methods in both efficiency and quality.",,979-8-3315-1901-8,10.1109/ICEENG64546.2025.11031284,Hong Kong Polytechnic University; ,https://ieeexplore.ieee.org/stamp/stamp.jsp?arnumber=11031284,BIM;point cloud data;scan-to-BIM;deep learning;semantic segmentation,Point cloud compression;Deep learning;Three-dimensional displays;Semantic segmentation;Pipelines;Buildings;Semantics;Feature extraction;Data models;Windows,,3.0,,22.0,IEEE,17 Jun 2025,12-15 May 2025,12-15 May 2025,IEEE,IEEE Conferences,S1-1D IEEE.csv
AetherNet: Bridging Frequency Enhancement and Uncertainty Guided Refinement for Building Extraction,D. Li; Y. Liu; Z. Ge; H. Chen; Z. Luo; C. Yang,"College of Big Data and Information Engineering, Guizhou University, Guiyang, China; College of Big Data and Information Engineering, Guizhou University, Guiyang, China; College of Big Data and Information Engineering, Guizhou University, Guiyang, China; College of Big Data and Information Engineering, Guizhou University, Guiyang, China; School of Intelligent Manufacturing, Shunde Polytechnic University, Shunde, Guangdong, China; College of Big Data and Information Engineering, Guizhou University, Guiyang, China",IEEE Journal of Selected Topics in Applied Earth Observations and Remote Sensing,,2026,PP,99.0,1,18,"Building extraction plays an important role in urban planning, digital twin development, and geospatial information updating. Although advances in high-resolution remote sensing imagery and deep learning have substantially improved building extraction performance, structural incompleteness and local misclassification remain common in densely built-up areas, complex backgrounds, and scenes with blurred boundaries. To address these issues, we propose AetherNet, an uncertainty-aware and frequency-enhanced network that jointly models target-relevant structural enhancement and challenging-region refinement. Specifically, a Semantic-Guided Frequency Enhancement Pyramid (SFEP) is constructed, in which an Adaptive Spectral Fusion (ASF) module integrates DCT-based high-pass partitioning with spatial high-pass approximation to generate multiscale structural candidates. A Pyramid Aggregation Head (PAHead) first aggregates multilevel features to generate a coarse global semantic prior, which is then introduced into a Prior-Guided Spectral Calibrator (PGSC) to selectively calibrate local frequency responses and enhance structural consistency. During decoding, an Uncertainty-Guided Iterative Decoding Block (UIDB) uses the predictive entropy from the previous scale to characterize pixel-wise predictive ambiguity and progressively refines deep semantic features and lateral detail features through three-branch spatial modulation and gated fusion. Experiments on three public datasets, namely WHU Building, Massachusetts Building, and Inria Building, demonstrate that AetherNet achieves leading or competitive results across most region-level metrics and shows consistent advantages in boundary evaluation metrics.",2151-1535,,10.1109/JSTARS.2026.3735784,,https://ieeexplore.ieee.org/stamp/stamp.jsp?arnumber=11698896,Building extraction;uncertainty-aware learning;frequency-domain enhancement;discrete cosine transform (DCT),Buildings;Modeling;Frequency;Discrete cosine transforms;Uncertainty;High frequency;Decoding;Pixel;Remote sensing;Entropy,,,,,CCBY,21 Sep 2026,,,IEEE,IEEE Early Access Articles,S1-1D IEEE.csv
Semi-Supervised Building Footprint Generation With Feature and Output Consistency Training,Q. Li; Y. Shi; X. X. Zhu,"Chair of Data Science in Earth Observation, Technische Universität München (TUM), Munich, Germany; Remote Sensing Technology, Technische Universität München (TUM), Munich, Germany; Chair of Data Science in Earth Observation, Technische Universität München (TUM), Munich, Germany",IEEE Transactions on Geoscience and Remote Sensing,25 May 2022,2022,60,,1,17,"Accurate and reliable building footprint maps are vital to urban planning and monitoring, and most existing approaches fall back on convolutional neural networks (CNNs) for building footprint generation. However, one limitation of these methods is that they require strong supervisory information from massive annotated samples for network learning. State-of-the-art semi-supervised semantic segmentation networks with consistency training can help deal with this issue by leveraging a large amount of unlabeled data, which encourages the consistency of model output on data perturbation. Considering that rich information is also encoded in feature maps, we propose to integrate the consistency of both features and outputs in the end-to-end network training of unlabeled samples, enabling to impose additional constraints. Prior semi-supervised semantic segmentation networks have established cluster assumption, in which the decision boundary should lie in the vicinity of low sample density. In this work, we observe that for building footprint generation, low-density regions are more apparent at the intermediate feature representations within the encoder than the encoder’s input or output. Therefore, we propose an instruction to assign the perturbation to the intermediate feature representations within the encoder, which considers the spatial resolution of input remote sensing imagery and the mean size of individual buildings in the study area. The proposed method is evaluated on three datasets with different resolutions: Planet dataset (3 m/pixel), Massachusetts dataset (1 m/pixel), and Inria dataset (0.3 m/pixel). Experimental results show that the proposed approach can well extract more complete building structures and alleviate omission errors.",1558-0644,,10.1109/TGRS.2022.3174636,"European Research Council (ERC) through the European Union’s Horizon 2020 Research and Innovation Program(grant numbers:ERC-2016-StG-714087); Acronym: So2Sat; Helmholtz Association through the Framework of Helmholtz AI(grant numbers:ZT-I-PF-5-01); “Munich Unit @Aeronautics, Space and Transport (MASTr);”; Helmholtz Excellent Professorship “Data Science in Earth Observation–Big Data Fusion for Urban Research”(grant numbers:W2-W3-100); German Federal Ministry of Education and Research (BMBF) in the Framework of the International Future AI Laboratory “AI4EO–Artificial Intelligence for Earth Observation: Reasoning, Uncertainties, Ethics and Beyond”(grant numbers:01DD20001); German Federal Ministry of Economics and Technology in the Framework of the “National Center of Excellence ML4Earth”(grant numbers:50EE2201C); “Investigation of Building Cases Using AI” Project funded by the Bavarian State Ministry of Finance and Regional Identity (StMFH); Bavarian Agency for Digitization, High-Speed Internet and Surveying; ",https://ieeexplore.ieee.org/stamp/stamp.jsp?arnumber=9773314,Building footprint;consistency training;semantic segmentation;semi-supervised,Buildings;Remote sensing;Training;Semantics;Image segmentation;Perturbation methods;Task analysis,,15.0,,70.0,CCBY,12 May 2022,2022,,IEEE,IEEE Journals,S1-1D IEEE.csv
Simple talk about structural health monitoring research progress and prospect,X. Wang; L. Cai; S. Jiao; L. Tang; C. Luo; K. Cheng,"School of Automation and Information Engineering, Sichuan University of Science & Engineering, Yibin, China; Sanjiang Artificial Intelligence and Robot Research Institute, Yibin University, Yibin, China; School of Automation and Information Engineering, Sichuan University of Science & Engineering, Yibin, China; School of Automation and Information Engineering, Sichuan University of Science & Engineering, Yibin, China; School of Automation and Information Engineering, Sichuan University of Science & Engineering, Yibin, China; Sanjiang Artificial Intelligence and Robot Research Institute, Yibin University, Yibin, China","2023 CAA Symposium on Fault Detection, Supervision and Safety for Technical Processes (SAFEPROCESS)",3 Nov 2023,2023,,,1,6,"With the development of The Times, SHM plays a more and more important role in the field of aerospace and civil engineering. By explaining the SHM, the basic monitoring system composition in the two fields is analyzed, and finally the research in recent years is expounded. Refuse to talk on paper, to carry out the verification of theoretical ideas in practical application. Finally, it looks forward to its future research direction, so that SHM can integrate more sensors, deep learning methods, fire safety detection and artificial intelligence and other technologies to promote the innovation and development of SHM in society.",,979-8-3503-3775-4,10.1109/SAFEPROCESS58597.2023.10295644,,https://ieeexplore.ieee.org/stamp/stamp.jsp?arnumber=10295644,SHM;sensor;structural safety;fiber grating,Deep learning;Waste materials;Technological innovation;Fault detection;Gratings;Artificial intelligence;Monitoring,,1.0,,37.0,IEEE,3 Nov 2023,22-24 Sept. 2023,22-24 Sept. 2023,IEEE,IEEE Conferences,S1-1D IEEE.csv
Integrating Remote Sensing for Earthquake Risk Assessment in Istanbul's Kartal District,N. Demir; U. Yazgan,"Space Science and Technologies, Akdeniz University, Antalya, Türkiy; Space Science and Technologies, Akdeniz University, Antalya, Türkiy",IGARSS 2024 - 2024 IEEE International Geoscience and Remote Sensing Symposium,5 Sep 2024,2024,,,3783,3786,"Developing strategies to mitigate damage from high-risk buildings in earthquake-prone areas is essential. This study focuses on prioritizing buildings based on their risk levels, considering the impracticality of addressing all high-risk structures simultaneously. Traditional methods emphasize individual buildings, overlooking the collective impact. This study extends beyond earthquake effects, considering financial losses due to displacements particularly in energy-dependent contexts. Advancements in remote sensing, particularly SAR technology's phase and amplitude signal characteristics, are crucial. These technologies facilitate shell deformation analysis, classification studies, and post-disaster damage mapping, offering broad spatial coverage and all-weather, day-and-night operation. Our study employs Sentinel 1 SBAS method, Tandem-X Change detection maps, building construction dates, and VS30 data to analyze Istanbul's Kartal District. Utilizing Microsoft's deep learning-based building footprints, seismic VS30 data, TanDEM-X Change Maps, and building age and height information, this research comprehensively assesses earthquake risks. The SBAS technique with Sentinel 1 data is applied for surface displacement analysis, enhancing the understanding of earthquake losses and updating ground deformation data for Istanbul.",2153-7003,979-8-3503-6032-5,10.1109/IGARSS53475.2024.10640916,,https://ieeexplore.ieee.org/stamp/stamp.jsp?arnumber=10640916,Earthquake risk;SAR;VS30,Deformation;Disasters;Prevention and mitigation;Buildings;Earthquakes;Urban planning;Transforms,,1.0,,12.0,IEEE,5 Sep 2024,7-12 July 2024,7-12 July 2024,IEEE,IEEE Conferences,S1-1D IEEE.csv
Lightweight UNet++ Based Multi-Sensor Fusion for Automated Building Footprint Extraction,N. L. Rao; D. Kumar; S. Verma,"Amity Inst. of Information Technology, Amity University Uttar Pradesh, Noida, Noida, Uttar Pradesh, India; Amity Inst. of Information Technology, Amity University Uttar Pradesh, Noida, Noida, Uttar Pradesh, India; Ingenious Research Solutions Pvt. Ltd., Noida, Uttar Pradesh, India",2026 IEEE International Conference on AI Engineering and Innovations (AIEI),5 May 2026,2026,,,1,6,"Building Footprints are two-dimensional boundaries that identify buildings on the ground-level surface of the Earth. These are useful for urban planning, infrastructure mapping, disaster management, etc. The extraction process can be auto-mated using deep learning methods, making it faster and more resistant to errors. Although optical images are widely used for this purpose, they are not as reliable in cloud-occluded, shadow-covered areas, and low-contrast regions. Synthetic Aperture Radar (SAR) data, on the other hand, are immune to these problems, but can show an underwhelming performance when used alone, due to inherent speckle noise. This paper aims to explore the automatic extraction of building footprints by fusing the two modalities using a light-weight, early fusion-based UNet++ model. The SpaceNet 6 Multi-Sensor All-Weather Mapping dataset (MSAW) has been used for this purpose.",,979-8-3315-6045-4,10.1109/AIEI69164.2026.11496684,,https://ieeexplore.ieee.org/stamp/stamp.jsp?arnumber=11496684,Building footprint;early fusion;SAR;optical;SpaceNet 6 MSAW dataset;UNet++,Earth Observing System;Sentinel-1;Sentinel-2;Apertures;Speckle;Filtering;Filters;Optical noise;Pixel;Product development,,,,22.0,IEEE,5 May 2026,26-28 March 2026,26-28 March 2026,IEEE,IEEE Conferences,S1-1D IEEE.csv
Smart Structures and Building Construction: Leveraging the Industrial Internet of Things (IIoT) and Digital Manufacturing for Industry 5.0,A. S. Rajawat; S. B. Goyal; H. M. Breesam; A. R. Al-Tameemi,"School of Computer Science & Engineering, Sandip University, Nashik, India; Faculty of Information Technology, City University Malaysia, Petaling Jaya, Malaysia; Department of Sciences, Al-Manara College for Medical Sciences, Maysan, Iraq; Department of Medical Laboratories Technology, AL-Nisour University College, Baghdad, Iraq","2024 International Conference on Augmented Reality, Intelligent Systems, and Industrial Automation (ARIIA)",1 Jul 2025,2024,,,1,6,"The use of the Industrial Internet of Things (IIoT) and digital manufacturing technologies with smart constructions and building construction will revolutionize smart buildings, leading to the development named Industry 5.0. This paper investigates the improvement in efficiency, sustainability, and safety of construction practices by using IIoT based advanced digital manufacturing techniques. Modern construction processes harness real-time data, predictive analytics, and automation to deliver unheard-of levels of precision and adaptability. The union of the Industrial Internet of things (IIoT) and digital manufacturing will not only maximize material usage and eliminate waste but will build the framework for intelligence in infrastructure that can self- monitor and work autonomously. Adoption will require a sea change in the way work is done, moving from more human centric efforts as well as more collaboration between man and machine, heralding the start of Industry 5.0! To propose an advanced approach Smart Structures and Building Construction: Leveraging IIoT and Digital Manufacturing for Industry 5.0",,979-8-3315-1836-3,10.1109/ARIIA63345.2024.11051624,,https://ieeexplore.ieee.org/stamp/stamp.jsp?arnumber=11051624,IIoT;smart manufacturing;Industry 5.0;intelligent structures;construction innovation;real-time insights,Technological innovation;Smart buildings;Costs;Real-time systems;Manufacturing;Safety;Intelligent structures;Fifth Industrial Revolution;Sustainable development;Industrial Internet of Things,,1.0,,22.0,IEEE,1 Jul 2025,20-21 Dec. 2024,20-21 Dec. 2024,IEEE,IEEE Conferences,S1-1D IEEE.csv
CSA-Net: Complex Scenarios Adaptive Network for Building Extraction for Remote Sensing Images,D. Yang; X. Gao; Y. Yang; M. Jiang; K. Guo; B. Liu; S. Li; S. Yu,"School of Geosciences, Yangtze University, Wuhan, China; School of Geosciences, Yangtze University, Wuhan, China; School of Geosciences, Yangtze University, Wuhan, China; School of Geosciences, Yangtze University, Wuhan, China; School of Geosciences, Yangtze University, Wuhan, China; Key Laboratory of Mine Environmental Monitoring and Improving around Poyang Lake of Ministry of Natural Resources, East China University of Technology, Nanchang, China; School of Geosciences, Yangtze University, Wuhan, China; Inner Mongolia Autonomous Region Surveying and Mapping Geographic Information Center, Hohhot, China",IEEE Journal of Selected Topics in Applied Earth Observations and Remote Sensing,9 Jul 2024,2024,17,,938,953,"Building extraction is significant for the intelligent interpretation of high-resolution remote sensing images (HRSIs). However, in some complex scenarios where the features of the building and its adjacent ground objects are similar, the current segmentation model cannot distinguish them effectively. Therefore, we propose a complex scenarios adaptive network (CSA-Net) for building extraction. CSA-Net is comprised of the hierarchical-context feature extraction (HFE) module, the global-local feature interaction (GFI) module, and the multiscale-adaptive feature fusion (MFF) structure. The HFE obtains high-level semantic information at different levels and fuses it with low-level detailed information by skipping connections to enhance the reasoning and perception ability of building structure in complex scenes. Then, the GFI acquires global-local features of buildings and their surrounding environment via dense multiscale dilated convolution. The information can be shared through efficient interaction among features, and irrelevant backgrounds can be suppressed. Then, in the up-sampling process, the MFF alleviates the feature loss and enhances the robustness of the network by using feature fusion after layer-by-layer adaptive weight allocation. Experiments show that CSA-Net outperforms other comparable methods, with intersection over union values of 79.99%, 89.75%, and 73.59%, respectively, on the Google Arlinton, WHU, and Massachusetts building datasets. The visual comparison results demonstrate that our method can enhance the accuracy of building extraction in complex scenes. Meanwhile, the efficiency results indicate our approach strikes a balance between calculation parameters and time and achieves high levels of efficiency.",2151-1535,,10.1109/JSTARS.2024.3413987,"Open Fund of Key Laboratory of Mine Environmental Monitoring and Improving around Poyang Lake; Ministry of Natural Resources(grant numbers:MEMI-2021-2022-08); Open Fund of Hunan Provincial Key Laboratory of Geo-Information Engineering in Surveying; Mapping and Remote Sensing; Hunan University of Science and Technology(grant numbers:E22205); Open Fund of National Engineering Laboratory for Digital Construction and Evaluation Technology of Urban Rail Transit(grant numbers:2023ZH01,2021ZH02); National Natural Science Foundation of China(grant numbers:4217021074); Tianjin Municipal Science and Technology Program(grant numbers:23YFYSHZ00190,23YFZCSN00280); Hunan Provincial Natural Science Foundation Project Department Union(grant numbers:2024JJ8327); ",https://ieeexplore.ieee.org/stamp/stamp.jsp?arnumber=10556688,Attention;building extraction;deep learning;global-local features;remote sensing images,Feature extraction;Buildings;Data mining;Convolution;Semantic segmentation;Remote sensing;Accuracy,,25.0,,83.0,CCBYNCND,13 Jun 2024,2024,,IEEE,IEEE Journals,S1-1D IEEE.csv
Intelligent Detection Model for Surface Cracks in Masonry Walls,M. Ma; F. Cheng; Y. Fang; W. Fan,"Department of Electrical Engineering, Anhui Polytechnic University, Wuhu, China; Department of Electrical Engineering, Anhui Polytechnic University, Wuhu, China; Department of Electrical Engineering, Anhui Polytechnic University, Wuhu, China; Department of Electrical Engineering, Anhui Polytechnic University, Wuhu, China",2023 3rd International Conference on Electronic Information Engineering and Computer Science (EIECS),21 Feb 2024,2023,,,993,997,"Too many cracks on the surface of masonry wall will easily lead to the instability of building structure and cause safety problems. The traditional detection method is to determine whether the wall meets the building code through manual observations which lead to increased costs for a lot of labor and time. To solve this problem, an intelligent detection model was designed to detect and locate surface cracks of masonry walls. Based on YOLOX, we added convolutional attention module CBAM into the backbone network to improve the detection accuracy by integrates the attention mechanism of channel and space. The masonry wall data set adopted in this study was acquired from the construction project of Shipai Town, Anqing City, Anhui Province, which met the actual engineering requirements. The experiment results show that the proposed model obtained 75.10% AP value on the masonry wall crack data set, which was 4.63 points higher than the original Yolox respectively, and the recognition accuracy was greatly improved.",,979-8-3503-1667-4,10.1109/EIECS59936.2023.10435500,,https://ieeexplore.ieee.org/stamp/stamp.jsp?arnumber=10435500,Masonry-wall;detection;Yolox;intelligent;cracks,Convolutional codes;Buildings;Urban areas;Manuals;Feature extraction;Safety;Surface cracks,,,,20.0,IEEE,21 Feb 2024,22-24 Sept. 2023,22-24 Sept. 2023,IEEE,IEEE Conferences,S1-1D IEEE.csv
Intelligent Design and Modeling of Landscape Architecture Image Based on Big Data,J. Ding,"Building Structure Laboratory of Anhui Xinhua University, Anhui, China",2023 International Conference on Data Science and Network Security (ICDSNS),22 Sep 2023,2023,,,01,07,"This paper studies the Intelligent design and modeling method of landscape architecture image based on Big data. This paper introduces in detail the implementation process of Intelligent design and modeling methods for landscape architecture images based on Big data. Firstly, by collecting and storing landscape architecture image data, a large-scale dataset is constructed. Then, computer vision and machine learning algorithms are used to analyze and process these image data, extracting design features and patterns. Finally, the obtained design features and rules are applied to Intelligent design and modeling system to help designers carry out innovative and optimal design. This method can provide innovative, efficient and sustainable design solutions for landscape architecture design by using Big data and intelligent algorithms. Future research can further explore the characteristics and laws of landscape architecture image data, improve the accuracy and practicability of Intelligent design and modeling system, and provide more innovation and improvement possibilities for landscape architecture design and planning.",,979-8-3503-0159-5,10.1109/ICDSNS58469.2023.10245283,,https://ieeexplore.ieee.org/stamp/stamp.jsp?arnumber=10245283,Urban Garden art;Big data;Landscape design;Application to explore,Training;Process design;Analytical models;Technological innovation;Computational modeling;Computer architecture;Big Data,,,,10.0,IEEE,22 Sep 2023,28-29 July 2023,28-29 July 2023,IEEE,IEEE Conferences,S1-1D IEEE.csv
Explainable machine learning driven analysis of housing price formation: a case study of Chengdu High-Tech Zone,S. Lou; L. Yang; D. Zhang,"Harbin University of Commerce, Harbin, People's Republic of China; Harbin University of Commerce, Harbin, People's Republic of China; Harbin University of Commerce, Harbin, People's Republic of China",5th International Conference on Big Data Blockchain and Economy Management (ICBBEM 2026),24 Aug 2026,2026,2026,,458,462,"Housing price formation is a complex phenomenon driven by multiple interacting factors. Traditional econometric models often fail to capture nonlinear relationships, while machine learning approaches usually suffer from the lack of interpretability due to their “black-box” nature. This study proposes an explainable machine learning framework to predict housing prices and reveal the underlying price formation mechanism in Chengdu High-Tech Zone, a representative emerging “new first-tier” city in China. A dataset containing 330 housing records was collected from the Lianjia real estate platform using web crawling techniques. The LightGBM algorithm was employed to build the prediction model, achieving an R2 value of 0.741, which significantly outperforms traditional hedonic pricing models. To improve model transparency, SHAP was applied to quantify feature contributions and reveal hidden economic relationships. The SHAP analysis identifies housing area as the dominant determinant of price formation, followed by decoration condition, floor level, and building age. The dependency analysis further reveals a nonlinear diminishing marginal effect of area: the positive impact grows rapidly below 80 m2, gradually slows between 80–120 m2, and stabilizes beyond 120 m2. This pattern provides empirical evidence for the economic principle of diminishing marginal utility. Interaction analysis also indicates that newer buildings amplify the value contribution of additional space. The findings demonstrate that explainable machine learning can simultaneously achieve high predictive accuracy and provide actionable insights into housing market dynamics. The proposed framework offers a replicable template for evidence-based urban planning, developer decision-making, and investment guidance in rapidly urbanizing cities.",,978-1-80705-335-2,10.1049/icp.2026.3178,,https://ieeexplore.ieee.org/stamp/stamp.jsp?arnumber=11663456,,,,,,,,24 Aug 2026,13-15 March 2026,13-15 March 2026,IET,IET Conferences,S1-1D IEEE.csv
Reconstruction of As-is Semantic 3D Models of Unorganised Storehouses,A. Adan; D. De La Rubia,"3D Visual Computing and Robotics Lab., Castilla La Mancha University, Ciudad Real, Spain; 3D Visual Computing and Robotics Lab., Castilla La Mancha University, Ciudad Real, Spain",2019 International Conference on 3D Vision (3DV),31 Oct 2019,2019,,,367,375,"Very little research into the automated monitoring of unorganised stores has been developed to date. 80% of current warehouses are manually operated, but only 5% are totally automated. The work presented in this paper contributes with a new point of view regarding the store monitoring field related to the reconstruction of semantic 3D models of indoor scenes. Our system collects dense coloured points of the scene from different positions of a 3D laser scanner. Firstly, the accumulated point cloud is segmented into merchandise points and building-structure points using the MLSAC algorithm. The merchandise points are again segmented and classified according to a particular object model database. The system has been trained using a supervised learning algorithm with patterns based on the shape and colour of the merchandise object. The output is a 3D semantic model of the scene in which the recognised objects are placed in precise positions. An assessment of the storehouse in terms of stock, occupied/non-occupied volumes and a suggestion of the placement of new incoming packages is also carried out. The scanning platform is composed of a mobile robot carrying a 3D laser scanner and a DLSR camera that follows a pre-established path for each specific scenario. This approach has been tested with real data and evaluated against a ground-truth model in simulated scenarios, and has been shown to provide high recognition rates and low positioning errors.",2475-7888,978-1-7281-3131-3,10.1109/3DV.2019.00048,,https://ieeexplore.ieee.org/stamp/stamp.jsp?arnumber=8885868,3D Reconstruction;3D Modeling;Object recognition,Three-dimensional displays;Image color analysis;Solid modeling;Semantics;IEEE merchandise;Classification algorithms;Monitoring,,,,17.0,IEEE,31 Oct 2019,16-19 Sept. 2019,16-19 Sept. 2019,IEEE,IEEE Conferences,S1-1D IEEE.csv
Towards building a hybrid model for predicting stock indexes,J. Creighton; F. H. Zulkernine,"School of Computing, Queen's University, Kingston, ON, Canada; School of Computing, Queen's University, Kingston, ON, Canada",2017 IEEE International Conference on Big Data (Big Data),15 Jan 2018,2017,,,4128,4133,"Predicting stock prices using computer generated models has been a popular research topic and has also been widely explored. However, the connectivity of the global financial market, availability of big data in multiple domains that influence the financial market, accessibility of information in real time and the demand for fast analytics continue to offer new research challenges. One of the complexities stems from the numerous ways in which we seek to set prediction parameters, whether it is the difference in an individual stocks' growth pattern or the time frame in which the predictions occur. The level of complexity has created a trend towards more advanced techniques in this field namely, the research into developing hybrid models that are composed of multiple prediction models with a view to yield more accurate results. The Proposed Hybrid Model (PHM) used in this paper is a combination of an Exponential Smoothing Model (ESM), an Auto Regressive Integrated Moving Average (ARIMA) model, and a Back-propagation Neural Network (BPNN) model. PHM combines the predictions of each of the component model based on weights assigned by a genetic algorithm, which is designed to provide an optimum output. In this paper, we seek to use the S&P 400 and 500 indexes to train and test the PHM to find daily closing values. For comparison of the results, Directional Accuracy (DA) is used as a metric. It was found that the results for the ARIMA and ESM on daily stock index data were far less accurate than that of the BPNN, which received comparable results to the baseline. However, due to the poor results of the ARIMA and ESM the hybrid model showed no significant results for the data and was inferior to the baseline.",,978-1-5386-2715-0,10.1109/BigData.2017.8258433,,https://ieeexplore.ieee.org/stamp/stamp.jsp?arnumber=8258433,KNIME;neural networks;BPNN;ARIMA;PHM;ESM;stock indexes;machine learning;hybrid model;predictive analytics,Predictive models;Data models;Prognostics and health management;Indexes;Neural networks;Computational modeling;Testing,,8.0,,20.0,IEEE,15 Jan 2018,11-14 Dec. 2017,11-14 Dec. 2017,IEEE,IEEE Conferences,S1-1A IEEE.csv
Machine Learning-Driven Sri Lankan Stock Market Prediction: Harnessing Economic Indicators and Sentiment Analysis,S. Dinushan; M. C. Wijegunasekara,"Department of Software Engineering, Faculty of Computing and Technology, University of Kelaniya, Kelaniya, Sri Lanka; Department of Software Engineering, Faculty of Computing and Technology, University of Kelaniya, Kelaniya, Sri Lanka",2024 4th International Conference on Advanced Research in Computing (ICARC),22 Apr 2024,2024,,,61,66,"The stock market plays a pivotal role in a nation's economy. People tend to invest in the stock market due to its high rate of return. However, predicting the stock market remains a formidable challenge. This research uses machine learning algorithms to predict the ASPI and S&P 20 monthly stock market indexes by considering global economic conditions, macroeconomic variables, and sentiment data. Correlation tests, forward stepwise regression, and p-value tests were carried out to identify the influential variables. Machine learning algorithms including deep learning were utilized for model building, using the influential variables dataset. Shuffling and non-shuffling methods were deployed during dataset splitting. Additionally, included the previous month's stock value to the influential variables dataset and re-conducted the model building to assess the performance. The best-performing model (with the lowest MAE rate) was selected separately for ASPI and S&P 20 prediction.",,979-8-3503-8486-4,10.1109/ICARC61713.2024.10499774,,https://ieeexplore.ieee.org/stamp/stamp.jsp?arnumber=10499774,Stock market;Prediction;Machine learning;NLP,Deep learning;Machine learning algorithms;Correlation;Social networking (online);Buildings;Predictive models;Data models,,2.0,,20.0,IEEE,22 Apr 2024,21-24 Feb. 2024,21-24 Feb. 2024,IEEE,IEEE Conferences,S1-1A IEEE.csv
Indonesia infrastructure and consumer stock portfolio prediction using artificial neural network backpropagation,S. P. Mahasagara; A. Alamsyah; B. Rikumahu,"School of Economics and Business, Telkom University, Banduna, Indonesia; School of Economics and Business, Telkom University, Banduna, Indonesia; School of Economics and Business, Telkom University, Banduna, Indonesia",2017 5th International Conference on Information and Communication Technology (ICoIC7),19 Oct 2017,2017,,,1,4,"Artificial Neural Network (ANN) method is increasingly popular to build predictive model that generated small error prediction. To have a good model, ANN needs large dataset as an input. ANN backpropagation is a gradient decrease method to minimize the output error squared. Stock price movements are suitable with ANN requirement: it is a large data set because stock price is recorded up to every seconds, usually called high frequency data. The implementation of stock price prediction using ANN approach is quite new. The predictive model help investor in building stock portfolio and their decision making process. Buying some stocks in portfolio decrease diversified risk and increases the chance of higher return. In this paper, we show how to generate prediction model using artificial neural network backpropagation of stock price and forming portfolio with predicted price that bring prediction of the portfolio with the smallest error. The data set we use is historical stock price data from ten different company stocks of infrastructure and consumer sector Indonesia Stock Exchage. The results is for lower risk condition, ANN predictive model gives higher expected return than the return from real condition, while for higher risk, the return from the real condition is higher than the ANN predictive model.",,978-1-5090-4912-7,10.1109/ICoICT.2017.8074710,,https://ieeexplore.ieee.org/stamp/stamp.jsp?arnumber=8074710,Stock Portfolio;Artificial Neural Network;Backpropagation,Portfolios;Artificial neural networks;Predictive models;Investment;Training;Backpropagation;Mathematical model,,12.0,,21.0,IEEE,19 Oct 2017,17-19 May 2017,17-19 May 2017,IEEE,IEEE Conferences,S1-1A IEEE.csv
"Semi-Supervised Classification of Collapsed Building Using Remote Sensing, In-Placed Sensors, and Fragility Functions",A. Portillo; L. Moya; S. Santa-Cruz; N. Tarque,"GERDIS Research Group, Civil Engineering Division, Pontificia Universidad Católica del Perú; GERDIS Research Group, Civil Engineering Division, Pontificia Universidad Católica del Perú; GERDIS Research Group, Civil Engineering Division, Pontificia Universidad Católica del Perú; GERDIS Research Group, Civil Engineering Division, Pontificia Universidad Católica del Perú",IGARSS 2023 - 2023 IEEE International Geoscience and Remote Sensing Symposium,20 Oct 2023,2023,,,1680,1683,"In this paper, we demonstrate the application of a new methodology for rapid identification of damaged areas to the case of the 2016 Kumamoto earthquake sequence. The method aims to integrate Synthetic Aperture Radar (SAR) imagery, fragility functions, and intense ground motion maps to calibrate a neural network changes detector in SAR images. All the necessary data was collected within a remarkably short period, maintaining relevance to real-world applications. Our findings indicate that minimal labeled data, such as from just six collapsed buildings, is sufficient for optimal neural network calibration. Upon validation with third-party data, this approach achieved an 84% accuracy rate, suggesting its potential as an effective tool during the crucial post-earthquake response phase, as it can provide decision-makers with crucial information to efficiently organize and allocate resources, such as sending aid, food, and rescue squads to the most severely affected areas.",2153-7003,979-8-3503-2010-7,10.1109/IGARSS52108.2023.10281731,,https://ieeexplore.ieee.org/stamp/stamp.jsp?arnumber=10281731,change detection;Kumamoto earthquake;regularization;SAR images;semi-supervised classification,Buildings;Earthquakes;Neural networks;Radar polarimetry;Calibration;Sensors;Satellite images,,,,6.0,IEEE,20 Oct 2023,16-21 July 2023,16-21 July 2023,IEEE,IEEE Conferences,S1-1A IEEE.csv
A modular neural network based on genetic algorithm for FMS reliability optimization,Zu-Yu He; Yu-Qi Han; Hua-Wei Wang; Hua-Wen Wang,"School of Economic and Management, Nanjing University of Science and Technology of PLA, Nanjing, China; School of Economic and Management, Nanjing University of Science and Technology, Nanjing, China; School of Humanities and Management, National University of Defense Technology, Changsha, Hunan, China; Building Stock Company, Qiqihar Machine Fabrication Joint-Stock Company, Heilongjiang, China",Proceedings of the 2003 International Conference on Machine Learning and Cybernetics (IEEE Cat. No.03EX693),21 Jan 2004,2003,3,,1413,1418 Vol.3,"Reliability optimization for FMS (flexible manufacturing system) is very important. Traditional optimal algorithms applying to FMS reliability have many shortcomings. In this article, the authors take into account the characteristics of FMS and bring forward modular neural networks (NN) model based on genetic algorithm (GA) to optimize FMS reliability. Modular NN based on GA has good convergence and short learning time. The example shows that the new algorithm is feasible and effective.",,0-7803-7865-2,10.1109/ICMLC.2003.1259714,,https://ieeexplore.ieee.org/stamp/stamp.jsp?arnumber=1259714,,Genetic algorithms;Flexible manufacturing systems;Neural networks;Design optimization;Computer network reliability;Technology management;Convergence;Computer aided manufacturing;Production;Dynamic programming,,,,17.0,IEEE,21 Jan 2004,5-5 Nov. 2003,5-5 Nov. 2003,IEEE,IEEE Conferences,S1-1A IEEE.csv
Potential of Satellite Remote Sensing to Monitor Vulnerablity of Buildings to Earthquakes Within a Semi-Empirical Macroseismic Approach,G. Le Cozannet; D. Raucoules; M. de Michele; A. Benaichouche; P. Gehll; D. Monfort; C. Negulescu; J. Rohmer; N. Pierdicca; M. Albano; S. Giovinazzi; M. Foumelis,"BRGM, French Geological Survey; BRGM, French Geological Survey; BRGM, French Geological Survey; BRGM, French Geological Survey; BRGM, French Geological Survey; BRGM, French Geological Survey; BRGM, French Geological Survey; BRGM, French Geological Survey; University of Rome - La Spapienza; INGV, Instituto Nazionale di Geofisica e Vulcanologia; University of Rome - La Spapienza; BRGM, French Geological Survey",IGARSS 2018 - 2018 IEEE International Geoscience and Remote Sensing Symposium,4 Nov 2018,2018,,,2956,2959,"An essential step in earthquake risk assessment consists in collecting information regarding buildings at risks in order to evaluate their vulnerability, and, ultimately, their expected damages for events of specific intensity. A number of building features can be retrieved by means of remote sensing, either directly (through direct observations of features such as their size or footprints) or indirectly (by appraising the expected building types, given features such as the shape of roads or roofs, and an a-priori knowledge of the urban landscape of interest). Here, we evaluate to which extent the accuracy of mean damage grade can be improved by means of remote sensing using the RISK-EU (2004) [1] assessment grid. The results show that if nothing is known regarding the building stocks in the city of interest, the uncertainty in average vulnerability can be reduced by half using remote sensing observations if adequate indirect proxies can be found.",2153-7003,978-1-5386-7150-4,10.1109/IGARSS.2018.8519531,,https://ieeexplore.ieee.org/stamp/stamp.jsp?arnumber=8519531,Vulnerability;Remote sensing;global sensitivity analysis,Buildings;Remote sensing;Indexes;Uncertainty;Earthquakes;Urban areas;Sensitivity analysis,,2.0,,19.0,IEEE,4 Nov 2018,22-27 July 2018,22-27 July 2018,IEEE,IEEE Conferences,S1-1A IEEE.csv
A GAN-Based Short-Term Link Traffic Prediction Approach for Urban Road Networks Under a Parallel Learning Framework,J. Jin; D. Rong; T. Zhang; Q. Ji; H. Guo; Y. Lv; X. Ma; F. -Y. Wang,"College of Electrical Engineering, Zhejiang University, Hangzhou, China; Enjoyor Company Ltd., Hangzhou, China; State Key Laboratory of Information Engineering in Surveying, Mapping and Remote Sensing, Wuhan University, Wuhan, China; Enjoyor Company Ltd., Hangzhou, China; College of Information Engineering, Zhejiang University of Technology, Hangzhou, China; State Key Laboratory for Management and Control of Complex Systems, Institute of Automation, Chinese Academy of Sciences, Beijing, China; Department of Civil and Architecture Engineering, School of Architecture and Building Environment and Centre of Digital Futures, School of Electrical Engineering and Computer Science, KTH Royal Institute of Technology, Stockholm, Sweden; State Key Laboratory for Management and Control of Complex Systems, Institute of Automation, Chinese Academy of Sciences, Beijing, China",IEEE Transactions on Intelligent Transportation Systems,14 Sep 2022,2022,23,9.0,16185,16196,"Road link speed is often employed as an essential measure of traffic state in the operation of an urban traffic network. Not only real-time traffic demand but also signal timings and other local planning factors are major influential factors. This paper proposes a short-term traffic speed prediction approach, called PL-WGAN, for urban road networks, which is considered an important part of a novel parallel learning framework for traffic control and operation. The proposed method applies Wasserstein Generative Adversarial Nets (WGAN) for robust data-driven traffic modeling using a combination of generative neural network and discriminative neural network. The generative neural network models the road link features of the adjacent intersections and the control parameters of intersections using a hybrid graph block. In addition, the spatial-temporal relations are captured by stacking a graph convolutional network (GCN), a recurrent neural network (RNN), and an attention mechanism. A comprehensive computational experiment was carried out including comparing model prediction and computational performances with several state-of-the-art deep learning models. The proposed approach has been implemented and applied for predicting short-term link traffic speed in a large-scale urban road network in Hangzhou, China. The results suggest that it provides a scalable and effective traffic prediction solution for urban road networks.",1558-0016,,10.1109/TITS.2022.3148358,"National Key Research and Development Program of China(grant numbers:2020YFB2104001); National Natural Science Foundation of China(grant numbers:U1811463,52072343); Zhejiang Provincial Natural Science Foundation (ZJNSF)(grant numbers:LY20E080023); iTensor Project by Richterska Stiftelsen(grant numbers:2019-00498); iHorse Project by KTH Digital Futures; ",https://ieeexplore.ieee.org/stamp/stamp.jsp?arnumber=9713756,Short-term link speed prediction;signalized urban networks;Wasserstein generative adversarial network,Roads;Predictive models;Data models;Recurrent neural networks;Generators;Computer architecture;Deep learning,,63.0,,38.0,IEEE,14 Feb 2022,Sept. 2022,,IEEE,IEEE Journals,S1-1A IEEE.csv
Building a Stock Machine Learning Model using Numerai Dataset,J. Zhang; G. Shi; S. Chen; M. Zheng,"Department of Computer Science, University of Wisconsin - La Crosse, La Crosse, USA; Department of Computer Science, University of Wisconsin - La Crosse, La Crosse, USA; Department of Mathematics & Statistics, University of Wisconsin - La Crosse, La Crosse, USA; Department of Computer Science, University of Wisconsin - La Crosse, La Crosse, USA",2023 IEEE International Conference on Electro Information Technology (eIT),25 Jul 2023,2023,,,7,010,"In this paper, we report our experiments on using the Numerai data set to build a financial machine learning model. Numerai [1] is an AI-run, crowd-sourced hedge fund company based in San Francisco. It hosts the Numerai Tournament, which claimes to be the hardest data science tournament in the world [1]. We trained our model and participated in Numerai tournament for four months. The results were promising.",2154-0373,978-1-6654-9376-5,10.1109/eIT57321.2023.10187217,,https://ieeexplore.ieee.org/stamp/stamp.jsp?arnumber=10187217,XGBoost;Stacking;Machine Learning;Data Science;Artificial Intelligence,Buildings;Machine learning;Companies;Data science;Data models;Information technology,,,,5.0,IEEE,25 Jul 2023,18-20 May 2023,18-20 May 2023,IEEE,IEEE Conferences,S1-1A IEEE.csv
A Case Study on Analyzing the Similarity Between Two Similar Stocks: Building the CrC-LSTM Model,H. Li; X. Li,"Faculty of Digital Technology, Loughborough University London Here East, Lesney Ave, London, UK; Department of Computer Science, University of Bristol 75 Woodland Road, Bristol, UK",2023 IEEE International Conference on e-Business Engineering (ICEBE),18 Dec 2023,2023,,,187,191,"Nowadays, there is a huge innovation change in financial sector that requires complex digital technologies. For stock market investors, a good algorithm and model can output more accurate stock price for prediction of the future. This allows them to have a better portfolio management. Since the stock market price is a time-series data, most researchers tend to use algorithms which relates to the Long Short-Term Memory (LSTM) from Recurrent Neural Network. The forget gate in LSTM allows us to determine what kind of previous information can be stored and transferred. However, the original model only relies on its own past data. Thus, we start to implement a Cross-Correlated-LSTM that has a fourth gate named as the Link Gate. The aim of this link gate is to extract useful information from other similar time-series data. In this paper, we present the logic behind the CrC-LSTM via a case study by analyzing the similarity of the two candlestick graphs between the Apple Inc. and the Meta Platform Inc. combined with a dry run of the CrC-LSTM and obtained some results. The analysis and the prototype results have shown the potential of the CrC-LSTM in predicting the stock prices.",2472-8527,979-8-3503-2555-3,10.1109/ICEBE59045.2023.00045,,https://ieeexplore.ieee.org/stamp/stamp.jsp?arnumber=10356169,CrC-LSTM;Cross-Correlation Coefficient;Link Gate;LSTM;Stock Market Price Prediction;RNN;Time-Series,Technological innovation;Recurrent neural networks;Shape;Prototypes;Logic gates;Predictive models;Prediction algorithms,,,,10.0,IEEE,18 Dec 2023,4-6 Nov. 2023,4-6 Nov. 2023,IEEE,IEEE Conferences,S1-1A IEEE.csv
A New Drone Laser Scanning Benchmark Dataset for Characterization of Single-Tree and Forest Biophysical Properties,S. Puliti; G. D. Pearse; M. S. Watt; E. Mitchard; I. McNicol; M. Bremer; M. Rutzinger; P. Surovy; L. Wallace; M. Hollaus; R. Astrup,"Division of Forest and Forest Resources, Norwegian Institute for Bioeconomy Research (NIBIO), National Forest Inventory, Ås, Norway; Scion, Christchurch, New Zealand; Scion, Christchurch, New Zealand; University of Edinburgh, School of GeoSciences, Crew Building, the King's Buildings, Edinburgh, Scotland; University of Edinburgh, School of GeoSciences, Crew Building, the King's Buildings, Edinburgh, Scotland; University of Innsbruck, Institut für Geographie Innrain, Innsbruck; University of Innsbruck, Institut für Geographie Innrain, Innsbruck; Faculty of Forestry and Wood Sciences, Czech University of Life Sciences, Prague, Praha, Czech Republic; School of Geography, Planning and Spatial Sciences, University of Tasmania, Hobart, Australia; Department of Geodesy and Geoinformation, TU Wien, Vienna, Austria; Division of Forest and Forest Resources, Norwegian Institute for Bioeconomy Research (NIBIO), National Forest Inventory, Ås, Norway",2021 IEEE International Geoscience and Remote Sensing Symposium IGARSS,12 Oct 2021,2021,,,728,730,"Survey-grade laser scanners suitable for drones (UAV-LS) allow the efficient collection of finely detailed three-dimensional (3D) information on tree structures allowing to resolve the complexity of the forest into discrete individual trees and species as well as into different component of the tree. Current developments are hindered by the limited availability of survey-grade UAV-LS data and by the lack of a publicly available benchmark dataset for developing and validating methods. We present a new benchmarking dataset composed of manually labelled UAV-LS data covering forests in different continents and eco-regions. Such data consists in single-tree point clouds, with each point classified as either stem, branches, and leaves. This benchmark dataset offers new possibilities to develop single-tree segmentation algorithms and validate existing ones.",2153-7003,978-1-6654-0369-6,10.1109/IGARSS47720.2021.9553895,,https://ieeexplore.ieee.org/stamp/stamp.jsp?arnumber=9553895,Drone;lidar;machine learning;forest;in-situ data,Three-dimensional displays;Lasers;Geoscience and remote sensing;Forestry;Benchmark testing;Complexity theory;Classification algorithms,,2.0,,12.0,IEEE,12 Oct 2021,11-16 July 2021,11-16 July 2021,IEEE,IEEE Conferences,S1-1A IEEE.csv
Data-Driven Evaluation of Seismic Fragility through ANN-Based PSDMs Trained on Structural Configuration Variables,H. Chang; J. Kim; S. Hahn; T. Jeong,"dept. Architecture & Architectural Enginnering, Yonsei University, Seoul, Korea; dept. Architecture & Architectural Enginnering, Yonsei University, Seoul, Korea; dept. Architecture & Architectural Enginnering, Yonsei University, Seoul, Korea; dept. Architecture & Architectural Enginnering, Yonsei University, Seoul, Korea","2026 International Conference on Artificial Intelligence, Computer, Data Sciences and Applications (ACDSA)",16 Apr 2026,2026,,,1,6,"Effective data-driven seismic evaluations for largescale building inventories rely on the streamlined definition of probabilistic correlations between ground motion measures and structural performance. Conventional approaches rely on extensive nonlinear time-history analyses to establish such relationships, which limit their applicability when large building inventories are considered. This study presents a data-driven framework for deriving seismic fragility curves of steel moment frames by replacing repeated nonlinear analyses with an datadriven probabilistic seismic demand model (PSDM). A comprehensive database of PSDM parameters was first constructed from nonlinear dynamic analyses of steel moment frame archetypes subjected to a broad set of ground motion records. Using this database, an artificial neural network model was trained to predict PSDM regression parameters directly from structural design attributes and fundamental dynamic properties, enabling continuous reconstruction of drift-intensity relationships without explicit nonlinear modeling. Fragility curves were subsequently derived based on the ANN-predicted seismic demand and evaluated against results obtained from conventional cloud-based methods. The proposed approach demonstrated strong predictive capability, with correlation coefficients exceeding 0.96, and produced fragility estimates that closely matched those derived from nonlinear dynamic analyses. By eliminating the need for repeated nonlinear simulations while preserving accuracy in damage-state prediction, the proposed ANN-based framework provides a practical and scalable alternative for seismic fragility evaluation of steel frame systems.",,979-8-3315-7191-7,10.1109/ACDSA67686.2026.11467622,"Ministry of Science and ICT, MSIT(grant numbers:RS-2025-02315139); National Research Foundation of Korea(grant numbers:RS-2025-02653904); ",https://ieeexplore.ieee.org/stamp/stamp.jsp?arnumber=11467622,Data-driven model;Seismic fragility;Probabilistic seismic demand model;Steel moment frame,Information and communication technology;HTTP;Protocols;Instant messaging;Communications technology;Electronic messaging;Internet;Machine learning;Artificial intelligence;Neural networks,,,,30.0,IEEE,16 Apr 2026,5-7 Feb. 2026,5-7 Feb. 2026,IEEE,IEEE Conferences,S1-1A IEEE.csv
Multilabel Learning With ViT for Building Footprint Extraction From Off-Nadir Aerial Images,B. Neupane; J. Aryal; A. Rajabifard; P. Aravena Pelizari; C. Geiß,"Department of Infrastructure Engineering, Earth Observation and AI Research Group, The University of Melbourne, Melbourne, VIC, Australia; Department of Infrastructure Engineering, Earth Observation and AI Research Group, The University of Melbourne, Melbourne, VIC, Australia; Department of Infrastructure Engineering, Faculty of Engineering and IT (FEIT), The University of Melbourne, Melbourne, VIC, Australia; German Remote Sensing Data Center (DFD), German Aerospace Center (DLR), Weßling, Germany; German Remote Sensing Data Center (DFD), German Aerospace Center (DLR), Weßling, Germany",IEEE Geoscience and Remote Sensing Letters,13 Feb 2025,2025,22,,1,5,"The building footprint extraction (BFE) from aerial images is important for the creation and continuous monitoring of building inventories useful for urban planning, among others. Existing methods frequently extract roofs of buildings from aerial images assuming that they overlap with the footprint. This assumption does not hold in the case of off-nadir images. This letter proposes a novel multilabel learning of oblique building features—footprint, roof, and shape—with a Vision Transformer (ViT) for accurate BFE from off-nadir aerial images. A shape calculation algorithm is developed to derive shape polygons from the existing footprint and roof polygons. The method is compared with several convolutional neural networks (CNNs) and ViTs, and a postprocessing algorithm is further devised to achieve regular building footprint polygons. The proposed method outperforms existing scores of BFE on the BONAI dataset (0.727 versus 0.643F1), and our shape calculation algorithm provides labels as accurate as Segment Anything 2 without the need for a GPU. The results conclude that models trained with shapes in addition to the footprint and roof provide consecutively higher scores (F1 score: 0.747 w/ shape versus 0.727 w/o shape versus 0.682 w/ only footprint) and substantially improve the BFE on off-nadir images. The codes and datasets are available at: https://github.com/bipulneupane/Multilabel-BONAI/.",1558-0571,,10.1109/LGRS.2025.3532589,"Australian Research Council (ARC)(grant numbers:IH210100048); Melbourne Research Scholarship from the University of Melbourne; Bonn-Melbourne Research Excellence Fund 2023; Melbourne Research Scholarship from the University of Melbourne; LIEF HPC-GPGPU Facility through the University of Melbourne, which was established with the assistance of LIEF(grant numbers:LE170100200); ",https://ieeexplore.ieee.org/stamp/stamp.jsp?arnumber=10849575,Building footprints;multilabel learning;remote sensing;urban mapping,Shape;Buildings;Image segmentation;Accuracy;Watersheds;Transformers;Noise;Feature extraction;Data models;Training,,5.0,,20.0,IEEE,22 Jan 2025,2025,,IEEE,IEEE Journals,S1-1A IEEE.csv
Building Intelligent Moving Average-Based Stock Trading System Using Metaheuristic Algorithms,S. -Y. Kuo; Y. -H. Chou,"Department of Computer Science and Engineering, National Chung Hsing University, Taichung, Taiwan; Department of Computer Science and Information Engineering, National Chi Nan University, Puli, Taiwan",IEEE Access,19 Oct 2021,2021,9,,140383,140396,"Many studies have been proposed to prove that technical analysis can help investors make trading decisions. The moving average (MA) is a widely used technical indicator that plays an important role in this field since it directly reflects stock fluctuations. However, most studies ignore the parameter settings of the MA, which leads to underestimation of the potential of the MA. Therefore, this paper is the first attempt to remove all restrictions and extend the limits of the MA to take advantage of the MA’s capability well. It also uses different kinds of MA, such as the weighted moving average (WMA) and the exponential moving average (EMA), to compose trading strategies. Our system proposes the global best-guided quantum-inspired tabu search algorithm (GQTS), which is better at searching than traditional algorithms, to optimize trading strategies based on the MA. Furthermore, an innovative 2-phase sliding window is invented to consider more investment situations in changeable stock markets. In summary, this paper intended to investigate the ability of MA and proposed dynamic and intelligent trading strategies based on MA, GQTS, and 2-phase sliding window to assist investors to make trading decisions. The experiments show that the proposed system flexibly discovers better trading points. Our system outperforms traditional methods and beats the buy-and-hold strategy to yield significant profits both in developed and emerging stock markets.",2169-3536,,10.1109/ACCESS.2021.3119041,"Ministry of Science and Technology of Taiwan(grant numbers:MOST 107-2221-E-260-019-MY2,108-2638-E-002-002-MY2,109-2222-E-005-002-MY3,109-2221-E-260-014,109-2627-M002-003,110-2221-E-260-014); ",https://ieeexplore.ieee.org/stamp/stamp.jsp?arnumber=9565877,Technical analysis;moving average;metaheuristic algorithm;optimization;trading decision making;emerging market;two-phase sliding window,Stock markets;Market research;Heuristic algorithms;Investment;Genetic algorithms;Tools;Machine learning algorithms,,38.0,,68.0,CCBYNCND,11 Oct 2021,2021,,IEEE,IEEE Journals,S1-1A IEEE.csv
LIDAR-based change detection of buildings in dense urban areas,Tuong Thuy Vu; M. Matsuoka; F. Yamazaki,"Earthquake Disaster Mitigation Research Center, National Research Institute for Earth Science and Disaster Prevention, Kobe, Japan; Earthquake Disaster Mitigation Research Center, National Research Institute for Earth Science and Disaster Prevention, Kobe, Japan; Department of Urban Environment Systems, Chiba University, Chiba, Japan",IGARSS 2004. 2004 IEEE International Geoscience and Remote Sensing Symposium,27 Dec 2004,2004,5,,3413,3416 vol.5,"An automatic method for LIDAR-based (Light Detection And Ranging) change detection is proposed. Highly dense LIDAR point clouds are recommended as the most suitable gathered data for dense urban areas. The main goal is to develop an up-to-date building inventory database, which is in great demand for the earthquake-prone areas like Japan, using LIDAR as primary data. Two LIDAR surveying flights in 1999 and 2004 provide the test data over Roppongi, Tokyo, Japan. Detected results are visual evaluation using orthophoto produced by LIDAR surveying flights. The highly automated processing proved the efficiency of using LIDAR for a quick and reliable updating. Moreover, it also implies the feasibility for detection of damaged buildings due to earthquake.",,0-7803-8742-2,10.1109/IGARSS.2004.1370438,,https://ieeexplore.ieee.org/stamp/stamp.jsp?arnumber=1370438,,Urban areas;Laser radar;Geographic Information Systems;Earthquakes;Optical pulses;Clouds;Visual databases;Global Positioning System;Infrared sensors;Data mining,,15.0,,7.0,IEEE,27 Dec 2004,20-24 Sept. 2004,20-24 Sept. 2004,IEEE,IEEE Conferences,S1-1A IEEE.csv
Severe wind risk for Australia cities — A national risk assessment approach,B. Cechet; K. Nadimpalli; M. Edwards,"Risk and Impact Analysis Group, Geospatial & Earth Monitoring Division, Geoscience Australia Australian Capital Territory, Australia; Risk and Impact Analysis Group, Geospatial & Earth Monitoring Division, Geoscience Australia Australian Capital Territory, Australia; Risk and Impact Analysis Group, Geospatial & Earth Monitoring Division, Geoscience Australia Australian Capital Territory, Australia",2007 IEEE International Geoscience and Remote Sensing Symposium,7 Jan 2008,2007,,,4707,4711,"This study explores a national methodology for assessing the risk that peak wind gusts pose to Australian communities. This risk has been estimated for four cities across Australia, specifically; Perth, Cairns, Brisbane and the Gold Coast. Initially the return period regional wind speeds for three second peak gusts (estimation of the wind speeds that would be equaled or exceeded within a given time period) for the four study regions were obtained from the Australian wind loadings standard [1]. In addition, updated wind hazards for two cities were considered to explore the sensitivity of the assessed risk to refinements of the hazard definition. The local effects on the return period regional wind speeds used were subsequently determined by assessing the local effect of terrain at the structure height of interest, the shielding effect of up-wind buildings and the effect of topography. These effects were numerically estimated using remote sensing techniques, digital elevation data, and formulae presented in the wind loadings standard. The return period wind speeds were determined by combining the local wind multipliers for eight cardinal directions with the return period regional wind speeds (from [1] or other source) on a 25 metre grid across each study region. A structural vulnerability model estimated the economic loss for a given site wind speed. Damage levels across each region were assessed for various return periods (50, 100, 200, 500, 1000 and 2000 years) and the associated economic losses determined. Each city data set was regressed to obtain a corresponding Probable Maximum Loss (PML) curve. Finally, the regression curves were used to determine annualised losses for each study area.",2153-7003,978-1-4244-1211-2,10.1109/IGARSS.2007.4423910,,https://ieeexplore.ieee.org/stamp/stamp.jsp?arnumber=4423910,Wind multipliers;Risk assessment,Australia;Cities and towns;Risk management;Wind speed;Gold;Economic forecasting;Hazards;Surfaces;Tropical cyclones;Wind forecasting,,1.0,,15.0,IEEE,7 Jan 2008,23-28 July 2007,23-28 July 2007,IEEE,IEEE Conferences,S1-1A IEEE.csv
Stock Price Prediction Using the ARIMA Model,A. A. Ariyo; A. O. Adewumi; C. K. Ayo,"University of KwaZulu-Natal, Durban, KwaZulu-Natal, ZA; School of Mathematic, University of KwaZulu-Natal, Durban, South Africa; Department of Computer & Information Sciences, Covenant University, Ota, Nigeria",2014 UKSim-AMSS 16th International Conference on Computer Modelling and Simulation,23 Feb 2015,2014,,,106,112,Stock price prediction is an important topic in finance and economics which has spurred the interest of researchers over the years to develop better predictive models. The autoregressive integrated moving average (ARIMA) models have been explored in literature for time series prediction. This paper presents extensive process of building stock price predictive model using the ARIMA model. Published stock data obtained from New York Stock Exchange (NYSE) and Nigeria Stock Exchange (NSE) are used with stock price predictive model developed. Results obtained revealed that the ARIMA model has a strong potential for short-term prediction and can compete favourably with existing techniques for stock price prediction.,,978-1-4799-4922-9,10.1109/UKSim.2014.67,,https://ieeexplore.ieee.org/stamp/stamp.jsp?arnumber=7046047,ARIMA model;Stock Price prediction;Stock market;Short-term prediction,Predictive models;Indexes;Time series analysis;Forecasting;Data models;Computational modeling;Mathematical model,,785.0,,18.0,IEEE,23 Feb 2015,26-28 March 2014,26-28 March 2014,IEEE,IEEE Conferences,S1-1A IEEE.csv
Using Aerial Imagery and GIS in Automated Building Footprint Extraction and Shape Recognition for Earthquake Risk Assessment of Urban Inventories,L. Sahar; S. Muthukumar; S. P. French,"Center of Geographic Information Systems, Georgia Institute of Technology, Atlanta, GA, USA; Center of Geographic Information Systems, Georgia Institute of Technology, Atlanta, GA, USA; Center of Geographic Information Systems, Georgia Institute of Technology, Atlanta, GA, USA",IEEE Transactions on Geoscience and Remote Sensing,19 Aug 2010,2010,48,9.0,3511,3520,"Earthquakes cause massive loss of property and lives, and mitigating their potential effects requires accurate modeling and simulation of their impacts. Earthquake building damage modeling and risk assessment applications require accurate accounts of inventories at risk and their attributes such as structure type, usage, size, number of stories, shape, year built, value, etc. This paper describes the development of algorithms for automatically extracting and recognizing 2-D building shape information using integrated aerial imagery processing and Geographic Information Systems data. We use vector parcel geometries and their attributes to simplify the building extraction task by limiting the processing geography. Extraction is significantly improved by innovatively weighting the histograms. Extracted buildings are cleaned, simplified, and run through 2-D shape recognition routines that classify the footprint. We discuss reasons for successes and failures in both extraction and recognition.",1558-0644,,10.1109/TGRS.2010.2047260,,https://ieeexplore.ieee.org/stamp/stamp.jsp?arnumber=5473092,Aerial imagery;feature extraction;GIS;seismic risk assessment;shape recognition,Geographic Information Systems;Shape;Image recognition;Earthquakes;Risk management;Data mining;Buildings;Computational geometry;Geography;Histograms,,78.0,,47.0,IEEE,27 May 2010,Sept. 2010,,IEEE,IEEE Journals,S1-1A IEEE.csv
Using Deep Learning Models and FinBERT to Predict the Stock Price of Top Banks in the Dhaka Stock Exchange,M. A. B. Jeet; R. M. Haque; M. A. I. Sayem; A. Arman; R. M. Rahman,"Electrical and Computer Engineering Department, North South University, Dhaka, Bangladesh; Electrical and Computer Engineering Department, North South University, Dhaka, Bangladesh; Electrical and Computer Engineering Department, North South University, Dhaka, Bangladesh; Electrical and Computer Engineering Department, North South University, Dhaka, Bangladesh; Electrical and Computer Engineering Department, North South University, Dhaka, Bangladesh",2024 IEEE/ACIS 24th International Conference on Computer and Information Science (ICIS),12 Dec 2024,2024,,,121,126,"Bangladesh's economy, like many other contemporary nations, is fundamental to its overall structure. The stock market is one crucial and well-known component of this. Therefore, it is essential to anticipate it earlier to better prepare for market swings. The price of stocks is influenced by a wide range of factors, including geopolitical and economic ones. However, stock data and news sentiment are two that we can leverage ourselves in stock forecasting. Since news strongly influences the stock market, regular and institutional investors often base their decisions on news analysis. Integrating news sentiment analysis into a predictive model holds immense potential when building stock price forecasters. In our research, we have built a web application that reads data from the Dhaka Stock Exchange (DSE) and then relays the output prediction to the user. We use LSTM and GRU for the stock forecasting models on seven banks-four private and three public. For the sentiment analysis task for each of these seven datasets, we employ FinBERT. React, Flask, and MongoDB power our web application, which serves as the medium for all communication. Furthermore, we can confidently state that our research outcomes were precise and valuable regarding the future prices of Bangladeshi stocks. This paper will demonstrate and explain this endeavor's process and outcome trajectory.",2768-3990,979-8-3503-7664-7,10.1109/ICIS61260.2024.10778363,,https://ieeexplore.ieee.org/stamp/stamp.jsp?arnumber=10778363,Stock price forecasting;DSE;GRU;LSTM;Finbert,Deep learning;Training;Sentiment analysis;Analytical models;Accuracy;Biological system modeling;Predictive models;Stock markets;Forecasting;Long short term memory,,2.0,,23.0,IEEE,12 Dec 2024,20-22 Sept. 2024,20-22 Sept. 2024,IEEE,IEEE Conferences,S1-1A IEEE.csv
"Building Forest Inventories With Autonomous Legged Robots—System, Lessons, and Challenges Ahead",M. Mattamala; N. Chebrolu; J. Frey; L. Freißmuth; H. Oh; B. Casseau; M. Hutter; M. Fallon,"Department of Engineering Science, Oxford Robotics Institute, University of Oxford, Oxford, U.K.; Department of Engineering Science, Oxford Robotics Institute, University of Oxford, Oxford, U.K.; Department of Mechanical and Process Engineering, ETH Zürich, Zürich, Switzerland; Department of Engineering Science, Oxford Robotics Institute, University of Oxford, Oxford, U.K.; Department of Engineering Science, Oxford Robotics Institute, University of Oxford, Oxford, U.K.; Department of Engineering Science, Oxford Robotics Institute, University of Oxford, Oxford, U.K.; Department of Mechanical and Process Engineering, ETH Zürich, Zürich, Switzerland; Department of Engineering Science, Oxford Robotics Institute, University of Oxford, Oxford, U.K.",IEEE Transactions on Field Robotics,15 Jul 2025,2025,2,,418,436,"Legged robots are increasingly being adopted in industries such as oil, gas, mining, nuclear, and agriculture. However, new challenges exist when moving into natural, less-structured environments, such as forestry applications. This article presents a prototype system for autonomous, undercanopy forest inventory with legged platforms. Motivated by the robustness and mobility of modern legged robots, we introduce a system architecture, which enabled a quadruped platform to autonomously navigate and map forest plots. Our solution involves a complete navigation stack for state estimation, mission planning, and tree detection and trait estimation. We report the performance of the system from trials executed over one and a half years in forests in three European countries. Our results with the ANYmal robot demonstrate that we can survey plots up to 1-ha plot under 30 m while also identifying trees with typical diameter at breast height (DBH) accuracy of 2 cm. The findings of this project are presented as five lessons and challenges. In particular, we discuss the maturity of hardware development, state estimation limitations, open problems in forest navigation, future avenues for robotic forest inventory, and more general challenges to assess autonomous systems. By sharing these lessons and challenges, we offer insight and new directions for future research on legged robots, navigation systems, and applications in natural environments. Additional videos can be found in https://dynamic.robots.ox.ac.uk/projects/legged-robots",2997-1101,,10.1109/TFR.2025.3583972,European Union (EU) Horizon 2020 Project(grant numbers:101070405); Royal Society University Research Fellowship; ,https://ieeexplore.ieee.org/stamp/stamp.jsp?arnumber=11053872,Autonomous robots;environmental monitoring;forestry;legged robots;simultaneous localization and mapping (SLAM),Forestry;Legged locomotion;Vegetation;Simultaneous localization and mapping;Service robots;Quadrupedal robots;Drones;Soil measurement;Autonomous robots;Environmental monitoring,,7.0,,90.0,IEEE,27 Jun 2025,2025,,IEEE,IEEE Journals,S1-1A IEEE.csv
Evolutionary building of stock trading experts in a real-time system,J. J. Korczak; P. Lipinski,"Université Louis Pasteur, Strasbourg, France; Université Louis Pasteur, Strasbourg, France",Proceedings of the 2004 Congress on Evolutionary Computation (IEEE Cat. No.04TH8753),3 Sep 2004,2004,1,,940,947 Vol.1,"This paper addresses the problem of constructing real-time stock trading expertise for financial time series. The expertise is arrived at via an evolutionary algorithm on the basis of a set of specified trading rules. As in most real-time expert systems, one of the main bottlenecks is the time constraint. In this paper, two approaches were compared using our system, Bourse-Expert, the first based on 350 trading rules, and the second based on 150 particular linear combinations of these 350 rules. Experiments carried out on real data from the Paris Stock Exchange showed that focusing on only 150 rules highly reduced the computation time without significantly reducing the quality of the expertise.",,0-7803-8515-2,10.1109/CEC.2004.1330962,,https://ieeexplore.ieee.org/stamp/stamp.jsp?arnumber=1330962,,Real time systems;Stock markets;Evolutionary computation;Investments;Utility theory;Data analysis;Buildings;Expert systems;Time factors;Optimization methods,,12.0,,19.0,IEEE,3 Sep 2004,19-23 June 2004,19-23 June 2004,IEEE,IEEE Conferences,S1-1A IEEE.csv
Dynamic Window-Driven Quantitative Strategies Optimization via Heterogeneous Ensembles,H. Wu; Y. Ma; J. Yuan,"School of Electrical and Computer Engineering, Guangzhou Nanfang College, Guangzhou, China; School of Electrical and Computer Engineering, Guangzhou Nanfang College, Guangzhou, China; School of Electrical and Computer Engineering, Guangzhou Nanfang College, Guangzhou, China",2025 International Conference on Artificial Intelligence and Digital Ethics (ICAIDE),13 Oct 2025,2025,,,294,300,"This paper introduces a fresh, window-driven approach to building stock portfolios, emphasizing flexibility and precision in navigating complex financial markets. At its core is a hierarchical meta-ensemble model that powers stock price forecasting by combining multiple predictive models, like LSTM and XGBoost, to capture market trends effectively. Paired with a dynamic time window mechanism, the model adapts to real-time market shifts, enhancing prediction accuracy for prices, directions, and volatility. The portfolio optimization framework builds on these forecasts, using smart strategies like semi-decision learning and Langevin multiplicative weight updates to balance risk and return. Through rigorous testing on Chinese share data from 2021 to 2025, the system proves its edge over traditional methods, delivering strong performance in both prediction accuracy and portfolio returns.",,979-8-3315-2385-5,10.1109/ICAIDE65466.2025.11189741,,https://ieeexplore.ieee.org/stamp/stamp.jsp?arnumber=11189741,Dynamic Window-Driven;Quantitative Strategy Optimization;Ensemble Learning,Adaptation models;Accuracy;Navigation;Predictive models;Market research;Real-time systems;Windows;Portfolios;Optimization;Testing,,,,28.0,IEEE,13 Oct 2025,29-31 May 2025,29-31 May 2025,IEEE,IEEE Conferences,S1-1A IEEE.csv
Data Scarcity in Gas Load Profiling: Generalized Proxy-Guided Load and Temporal Disaggregation,L. Krome; M. Aboufazeli; S. Beheshti; B. Venkatesh,"Dept. of Electrical, Computer, and Biomedical Engineering, Toronto Metropolitan University, Toronto, Canada; Dept. of Electrical, Computer, and Biomedical Engineering, Toronto Metropolitan University, Toronto, Canada; Dept. of Electrical, Computer, and Biomedical Engineering, Toronto Metropolitan University, Toronto, Canada; Dept. of Electrical, Computer, and Biomedical Engineering, Toronto Metropolitan University, Toronto, Canada",2026 IEEE Canadian Conference on Electrical and Computer Engineering (CCECE),23 Jul 2026,2026,,,750,755,"The electrification of heating systems is a critical pathway for decarbonizing the building sector; however, the development of sustainable strategies is often hindered by the lack of granular thermal load profiles. The nature of this problem is such that available data are extremely scarce, irregular, and low-frequency, rendering conventional data-hungry machine learning approaches impractical or unreliable. High-resolution gas metering is rarely available, as it falls outside standard utility business requirements. To bridge this gap and enable data-driven AI analytics under severe data limitations, this paper presents the Generalized Proxy-Guided Load and Temporal Disaggregation framework. Validated on a dataset of 11 multi-unit residential buildings over 18 months, the framework achieves a mean squared percentage error (MSPE) of 6.37% for reconstructed total gas consumption. The methodology operates through a four-stage process: (i) Generalized Occupancy Proxy Extraction via weather normalization to isolate behavioral signals from hourly electricity data; (ii) Unified Segmentation and Normalized Pooling to mitigate the statistical limitations of sparse billing data; (iii) Unified Baseload Parameter Estimation enhanced by local calibration to ensure building-specific accuracy; and (iv) Component-Wise Temporal Disaggregation to reconstruct distinct baseload and heating profiles. Overall, the proposed framework effectively bridges the resolution gap, transforming low-frequency utility data into high-fidelity training sets suitable for scalable, data-driven decarbonization modeling.",,979-8-3315-8840-3,10.1109/CCECE68150.2026.11610245,,https://ieeexplore.ieee.org/stamp/stamp.jsp?arnumber=11610245,Building Electrification;Temporal Disaggregation;Thermal Load Profiling;Data Scarcity;Proxy-Guided Occupancy Modeling,Buildings;Modeling;Energy;Gases;Loading;Printing;Bars;Electricity;Equations;Water,,,,19.0,IEEE,23 Jul 2026,18-20 May 2026,18-20 May 2026,IEEE,IEEE Conferences,S1-1A IEEE.csv
Trial to estimate regional characteristics for seismic risk assessment using IKONOS satellite image,K. Hasegawa; M. Watanabe; H. Hayashi,"NIED, Kobe, Hyogo, Japan; Disaster Prevention Research Institute, Kyoto University, Kobe, Hyogo, Japan; Disaster Prevention Research Institute, Kyoto University, Kobe, Hyogo, Japan",IGARSS 2003. 2003 IEEE International Geoscience and Remote Sensing Symposium. Proceedings (IEEE Cat. No.03CH37477),10 May 2004,2003,2,,1305,1306 vol.2,"The purpose of this study is to develop a method to estimate the quantity of buildings with different seismic vulnerability by using the digital numbers obtained IKONOS. In developing countries, it is difficult to get the building inventory data for seismic risk assessment. In this paper, IKONOS image was chosen for analysis because of its resolution with 1 m and the availability of such data for the major cities in earthquake prone developing countries. IKONOS image of Metro Manila in Philippines was separated into grid cells with 25 m. The pattern of frequency distribution of the digital number for each of four bands subjected to cluster analysis to yield a set of land cover grids with different natural and built environments. We could successfully identify the following different land covers: river, grass, trees, grounds and road, in addition to three kinds of buildings; small, medium, and large. As to the building size of each land cover classification, building inventory stored in GIS data set offered by NAMRIA, Philippines was used to identify the thresholds for different building size.",,0-7803-7929-2,10.1109/IGARSS.2003.1294091,,https://ieeexplore.ieee.org/stamp/stamp.jsp?arnumber=1294091,,Risk management;Satellites;Image analysis;Image resolution;Availability;Cities and towns;Earthquakes;Frequency;Pattern analysis;Rivers,,,,3.0,IEEE,10 May 2004,21-25 July 2003,21-25 July 2003,IEEE,IEEE Conferences,S1-1A IEEE.csv
"GIS As a Tool for Efficient Functioning of Local Governments in Nigeria - Case Study of Ifako-Ijaye LGA in Lagos, Nigeria",A. Omojola; M. Fasona,"Department of Geography, University of Lagos, Lagos, Nigeria; Department of Geography, University of Lagos, Lagos, Nigeria",2007 Urban Remote Sensing Joint Event,18 Jun 2007,2007,,,1,7,"This study demonstrated the importance of GIS as an indispensable tool for resource mobilization and service delivery in LGA administration in the developing countries. The case study area was Ifako/Ijaye, a metropolitan LGA in Lagos, Nigeria. Attempt was made to track the spatial asset base of the LGA using high resolution satellite imagery and GPS campaign and the data were integrated and analysed for economic returns within a GIS. The results show that there are about 18,947 properties (building stocks) and about 370.6 km of transport artery within the LGA. The property-facility ratio for the LGA is as low as 9,474 for parks/recreation, 4,737 for police station and 702 for clinics/health centres. The LGA can also make a conservative one hundred and forty-two million naira as internally generated revenue annually if GIS is employed. The study also discusses how the GIS database will assist in instituting transparency and efficient service delivery by LGAs in Nigeria.",2334-0932,1-4244-0711-7,10.1109/URS.2007.371791,,https://ieeexplore.ieee.org/stamp/stamp.jsp?arnumber=4234390,,Geographic Information Systems;Local government;Remote sensing;Geography;Spatial resolution;Image resolution;Satellites;Global Positioning System;Image analysis;Environmental economics,,1.0,,11.0,IEEE,18 Jun 2007,11-13 April 2007,11-13 April 2007,IEEE,IEEE Conferences,S1-1A IEEE.csv
Moving from targeted acquisition to urban area modelling — increasing the scale of point cloud processing,M. Courtney; Y. Rezgui; T. Beach; J. -L. Hippolyte; J. Reynolds,"BRE Trust Centre for Sustainable Engineering, Cardiff University, Cardiff, United Kingdom; BRE Trust Centre for Sustainable Engineering, Cardiff University, Cardiff, United Kingdom; BRE Trust Centre for Sustainable Engineering, Cardiff University, Cardiff, United Kingdom; BRE Trust Centre for Sustainable Engineering, Cardiff University, Cardiff, United Kingdom; BRE Trust Centre for Sustainable Engineering, Cardiff University, Cardiff, United Kingdom","2017 International Conference on Engineering, Technology and Innovation (ICE/ITMC)",5 Feb 2018,2017,,,938,946,"Handling real world, acquired point cloud data within a sector such as architecture, engineering, and construction (AEC) is currently a difficult task. A highly desirable, future goal is to fully automate the scan-to-BIM process which at this time has a high dependency on manual work effort. Improvements within this workflow will speed up the production of detailed 3d building models and reduce associated costs. By increasing the level of automation in the scan-to-BIM process it becomes possible to speculate the expansion of the typical use case from a single structure, targeted acquisition towards urban area data collection and modelling. The scale and characteristic differences of an urban area point cloud dataset and that of a single structure create opportunities to validate the applicability of novel analytical approaches to process automation. A decrease in process complexity could be achieved by reducing both the depth of prerequisite knowledge and the level of intervention expected from an operator by a modelling platform. This would also provide an alternative perspective and an opportunity to model operator tasks at a higher, more abstract level. There lacks a completeness of modern documentation within preexisting civil structures. Building information modelling of the as-built condition can reduce overheads associated with key areas such as collaboration, maintenance, and future modifications. However, it is often made more difficult by a lack of accurate documentation due to the age of the building. A common trend that can be observed in countries such as the United Kingdom is that much of future building stock is already standing. Therefore, it is apparent the need to record the detailed, as-built condition of structures essentially from scratch will not resolve itself in the near future. This paper will overview a case study of an urban area modelling conducted in Ebbw Vale, Wales and introduces an abstract scan-to-BIM process automation methodology. This will be supported by a review of a selection of applied research literature. This paper is part of the early development stages of a point cloud processing platform, pcl_toolkit. The command line software aims to simplify approaches commonly associated with various point cloud processing tasks and provide a foundation for rapid development in the near future.",,978-1-5386-0774-9,10.1109/ICE.2017.8279983,,https://ieeexplore.ieee.org/stamp/stamp.jsp?arnumber=8279983,building information modelling;urban area modelling;scan-to-bim;point cloud;data processing,Three-dimensional displays;Task analysis;Automation;Urban areas;Complexity theory;Buildings;Tools,,1.0,,23.0,IEEE,5 Feb 2018,27-29 June 2017,27-29 June 2017,IEEE,IEEE Conferences,S1-1A IEEE.csv